invoice_id,supplier_id,store_id,invoice_date,received_date,processed_date,invoice_amount,expected_amount,status,assigned_employee,processing_tat_days,discrepancy_amount,absolute_discrepancy,sla_breach
INV000001,SUP005,ST251,2014-01-05,2014-01-13,2014-01-17,12.15,12.15,Processed Late,EMP003,4,0.0,0.0,True
INV000002,SUP015,ST559,2014-01-05,2014-01-09,2014-01-12,1125.6,1125.6,Processed,EMP018,3,0.0,0.0,False
INV000003,SUP002,ST224,2014-01-05,2014-01-12,2014-01-13,1406.75,1424.55,Processed,EMP002,1,-17.8,17.8,False
INV000004,SUP012,ST559,2014-01-05,2014-01-09,2014-01-10,23.7,23.7,Processed,EMP016,1,0.0,0.0,False
INV000005,SUP013,ST007,2014-01-05,2014-01-13,2014-01-14,16.0,16.0,Processed,EMP012,1,0.0,0.0,False
INV000006,SUP003,ST221,2014-01-05,2014-01-11,2014-01-15,124.2,124.2,Processed Late,EMP012,4,0.0,0.0,True
INV000007,SUP006,ST353,2014-01-05,2014-01-09,2014-01-10,231.24,231.24,Processed,EMP001,1,0.0,0.0,False
INV000008,SUP009,ST128,2014-01-05,2014-01-09,2014-01-10,24.03,24.03,Processed,EMP003,1,0.0,0.0,False
INV000009,SUP011,ST371,2014-01-05,2014-01-11,2014-01-12,346.37,328.13,Processed,EMP026,1,18.24,18.24,False
INV000010,SUP004,ST297,2014-01-05,2014-01-13,2014-01-15,11.04,11.04,Processed,EMP010,2,0.0,0.0,False
INV000011,SUP007,ST285,2014-01-05,2014-01-08,2014-01-14,51.12,51.12,Processed Late,EMP021,6,0.0,0.0,True
INV000012,SUP006,ST215,2014-01-05,2014-01-10,2014-01-14,172.64,172.64,Processed Late,EMP016,4,0.0,0.0,True
INV000013,SUP003,ST547,2014-01-05,2014-01-13,2014-01-14,56.64,56.64,Processed,EMP008,1,0.0,0.0,False
INV000014,SUP015,ST571,2014-01-05,2014-01-09,2014-01-11,1918.72,1918.72,Processed,EMP023,2,0.0,0.0,False
INV000015,SUP013,ST058,2014-01-05,2014-01-13,2014-01-15,2190.0,2190.0,Processed,EMP003,2,0.0,0.0,False
INV000016,SUP007,ST275,2014-01-05,2014-01-09,2014-01-15,11.07,11.07,Processed Late,EMP017,6,0.0,0.0,True
INV000017,SUP006,ST218,2014-01-05,2014-01-13,2014-01-14,118.3,115.8,Processed,EMP007,1,2.5,2.5,False
INV000018,SUP003,ST253,2014-01-05,2014-01-09,2014-01-12,44.32,44.32,Processed,EMP001,3,0.0,0.0,False
INV000019,SUP007,ST598,2014-01-05,2014-01-13,2014-01-17,2071.3,2071.3,Processed Late,EMP013,4,0.0,0.0,True
INV000020,SUP003,ST522,2014-01-05,2014-01-09,2014-01-14,65.43,65.43,Processed Late,EMP014,5,0.0,0.0,True
INV000021,SUP003,ST164,2014-01-05,2014-01-10,2014-01-13,374.94,351.69,Processed,EMP014,3,23.25,23.25,False
INV000022,SUP010,ST480,2014-01-05,2014-01-10,2014-01-13,11.88,11.88,Processed,EMP006,3,0.0,0.0,False
INV000023,SUP001,ST118,2014-01-05,2014-01-11,2014-01-14,68.59,68.59,Processed,EMP027,3,0.0,0.0,False
INV000024,SUP006,ST115,2014-01-05,2014-01-12,2014-01-17,279.4,279.4,Processed Late,EMP017,5,0.0,0.0,True
INV000025,SUP012,ST270,2014-01-05,2014-01-12,2014-01-13,228.83,228.83,Processed,EMP011,1,0.0,0.0,False
INV000026,SUP002,ST306,2014-01-05,2014-01-12,2014-01-16,1054.34,1054.34,Processed Late,EMP020,4,0.0,0.0,True
INV000027,SUP013,ST166,2014-01-05,2014-01-09,2014-01-14,867.84,867.84,Processed Late,EMP027,5,0.0,0.0,True
INV000028,SUP010,ST332,2014-01-05,2014-01-12,2014-01-23,481.21,490.5,Pending / Delayed,EMP030,11,-9.29,9.29,True
INV000029,SUP015,ST315,2014-01-05,2014-01-10,2014-01-14,43.4,43.4,Processed Late,EMP010,4,0.0,0.0,True
INV000030,SUP002,ST088,2014-01-05,2014-01-13,2014-01-19,176.04,176.04,Processed Late,EMP017,6,0.0,0.0,True
INV000031,SUP009,ST129,2014-01-05,2014-01-10,2014-01-12,732.44,732.44,Processed,EMP016,2,0.0,0.0,False
INV000032,SUP003,ST272,2014-01-05,2014-01-11,2014-01-14,29.75,29.75,Processed,EMP009,3,0.0,0.0,False
INV000033,SUP015,ST553,2014-01-05,2014-01-13,2014-01-14,48.3,48.3,Processed,EMP001,1,0.0,0.0,False
INV000034,SUP011,ST383,2014-01-05,2014-01-12,2014-01-17,43.23,43.23,Processed Late,EMP030,5,0.0,0.0,True
INV000035,SUP004,ST066,2014-01-05,2014-01-13,2014-01-15,210.72,210.72,Processed,EMP020,2,0.0,0.0,False
INV000036,SUP010,ST226,2014-01-05,2014-01-09,2014-01-15,48.4,48.4,Processed Late,EMP017,6,0.0,0.0,True
INV000037,SUP015,ST033,2014-01-05,2014-01-08,2014-01-09,320.01,320.01,Processed,EMP029,1,0.0,0.0,False
INV000038,SUP011,ST498,2014-01-05,2014-01-10,2014-01-15,2130.84,2130.84,Processed Late,EMP010,5,0.0,0.0,True
INV000039,SUP015,ST585,2014-01-05,2014-01-09,2014-01-16,558.15,526.32,Pending / Delayed,EMP006,7,31.83,31.83,True
INV000040,SUP013,ST417,2014-01-05,2014-01-13,2014-01-16,568.44,568.44,Processed,EMP025,3,0.0,0.0,False
INV000041,SUP006,ST434,2014-01-05,2014-01-09,2014-01-12,8.3,8.3,Processed,EMP003,3,0.0,0.0,False
INV000042,SUP011,ST101,2014-01-05,2014-01-09,2014-01-14,490.17,490.17,Processed Late,EMP012,5,0.0,0.0,True
INV000043,SUP002,ST255,2014-01-05,2014-01-09,2014-01-15,46.32,46.32,Processed Late,EMP028,6,0.0,0.0,True
INV000044,SUP007,ST188,2014-01-05,2014-01-09,2014-01-12,1726.15,1726.15,Processed,EMP026,3,0.0,0.0,False
INV000045,SUP002,ST454,2014-01-05,2014-01-13,2014-01-18,296.28,296.28,Processed Late,EMP024,5,0.0,0.0,True
INV000046,SUP009,ST016,2014-01-05,2014-01-08,2014-01-09,5.88,5.88,Processed,EMP017,1,0.0,0.0,False
INV000047,SUP008,ST493,2014-01-05,2014-01-12,2014-01-13,11.25,11.25,Processed,EMP002,1,0.0,0.0,False
INV000048,SUP003,ST389,2014-01-05,2014-01-08,2014-01-09,396.2,396.2,Processed,EMP016,1,0.0,0.0,False
INV000049,SUP013,ST466,2014-01-05,2014-01-08,2014-01-09,554.7,554.7,Processed,EMP027,1,0.0,0.0,False
INV000050,SUP008,ST159,2014-01-05,2014-01-10,2014-01-11,57.0,57.0,Processed,EMP015,1,0.0,0.0,False
INV000051,SUP010,ST556,2014-01-05,2014-01-13,2014-01-15,2232.64,2232.64,Processed,EMP018,2,0.0,0.0,False
INV000052,SUP010,ST489,2014-01-05,2014-01-09,2014-01-13,28.92,28.92,Processed Late,EMP025,4,0.0,0.0,True
INV000053,SUP009,ST083,2014-01-05,2014-01-08,2014-01-10,104.85,106.02,Processed,EMP021,2,-1.17,1.17,False
INV000054,SUP004,ST414,2014-01-05,2014-01-13,2014-01-14,225.81,220.4,Processed,EMP029,1,5.41,5.41,False
INV000055,SUP001,ST084,2014-01-05,2014-01-11,2014-01-15,14.22,14.22,Processed Late,EMP011,4,0.0,0.0,True
INV000056,SUP006,ST268,2014-01-05,2014-01-09,2014-01-10,67.0,67.0,Processed,EMP005,1,0.0,0.0,False
INV000057,SUP007,ST135,2014-01-05,2014-01-11,2014-01-12,38.28,38.28,Processed,EMP014,1,0.0,0.0,False
INV000058,SUP015,ST075,2014-01-05,2014-01-11,2014-01-15,220.8,220.8,Processed Late,EMP019,4,0.0,0.0,True
INV000059,SUP002,ST551,2014-01-05,2014-01-08,2014-01-09,169.8,169.8,Processed,EMP012,1,0.0,0.0,False
INV000060,SUP006,ST071,2014-01-05,2014-01-08,2014-01-12,31.2,31.2,Processed Late,EMP009,4,0.0,0.0,True
INV000061,SUP014,ST557,2014-01-05,2014-01-11,2014-01-13,31.79,31.79,Processed,EMP021,2,0.0,0.0,False
INV000062,SUP014,ST568,2014-01-05,2014-01-08,2014-01-10,2721.96,2721.96,Processed,EMP015,2,0.0,0.0,False
INV000063,SUP003,ST271,2014-01-05,2014-01-10,2014-01-15,6.65,6.65,Processed Late,EMP003,5,0.0,0.0,True
INV000064,SUP005,ST620,2014-01-05,2014-01-11,2014-01-17,32.3,32.3,Processed Late,EMP005,6,0.0,0.0,True
INV000065,SUP011,ST271,2014-01-05,2014-01-13,2014-01-15,21.6,21.6,Processed,EMP026,2,0.0,0.0,False
INV000066,SUP014,ST053,2014-01-05,2014-01-09,2014-01-12,3972.6,3972.6,Processed,EMP018,3,0.0,0.0,False
INV000067,SUP001,ST004,2014-01-05,2014-01-08,2014-01-11,169.35,169.35,Processed,EMP009,3,0.0,0.0,False
INV000068,SUP005,ST166,2014-01-05,2014-01-11,2014-01-15,48.12,48.12,Processed Late,EMP001,4,0.0,0.0,True
INV000069,SUP002,ST078,2014-01-05,2014-01-08,2014-01-09,43.5,43.5,Processed,EMP020,1,0.0,0.0,False
INV000070,SUP010,ST566,2014-01-05,2014-01-08,2014-01-12,41.46,41.46,Processed Late,EMP022,4,0.0,0.0,True
INV000071,SUP006,ST041,2014-01-05,2014-01-11,2014-01-15,11.4,11.4,Processed Late,EMP012,4,0.0,0.0,True
INV000072,SUP006,ST574,2014-01-05,2014-01-12,2014-01-14,17.28,17.28,Processed,EMP013,2,0.0,0.0,False
INV000073,SUP004,ST167,2014-01-05,2014-01-13,2014-01-15,132.66,132.66,Processed,EMP023,2,0.0,0.0,False
INV000074,SUP015,ST341,2014-01-05,2014-01-09,2014-01-11,14.3,14.3,Processed,EMP001,2,0.0,0.0,False
INV000075,SUP013,ST111,2014-01-05,2014-01-11,2014-01-13,66.6,66.6,Processed,EMP022,2,0.0,0.0,False
INV000076,SUP004,ST205,2014-01-05,2014-01-10,2014-01-17,92.55,92.55,Pending / Delayed,EMP016,7,0.0,0.0,True
INV000077,SUP014,ST234,2014-01-05,2014-01-11,2014-01-12,261.91,261.91,Processed,EMP010,1,0.0,0.0,False
INV000078,SUP005,ST072,2014-01-05,2014-01-08,2014-01-09,219.68,219.68,Processed,EMP003,1,0.0,0.0,False
INV000079,SUP014,ST550,2014-01-05,2014-01-10,2014-01-15,243.54,243.54,Processed Late,EMP019,5,0.0,0.0,True
INV000080,SUP005,ST183,2014-01-05,2014-01-10,2014-01-16,44.8,44.8,Processed Late,EMP023,6,0.0,0.0,True
INV000081,SUP007,ST354,2014-01-20,2014-01-25,2014-02-06,5.58,5.58,Pending / Delayed,EMP015,12,0.0,0.0,True
INV000082,SUP015,ST591,2014-01-20,2014-01-27,2014-01-30,97.78,93.06,Processed,EMP007,3,4.72,4.72,False
INV000083,SUP001,ST533,2014-01-20,2014-01-23,2014-01-24,286.23,286.23,Processed,EMP025,1,0.0,0.0,False
INV000084,SUP002,ST339,2014-01-20,2014-01-23,2014-01-25,80.88,80.88,Processed,EMP013,2,0.0,0.0,False
INV000085,SUP005,ST520,2014-01-20,2014-01-27,2014-01-30,70.05,70.05,Processed,EMP029,3,0.0,0.0,False
INV000086,SUP012,ST303,2014-01-20,2014-01-28,2014-01-30,1725.75,1725.75,Processed,EMP022,2,0.0,0.0,False
INV000087,SUP007,ST179,2014-01-20,2014-01-23,2014-01-24,178.27,180.48,Processed,EMP012,1,-2.21,2.21,False
INV000088,SUP014,ST001,2014-01-20,2014-01-25,2014-01-27,480.37,480.37,Processed,EMP013,2,0.0,0.0,False
INV000089,SUP010,ST622,2014-01-20,2014-01-24,2014-01-26,235.68,235.68,Processed,EMP028,2,0.0,0.0,False
INV000090,SUP004,ST524,2014-01-20,2014-01-27,2014-01-31,545.35,585.12,Processed Late,EMP028,4,-39.77,39.77,True
INV000091,SUP005,ST528,2014-01-20,2014-01-27,2014-01-29,22.27,22.75,Processed,EMP018,2,-0.48,0.48,False
INV000092,SUP013,ST241,2014-01-20,2014-01-24,2014-01-31,13.42,13.72,Pending / Delayed,EMP001,7,-0.3,0.3,True
INV000093,SUP001,ST251,2014-01-20,2014-01-25,2014-01-26,65.76,65.76,Processed,EMP028,1,0.0,0.0,False
INV000094,SUP015,ST590,2014-01-20,2014-01-25,2014-01-30,9.92,9.92,Processed Late,EMP019,5,0.0,0.0,True
INV000095,SUP004,ST152,2014-01-20,2014-01-27,2014-02-04,1714.86,1714.86,Pending / Delayed,EMP022,8,0.0,0.0,True
INV000096,SUP004,ST181,2014-01-20,2014-01-24,2014-01-29,10.3,10.3,Processed Late,EMP021,5,0.0,0.0,True
INV000097,SUP015,ST125,2014-01-20,2014-01-23,2014-02-02,199.5,199.5,Pending / Delayed,EMP019,10,0.0,0.0,True
INV000098,SUP009,ST610,2014-01-20,2014-01-28,2014-02-02,46.4,46.4,Processed Late,EMP012,5,0.0,0.0,True
INV000099,SUP012,ST517,2014-01-20,2014-01-24,2014-01-25,24.64,24.64,Processed,EMP006,1,0.0,0.0,False
INV000100,SUP003,ST487,2014-01-20,2014-01-26,2014-01-31,1355.46,1355.46,Processed Late,EMP024,5,0.0,0.0,True
INV000101,SUP005,ST534,2014-01-20,2014-01-25,2014-01-29,1130.22,1130.22,Processed Late,EMP010,4,0.0,0.0,True
INV000102,SUP002,ST293,2014-01-20,2014-01-24,2014-01-25,39.54,41.58,Processed,EMP021,1,-2.04,2.04,False
INV000103,SUP009,ST083,2014-01-20,2014-01-25,2014-01-28,114.6,114.6,Processed,EMP026,3,0.0,0.0,False
INV000104,SUP003,ST220,2014-01-20,2014-01-27,2014-01-29,55.8,55.8,Processed,EMP029,2,0.0,0.0,False
INV000105,SUP008,ST426,2014-01-20,2014-01-24,2014-01-31,184.95,184.95,Pending / Delayed,EMP028,7,0.0,0.0,True
INV000106,SUP013,ST599,2014-01-20,2014-01-23,2014-01-25,115.05,115.05,Processed,EMP024,2,0.0,0.0,False
INV000107,SUP001,ST361,2014-01-20,2014-01-26,2014-01-28,65.8,65.8,Processed,EMP024,2,0.0,0.0,False
INV000108,SUP014,ST430,2014-01-20,2014-01-27,2014-01-29,1036.0,1036.0,Processed,EMP023,2,0.0,0.0,False
INV000109,SUP015,ST226,2014-01-20,2014-01-23,2014-01-29,1691.0,1691.0,Processed Late,EMP027,6,0.0,0.0,True
INV000110,SUP001,ST399,2014-01-20,2014-01-28,2014-02-01,1206.8,1206.8,Processed Late,EMP021,4,0.0,0.0,True
INV000111,SUP014,ST479,2014-01-20,2014-01-25,2014-02-03,43.26,43.26,Pending / Delayed,EMP013,9,0.0,0.0,True
INV000112,SUP007,ST607,2014-01-20,2014-01-27,2014-02-02,58.52,58.52,Processed Late,EMP022,6,0.0,0.0,True
INV000113,SUP007,ST139,2014-01-20,2014-01-25,2014-01-30,31.08,31.08,Processed Late,EMP003,5,0.0,0.0,True
INV000114,SUP006,ST217,2014-01-20,2014-01-26,2014-01-27,393.24,393.24,Processed,EMP020,1,0.0,0.0,False
INV000115,SUP007,ST285,2014-01-20,2014-01-26,2014-01-29,2735.16,2735.16,Processed,EMP022,3,0.0,0.0,False
INV000116,SUP012,ST553,2014-01-20,2014-01-24,2014-01-27,10.68,10.68,Processed,EMP025,3,0.0,0.0,False
INV000117,SUP013,ST042,2014-01-20,2014-01-23,2014-01-26,98.55,98.55,Processed,EMP016,3,0.0,0.0,False
INV000118,SUP010,ST157,2014-01-20,2014-01-27,2014-01-29,20.48,20.48,Processed,EMP004,2,0.0,0.0,False
INV000119,SUP010,ST224,2014-01-20,2014-01-28,2014-01-31,1884.11,1884.11,Processed,EMP008,3,0.0,0.0,False
INV000120,SUP003,ST621,2014-01-20,2014-01-24,2014-01-27,31.1,31.1,Processed,EMP006,3,0.0,0.0,False
INV000121,SUP003,ST319,2014-01-20,2014-01-28,2014-01-29,73.3,73.3,Processed,EMP012,1,0.0,0.0,False
INV000122,SUP010,ST385,2014-01-20,2014-01-28,2014-02-01,2.94,2.94,Processed Late,EMP026,4,0.0,0.0,True
INV000123,SUP012,ST249,2014-01-20,2014-01-23,2014-01-24,221.09,205.2,Processed,EMP019,1,15.89,15.89,False
INV000124,SUP010,ST124,2014-01-20,2014-01-26,2014-01-27,90.31,90.31,Processed,EMP008,1,0.0,0.0,False
INV000125,SUP007,ST380,2014-01-20,2014-01-28,2014-01-29,4.62,4.62,Processed,EMP006,1,0.0,0.0,False
INV000126,SUP007,ST502,2014-01-20,2014-01-24,2014-01-25,1475.4,1475.4,Processed,EMP026,1,0.0,0.0,False
INV000127,SUP014,ST471,2014-01-20,2014-01-26,2014-02-01,339.43,339.43,Processed Late,EMP023,6,0.0,0.0,True
INV000128,SUP011,ST277,2014-01-20,2014-01-27,2014-01-28,32.27,32.27,Processed,EMP009,1,0.0,0.0,False
INV000129,SUP008,ST447,2014-01-20,2014-01-26,2014-01-29,432.82,432.82,Processed,EMP008,3,0.0,0.0,False
INV000130,SUP014,ST089,2014-01-20,2014-01-27,2014-02-06,1213.68,1213.68,Pending / Delayed,EMP016,10,0.0,0.0,True
INV000131,SUP010,ST625,2014-01-20,2014-01-27,2014-02-01,76.59,76.59,Processed Late,EMP004,5,0.0,0.0,True
INV000132,SUP006,ST187,2014-01-20,2014-01-27,2014-01-29,7.98,7.98,Processed,EMP009,2,0.0,0.0,False
INV000133,SUP006,ST287,2014-01-20,2014-01-26,2014-01-29,2303.99,2303.99,Processed,EMP008,3,0.0,0.0,False
INV000134,SUP009,ST196,2014-01-20,2014-01-25,2014-01-28,457.3,457.3,Processed,EMP006,3,0.0,0.0,False
INV000135,SUP013,ST247,2014-01-20,2014-01-24,2014-01-26,39.3,39.3,Processed,EMP005,2,0.0,0.0,False
INV000136,SUP001,ST096,2014-01-20,2014-01-24,2014-01-27,150.62,150.62,Processed,EMP029,3,0.0,0.0,False
INV000137,SUP005,ST596,2014-01-20,2014-01-23,2014-01-26,1294.44,1294.44,Processed,EMP004,3,0.0,0.0,False
INV000138,SUP007,ST564,2014-01-20,2014-01-24,2014-01-26,1919.57,1919.57,Processed,EMP003,2,0.0,0.0,False
INV000139,SUP005,ST237,2014-01-20,2014-01-25,2014-01-26,1391.04,1391.04,Processed,EMP013,1,0.0,0.0,False
INV000140,SUP012,ST549,2014-01-20,2014-01-26,2014-02-01,25.44,25.44,Processed Late,EMP010,6,0.0,0.0,True
INV000141,SUP005,ST604,2014-01-20,2014-01-23,2014-01-28,254.8,254.8,Processed Late,EMP022,5,0.0,0.0,True
INV000142,SUP014,ST199,2014-01-20,2014-01-26,2014-01-31,299.19,306.46,Processed Late,EMP011,5,-7.27,7.27,True
INV000143,SUP001,ST547,2014-01-20,2014-01-27,2014-01-30,72.67,72.67,Processed,EMP011,3,0.0,0.0,False
INV000144,SUP009,ST300,2014-01-20,2014-01-24,2014-01-26,343.68,343.68,Processed,EMP021,2,0.0,0.0,False
INV000145,SUP001,ST588,2014-01-20,2014-01-23,2014-01-28,233.92,233.92,Processed Late,EMP021,5,0.0,0.0,True
INV000146,SUP003,ST053,2014-01-20,2014-01-28,2014-01-29,57.8,57.8,Processed,EMP015,1,0.0,0.0,False
INV000147,SUP002,ST411,2014-01-20,2014-01-27,2014-02-07,75.82,75.82,Pending / Delayed,EMP017,11,0.0,0.0,True
INV000148,SUP001,ST156,2014-01-20,2014-01-27,2014-01-29,702.2,702.2,Processed,EMP003,2,0.0,0.0,False
INV000149,SUP002,ST255,2014-01-20,2014-01-24,2014-01-26,228.6,228.6,Processed,EMP025,2,0.0,0.0,False
INV000150,SUP013,ST232,2014-01-20,2014-01-26,2014-01-28,309.9,309.9,Processed,EMP028,2,0.0,0.0,False
INV000151,SUP005,ST603,2014-01-20,2014-01-26,2014-02-05,741.6,741.6,Pending / Delayed,EMP007,10,0.0,0.0,True
INV000152,SUP010,ST102,2014-01-20,2014-01-25,2014-01-28,5226.6,5226.6,Processed,EMP002,3,0.0,0.0,False
INV000153,SUP002,ST161,2014-01-20,2014-01-27,2014-01-28,21.62,20.16,Processed,EMP009,1,1.46,1.46,False
INV000154,SUP001,ST419,2014-01-20,2014-01-28,2014-01-29,86.47,93.48,Processed,EMP024,1,-7.01,7.01,False
INV000155,SUP004,ST296,2014-01-20,2014-01-27,2014-01-30,437.58,437.58,Processed,EMP015,3,0.0,0.0,False
INV000156,SUP004,ST271,2014-01-20,2014-01-23,2014-01-26,2030.56,2030.56,Processed,EMP008,3,0.0,0.0,False
INV000157,SUP009,ST231,2014-01-20,2014-01-25,2014-01-28,220.88,220.88,Processed,EMP009,3,0.0,0.0,False
INV000158,SUP003,ST315,2014-01-20,2014-01-28,2014-02-01,100.08,100.08,Processed Late,EMP023,4,0.0,0.0,True
INV000159,SUP008,ST128,2014-01-20,2014-01-25,2014-01-27,1044.6,1044.6,Processed,EMP024,2,0.0,0.0,False
INV000160,SUP005,ST513,2014-01-20,2014-01-27,2014-02-06,573.54,573.54,Pending / Delayed,EMP019,10,0.0,0.0,True
INV000161,SUP001,ST443,2014-02-05,2014-02-13,2014-02-16,1027.04,1027.04,Processed,EMP026,3,0.0,0.0,False
INV000162,SUP004,ST590,2014-02-05,2014-02-09,2014-02-15,23.6,23.6,Processed Late,EMP006,6,0.0,0.0,True
INV000163,SUP013,ST180,2014-02-05,2014-02-12,2014-02-18,48.3,48.3,Processed Late,EMP025,6,0.0,0.0,True
INV000164,SUP003,ST600,2014-02-05,2014-02-08,2014-02-10,32.48,32.48,Processed,EMP021,2,0.0,0.0,False
INV000165,SUP008,ST357,2014-02-05,2014-02-08,2014-02-10,1191.36,1191.36,Processed,EMP016,2,0.0,0.0,False
INV000166,SUP014,ST165,2014-02-05,2014-02-11,2014-02-23,357.96,357.96,Pending / Delayed,EMP025,12,0.0,0.0,True
INV000167,SUP007,ST564,2014-02-05,2014-02-11,2014-02-14,1628.09,1628.09,Processed,EMP004,3,0.0,0.0,False
INV000168,SUP006,ST119,2014-02-05,2014-02-12,2014-02-15,393.52,393.52,Processed,EMP003,3,0.0,0.0,False
INV000169,SUP001,ST556,2014-02-05,2014-02-11,2014-02-17,64.62,64.62,Processed Late,EMP023,6,0.0,0.0,True
INV000170,SUP006,ST511,2014-02-05,2014-02-10,2014-02-11,671.07,671.07,Processed,EMP007,1,0.0,0.0,False
INV000171,SUP009,ST135,2014-02-05,2014-02-10,2014-02-12,2.88,2.88,Processed,EMP023,2,0.0,0.0,False
INV000172,SUP011,ST624,2014-02-05,2014-02-12,2014-02-13,3515.6,3515.6,Processed,EMP007,1,0.0,0.0,False
INV000173,SUP001,ST566,2014-02-05,2014-02-11,2014-02-12,175.56,175.56,Processed,EMP006,1,0.0,0.0,False
INV000174,SUP015,ST117,2014-02-05,2014-02-10,2014-02-13,80.28,80.28,Processed,EMP007,3,0.0,0.0,False
INV000175,SUP012,ST299,2014-02-05,2014-02-13,2014-02-16,31.02,31.02,Processed,EMP003,3,0.0,0.0,False
INV000176,SUP008,ST484,2014-02-05,2014-02-09,2014-02-10,521.02,503.3,Processed,EMP029,1,17.72,17.72,False
INV000177,SUP004,ST614,2014-02-05,2014-02-13,2014-02-18,60.8,60.8,Processed Late,EMP020,5,0.0,0.0,True
INV000178,SUP005,ST425,2014-02-05,2014-02-08,2014-02-13,187.58,196.32,Processed Late,EMP012,5,-8.74,8.74,True
INV000179,SUP001,ST290,2014-02-05,2014-02-13,2014-02-16,33.48,33.48,Processed,EMP022,3,0.0,0.0,False
INV000180,SUP011,ST502,2014-02-05,2014-02-10,2014-02-15,4010.6,4010.6,Processed Late,EMP021,5,0.0,0.0,True
INV000181,SUP006,ST566,2014-02-05,2014-02-10,2014-02-12,140.22,140.22,Processed,EMP021,2,0.0,0.0,False
INV000182,SUP014,ST194,2014-02-05,2014-02-09,2014-02-10,124.96,124.96,Processed,EMP006,1,0.0,0.0,False
INV000183,SUP013,ST421,2014-02-05,2014-02-13,2014-02-17,249.9,249.9,Processed Late,EMP021,4,0.0,0.0,True
INV000184,SUP013,ST391,2014-02-05,2014-02-09,2014-02-12,252.11,252.11,Processed,EMP005,3,0.0,0.0,False
INV000185,SUP001,ST130,2014-02-05,2014-02-12,2014-02-14,1548.12,1548.12,Processed,EMP030,2,0.0,0.0,False
INV000186,SUP014,ST451,2014-02-05,2014-02-08,2014-02-10,40.32,40.32,Processed,EMP024,2,0.0,0.0,False
INV000187,SUP003,ST420,2014-02-05,2014-02-09,2014-02-13,30.4,30.4,Processed Late,EMP016,4,0.0,0.0,True
INV000188,SUP005,ST347,2014-02-05,2014-02-10,2014-02-11,1636.93,1762.56,Processed,EMP014,1,-125.63,125.63,False
INV000189,SUP014,ST337,2014-02-05,2014-02-13,2014-02-14,1801.38,1801.38,Processed,EMP016,1,0.0,0.0,False
INV000190,SUP015,ST500,2014-02-05,2014-02-12,2014-02-14,45.96,45.96,Processed,EMP026,2,0.0,0.0,False
INV000191,SUP011,ST295,2014-02-05,2014-02-09,2014-02-11,37.8,37.8,Processed,EMP026,2,0.0,0.0,False
INV000192,SUP002,ST103,2014-02-05,2014-02-08,2014-02-09,11.64,11.64,Processed,EMP026,1,0.0,0.0,False
INV000193,SUP001,ST333,2014-02-05,2014-02-12,2014-02-13,35.09,35.09,Processed,EMP014,1,0.0,0.0,False
INV000194,SUP003,ST251,2014-02-05,2014-02-12,2014-02-13,16.64,16.64,Processed,EMP008,1,0.0,0.0,False
INV000195,SUP003,ST175,2014-02-05,2014-02-08,2014-02-11,29.2,29.2,Processed,EMP020,3,0.0,0.0,False
INV000196,SUP004,ST510,2014-02-05,2014-02-12,2014-02-14,111.3,111.3,Processed,EMP003,2,0.0,0.0,False
INV000197,SUP005,ST471,2014-02-05,2014-02-11,2014-02-13,175.95,175.95,Processed,EMP028,2,0.0,0.0,False
INV000198,SUP008,ST295,2014-02-05,2014-02-10,2014-02-13,7.1,7.1,Processed,EMP021,3,0.0,0.0,False
INV000199,SUP006,ST602,2014-02-05,2014-02-08,2014-02-09,39.0,39.0,Processed,EMP023,1,0.0,0.0,False
INV000200,SUP008,ST310,2014-02-05,2014-02-10,2014-02-11,820.5,820.5,Processed,EMP018,1,0.0,0.0,False
INV000201,SUP007,ST586,2014-02-05,2014-02-12,2014-02-15,1344.1,1460.3,Processed,EMP025,3,-116.2,116.2,False
INV000202,SUP005,ST023,2014-02-05,2014-02-11,2014-02-14,205.92,205.92,Processed,EMP013,3,0.0,0.0,False
INV000203,SUP011,ST051,2014-02-05,2014-02-10,2014-02-13,124.1,124.1,Processed,EMP003,3,0.0,0.0,False
INV000204,SUP015,ST294,2014-02-05,2014-02-09,2014-02-15,3030.42,3030.42,Processed Late,EMP004,6,0.0,0.0,True
INV000205,SUP004,ST257,2014-02-05,2014-02-12,2014-02-22,154.7,154.7,Pending / Delayed,EMP026,10,0.0,0.0,True
INV000206,SUP011,ST041,2014-02-05,2014-02-08,2014-02-10,275.55,275.55,Processed,EMP012,2,0.0,0.0,False
INV000207,SUP006,ST135,2014-02-05,2014-02-09,2014-02-12,2086.65,2204.48,Processed,EMP030,3,-117.83,117.83,False
INV000208,SUP003,ST206,2014-02-05,2014-02-12,2014-02-14,1958.64,1958.64,Processed,EMP027,2,0.0,0.0,False
INV000209,SUP006,ST544,2014-02-05,2014-02-13,2014-02-15,20.52,20.52,Processed,EMP004,2,0.0,0.0,False
INV000210,SUP014,ST494,2014-02-05,2014-02-12,2014-02-15,29.26,29.26,Processed,EMP020,3,0.0,0.0,False
INV000211,SUP008,ST078,2014-02-05,2014-02-08,2014-02-14,114.48,114.48,Processed Late,EMP016,6,0.0,0.0,True
INV000212,SUP012,ST407,2014-02-05,2014-02-10,2014-02-16,699.02,730.71,Processed Late,EMP028,6,-31.69,31.69,True
INV000213,SUP001,ST271,2014-02-05,2014-02-12,2014-02-24,11.16,11.16,Pending / Delayed,EMP018,12,0.0,0.0,True
INV000214,SUP012,ST269,2014-02-05,2014-02-10,2014-02-14,1910.4,1910.4,Processed Late,EMP006,4,0.0,0.0,True
INV000215,SUP004,ST483,2014-02-05,2014-02-11,2014-02-13,86.84,86.84,Processed,EMP015,2,0.0,0.0,False
INV000216,SUP010,ST227,2014-02-05,2014-02-09,2014-02-11,37.81,37.81,Processed,EMP004,2,0.0,0.0,False
INV000217,SUP005,ST419,2014-02-05,2014-02-08,2014-02-10,741.76,741.76,Processed,EMP010,2,0.0,0.0,False
INV000218,SUP005,ST505,2014-02-05,2014-02-13,2014-02-15,24.93,24.93,Processed,EMP003,2,0.0,0.0,False
INV000219,SUP003,ST398,2014-02-05,2014-02-13,2014-02-18,44.46,44.46,Processed Late,EMP030,5,0.0,0.0,True
INV000220,SUP012,ST159,2014-02-05,2014-02-12,2014-02-13,190.43,203.87,Processed,EMP021,1,-13.44,13.44,False
INV000221,SUP010,ST418,2014-02-05,2014-02-11,2014-02-15,89.55,89.55,Processed Late,EMP002,4,0.0,0.0,True
INV000222,SUP008,ST242,2014-02-05,2014-02-13,2014-02-14,52.0,52.0,Processed,EMP018,1,0.0,0.0,False
INV000223,SUP011,ST368,2014-02-05,2014-02-09,2014-02-11,171.86,171.86,Processed,EMP021,2,0.0,0.0,False
INV000224,SUP002,ST466,2014-02-05,2014-02-13,2014-02-15,950.8,950.8,Processed,EMP019,2,0.0,0.0,False
INV000225,SUP010,ST022,2014-02-05,2014-02-12,2014-02-15,35.12,35.12,Processed,EMP001,3,0.0,0.0,False
INV000226,SUP003,ST579,2014-02-05,2014-02-11,2014-02-22,45.6,45.6,Pending / Delayed,EMP002,11,0.0,0.0,True
INV000227,SUP004,ST239,2014-02-05,2014-02-09,2014-02-10,67.26,67.26,Processed,EMP005,1,0.0,0.0,False
INV000228,SUP010,ST003,2014-02-05,2014-02-12,2014-02-13,337.86,337.86,Processed,EMP023,1,0.0,0.0,False
INV000229,SUP009,ST257,2014-02-05,2014-02-11,2014-02-12,1646.94,1646.94,Processed,EMP005,1,0.0,0.0,False
INV000230,SUP006,ST244,2014-02-05,2014-02-11,2014-02-14,4.32,4.32,Processed,EMP010,3,0.0,0.0,False
INV000231,SUP001,ST130,2014-02-05,2014-02-10,2014-02-12,3.42,3.42,Processed,EMP018,2,0.0,0.0,False
INV000232,SUP008,ST460,2014-02-05,2014-02-09,2014-02-10,948.5,948.5,Processed,EMP022,1,0.0,0.0,False
INV000233,SUP009,ST227,2014-02-05,2014-02-12,2014-02-16,1198.2,1198.2,Processed Late,EMP008,4,0.0,0.0,True
INV000234,SUP011,ST032,2014-02-05,2014-02-10,2014-02-15,37.08,37.08,Processed Late,EMP024,5,0.0,0.0,True
INV000235,SUP002,ST503,2014-02-05,2014-02-12,2014-02-15,596.26,596.26,Processed,EMP011,3,0.0,0.0,False
INV000236,SUP003,ST068,2014-02-05,2014-02-10,2014-02-13,8.08,8.08,Processed,EMP023,3,0.0,0.0,False
INV000237,SUP006,ST391,2014-02-05,2014-02-11,2014-02-13,29.6,29.6,Processed,EMP022,2,0.0,0.0,False
INV000238,SUP010,ST441,2014-02-05,2014-02-10,2014-02-15,21.78,21.78,Processed Late,EMP012,5,0.0,0.0,True
INV000239,SUP011,ST565,2014-02-05,2014-02-11,2014-02-17,16.85,16.85,Processed Late,EMP019,6,0.0,0.0,True
INV000240,SUP007,ST348,2014-02-05,2014-02-09,2014-02-11,18.72,18.72,Processed,EMP029,2,0.0,0.0,False
INV000241,SUP006,ST438,2014-02-20,2014-02-23,2014-02-25,267.3,267.3,Processed,EMP002,2,0.0,0.0,False
INV000242,SUP003,ST486,2014-02-20,2014-02-26,2014-03-04,14.9,14.9,Processed Late,EMP002,6,0.0,0.0,True
INV000243,SUP002,ST382,2014-02-20,2014-02-24,2014-02-27,74.84,74.84,Processed,EMP026,3,0.0,0.0,False
INV000244,SUP009,ST576,2014-02-20,2014-02-27,2014-03-01,158.13,158.13,Processed,EMP022,2,0.0,0.0,False
INV000245,SUP014,ST434,2014-02-20,2014-02-23,2014-02-26,13.6,13.6,Processed,EMP005,3,0.0,0.0,False
INV000246,SUP010,ST520,2014-02-20,2014-02-24,2014-02-28,693.77,693.77,Processed Late,EMP027,4,0.0,0.0,True
INV000247,SUP002,ST359,2014-02-20,2014-02-23,2014-03-04,1671.1,1671.1,Pending / Delayed,EMP029,9,0.0,0.0,True
INV000248,SUP010,ST232,2014-02-20,2014-02-27,2014-03-01,17.75,17.75,Processed,EMP027,2,0.0,0.0,False
INV000249,SUP014,ST629,2014-02-20,2014-02-28,2014-03-02,53.77,53.77,Processed,EMP004,2,0.0,0.0,False
INV000250,SUP005,ST317,2014-02-20,2014-02-28,2014-03-06,332.4,332.4,Processed Late,EMP029,6,0.0,0.0,True
INV000251,SUP003,ST580,2014-02-20,2014-02-23,2014-02-26,6.3,6.3,Processed,EMP021,3,0.0,0.0,False
INV000252,SUP001,ST094,2014-02-20,2014-02-25,2014-03-02,67.86,67.86,Processed Late,EMP027,5,0.0,0.0,True
INV000253,SUP006,ST162,2014-02-20,2014-02-23,2014-02-27,2660.42,2660.42,Processed Late,EMP021,4,0.0,0.0,True
INV000254,SUP010,ST611,2014-02-20,2014-02-26,2014-02-27,417.84,417.84,Processed,EMP013,1,0.0,0.0,False
INV000255,SUP010,ST051,2014-02-20,2014-02-23,2014-02-25,1303.08,1303.08,Processed,EMP025,2,0.0,0.0,False
INV000256,SUP008,ST622,2014-02-20,2014-02-25,2014-02-27,43.68,43.68,Processed,EMP014,2,0.0,0.0,False
INV000257,SUP009,ST117,2014-02-20,2014-02-27,2014-02-28,55.7,55.7,Processed,EMP018,1,0.0,0.0,False
INV000258,SUP011,ST608,2014-02-20,2014-02-23,2014-02-26,438.05,438.05,Processed,EMP028,3,0.0,0.0,False
INV000259,SUP007,ST614,2014-02-20,2014-02-24,2014-02-25,296.12,296.12,Processed,EMP019,1,0.0,0.0,False
INV000260,SUP004,ST141,2014-02-20,2014-02-26,2014-03-01,96.56,96.56,Processed,EMP004,3,0.0,0.0,False
INV000261,SUP008,ST441,2014-02-20,2014-02-23,2014-02-25,2352.0,2352.0,Processed,EMP020,2,0.0,0.0,False
INV000262,SUP004,ST513,2014-02-20,2014-02-28,2014-03-02,699.16,699.16,Processed,EMP015,2,0.0,0.0,False
INV000263,SUP014,ST044,2014-02-20,2014-02-27,2014-03-11,2739.62,2739.62,Pending / Delayed,EMP006,12,0.0,0.0,True
INV000264,SUP014,ST321,2014-02-20,2014-02-25,2014-02-27,2396.48,2396.48,Processed,EMP021,2,0.0,0.0,False
INV000265,SUP011,ST428,2014-02-20,2014-02-26,2014-02-28,97.8,97.8,Processed,EMP028,2,0.0,0.0,False
INV000266,SUP006,ST176,2014-02-20,2014-02-27,2014-03-03,618.1,618.1,Processed Late,EMP024,4,0.0,0.0,True
INV000267,SUP014,ST109,2014-02-20,2014-02-28,2014-03-03,247.91,247.91,Processed,EMP002,3,0.0,0.0,False
INV000268,SUP002,ST406,2014-02-20,2014-02-28,2014-03-12,715.4,715.4,Pending / Delayed,EMP019,12,0.0,0.0,True
INV000269,SUP013,ST173,2014-02-20,2014-02-26,2014-03-06,29.88,29.88,Pending / Delayed,EMP013,8,0.0,0.0,True
INV000270,SUP004,ST358,2014-02-20,2014-02-27,2014-02-28,661.55,661.55,Processed,EMP018,1,0.0,0.0,False
INV000271,SUP003,ST263,2014-02-20,2014-02-27,2014-03-05,183.66,183.66,Processed Late,EMP026,6,0.0,0.0,True
INV000272,SUP011,ST078,2014-02-20,2014-02-28,2014-03-03,17.34,17.34,Processed,EMP021,3,0.0,0.0,False
INV000273,SUP010,ST594,2014-02-20,2014-02-28,2014-03-02,41.08,39.27,Processed,EMP006,2,1.81,1.81,False
INV000274,SUP010,ST331,2014-02-20,2014-02-28,2014-03-09,45.8,45.8,Pending / Delayed,EMP014,9,0.0,0.0,True
INV000275,SUP008,ST311,2014-02-20,2014-02-28,2014-03-03,82.88,82.88,Processed,EMP030,3,0.0,0.0,False
INV000276,SUP002,ST318,2014-02-20,2014-02-25,2014-03-05,197.31,197.31,Pending / Delayed,EMP020,8,0.0,0.0,True
INV000277,SUP014,ST294,2014-02-20,2014-02-25,2014-03-06,3.42,3.42,Pending / Delayed,EMP008,9,0.0,0.0,True
INV000278,SUP009,ST394,2014-02-20,2014-02-28,2014-03-05,235.68,235.68,Processed Late,EMP024,5,0.0,0.0,True
INV000279,SUP012,ST043,2014-02-20,2014-02-23,2014-03-07,216.6,216.6,Pending / Delayed,EMP024,12,0.0,0.0,True
INV000280,SUP006,ST620,2014-02-20,2014-02-28,2014-03-03,107.4,107.4,Processed,EMP017,3,0.0,0.0,False
INV000281,SUP008,ST106,2014-02-20,2014-02-25,2014-02-26,13.15,13.38,Processed,EMP007,1,-0.23,0.23,False
INV000282,SUP003,ST041,2014-02-20,2014-02-26,2014-03-03,635.84,635.84,Processed Late,EMP019,5,0.0,0.0,True
INV000283,SUP009,ST536,2014-02-20,2014-02-27,2014-03-01,35.68,35.68,Processed,EMP008,2,0.0,0.0,False
INV000284,SUP005,ST397,2014-02-20,2014-02-23,2014-02-26,133.12,133.12,Processed,EMP030,3,0.0,0.0,False
INV000285,SUP001,ST343,2014-02-20,2014-02-27,2014-03-02,37.8,37.8,Processed,EMP002,3,0.0,0.0,False
INV000286,SUP007,ST291,2014-02-20,2014-02-23,2014-02-26,23.75,23.75,Processed,EMP027,3,0.0,0.0,False
INV000287,SUP010,ST145,2014-02-20,2014-02-25,2014-02-26,554.58,554.58,Processed,EMP029,1,0.0,0.0,False
INV000288,SUP012,ST087,2014-02-20,2014-02-23,2014-02-24,37.66,37.66,Processed,EMP004,1,0.0,0.0,False
INV000289,SUP006,ST131,2014-02-20,2014-02-24,2014-02-26,155.26,155.26,Processed,EMP007,2,0.0,0.0,False
INV000290,SUP001,ST372,2014-02-20,2014-02-25,2014-03-03,115.8,115.8,Processed Late,EMP008,6,0.0,0.0,True
INV000291,SUP013,ST498,2014-02-20,2014-02-26,2014-03-03,127.2,127.2,Processed Late,EMP015,5,0.0,0.0,True
INV000292,SUP005,ST104,2014-02-20,2014-02-28,2014-03-02,16.11,16.14,Processed,EMP029,2,-0.03,0.03,False
INV000293,SUP015,ST540,2014-02-20,2014-02-23,2014-02-25,1161.09,1161.09,Processed,EMP007,2,0.0,0.0,False
INV000294,SUP010,ST135,2014-02-20,2014-02-24,2014-02-27,93.72,93.72,Processed,EMP004,3,0.0,0.0,False
INV000295,SUP014,ST170,2014-02-20,2014-02-25,2014-03-06,10.92,10.92,Pending / Delayed,EMP025,9,0.0,0.0,True
INV000296,SUP012,ST244,2014-02-20,2014-02-23,2014-02-24,6922.5,6922.5,Processed,EMP002,1,0.0,0.0,False
INV000297,SUP013,ST460,2014-02-20,2014-02-26,2014-02-27,36.31,38.06,Processed,EMP003,1,-1.75,1.75,False
INV000298,SUP013,ST481,2014-02-20,2014-02-23,2014-02-24,43.92,43.92,Processed,EMP030,1,0.0,0.0,False
INV000299,SUP008,ST289,2014-02-20,2014-02-27,2014-03-05,32.2,32.2,Processed Late,EMP027,6,0.0,0.0,True
INV000300,SUP003,ST205,2014-02-20,2014-02-24,2014-02-28,2082.24,2082.24,Processed Late,EMP026,4,0.0,0.0,True
INV000301,SUP008,ST381,2014-02-20,2014-02-25,2014-03-03,213.0,213.0,Processed Late,EMP007,6,0.0,0.0,True
INV000302,SUP005,ST086,2014-02-20,2014-02-23,2014-03-03,30.6,30.6,Pending / Delayed,EMP030,8,0.0,0.0,True
INV000303,SUP003,ST448,2014-02-20,2014-02-27,2014-03-02,233.76,233.76,Processed,EMP023,3,0.0,0.0,False
INV000304,SUP015,ST028,2014-02-20,2014-02-23,2014-02-24,44.16,44.16,Processed,EMP018,1,0.0,0.0,False
INV000305,SUP004,ST396,2014-02-20,2014-02-27,2014-02-28,30.52,30.52,Processed,EMP013,1,0.0,0.0,False
INV000306,SUP015,ST102,2014-02-20,2014-02-24,2014-02-27,761.4,761.4,Processed,EMP022,3,0.0,0.0,False
INV000307,SUP005,ST484,2014-02-20,2014-02-23,2014-03-01,116.34,116.34,Processed Late,EMP005,6,0.0,0.0,True
INV000308,SUP001,ST082,2014-02-20,2014-02-27,2014-03-02,43.86,43.86,Processed,EMP004,3,0.0,0.0,False
INV000309,SUP009,ST624,2014-02-20,2014-02-23,2014-03-07,1754.72,1754.72,Pending / Delayed,EMP030,12,0.0,0.0,True
INV000310,SUP004,ST309,2014-02-20,2014-02-27,2014-02-28,15.9,15.9,Processed,EMP007,1,0.0,0.0,False
INV000311,SUP013,ST469,2014-02-20,2014-02-23,2014-02-28,23.76,23.76,Processed Late,EMP025,5,0.0,0.0,True
INV000312,SUP001,ST528,2014-02-20,2014-02-28,2014-03-05,687.82,687.82,Processed Late,EMP008,5,0.0,0.0,True
INV000313,SUP001,ST630,2014-02-20,2014-02-23,2014-02-24,89.28,89.28,Processed,EMP018,1,0.0,0.0,False
INV000314,SUP011,ST088,2014-02-20,2014-02-23,2014-02-26,126.6,126.6,Processed,EMP007,3,0.0,0.0,False
INV000315,SUP009,ST520,2014-02-20,2014-02-27,2014-03-02,24.72,24.72,Processed,EMP024,3,0.0,0.0,False
INV000316,SUP008,ST045,2014-02-20,2014-02-27,2014-03-01,42.7,42.7,Processed,EMP022,2,0.0,0.0,False
INV000317,SUP006,ST070,2014-02-20,2014-02-23,2014-02-26,61.1,61.1,Processed,EMP011,3,0.0,0.0,False
INV000318,SUP012,ST341,2014-02-20,2014-02-28,2014-03-01,587.85,587.85,Processed,EMP025,1,0.0,0.0,False
INV000319,SUP014,ST180,2014-02-20,2014-02-26,2014-02-28,182.78,182.78,Processed,EMP014,2,0.0,0.0,False
INV000320,SUP013,ST139,2014-02-20,2014-02-26,2014-03-03,66.13,66.13,Processed Late,EMP022,5,0.0,0.0,True
INV000321,SUP004,ST045,2014-03-05,2014-03-11,2014-03-12,213.76,213.76,Processed,EMP022,1,0.0,0.0,False
INV000322,SUP009,ST408,2014-03-05,2014-03-13,2014-03-14,999.84,999.84,Processed,EMP019,1,0.0,0.0,False
INV000323,SUP011,ST196,2014-03-05,2014-03-08,2014-03-13,857.4,857.4,Processed Late,EMP030,5,0.0,0.0,True
INV000324,SUP006,ST280,2014-03-05,2014-03-09,2014-03-12,7.44,7.44,Processed,EMP018,3,0.0,0.0,False
INV000325,SUP007,ST451,2014-03-05,2014-03-12,2014-03-14,788.32,788.32,Processed,EMP029,2,0.0,0.0,False
INV000326,SUP008,ST377,2014-03-05,2014-03-13,2014-03-16,13.16,13.16,Processed,EMP017,3,0.0,0.0,False
INV000327,SUP002,ST441,2014-03-05,2014-03-08,2014-03-10,17039.96,17039.96,Processed,EMP008,2,0.0,0.0,False
INV000328,SUP006,ST106,2014-03-05,2014-03-08,2014-03-11,280.35,280.35,Processed,EMP003,3,0.0,0.0,False
INV000329,SUP010,ST437,2014-03-05,2014-03-11,2014-03-14,100.21,100.21,Processed,EMP001,3,0.0,0.0,False
INV000330,SUP001,ST362,2014-03-05,2014-03-10,2014-03-11,245.28,245.28,Processed,EMP025,1,0.0,0.0,False
INV000331,SUP013,ST059,2014-03-05,2014-03-11,2014-03-22,31.0,31.0,Pending / Delayed,EMP004,11,0.0,0.0,True
INV000332,SUP013,ST164,2014-03-05,2014-03-12,2014-03-15,589.54,589.54,Processed,EMP005,3,0.0,0.0,False
INV000333,SUP002,ST242,2014-03-05,2014-03-13,2014-03-14,35.2,35.2,Processed,EMP027,1,0.0,0.0,False
INV000334,SUP001,ST620,2014-03-05,2014-03-10,2014-03-12,32.76,32.76,Processed,EMP022,2,0.0,0.0,False
INV000335,SUP006,ST455,2014-03-05,2014-03-10,2014-03-12,3068.06,2896.64,Processed,EMP021,2,171.42,171.42,False
INV000336,SUP007,ST322,2014-03-05,2014-03-08,2014-03-09,19.74,19.74,Processed,EMP016,1,0.0,0.0,False
INV000337,SUP003,ST512,2014-03-05,2014-03-08,2014-03-10,35.15,35.15,Processed,EMP030,2,0.0,0.0,False
INV000338,SUP013,ST267,2014-03-05,2014-03-11,2014-03-14,36.67,36.67,Processed,EMP015,3,0.0,0.0,False
INV000339,SUP008,ST205,2014-03-05,2014-03-10,2014-03-11,518.65,518.65,Processed,EMP003,1,0.0,0.0,False
INV000340,SUP015,ST456,2014-03-05,2014-03-08,2014-03-12,7.88,7.88,Processed Late,EMP004,4,0.0,0.0,True
INV000341,SUP012,ST067,2014-03-05,2014-03-13,2014-03-16,93.82,94.68,Processed,EMP015,3,-0.86,0.86,False
INV000342,SUP014,ST162,2014-03-05,2014-03-11,2014-03-14,320.54,320.54,Processed,EMP019,3,0.0,0.0,False
INV000343,SUP002,ST206,2014-03-05,2014-03-08,2014-03-11,1104.09,1104.09,Processed,EMP011,3,0.0,0.0,False
INV000344,SUP009,ST587,2014-03-05,2014-03-13,2014-03-15,144.5,144.5,Processed,EMP006,2,0.0,0.0,False
INV000345,SUP015,ST089,2014-03-05,2014-03-08,2014-03-15,41.04,41.04,Pending / Delayed,EMP020,7,0.0,0.0,True
INV000346,SUP012,ST491,2014-03-05,2014-03-08,2014-03-16,1043.7,1043.7,Pending / Delayed,EMP027,8,0.0,0.0,True
INV000347,SUP002,ST129,2014-03-05,2014-03-10,2014-03-12,121.5,121.5,Processed,EMP030,2,0.0,0.0,False
INV000348,SUP011,ST530,2014-03-05,2014-03-13,2014-03-16,917.28,917.28,Processed,EMP002,3,0.0,0.0,False
INV000349,SUP003,ST133,2014-03-05,2014-03-13,2014-03-16,1864.09,1864.09,Processed,EMP026,3,0.0,0.0,False
INV000350,SUP009,ST157,2014-03-05,2014-03-10,2014-03-11,10.85,10.26,Processed,EMP022,1,0.59,0.59,False
INV000351,SUP012,ST231,2014-03-05,2014-03-11,2014-03-17,165.76,165.76,Processed Late,EMP029,6,0.0,0.0,True
INV000352,SUP005,ST202,2014-03-05,2014-03-11,2014-03-16,17.27,17.27,Processed Late,EMP029,5,0.0,0.0,True
INV000353,SUP010,ST547,2014-03-05,2014-03-10,2014-03-12,563.22,563.22,Processed,EMP028,2,0.0,0.0,False
INV000354,SUP010,ST158,2014-03-05,2014-03-09,2014-03-12,32.48,32.48,Processed,EMP016,3,0.0,0.0,False
INV000355,SUP010,ST043,2014-03-05,2014-03-10,2014-03-13,5208.52,4936.44,Processed,EMP005,3,272.08,272.08,False
INV000356,SUP013,ST591,2014-03-05,2014-03-11,2014-03-13,63.78,63.78,Processed,EMP005,2,0.0,0.0,False
INV000357,SUP007,ST032,2014-03-05,2014-03-13,2014-03-14,72.32,72.32,Processed,EMP026,1,0.0,0.0,False
INV000358,SUP005,ST495,2014-03-05,2014-03-08,2014-03-11,1454.45,1454.45,Processed,EMP030,3,0.0,0.0,False
INV000359,SUP002,ST062,2014-03-05,2014-03-09,2014-03-12,88.76,88.76,Processed,EMP001,3,0.0,0.0,False
INV000360,SUP004,ST349,2014-03-05,2014-03-13,2014-03-14,761.1,761.1,Processed,EMP020,1,0.0,0.0,False
INV000361,SUP006,ST354,2014-03-05,2014-03-10,2014-03-13,39.24,39.24,Processed,EMP014,3,0.0,0.0,False
INV000362,SUP002,ST327,2014-03-05,2014-03-08,2014-03-13,371.15,371.15,Processed Late,EMP002,5,0.0,0.0,True
INV000363,SUP004,ST145,2014-03-05,2014-03-11,2014-03-16,32.7,32.7,Processed Late,EMP029,5,0.0,0.0,True
INV000364,SUP014,ST631,2014-03-05,2014-03-13,2014-03-16,299.75,299.75,Processed,EMP005,3,0.0,0.0,False
INV000365,SUP015,ST592,2014-03-05,2014-03-12,2014-03-21,15.61,15.61,Pending / Delayed,EMP011,9,0.0,0.0,True
INV000366,SUP009,ST479,2014-03-05,2014-03-09,2014-03-12,223.79,223.79,Processed,EMP028,3,0.0,0.0,False
INV000367,SUP007,ST518,2014-03-05,2014-03-10,2014-03-12,1411.68,1411.68,Processed,EMP014,2,0.0,0.0,False
INV000368,SUP001,ST052,2014-03-05,2014-03-12,2014-03-14,16.38,16.48,Processed,EMP005,2,-0.1,0.1,False
INV000369,SUP001,ST111,2014-03-05,2014-03-10,2014-03-16,60.99,57.63,Processed Late,EMP016,6,3.36,3.36,True
INV000370,SUP013,ST413,2014-03-05,2014-03-12,2014-03-15,203.7,203.7,Processed,EMP001,3,0.0,0.0,False
INV000371,SUP009,ST200,2014-03-05,2014-03-13,2014-03-16,225.26,225.26,Processed,EMP005,3,0.0,0.0,False
INV000372,SUP009,ST462,2014-03-05,2014-03-13,2014-03-16,34.98,34.98,Processed,EMP028,3,0.0,0.0,False
INV000373,SUP002,ST404,2014-03-05,2014-03-09,2014-03-11,229.65,229.65,Processed,EMP004,2,0.0,0.0,False
INV000374,SUP006,ST148,2014-03-05,2014-03-13,2014-03-16,122.81,120.0,Processed,EMP008,3,2.81,2.81,False
INV000375,SUP001,ST047,2014-03-05,2014-03-11,2014-03-14,370.08,370.08,Processed,EMP010,3,0.0,0.0,False
INV000376,SUP009,ST468,2014-03-05,2014-03-09,2014-03-19,3207.72,3207.72,Pending / Delayed,EMP006,10,0.0,0.0,True
INV000377,SUP015,ST628,2014-03-05,2014-03-11,2014-03-15,43.02,43.02,Processed Late,EMP027,4,0.0,0.0,True
INV000378,SUP012,ST307,2014-03-05,2014-03-13,2014-03-14,127.68,127.68,Processed,EMP019,1,0.0,0.0,False
INV000379,SUP009,ST502,2014-03-05,2014-03-12,2014-03-15,198.36,198.36,Processed,EMP012,3,0.0,0.0,False
INV000380,SUP006,ST340,2014-03-05,2014-03-13,2014-03-14,93.16,93.16,Processed,EMP002,1,0.0,0.0,False
INV000381,SUP015,ST028,2014-03-05,2014-03-10,2014-03-19,1916.28,1867.4,Pending / Delayed,EMP022,9,48.88,48.88,True
INV000382,SUP013,ST593,2014-03-05,2014-03-13,2014-03-16,17.9,17.9,Processed,EMP008,3,0.0,0.0,False
INV000383,SUP003,ST537,2014-03-05,2014-03-13,2014-03-15,306.27,306.27,Processed,EMP022,2,0.0,0.0,False
INV000384,SUP011,ST249,2014-03-05,2014-03-13,2014-03-19,305.06,305.06,Processed Late,EMP017,6,0.0,0.0,True
INV000385,SUP008,ST322,2014-03-05,2014-03-13,2014-03-19,15.75,15.75,Processed Late,EMP024,6,0.0,0.0,True
INV000386,SUP007,ST514,2014-03-05,2014-03-12,2014-03-13,52.7,51.3,Processed,EMP003,1,1.4,1.4,False
INV000387,SUP009,ST213,2014-03-05,2014-03-10,2014-03-19,88.8,88.8,Pending / Delayed,EMP004,9,0.0,0.0,True
INV000388,SUP006,ST178,2014-03-05,2014-03-11,2014-03-19,69.02,69.02,Pending / Delayed,EMP022,8,0.0,0.0,True
INV000389,SUP011,ST271,2014-03-05,2014-03-08,2014-03-14,145.32,145.32,Processed Late,EMP002,6,0.0,0.0,True
INV000390,SUP005,ST572,2014-03-05,2014-03-12,2014-03-16,26.0,26.0,Processed Late,EMP017,4,0.0,0.0,True
INV000391,SUP012,ST213,2014-03-05,2014-03-13,2014-03-17,39.05,39.05,Processed Late,EMP027,4,0.0,0.0,True
INV000392,SUP015,ST281,2014-03-05,2014-03-12,2014-03-15,323.51,323.51,Processed,EMP008,3,0.0,0.0,False
INV000393,SUP007,ST405,2014-03-05,2014-03-12,2014-03-14,38.4,38.4,Processed,EMP019,2,0.0,0.0,False
INV000394,SUP005,ST081,2014-03-05,2014-03-08,2014-03-12,70.92,70.92,Processed Late,EMP018,4,0.0,0.0,True
INV000395,SUP004,ST207,2014-03-05,2014-03-11,2014-03-16,1632.1,1632.1,Processed Late,EMP021,5,0.0,0.0,True
INV000396,SUP003,ST112,2014-03-05,2014-03-09,2014-03-11,4293.43,4293.43,Processed,EMP010,2,0.0,0.0,False
INV000397,SUP001,ST544,2014-03-05,2014-03-09,2014-03-19,1033.6,1033.6,Pending / Delayed,EMP009,10,0.0,0.0,True
INV000398,SUP007,ST339,2014-03-05,2014-03-11,2014-03-17,940.23,940.23,Processed Late,EMP023,6,0.0,0.0,True
INV000399,SUP009,ST162,2014-03-05,2014-03-12,2014-03-13,6.54,6.54,Processed,EMP016,1,0.0,0.0,False
INV000400,SUP004,ST295,2014-03-05,2014-03-12,2014-03-15,645.83,645.83,Processed,EMP011,3,0.0,0.0,False
INV000401,SUP002,ST588,2014-03-20,2014-03-26,2014-03-27,9.0,9.0,Processed,EMP011,1,0.0,0.0,False
INV000402,SUP003,ST428,2014-03-20,2014-03-28,2014-04-02,12.57,12.57,Processed Late,EMP004,5,0.0,0.0,True
INV000403,SUP003,ST297,2014-03-20,2014-03-23,2014-03-26,15.12,15.12,Processed,EMP013,3,0.0,0.0,False
INV000404,SUP002,ST344,2014-03-20,2014-03-24,2014-03-25,1103.52,1103.52,Processed,EMP004,1,0.0,0.0,False
INV000405,SUP015,ST138,2014-03-20,2014-03-26,2014-04-05,543.59,543.59,Pending / Delayed,EMP027,10,0.0,0.0,True
INV000406,SUP002,ST339,2014-03-20,2014-03-23,2014-03-25,277.9,277.9,Processed,EMP011,2,0.0,0.0,False
INV000407,SUP012,ST191,2014-03-20,2014-03-23,2014-03-24,48.64,48.64,Processed,EMP016,1,0.0,0.0,False
INV000408,SUP010,ST198,2014-03-20,2014-03-28,2014-04-01,1305.96,1305.96,Processed Late,EMP001,4,0.0,0.0,True
INV000409,SUP009,ST336,2014-03-20,2014-03-23,2014-03-29,30.1,30.1,Processed Late,EMP016,6,0.0,0.0,True
INV000410,SUP003,ST489,2014-03-20,2014-03-24,2014-03-27,364.2,364.2,Processed,EMP011,3,0.0,0.0,False
INV000411,SUP004,ST458,2014-03-20,2014-03-23,2014-03-24,131.56,131.56,Processed,EMP021,1,0.0,0.0,False
INV000412,SUP010,ST012,2014-03-20,2014-03-24,2014-03-30,29.04,29.04,Processed Late,EMP022,6,0.0,0.0,True
INV000413,SUP001,ST122,2014-03-20,2014-03-26,2014-03-28,330.59,330.59,Processed,EMP022,2,0.0,0.0,False
INV000414,SUP009,ST319,2014-03-20,2014-03-23,2014-03-28,1019.53,1032.78,Processed Late,EMP009,5,-13.25,13.25,True
INV000415,SUP004,ST225,2014-03-20,2014-03-23,2014-04-03,25.19,25.19,Pending / Delayed,EMP024,11,0.0,0.0,True
INV000416,SUP010,ST383,2014-03-20,2014-03-27,2014-03-28,1206.38,1203.42,Processed,EMP028,1,2.96,2.96,False
INV000417,SUP013,ST551,2014-03-20,2014-03-25,2014-03-26,233.13,233.13,Processed,EMP014,1,0.0,0.0,False
INV000418,SUP010,ST084,2014-03-20,2014-03-27,2014-03-31,29.88,29.88,Processed Late,EMP017,4,0.0,0.0,True
INV000419,SUP002,ST578,2014-03-20,2014-03-27,2014-03-30,78.12,78.12,Processed,EMP002,3,0.0,0.0,False
INV000420,SUP004,ST587,2014-03-20,2014-03-27,2014-04-07,3508.73,3508.73,Pending / Delayed,EMP023,11,0.0,0.0,True
INV000421,SUP009,ST453,2014-03-20,2014-03-23,2014-03-26,335.86,335.86,Processed,EMP010,3,0.0,0.0,False
INV000422,SUP008,ST094,2014-03-20,2014-03-26,2014-03-27,45.68,45.68,Processed,EMP023,1,0.0,0.0,False
INV000423,SUP009,ST426,2014-03-20,2014-03-25,2014-03-28,9.03,9.03,Processed,EMP009,3,0.0,0.0,False
INV000424,SUP011,ST316,2014-03-20,2014-03-28,2014-04-03,10.74,10.74,Processed Late,EMP022,6,0.0,0.0,True
INV000425,SUP012,ST224,2014-03-20,2014-03-25,2014-03-27,15.6,15.6,Processed,EMP021,2,0.0,0.0,False
INV000426,SUP012,ST066,2014-03-20,2014-03-28,2014-04-02,14.64,14.64,Processed Late,EMP007,5,0.0,0.0,True
INV000427,SUP008,ST033,2014-03-20,2014-03-28,2014-03-29,261.36,261.36,Processed,EMP002,1,0.0,0.0,False
INV000428,SUP013,ST431,2014-03-20,2014-03-23,2014-03-30,392.7,392.7,Pending / Delayed,EMP026,7,0.0,0.0,True
INV000429,SUP015,ST387,2014-03-20,2014-03-25,2014-03-29,1249.28,1249.28,Processed Late,EMP014,4,0.0,0.0,True
INV000430,SUP014,ST357,2014-03-20,2014-03-25,2014-03-28,637.26,637.26,Processed,EMP010,3,0.0,0.0,False
INV000431,SUP003,ST229,2014-03-20,2014-03-26,2014-03-30,62.7,62.7,Processed Late,EMP019,4,0.0,0.0,True
INV000432,SUP008,ST558,2014-03-20,2014-03-25,2014-03-31,41.3,41.3,Processed Late,EMP017,6,0.0,0.0,True
INV000433,SUP004,ST472,2014-03-20,2014-03-25,2014-03-30,22.82,22.82,Processed Late,EMP010,5,0.0,0.0,True
INV000434,SUP015,ST116,2014-03-20,2014-03-26,2014-03-31,195.1,195.1,Processed Late,EMP025,5,0.0,0.0,True
INV000435,SUP015,ST017,2014-03-20,2014-03-25,2014-03-27,470.25,470.25,Processed,EMP024,2,0.0,0.0,False
INV000436,SUP001,ST458,2014-03-20,2014-03-25,2014-03-26,22.4,22.4,Processed,EMP007,1,0.0,0.0,False
INV000437,SUP001,ST412,2014-03-20,2014-03-28,2014-03-29,11.58,11.58,Processed,EMP003,1,0.0,0.0,False
INV000438,SUP014,ST058,2014-03-20,2014-03-27,2014-03-29,49.21,49.21,Processed,EMP005,2,0.0,0.0,False
INV000439,SUP015,ST590,2014-03-20,2014-03-28,2014-03-31,62.81,62.81,Processed,EMP013,3,0.0,0.0,False
INV000440,SUP015,ST147,2014-03-20,2014-03-26,2014-03-28,18.24,18.24,Processed,EMP010,2,0.0,0.0,False
INV000441,SUP001,ST571,2014-03-20,2014-03-23,2014-04-03,3357.9,3357.9,Pending / Delayed,EMP021,11,0.0,0.0,True
INV000442,SUP007,ST570,2014-03-20,2014-03-26,2014-04-02,720.58,720.58,Pending / Delayed,EMP006,7,0.0,0.0,True
INV000443,SUP011,ST391,2014-03-20,2014-03-23,2014-03-26,1548.69,1548.69,Processed,EMP026,3,0.0,0.0,False
INV000444,SUP005,ST386,2014-03-20,2014-03-28,2014-04-05,217.35,217.35,Pending / Delayed,EMP004,8,0.0,0.0,True
INV000445,SUP014,ST231,2014-03-20,2014-03-27,2014-03-28,860.89,860.89,Processed,EMP002,1,0.0,0.0,False
INV000446,SUP015,ST060,2014-03-20,2014-03-23,2014-03-25,486.42,486.42,Processed,EMP011,2,0.0,0.0,False
INV000447,SUP003,ST398,2014-03-20,2014-03-26,2014-03-27,257.1,257.1,Processed,EMP029,1,0.0,0.0,False
INV000448,SUP002,ST461,2014-03-20,2014-03-28,2014-03-30,399.92,399.92,Processed,EMP025,2,0.0,0.0,False
INV000449,SUP004,ST053,2014-03-20,2014-03-23,2014-03-25,72.77,72.77,Processed,EMP013,2,0.0,0.0,False
INV000450,SUP004,ST602,2014-03-20,2014-03-25,2014-03-26,15.12,15.12,Processed,EMP027,1,0.0,0.0,False
INV000451,SUP015,ST341,2014-03-20,2014-03-23,2014-03-25,2238.9,2238.9,Processed,EMP020,2,0.0,0.0,False
INV000452,SUP012,ST121,2014-03-20,2014-03-27,2014-04-02,5901.28,5901.28,Processed Late,EMP003,6,0.0,0.0,True
INV000453,SUP004,ST566,2014-03-20,2014-03-26,2014-03-29,56.16,56.16,Processed,EMP010,3,0.0,0.0,False
INV000454,SUP009,ST368,2014-03-20,2014-03-26,2014-03-27,2878.92,2878.92,Processed,EMP015,1,0.0,0.0,False
INV000455,SUP008,ST478,2014-03-20,2014-03-26,2014-03-30,372.06,372.06,Processed Late,EMP029,4,0.0,0.0,True
INV000456,SUP006,ST209,2014-03-20,2014-03-28,2014-04-09,218.28,218.28,Pending / Delayed,EMP024,12,0.0,0.0,True
INV000457,SUP014,ST227,2014-03-20,2014-03-25,2014-03-27,206.85,206.85,Processed,EMP018,2,0.0,0.0,False
INV000458,SUP010,ST594,2014-03-20,2014-03-25,2014-03-31,2013.3,2013.3,Processed Late,EMP026,6,0.0,0.0,True
INV000459,SUP004,ST389,2014-03-20,2014-03-28,2014-03-29,1220.7,1220.7,Processed,EMP023,1,0.0,0.0,False
INV000460,SUP011,ST346,2014-03-20,2014-03-23,2014-03-27,147.69,147.69,Processed Late,EMP004,4,0.0,0.0,True
INV000461,SUP011,ST503,2014-03-20,2014-03-26,2014-03-29,1093.12,1083.75,Processed,EMP016,3,9.37,9.37,False
INV000462,SUP012,ST560,2014-03-20,2014-03-24,2014-03-26,22.23,22.23,Processed,EMP028,2,0.0,0.0,False
INV000463,SUP001,ST537,2014-03-20,2014-03-26,2014-04-01,1399.16,1399.16,Processed Late,EMP023,6,0.0,0.0,True
INV000464,SUP011,ST050,2014-03-20,2014-03-26,2014-03-30,71.52,71.52,Processed Late,EMP007,4,0.0,0.0,True
INV000465,SUP004,ST070,2014-03-20,2014-03-24,2014-03-26,37.08,37.08,Processed,EMP010,2,0.0,0.0,False
INV000466,SUP006,ST062,2014-03-20,2014-03-26,2014-03-29,947.44,947.44,Processed,EMP024,3,0.0,0.0,False
INV000467,SUP001,ST007,2014-03-20,2014-03-28,2014-04-01,491.64,491.64,Processed Late,EMP027,4,0.0,0.0,True
INV000468,SUP009,ST282,2014-03-20,2014-03-26,2014-03-30,117.3,117.3,Processed Late,EMP010,4,0.0,0.0,True
INV000469,SUP012,ST441,2014-03-20,2014-03-27,2014-03-29,9.1,9.1,Processed,EMP030,2,0.0,0.0,False
INV000470,SUP004,ST197,2014-03-20,2014-03-28,2014-04-08,37.15,37.15,Pending / Delayed,EMP006,11,0.0,0.0,True
INV000471,SUP005,ST407,2014-03-20,2014-03-25,2014-03-28,4044.8,4044.8,Processed,EMP003,3,0.0,0.0,False
INV000472,SUP004,ST232,2014-03-20,2014-03-27,2014-03-30,260.82,260.82,Processed,EMP010,3,0.0,0.0,False
INV000473,SUP014,ST033,2014-03-20,2014-03-27,2014-03-30,13.95,13.64,Processed,EMP013,3,0.31,0.31,False
INV000474,SUP008,ST058,2014-03-20,2014-03-24,2014-03-27,266.14,266.14,Processed,EMP018,3,0.0,0.0,False
INV000475,SUP014,ST445,2014-03-20,2014-03-25,2014-03-26,285.39,285.39,Processed,EMP022,1,0.0,0.0,False
INV000476,SUP015,ST044,2014-03-20,2014-03-23,2014-03-26,60.74,59.4,Processed,EMP009,3,1.34,1.34,False
INV000477,SUP001,ST077,2014-03-20,2014-03-24,2014-03-27,1408.6,1408.6,Processed,EMP001,3,0.0,0.0,False
INV000478,SUP003,ST323,2014-03-20,2014-03-23,2014-03-25,526.4,526.4,Processed,EMP015,2,0.0,0.0,False
INV000479,SUP014,ST408,2014-03-20,2014-03-28,2014-03-31,50.0,50.0,Processed,EMP025,3,0.0,0.0,False
INV000480,SUP010,ST399,2014-03-20,2014-03-26,2014-03-27,77.49,77.49,Processed,EMP006,1,0.0,0.0,False
INV000481,SUP003,ST081,2014-04-05,2014-04-09,2014-04-10,4520.46,4520.46,Processed,EMP005,1,0.0,0.0,False
INV000482,SUP007,ST238,2014-04-05,2014-04-10,2014-04-13,357.5,357.5,Processed,EMP001,3,0.0,0.0,False
INV000483,SUP006,ST031,2014-04-05,2014-04-10,2014-04-15,182.98,182.98,Processed Late,EMP016,5,0.0,0.0,True
INV000484,SUP006,ST567,2014-04-05,2014-04-09,2014-04-10,169.76,169.76,Processed,EMP029,1,0.0,0.0,False
INV000485,SUP011,ST390,2014-04-05,2014-04-10,2014-04-12,14.77,14.77,Processed,EMP012,2,0.0,0.0,False
INV000486,SUP012,ST076,2014-04-05,2014-04-09,2014-04-11,1106.38,1106.38,Processed,EMP024,2,0.0,0.0,False
INV000487,SUP013,ST158,2014-04-05,2014-04-12,2014-04-20,12.42,12.42,Pending / Delayed,EMP019,8,0.0,0.0,True
INV000488,SUP001,ST316,2014-04-05,2014-04-10,2014-04-14,243.62,243.62,Processed Late,EMP025,4,0.0,0.0,True
INV000489,SUP002,ST192,2014-04-05,2014-04-09,2014-04-11,95.2,95.2,Processed,EMP013,2,0.0,0.0,False
INV000490,SUP007,ST106,2014-04-05,2014-04-10,2014-04-12,965.01,965.01,Processed,EMP002,2,0.0,0.0,False
INV000491,SUP010,ST613,2014-04-05,2014-04-12,2014-04-15,257.92,257.92,Processed,EMP014,3,0.0,0.0,False
INV000492,SUP007,ST398,2014-04-05,2014-04-10,2014-04-13,987.46,1023.26,Processed,EMP012,3,-35.8,35.8,False
INV000493,SUP004,ST586,2014-04-05,2014-04-13,2014-04-14,1067.23,1067.23,Processed,EMP018,1,0.0,0.0,False
INV000494,SUP005,ST309,2014-04-05,2014-04-11,2014-04-13,1058.68,1058.68,Processed,EMP020,2,0.0,0.0,False
INV000495,SUP007,ST283,2014-04-05,2014-04-11,2014-04-14,18.48,18.48,Processed,EMP017,3,0.0,0.0,False
INV000496,SUP006,ST258,2014-04-05,2014-04-12,2014-04-13,186.66,186.66,Processed,EMP024,1,0.0,0.0,False
INV000497,SUP004,ST469,2014-04-05,2014-04-11,2014-04-16,4331.43,4331.43,Processed Late,EMP028,5,0.0,0.0,True
INV000498,SUP007,ST341,2014-04-05,2014-04-12,2014-04-13,23.32,23.32,Processed,EMP014,1,0.0,0.0,False
INV000499,SUP007,ST609,2014-04-05,2014-04-11,2014-04-22,101.76,101.76,Pending / Delayed,EMP013,11,0.0,0.0,True
INV000500,SUP012,ST206,2014-04-05,2014-04-10,2014-04-13,182.4,182.4,Processed,EMP017,3,0.0,0.0,False
INV000501,SUP006,ST299,2014-04-05,2014-04-11,2014-04-12,128.1,128.1,Processed,EMP017,1,0.0,0.0,False
INV000502,SUP005,ST403,2014-04-05,2014-04-13,2014-04-15,1693.8,1693.8,Processed,EMP018,2,0.0,0.0,False
INV000503,SUP009,ST185,2014-04-05,2014-04-09,2014-04-11,124.8,124.8,Processed,EMP027,2,0.0,0.0,False
INV000504,SUP004,ST449,2014-04-05,2014-04-12,2014-04-15,33.92,33.92,Processed,EMP022,3,0.0,0.0,False
INV000505,SUP013,ST419,2014-04-05,2014-04-13,2014-04-16,310.6,310.6,Processed,EMP018,3,0.0,0.0,False
INV000506,SUP011,ST158,2014-04-05,2014-04-12,2014-04-17,1389.52,1389.52,Processed Late,EMP002,5,0.0,0.0,True
INV000507,SUP010,ST491,2014-04-05,2014-04-11,2014-04-14,49.14,49.14,Processed,EMP006,3,0.0,0.0,False
INV000508,SUP015,ST429,2014-04-05,2014-04-08,2014-04-11,54.91,54.91,Processed,EMP019,3,0.0,0.0,False
INV000509,SUP013,ST550,2014-04-05,2014-04-13,2014-04-15,633.62,633.62,Processed,EMP007,2,0.0,0.0,False
INV000510,SUP004,ST364,2014-04-05,2014-04-13,2014-04-19,125.04,125.04,Processed Late,EMP010,6,0.0,0.0,True
INV000511,SUP011,ST410,2014-04-05,2014-04-09,2014-04-10,10.56,10.56,Processed,EMP021,1,0.0,0.0,False
INV000512,SUP002,ST265,2014-04-05,2014-04-12,2014-04-14,48.0,48.0,Processed,EMP010,2,0.0,0.0,False
INV000513,SUP012,ST590,2014-04-05,2014-04-09,2014-04-12,1980.36,1980.36,Processed,EMP006,3,0.0,0.0,False
INV000514,SUP013,ST603,2014-04-05,2014-04-13,2014-04-15,42.9,42.9,Processed,EMP006,2,0.0,0.0,False
INV000515,SUP008,ST108,2014-04-05,2014-04-11,2014-04-16,69.81,69.81,Processed Late,EMP020,5,0.0,0.0,True
INV000516,SUP012,ST146,2014-04-05,2014-04-12,2014-04-24,325.08,325.08,Pending / Delayed,EMP019,12,0.0,0.0,True
INV000517,SUP004,ST534,2014-04-05,2014-04-13,2014-04-15,250.63,266.04,Processed,EMP022,2,-15.41,15.41,False
INV000518,SUP012,ST464,2014-04-05,2014-04-13,2014-04-14,90.1,90.1,Processed,EMP016,1,0.0,0.0,False
INV000519,SUP012,ST118,2014-04-05,2014-04-11,2014-04-13,147.62,147.62,Processed,EMP006,2,0.0,0.0,False
INV000520,SUP011,ST169,2014-04-05,2014-04-13,2014-04-19,216.24,216.24,Processed Late,EMP021,6,0.0,0.0,True
INV000521,SUP006,ST574,2014-04-05,2014-04-13,2014-04-14,6817.3,6817.3,Processed,EMP017,1,0.0,0.0,False
INV000522,SUP011,ST189,2014-04-05,2014-04-10,2014-04-12,1111.41,1111.41,Processed,EMP029,2,0.0,0.0,False
INV000523,SUP012,ST629,2014-04-05,2014-04-10,2014-04-15,35.7,35.7,Processed Late,EMP014,5,0.0,0.0,True
INV000524,SUP001,ST220,2014-04-05,2014-04-10,2014-04-13,2629.2,2629.2,Processed,EMP028,3,0.0,0.0,False
INV000525,SUP013,ST550,2014-04-05,2014-04-10,2014-04-13,76.28,76.28,Processed,EMP006,3,0.0,0.0,False
INV000526,SUP002,ST269,2014-04-05,2014-04-11,2014-04-13,185.04,185.04,Processed,EMP021,2,0.0,0.0,False
INV000527,SUP010,ST402,2014-04-05,2014-04-09,2014-04-12,202.92,202.92,Processed,EMP027,3,0.0,0.0,False
INV000528,SUP008,ST177,2014-04-05,2014-04-08,2014-04-10,35.23,35.23,Processed,EMP025,2,0.0,0.0,False
INV000529,SUP003,ST321,2014-04-05,2014-04-13,2014-04-16,34.4,34.4,Processed,EMP004,3,0.0,0.0,False
INV000530,SUP006,ST145,2014-04-05,2014-04-10,2014-04-14,2399.76,2399.76,Processed Late,EMP012,4,0.0,0.0,True
INV000531,SUP010,ST393,2014-04-05,2014-04-08,2014-04-09,87.75,87.75,Processed,EMP026,1,0.0,0.0,False
INV000532,SUP012,ST178,2014-04-05,2014-04-08,2014-04-11,56.44,56.44,Processed,EMP017,3,0.0,0.0,False
INV000533,SUP003,ST323,2014-04-05,2014-04-09,2014-04-13,48.78,49.47,Processed Late,EMP012,4,-0.69,0.69,True
INV000534,SUP001,ST497,2014-04-05,2014-04-13,2014-04-16,31.77,31.77,Processed,EMP007,3,0.0,0.0,False
INV000535,SUP009,ST507,2014-04-05,2014-04-09,2014-04-19,358.68,358.68,Pending / Delayed,EMP025,10,0.0,0.0,True
INV000536,SUP014,ST455,2014-04-05,2014-04-11,2014-04-16,432.82,432.82,Processed Late,EMP014,5,0.0,0.0,True
INV000537,SUP013,ST226,2014-04-05,2014-04-10,2014-04-11,175.4,175.4,Processed,EMP008,1,0.0,0.0,False
INV000538,SUP005,ST173,2014-04-05,2014-04-13,2014-04-16,37.9,37.9,Processed,EMP025,3,0.0,0.0,False
INV000539,SUP002,ST587,2014-04-05,2014-04-08,2014-04-09,889.95,889.95,Processed,EMP028,1,0.0,0.0,False
INV000540,SUP006,ST556,2014-04-05,2014-04-08,2014-04-10,2647.08,2647.08,Processed,EMP003,2,0.0,0.0,False
INV000541,SUP007,ST105,2014-04-05,2014-04-09,2014-04-18,25.92,25.92,Pending / Delayed,EMP027,9,0.0,0.0,True
INV000542,SUP006,ST090,2014-04-05,2014-04-08,2014-04-10,933.05,923.01,Processed,EMP011,2,10.04,10.04,False
INV000543,SUP004,ST215,2014-04-05,2014-04-10,2014-04-13,141.7,141.7,Processed,EMP005,3,0.0,0.0,False
INV000544,SUP010,ST439,2014-04-05,2014-04-11,2014-04-14,98.41,98.41,Processed,EMP023,3,0.0,0.0,False
INV000545,SUP014,ST212,2014-04-05,2014-04-11,2014-04-16,410.16,410.16,Processed Late,EMP014,5,0.0,0.0,True
INV000546,SUP010,ST552,2014-04-05,2014-04-09,2014-04-12,249.6,249.6,Processed,EMP029,3,0.0,0.0,False
INV000547,SUP005,ST527,2014-04-05,2014-04-09,2014-04-12,708.9,727.87,Processed,EMP027,3,-18.97,18.97,False
INV000548,SUP005,ST130,2014-04-05,2014-04-09,2014-04-14,204.9,204.9,Processed Late,EMP014,5,0.0,0.0,True
INV000549,SUP014,ST254,2014-04-05,2014-04-11,2014-04-14,13.74,13.74,Processed,EMP016,3,0.0,0.0,False
INV000550,SUP005,ST425,2014-04-05,2014-04-08,2014-04-10,182.04,182.04,Processed,EMP028,2,0.0,0.0,False
INV000551,SUP015,ST096,2014-04-05,2014-04-09,2014-04-11,673.61,686.4,Processed,EMP008,2,-12.79,12.79,False
INV000552,SUP015,ST378,2014-04-05,2014-04-10,2014-04-14,675.2,675.2,Processed Late,EMP007,4,0.0,0.0,True
INV000553,SUP014,ST096,2014-04-05,2014-04-10,2014-04-14,41.04,41.04,Processed Late,EMP014,4,0.0,0.0,True
INV000554,SUP013,ST548,2014-04-05,2014-04-13,2014-04-15,138.19,138.19,Processed,EMP021,2,0.0,0.0,False
INV000555,SUP008,ST275,2014-04-05,2014-04-13,2014-04-19,41.55,41.55,Processed Late,EMP023,6,0.0,0.0,True
INV000556,SUP010,ST134,2014-04-05,2014-04-10,2014-04-12,116.16,116.16,Processed,EMP003,2,0.0,0.0,False
INV000557,SUP015,ST050,2014-04-05,2014-04-10,2014-04-11,223.89,223.89,Processed,EMP005,1,0.0,0.0,False
INV000558,SUP015,ST162,2014-04-05,2014-04-11,2014-04-17,189.28,189.28,Processed Late,EMP015,6,0.0,0.0,True
INV000559,SUP007,ST208,2014-04-05,2014-04-10,2014-04-12,6.68,6.68,Processed,EMP028,2,0.0,0.0,False
INV000560,SUP015,ST281,2014-04-05,2014-04-12,2014-04-16,362.89,362.89,Processed Late,EMP020,4,0.0,0.0,True
INV000561,SUP006,ST170,2014-04-20,2014-04-28,2014-05-02,963.95,963.95,Processed Late,EMP029,4,0.0,0.0,True
INV000562,SUP013,ST240,2014-04-20,2014-04-27,2014-05-01,662.2,662.2,Processed Late,EMP013,4,0.0,0.0,True
INV000563,SUP001,ST219,2014-04-20,2014-04-27,2014-05-03,201.92,201.92,Processed Late,EMP003,6,0.0,0.0,True
INV000564,SUP009,ST456,2014-04-20,2014-04-24,2014-04-26,14.7,14.7,Processed,EMP014,2,0.0,0.0,False
INV000565,SUP014,ST433,2014-04-20,2014-04-27,2014-05-03,27.72,27.72,Processed Late,EMP011,6,0.0,0.0,True
INV000566,SUP002,ST105,2014-04-20,2014-04-27,2014-05-02,275.76,275.76,Processed Late,EMP030,5,0.0,0.0,True
INV000567,SUP003,ST392,2014-04-20,2014-04-23,2014-04-25,101.4,101.4,Processed,EMP024,2,0.0,0.0,False
INV000568,SUP010,ST009,2014-04-20,2014-04-27,2014-05-03,18.37,18.48,Processed Late,EMP001,6,-0.11,0.11,True
INV000569,SUP012,ST219,2014-04-20,2014-04-23,2014-04-29,19.32,19.32,Processed Late,EMP010,6,0.0,0.0,True
INV000570,SUP002,ST103,2014-04-20,2014-04-24,2014-04-26,367.04,367.04,Processed,EMP020,2,0.0,0.0,False
INV000571,SUP007,ST360,2014-04-20,2014-04-28,2014-05-05,18.51,17.15,Pending / Delayed,EMP026,7,1.36,1.36,True
INV000572,SUP011,ST087,2014-04-20,2014-04-26,2014-05-02,886.58,899.7,Processed Late,EMP015,6,-13.12,13.12,True
INV000573,SUP012,ST028,2014-04-20,2014-04-28,2014-04-30,362.12,362.12,Processed,EMP007,2,0.0,0.0,False
INV000574,SUP004,ST402,2014-04-20,2014-04-26,2014-05-06,92.52,92.52,Pending / Delayed,EMP011,10,0.0,0.0,True
INV000575,SUP013,ST246,2014-04-20,2014-04-23,2014-04-29,62.67,62.67,Processed Late,EMP014,6,0.0,0.0,True
INV000576,SUP011,ST609,2014-04-20,2014-04-24,2014-04-25,49.7,49.7,Processed,EMP004,1,0.0,0.0,False
INV000577,SUP015,ST325,2014-04-20,2014-04-27,2014-04-28,20.62,20.62,Processed,EMP015,1,0.0,0.0,False
INV000578,SUP009,ST177,2014-04-20,2014-04-23,2014-05-03,255.6,255.6,Pending / Delayed,EMP003,10,0.0,0.0,True
INV000579,SUP002,ST015,2014-04-20,2014-04-28,2014-04-30,5.24,5.24,Processed,EMP027,2,0.0,0.0,False
INV000580,SUP013,ST408,2014-04-20,2014-04-24,2014-04-26,10.74,10.74,Processed,EMP021,2,0.0,0.0,False
INV000581,SUP007,ST412,2014-04-20,2014-04-24,2014-04-28,87.66,87.66,Processed Late,EMP026,4,0.0,0.0,True
INV000582,SUP003,ST285,2014-04-20,2014-04-23,2014-04-24,87.78,87.78,Processed,EMP029,1,0.0,0.0,False
INV000583,SUP004,ST160,2014-04-20,2014-04-24,2014-04-25,260.56,260.56,Processed,EMP011,1,0.0,0.0,False
INV000584,SUP013,ST068,2014-04-20,2014-04-26,2014-04-30,20.02,20.02,Processed Late,EMP018,4,0.0,0.0,True
INV000585,SUP014,ST245,2014-04-20,2014-04-24,2014-04-25,239.7,239.7,Processed,EMP004,1,0.0,0.0,False
INV000586,SUP002,ST465,2014-04-20,2014-04-27,2014-05-01,73.96,73.96,Processed Late,EMP011,4,0.0,0.0,True
INV000587,SUP012,ST180,2014-04-20,2014-04-24,2014-04-27,4.62,4.62,Processed,EMP003,3,0.0,0.0,False
INV000588,SUP003,ST509,2014-04-20,2014-04-27,2014-04-30,104.82,104.82,Processed,EMP020,3,0.0,0.0,False
INV000589,SUP012,ST266,2014-04-20,2014-04-25,2014-05-01,850.5,850.5,Processed Late,EMP010,6,0.0,0.0,True
INV000590,SUP014,ST276,2014-04-20,2014-04-27,2014-04-28,12.9,12.9,Processed,EMP005,1,0.0,0.0,False
INV000591,SUP007,ST279,2014-04-20,2014-04-27,2014-05-01,4.6,4.6,Processed Late,EMP021,4,0.0,0.0,True
INV000592,SUP010,ST079,2014-04-20,2014-04-28,2014-04-29,22.3,22.3,Processed,EMP018,1,0.0,0.0,False
INV000593,SUP008,ST581,2014-04-20,2014-04-25,2014-05-01,79.92,79.92,Processed Late,EMP014,6,0.0,0.0,True
INV000594,SUP002,ST588,2014-04-20,2014-04-25,2014-04-27,246.26,246.26,Processed,EMP004,2,0.0,0.0,False
INV000595,SUP014,ST013,2014-04-20,2014-04-26,2014-04-27,73.8,73.8,Processed,EMP007,1,0.0,0.0,False
INV000596,SUP015,ST154,2014-04-20,2014-04-24,2014-04-29,116.28,116.28,Processed Late,EMP003,5,0.0,0.0,True
INV000597,SUP015,ST430,2014-04-20,2014-04-23,2014-05-04,45.15,45.15,Pending / Delayed,EMP025,11,0.0,0.0,True
INV000598,SUP012,ST328,2014-04-20,2014-04-27,2014-04-28,14.31,14.31,Processed,EMP017,1,0.0,0.0,False
INV000599,SUP002,ST515,2014-04-20,2014-04-25,2014-05-04,135.84,135.84,Pending / Delayed,EMP014,9,0.0,0.0,True
INV000600,SUP001,ST411,2014-04-20,2014-04-23,2014-04-27,72.27,72.27,Processed Late,EMP002,4,0.0,0.0,True
INV000601,SUP005,ST336,2014-04-20,2014-04-25,2014-04-26,355.3,355.3,Processed,EMP015,1,0.0,0.0,False
INV000602,SUP004,ST299,2014-04-20,2014-04-23,2014-04-29,1246.24,1246.24,Processed Late,EMP024,6,0.0,0.0,True
INV000603,SUP004,ST476,2014-04-20,2014-04-28,2014-04-30,26.4,26.4,Processed,EMP004,2,0.0,0.0,False
INV000604,SUP013,ST201,2014-04-20,2014-04-25,2014-04-26,1019.15,1019.15,Processed,EMP020,1,0.0,0.0,False
INV000605,SUP015,ST420,2014-04-20,2014-04-28,2014-05-08,49.41,49.41,Pending / Delayed,EMP029,10,0.0,0.0,True
INV000606,SUP014,ST010,2014-04-20,2014-04-24,2014-04-29,305.52,305.52,Processed Late,EMP008,5,0.0,0.0,True
INV000607,SUP012,ST315,2014-04-20,2014-04-24,2014-04-29,24.22,24.22,Processed Late,EMP017,5,0.0,0.0,True
INV000608,SUP007,ST504,2014-04-20,2014-04-26,2014-04-28,4007.88,4007.88,Processed,EMP028,2,0.0,0.0,False
INV000609,SUP015,ST238,2014-04-20,2014-04-25,2014-04-26,460.6,460.6,Processed,EMP005,1,0.0,0.0,False
INV000610,SUP012,ST087,2014-04-20,2014-04-28,2014-05-02,43.42,43.42,Processed Late,EMP005,4,0.0,0.0,True
INV000611,SUP014,ST404,2014-04-20,2014-04-25,2014-04-26,55.08,55.08,Processed,EMP025,1,0.0,0.0,False
INV000612,SUP011,ST134,2014-04-20,2014-04-28,2014-05-01,4034.2,4034.2,Processed,EMP022,3,0.0,0.0,False
INV000613,SUP015,ST403,2014-04-20,2014-04-27,2014-04-28,71.1,71.1,Processed,EMP012,1,0.0,0.0,False
INV000614,SUP002,ST208,2014-04-20,2014-04-25,2014-04-26,319.84,319.84,Processed,EMP004,1,0.0,0.0,False
INV000615,SUP002,ST169,2014-04-20,2014-04-26,2014-05-05,24.2,24.2,Pending / Delayed,EMP019,9,0.0,0.0,True
INV000616,SUP009,ST367,2014-04-20,2014-04-25,2014-04-28,17.28,17.28,Processed,EMP024,3,0.0,0.0,False
INV000617,SUP014,ST123,2014-04-20,2014-04-28,2014-05-01,22.88,22.88,Processed,EMP005,3,0.0,0.0,False
INV000618,SUP012,ST618,2014-04-20,2014-04-25,2014-04-30,74.14,74.14,Processed Late,EMP012,5,0.0,0.0,True
INV000619,SUP012,ST255,2014-04-20,2014-04-24,2014-04-27,844.92,844.92,Processed,EMP005,3,0.0,0.0,False
INV000620,SUP005,ST267,2014-04-20,2014-04-23,2014-04-27,424.44,424.44,Processed Late,EMP002,4,0.0,0.0,True
INV000621,SUP009,ST564,2014-04-20,2014-04-28,2014-05-01,29.14,31.64,Processed,EMP002,3,-2.5,2.5,False
INV000622,SUP013,ST144,2014-04-20,2014-04-24,2014-04-26,281.74,298.4,Processed,EMP011,2,-16.66,16.66,False
INV000623,SUP004,ST134,2014-04-20,2014-04-25,2014-05-05,427.72,418.5,Pending / Delayed,EMP007,10,9.22,9.22,True
INV000624,SUP011,ST087,2014-04-20,2014-04-28,2014-05-01,1363.74,1363.74,Processed,EMP016,3,0.0,0.0,False
INV000625,SUP002,ST023,2014-04-20,2014-04-26,2014-04-28,557.31,554.7,Processed,EMP007,2,2.61,2.61,False
INV000626,SUP002,ST340,2014-04-20,2014-04-23,2014-04-28,35.2,35.2,Processed Late,EMP026,5,0.0,0.0,True
INV000627,SUP015,ST588,2014-04-20,2014-04-24,2014-04-25,377.44,377.44,Processed,EMP028,1,0.0,0.0,False
INV000628,SUP007,ST437,2014-04-20,2014-04-24,2014-04-26,304.36,304.36,Processed,EMP011,2,0.0,0.0,False
INV000629,SUP005,ST287,2014-04-20,2014-04-25,2014-04-27,438.0,438.0,Processed,EMP027,2,0.0,0.0,False
INV000630,SUP010,ST252,2014-04-20,2014-04-26,2014-05-04,603.9,603.9,Pending / Delayed,EMP008,8,0.0,0.0,True
INV000631,SUP008,ST063,2014-04-20,2014-04-25,2014-05-01,176.4,176.4,Processed Late,EMP030,6,0.0,0.0,True
INV000632,SUP004,ST539,2014-04-20,2014-04-28,2014-04-30,43.82,43.82,Processed,EMP001,2,0.0,0.0,False
INV000633,SUP007,ST368,2014-04-20,2014-04-26,2014-04-27,47.31,47.31,Processed,EMP001,1,0.0,0.0,False
INV000634,SUP010,ST515,2014-04-20,2014-04-28,2014-04-30,469.03,469.03,Processed,EMP029,2,0.0,0.0,False
INV000635,SUP006,ST612,2014-04-20,2014-04-28,2014-04-29,23.5,23.5,Processed,EMP024,1,0.0,0.0,False
INV000636,SUP008,ST543,2014-04-20,2014-04-27,2014-04-30,729.9,729.9,Processed,EMP001,3,0.0,0.0,False
INV000637,SUP003,ST103,2014-04-20,2014-04-27,2014-04-28,42.2,42.2,Processed,EMP004,1,0.0,0.0,False
INV000638,SUP014,ST058,2014-04-20,2014-04-28,2014-05-04,1858.5,1858.5,Processed Late,EMP011,6,0.0,0.0,True
INV000639,SUP014,ST178,2014-04-20,2014-04-28,2014-04-29,20.5,19.18,Processed,EMP010,1,1.32,1.32,False
INV000640,SUP012,ST368,2014-04-20,2014-04-27,2014-05-02,851.6,851.6,Processed Late,EMP017,5,0.0,0.0,True
INV000641,SUP010,ST146,2014-05-05,2014-05-08,2014-05-11,387.27,387.27,Processed,EMP009,3,0.0,0.0,False
INV000642,SUP003,ST503,2014-05-05,2014-05-11,2014-05-13,25.16,25.16,Processed,EMP004,2,0.0,0.0,False
INV000643,SUP004,ST021,2014-05-05,2014-05-13,2014-05-25,785.58,785.58,Pending / Delayed,EMP012,12,0.0,0.0,True
INV000644,SUP010,ST207,2014-05-05,2014-05-08,2014-05-15,31.4,31.4,Pending / Delayed,EMP019,7,0.0,0.0,True
INV000645,SUP014,ST332,2014-05-05,2014-05-08,2014-05-13,51.45,51.45,Processed Late,EMP018,5,0.0,0.0,True
INV000646,SUP015,ST146,2014-05-05,2014-05-12,2014-05-22,89.1,89.1,Pending / Delayed,EMP021,10,0.0,0.0,True
INV000647,SUP002,ST383,2014-05-05,2014-05-10,2014-05-20,724.94,752.22,Pending / Delayed,EMP007,10,-27.28,27.28,True
INV000648,SUP006,ST140,2014-05-05,2014-05-09,2014-05-19,77.1,77.1,Pending / Delayed,EMP013,10,0.0,0.0,True
INV000649,SUP008,ST325,2014-05-05,2014-05-09,2014-05-13,1234.35,1234.35,Processed Late,EMP017,4,0.0,0.0,True
INV000650,SUP015,ST629,2014-05-05,2014-05-12,2014-05-13,252.32,252.32,Processed,EMP019,1,0.0,0.0,False
INV000651,SUP007,ST315,2014-05-05,2014-05-08,2014-05-11,234.0,234.0,Processed,EMP009,3,0.0,0.0,False
INV000652,SUP012,ST587,2014-05-05,2014-05-09,2014-05-10,1223.53,1223.53,Processed,EMP019,1,0.0,0.0,False
INV000653,SUP010,ST326,2014-05-05,2014-05-08,2014-05-10,173.51,179.0,Processed,EMP030,2,-5.49,5.49,False
INV000654,SUP008,ST145,2014-05-05,2014-05-08,2014-05-10,622.4,622.4,Processed,EMP002,2,0.0,0.0,False
INV000655,SUP006,ST172,2014-05-05,2014-05-12,2014-05-13,1318.48,1318.48,Processed,EMP012,1,0.0,0.0,False
INV000656,SUP005,ST215,2014-05-05,2014-05-08,2014-05-11,5298.36,5298.36,Processed,EMP011,3,0.0,0.0,False
INV000657,SUP013,ST111,2014-05-05,2014-05-10,2014-05-12,348.08,348.08,Processed,EMP029,2,0.0,0.0,False
INV000658,SUP007,ST171,2014-05-05,2014-05-11,2014-05-17,109.62,109.62,Processed Late,EMP021,6,0.0,0.0,True
INV000659,SUP007,ST104,2014-05-05,2014-05-09,2014-05-11,321.86,321.86,Processed,EMP029,2,0.0,0.0,False
INV000660,SUP011,ST231,2014-05-05,2014-05-09,2014-05-11,49.8,49.8,Processed,EMP025,2,0.0,0.0,False
INV000661,SUP001,ST302,2014-05-05,2014-05-09,2014-05-11,54.58,55.16,Processed,EMP016,2,-0.58,0.58,False
INV000662,SUP002,ST351,2014-05-05,2014-05-08,2014-05-20,1218.2,1218.2,Pending / Delayed,EMP010,12,0.0,0.0,True
INV000663,SUP009,ST096,2014-05-05,2014-05-13,2014-05-15,27.58,27.58,Processed,EMP002,2,0.0,0.0,False
INV000664,SUP007,ST169,2014-05-05,2014-05-08,2014-05-10,2069.07,2069.07,Processed,EMP011,2,0.0,0.0,False
INV000665,SUP006,ST211,2014-05-05,2014-05-10,2014-05-12,13.3,13.3,Processed,EMP030,2,0.0,0.0,False
INV000666,SUP012,ST554,2014-05-05,2014-05-11,2014-05-17,372.78,372.78,Processed Late,EMP019,6,0.0,0.0,True
INV000667,SUP002,ST051,2014-05-05,2014-05-12,2014-05-15,32.12,32.12,Processed,EMP022,3,0.0,0.0,False
INV000668,SUP003,ST056,2014-05-05,2014-05-09,2014-05-11,86.64,86.64,Processed,EMP002,2,0.0,0.0,False
INV000669,SUP014,ST615,2014-05-05,2014-05-10,2014-05-15,15.45,15.45,Processed Late,EMP016,5,0.0,0.0,True
INV000670,SUP003,ST299,2014-05-05,2014-05-12,2014-05-14,1706.1,1706.1,Processed,EMP002,2,0.0,0.0,False
INV000671,SUP007,ST483,2014-05-05,2014-05-11,2014-05-19,271.0,271.0,Pending / Delayed,EMP025,8,0.0,0.0,True
INV000672,SUP009,ST397,2014-05-05,2014-05-12,2014-05-15,64.7,64.7,Processed,EMP007,3,0.0,0.0,False
INV000673,SUP008,ST046,2014-05-05,2014-05-08,2014-05-11,14.7,14.7,Processed,EMP021,3,0.0,0.0,False
INV000674,SUP014,ST276,2014-05-05,2014-05-09,2014-05-12,780.32,780.32,Processed,EMP019,3,0.0,0.0,False
INV000675,SUP011,ST100,2014-05-05,2014-05-08,2014-05-13,287.28,287.28,Processed Late,EMP024,5,0.0,0.0,True
INV000676,SUP007,ST604,2014-05-05,2014-05-13,2014-05-14,3519.23,3519.23,Processed,EMP013,1,0.0,0.0,False
INV000677,SUP014,ST536,2014-05-05,2014-05-10,2014-05-15,12.93,12.93,Processed Late,EMP013,5,0.0,0.0,True
INV000678,SUP004,ST488,2014-05-05,2014-05-08,2014-05-11,706.86,706.86,Processed,EMP024,3,0.0,0.0,False
INV000679,SUP012,ST036,2014-05-05,2014-05-11,2014-05-23,121.94,121.94,Pending / Delayed,EMP014,12,0.0,0.0,True
INV000680,SUP011,ST151,2014-05-05,2014-05-11,2014-05-16,1005.48,1005.48,Processed Late,EMP016,5,0.0,0.0,True
INV000681,SUP003,ST217,2014-05-05,2014-05-13,2014-05-16,156.32,156.32,Processed,EMP021,3,0.0,0.0,False
INV000682,SUP011,ST446,2014-05-05,2014-05-08,2014-05-11,64.47,64.47,Processed,EMP028,3,0.0,0.0,False
INV000683,SUP005,ST328,2014-05-05,2014-05-10,2014-05-13,69.96,69.96,Processed,EMP001,3,0.0,0.0,False
INV000684,SUP009,ST334,2014-05-05,2014-05-13,2014-05-15,154.42,154.42,Processed,EMP010,2,0.0,0.0,False
INV000685,SUP001,ST602,2014-05-05,2014-05-11,2014-05-12,6595.84,6595.84,Processed,EMP029,1,0.0,0.0,False
INV000686,SUP003,ST152,2014-05-05,2014-05-12,2014-05-15,367.95,367.95,Processed,EMP004,3,0.0,0.0,False
INV000687,SUP002,ST109,2014-05-05,2014-05-12,2014-05-14,20.6,20.6,Processed,EMP019,2,0.0,0.0,False
INV000688,SUP014,ST549,2014-05-05,2014-05-13,2014-05-15,362.15,362.15,Processed,EMP029,2,0.0,0.0,False
INV000689,SUP008,ST586,2014-05-05,2014-05-08,2014-05-09,1067.8,1067.8,Processed,EMP019,1,0.0,0.0,False
INV000690,SUP007,ST148,2014-05-05,2014-05-08,2014-05-13,21.99,21.99,Processed Late,EMP005,5,0.0,0.0,True
INV000691,SUP015,ST340,2014-05-05,2014-05-10,2014-05-16,37.8,37.8,Processed Late,EMP003,6,0.0,0.0,True
INV000692,SUP015,ST382,2014-05-05,2014-05-11,2014-05-14,723.01,723.01,Processed,EMP008,3,0.0,0.0,False
INV000693,SUP014,ST504,2014-05-05,2014-05-13,2014-05-14,38.72,38.72,Processed,EMP024,1,0.0,0.0,False
INV000694,SUP012,ST454,2014-05-05,2014-05-13,2014-05-19,88.38,88.38,Processed Late,EMP010,6,0.0,0.0,True
INV000695,SUP002,ST193,2014-05-05,2014-05-08,2014-05-11,159.15,159.15,Processed,EMP029,3,0.0,0.0,False
INV000696,SUP013,ST529,2014-05-05,2014-05-09,2014-05-11,24.45,24.45,Processed,EMP020,2,0.0,0.0,False
INV000697,SUP003,ST068,2014-05-05,2014-05-12,2014-05-14,292.2,292.2,Processed,EMP023,2,0.0,0.0,False
INV000698,SUP013,ST537,2014-05-05,2014-05-13,2014-05-15,124.92,124.92,Processed,EMP015,2,0.0,0.0,False
INV000699,SUP014,ST206,2014-05-05,2014-05-11,2014-05-14,730.46,717.36,Processed,EMP008,3,13.1,13.1,False
INV000700,SUP015,ST370,2014-05-05,2014-05-11,2014-05-15,44.97,44.97,Processed Late,EMP013,4,0.0,0.0,True
INV000701,SUP009,ST407,2014-05-05,2014-05-10,2014-05-14,99.97,99.97,Processed Late,EMP006,4,0.0,0.0,True
INV000702,SUP008,ST609,2014-05-05,2014-05-12,2014-05-16,32.32,32.32,Processed Late,EMP002,4,0.0,0.0,True
INV000703,SUP006,ST353,2014-05-05,2014-05-10,2014-05-12,60.01,60.01,Processed,EMP006,2,0.0,0.0,False
INV000704,SUP012,ST093,2014-05-05,2014-05-13,2014-05-16,32.0,32.0,Processed,EMP011,3,0.0,0.0,False
INV000705,SUP014,ST586,2014-05-05,2014-05-10,2014-05-13,35.7,35.7,Processed,EMP020,3,0.0,0.0,False
INV000706,SUP011,ST212,2014-05-05,2014-05-08,2014-05-14,18.09,18.09,Processed Late,EMP029,6,0.0,0.0,True
INV000707,SUP014,ST010,2014-05-05,2014-05-09,2014-05-14,1759.5,1759.5,Processed Late,EMP012,5,0.0,0.0,True
INV000708,SUP001,ST230,2014-05-05,2014-05-12,2014-05-17,144.76,144.76,Processed Late,EMP019,5,0.0,0.0,True
INV000709,SUP012,ST282,2014-05-05,2014-05-08,2014-05-10,3136.65,3136.65,Processed,EMP004,2,0.0,0.0,False
INV000710,SUP004,ST478,2014-05-05,2014-05-13,2014-05-16,1525.16,1525.16,Processed,EMP001,3,0.0,0.0,False
INV000711,SUP007,ST599,2014-05-05,2014-05-09,2014-05-11,487.26,487.26,Processed,EMP014,2,0.0,0.0,False
INV000712,SUP014,ST384,2014-05-05,2014-05-13,2014-05-21,1197.54,1197.54,Pending / Delayed,EMP017,8,0.0,0.0,True
INV000713,SUP002,ST494,2014-05-05,2014-05-12,2014-05-13,749.43,749.43,Processed,EMP028,1,0.0,0.0,False
INV000714,SUP014,ST284,2014-05-05,2014-05-10,2014-05-12,2751.9,2751.9,Processed,EMP018,2,0.0,0.0,False
INV000715,SUP009,ST247,2014-05-05,2014-05-08,2014-05-10,45.32,45.32,Processed,EMP002,2,0.0,0.0,False
INV000716,SUP011,ST144,2014-05-05,2014-05-12,2014-05-15,28.56,28.56,Processed,EMP003,3,0.0,0.0,False
INV000717,SUP005,ST429,2014-05-05,2014-05-11,2014-05-16,41.65,41.65,Processed Late,EMP028,5,0.0,0.0,True
INV000718,SUP010,ST195,2014-05-05,2014-05-09,2014-05-14,269.24,291.09,Processed Late,EMP022,5,-21.85,21.85,True
INV000719,SUP011,ST488,2014-05-05,2014-05-08,2014-05-09,195.48,195.48,Processed,EMP019,1,0.0,0.0,False
INV000720,SUP014,ST572,2014-05-05,2014-05-11,2014-05-16,898.37,898.37,Processed Late,EMP025,5,0.0,0.0,True
INV000721,SUP012,ST265,2014-05-20,2014-05-27,2014-05-29,974.8,974.8,Processed,EMP013,2,0.0,0.0,False
INV000722,SUP015,ST344,2014-05-20,2014-05-27,2014-05-28,126.91,126.91,Processed,EMP012,1,0.0,0.0,False
INV000723,SUP014,ST315,2014-05-20,2014-05-28,2014-05-30,526.24,526.24,Processed,EMP022,2,0.0,0.0,False
INV000724,SUP010,ST302,2014-05-20,2014-05-23,2014-05-27,1234.56,1234.56,Processed Late,EMP009,4,0.0,0.0,True
INV000725,SUP014,ST598,2014-05-20,2014-05-25,2014-05-27,747.5,747.5,Processed,EMP011,2,0.0,0.0,False
INV000726,SUP004,ST513,2014-05-20,2014-05-25,2014-05-26,153.28,153.28,Processed,EMP025,1,0.0,0.0,False
INV000727,SUP007,ST056,2014-05-20,2014-05-24,2014-05-30,138.88,138.88,Processed Late,EMP009,6,0.0,0.0,True
INV000728,SUP010,ST469,2014-05-20,2014-05-25,2014-05-27,21.92,21.92,Processed,EMP024,2,0.0,0.0,False
INV000729,SUP008,ST341,2014-05-20,2014-05-24,2014-05-28,198.52,198.52,Processed Late,EMP016,4,0.0,0.0,True
INV000730,SUP005,ST215,2014-05-20,2014-05-23,2014-05-26,361.98,361.98,Processed,EMP010,3,0.0,0.0,False
INV000731,SUP013,ST091,2014-05-20,2014-05-27,2014-06-05,6.3,6.3,Pending / Delayed,EMP008,9,0.0,0.0,True
INV000732,SUP007,ST440,2014-05-20,2014-05-25,2014-06-05,132.6,132.6,Pending / Delayed,EMP017,11,0.0,0.0,True
INV000733,SUP004,ST383,2014-05-20,2014-05-28,2014-05-30,38.68,38.68,Processed,EMP013,2,0.0,0.0,False
INV000734,SUP011,ST005,2014-05-20,2014-05-23,2014-05-27,1138.68,1138.68,Processed Late,EMP003,4,0.0,0.0,True
INV000735,SUP002,ST393,2014-05-20,2014-05-28,2014-05-31,23.14,23.14,Processed,EMP025,3,0.0,0.0,False
INV000736,SUP014,ST047,2014-05-20,2014-05-25,2014-05-31,258.06,258.06,Processed Late,EMP029,6,0.0,0.0,True
INV000737,SUP010,ST537,2014-05-20,2014-05-26,2014-05-28,305.28,305.28,Processed,EMP024,2,0.0,0.0,False
INV000738,SUP015,ST502,2014-05-20,2014-05-28,2014-05-31,20.16,20.16,Processed,EMP024,3,0.0,0.0,False
INV000739,SUP015,ST414,2014-05-20,2014-05-23,2014-05-29,228.72,228.72,Processed Late,EMP011,6,0.0,0.0,True
INV000740,SUP003,ST217,2014-05-20,2014-05-25,2014-05-28,94.77,94.77,Processed,EMP027,3,0.0,0.0,False
INV000741,SUP006,ST039,2014-05-20,2014-05-23,2014-05-27,341.82,341.82,Processed Late,EMP020,4,0.0,0.0,True
INV000742,SUP010,ST050,2014-05-20,2014-05-28,2014-05-31,16.1,16.1,Processed,EMP016,3,0.0,0.0,False
INV000743,SUP001,ST050,2014-05-20,2014-05-25,2014-05-30,145.25,145.25,Processed Late,EMP014,5,0.0,0.0,True
INV000744,SUP009,ST259,2014-05-20,2014-05-24,2014-05-29,129.92,129.92,Processed Late,EMP028,5,0.0,0.0,True
INV000745,SUP011,ST010,2014-05-20,2014-05-25,2014-05-28,73.98,73.98,Processed,EMP009,3,0.0,0.0,False
INV000746,SUP005,ST621,2014-05-20,2014-05-27,2014-06-01,64.0,64.0,Processed Late,EMP012,5,0.0,0.0,True
INV000747,SUP010,ST121,2014-05-20,2014-05-28,2014-05-31,7.15,7.15,Processed,EMP010,3,0.0,0.0,False
INV000748,SUP010,ST205,2014-05-20,2014-05-26,2014-05-28,1054.23,986.45,Processed,EMP016,2,67.78,67.78,False
INV000749,SUP006,ST420,2014-05-20,2014-05-23,2014-05-26,378.9,378.9,Processed,EMP016,3,0.0,0.0,False
INV000750,SUP015,ST213,2014-05-20,2014-05-24,2014-05-26,257.79,257.79,Processed,EMP022,2,0.0,0.0,False
INV000751,SUP011,ST092,2014-05-20,2014-05-23,2014-05-25,239.04,239.04,Processed,EMP013,2,0.0,0.0,False
INV000752,SUP003,ST093,2014-05-20,2014-05-28,2014-05-30,31.8,31.8,Processed,EMP022,2,0.0,0.0,False
INV000753,SUP011,ST237,2014-05-20,2014-05-28,2014-06-01,14.2,14.2,Processed Late,EMP005,4,0.0,0.0,True
INV000754,SUP002,ST179,2014-05-20,2014-05-26,2014-05-30,15.2,15.2,Processed Late,EMP029,4,0.0,0.0,True
INV000755,SUP011,ST321,2014-05-20,2014-05-24,2014-05-25,1164.24,1164.24,Processed,EMP018,1,0.0,0.0,False
INV000756,SUP013,ST047,2014-05-20,2014-05-27,2014-05-30,2.55,2.55,Processed,EMP028,3,0.0,0.0,False
INV000757,SUP003,ST337,2014-05-20,2014-05-25,2014-06-04,22.56,22.56,Pending / Delayed,EMP012,10,0.0,0.0,True
INV000758,SUP002,ST382,2014-05-20,2014-05-28,2014-05-30,1091.1,1091.1,Processed,EMP019,2,0.0,0.0,False
INV000759,SUP008,ST279,2014-05-20,2014-05-23,2014-05-25,257.1,257.1,Processed,EMP010,2,0.0,0.0,False
INV000760,SUP011,ST171,2014-05-20,2014-05-25,2014-05-26,60.69,60.69,Processed,EMP012,1,0.0,0.0,False
INV000761,SUP014,ST164,2014-05-20,2014-05-28,2014-05-31,5170.32,5170.32,Processed,EMP027,3,0.0,0.0,False
INV000762,SUP010,ST449,2014-05-20,2014-05-27,2014-05-30,327.89,320.2,Processed,EMP017,3,7.69,7.69,False
INV000763,SUP010,ST030,2014-05-20,2014-05-24,2014-05-26,43.26,43.26,Processed,EMP016,2,0.0,0.0,False
INV000764,SUP007,ST452,2014-05-20,2014-05-27,2014-05-31,3159.28,3159.28,Processed Late,EMP002,4,0.0,0.0,True
INV000765,SUP001,ST538,2014-05-20,2014-05-23,2014-05-26,157.5,157.5,Processed,EMP028,3,0.0,0.0,False
INV000766,SUP011,ST347,2014-05-20,2014-05-26,2014-05-27,55.8,55.8,Processed,EMP026,1,0.0,0.0,False
INV000767,SUP012,ST255,2014-05-20,2014-05-24,2014-05-27,11.4,11.4,Processed,EMP010,3,0.0,0.0,False
INV000768,SUP014,ST572,2014-05-20,2014-05-27,2014-05-30,205.66,205.66,Processed,EMP015,3,0.0,0.0,False
INV000769,SUP003,ST518,2014-05-20,2014-05-23,2014-05-28,5.22,5.22,Processed Late,EMP004,5,0.0,0.0,True
INV000770,SUP002,ST504,2014-05-20,2014-05-24,2014-05-27,1454.35,1454.35,Processed,EMP009,3,0.0,0.0,False
INV000771,SUP001,ST520,2014-05-20,2014-05-26,2014-05-27,298.68,298.68,Processed,EMP021,1,0.0,0.0,False
INV000772,SUP004,ST081,2014-05-20,2014-05-26,2014-05-29,14.98,14.98,Processed,EMP016,3,0.0,0.0,False
INV000773,SUP014,ST511,2014-05-20,2014-05-27,2014-05-29,2364.66,2226.2,Processed,EMP008,2,138.46,138.46,False
INV000774,SUP012,ST019,2014-05-20,2014-05-25,2014-05-31,238.05,238.05,Processed Late,EMP029,6,0.0,0.0,True
INV000775,SUP009,ST001,2014-05-20,2014-05-26,2014-05-31,284.4,284.4,Processed Late,EMP007,5,0.0,0.0,True
INV000776,SUP009,ST212,2014-05-20,2014-05-23,2014-05-24,601.84,646.58,Processed,EMP009,1,-44.74,44.74,False
INV000777,SUP014,ST229,2014-05-20,2014-05-23,2014-05-25,248.82,248.82,Processed,EMP013,2,0.0,0.0,False
INV000778,SUP010,ST485,2014-05-20,2014-05-28,2014-06-02,3080.09,3080.09,Processed Late,EMP029,5,0.0,0.0,True
INV000779,SUP013,ST228,2014-05-20,2014-05-28,2014-05-31,33.6,33.6,Processed,EMP018,3,0.0,0.0,False
INV000780,SUP013,ST299,2014-05-20,2014-05-27,2014-05-28,9400.43,9400.43,Processed,EMP030,1,0.0,0.0,False
INV000781,SUP001,ST169,2014-05-20,2014-05-27,2014-06-04,199.68,199.68,Pending / Delayed,EMP017,8,0.0,0.0,True
INV000782,SUP010,ST201,2014-05-20,2014-05-27,2014-05-30,468.6,468.6,Processed,EMP006,3,0.0,0.0,False
INV000783,SUP014,ST196,2014-05-20,2014-05-28,2014-05-30,179.06,179.06,Processed,EMP018,2,0.0,0.0,False
INV000784,SUP011,ST603,2014-05-20,2014-05-28,2014-05-29,105.9,105.9,Processed,EMP004,1,0.0,0.0,False
INV000785,SUP010,ST517,2014-05-20,2014-05-23,2014-05-26,1746.08,1746.08,Processed,EMP027,3,0.0,0.0,False
INV000786,SUP001,ST567,2014-05-20,2014-05-27,2014-05-31,6.96,6.78,Processed Late,EMP012,4,0.18,0.18,True
INV000787,SUP009,ST182,2014-05-20,2014-05-23,2014-05-25,4012.16,4259.4,Processed,EMP022,2,-247.24,247.24,False
INV000788,SUP011,ST615,2014-05-20,2014-05-25,2014-05-31,57.42,57.42,Processed Late,EMP030,6,0.0,0.0,True
INV000789,SUP007,ST624,2014-05-20,2014-05-25,2014-05-27,9210.06,9210.06,Processed,EMP002,2,0.0,0.0,False
INV000790,SUP005,ST464,2014-05-20,2014-05-28,2014-06-01,31.22,31.22,Processed Late,EMP003,4,0.0,0.0,True
INV000791,SUP015,ST525,2014-05-20,2014-05-25,2014-05-26,149.1,149.1,Processed,EMP015,1,0.0,0.0,False
INV000792,SUP012,ST567,2014-05-20,2014-05-25,2014-05-26,528.01,528.01,Processed,EMP015,1,0.0,0.0,False
INV000793,SUP005,ST354,2014-05-20,2014-05-26,2014-05-28,378.72,378.72,Processed,EMP022,2,0.0,0.0,False
INV000794,SUP012,ST331,2014-05-20,2014-05-27,2014-05-28,490.84,490.84,Processed,EMP009,1,0.0,0.0,False
INV000795,SUP010,ST585,2014-05-20,2014-05-27,2014-05-30,200.98,200.98,Processed,EMP003,3,0.0,0.0,False
INV000796,SUP014,ST433,2014-05-20,2014-05-27,2014-05-28,37.37,35.34,Processed,EMP010,1,2.03,2.03,False
INV000797,SUP003,ST055,2014-05-20,2014-05-26,2014-06-03,172.7,172.7,Pending / Delayed,EMP008,8,0.0,0.0,True
INV000798,SUP003,ST294,2014-05-20,2014-05-23,2014-06-04,163.0,163.0,Pending / Delayed,EMP002,12,0.0,0.0,True
INV000799,SUP005,ST209,2014-05-20,2014-05-28,2014-05-30,94.68,94.68,Processed,EMP003,2,0.0,0.0,False
INV000800,SUP002,ST631,2014-05-20,2014-05-28,2014-06-03,49.14,49.14,Processed Late,EMP009,6,0.0,0.0,True
INV000801,SUP009,ST399,2014-06-05,2014-06-10,2014-06-14,21.96,21.96,Processed Late,EMP008,4,0.0,0.0,True
INV000802,SUP001,ST391,2014-06-05,2014-06-09,2014-06-10,24.53,24.53,Processed,EMP020,1,0.0,0.0,False
INV000803,SUP001,ST014,2014-06-05,2014-06-11,2014-06-13,18.5,18.6,Processed,EMP014,2,-0.1,0.1,False
INV000804,SUP015,ST377,2014-06-05,2014-06-10,2014-06-12,2368.77,2385.28,Processed,EMP013,2,-16.51,16.51,False
INV000805,SUP004,ST302,2014-06-05,2014-06-12,2014-06-16,1866.24,1866.24,Processed Late,EMP017,4,0.0,0.0,True
INV000806,SUP003,ST527,2014-06-05,2014-06-11,2014-06-19,864.16,864.16,Pending / Delayed,EMP008,8,0.0,0.0,True
INV000807,SUP009,ST271,2014-06-05,2014-06-13,2014-06-17,7.8,7.8,Processed Late,EMP028,4,0.0,0.0,True
INV000808,SUP001,ST339,2014-06-05,2014-06-09,2014-06-11,6311.03,6403.2,Processed,EMP016,2,-92.17,92.17,False
INV000809,SUP015,ST331,2014-06-05,2014-06-13,2014-06-18,447.6,447.6,Processed Late,EMP011,5,0.0,0.0,True
INV000810,SUP010,ST564,2014-06-05,2014-06-08,2014-06-11,1470.37,1470.37,Processed,EMP019,3,0.0,0.0,False
INV000811,SUP003,ST534,2014-06-05,2014-06-13,2014-06-14,1278.36,1278.36,Processed,EMP018,1,0.0,0.0,False
INV000812,SUP009,ST550,2014-06-05,2014-06-11,2014-06-12,32.04,32.04,Processed,EMP006,1,0.0,0.0,False
INV000813,SUP004,ST340,2014-06-05,2014-06-13,2014-06-14,44.33,44.33,Processed,EMP021,1,0.0,0.0,False
INV000814,SUP013,ST544,2014-06-05,2014-06-12,2014-06-17,605.22,605.22,Processed Late,EMP010,5,0.0,0.0,True
INV000815,SUP006,ST457,2014-06-05,2014-06-13,2014-06-15,78.7,84.14,Processed,EMP018,2,-5.44,5.44,False
INV000816,SUP011,ST329,2014-06-05,2014-06-08,2014-06-11,29.88,29.88,Processed,EMP030,3,0.0,0.0,False
INV000817,SUP009,ST290,2014-06-05,2014-06-09,2014-06-11,1231.05,1231.05,Processed,EMP011,2,0.0,0.0,False
INV000818,SUP009,ST457,2014-06-05,2014-06-11,2014-06-16,250.64,250.64,Processed Late,EMP030,5,0.0,0.0,True
INV000819,SUP004,ST329,2014-06-05,2014-06-11,2014-06-12,40.48,40.48,Processed,EMP002,1,0.0,0.0,False
INV000820,SUP013,ST551,2014-06-05,2014-06-09,2014-06-10,130.85,130.85,Processed,EMP024,1,0.0,0.0,False
INV000821,SUP011,ST219,2014-06-05,2014-06-08,2014-06-10,6.24,6.24,Processed,EMP017,2,0.0,0.0,False
INV000822,SUP014,ST446,2014-06-05,2014-06-08,2014-06-16,51.55,51.55,Pending / Delayed,EMP012,8,0.0,0.0,True
INV000823,SUP012,ST340,2014-06-05,2014-06-11,2014-06-12,47.52,47.52,Processed,EMP021,1,0.0,0.0,False
INV000824,SUP013,ST258,2014-06-05,2014-06-08,2014-06-14,12.64,12.64,Processed Late,EMP028,6,0.0,0.0,True
INV000825,SUP015,ST265,2014-06-05,2014-06-13,2014-06-15,54.0,54.0,Processed,EMP018,2,0.0,0.0,False
INV000826,SUP007,ST324,2014-06-05,2014-06-09,2014-06-12,61.11,63.68,Processed,EMP011,3,-2.57,2.57,False
INV000827,SUP011,ST065,2014-06-05,2014-06-08,2014-06-09,49.65,49.65,Processed,EMP024,1,0.0,0.0,False
INV000828,SUP009,ST109,2014-06-05,2014-06-08,2014-06-14,22.12,22.12,Processed Late,EMP003,6,0.0,0.0,True
INV000829,SUP005,ST449,2014-06-05,2014-06-13,2014-06-14,1546.82,1546.82,Processed,EMP017,1,0.0,0.0,False
INV000830,SUP009,ST226,2014-06-05,2014-06-09,2014-06-10,5.78,5.78,Processed,EMP022,1,0.0,0.0,False
INV000831,SUP014,ST559,2014-06-05,2014-06-09,2014-06-12,502.88,502.88,Processed,EMP003,3,0.0,0.0,False
INV000832,SUP015,ST383,2014-06-05,2014-06-13,2014-06-16,38.46,38.46,Processed,EMP012,3,0.0,0.0,False
INV000833,SUP001,ST006,2014-06-05,2014-06-10,2014-06-11,2349.16,2349.16,Processed,EMP022,1,0.0,0.0,False
INV000834,SUP002,ST313,2014-06-05,2014-06-09,2014-06-10,373.94,373.94,Processed,EMP022,1,0.0,0.0,False
INV000835,SUP015,ST525,2014-06-05,2014-06-08,2014-06-13,94.51,94.51,Processed Late,EMP013,5,0.0,0.0,True
INV000836,SUP014,ST259,2014-06-05,2014-06-08,2014-06-11,1475.71,1484.98,Processed,EMP026,3,-9.27,9.27,False
INV000837,SUP010,ST056,2014-06-05,2014-06-11,2014-06-12,29.82,29.82,Processed,EMP013,1,0.0,0.0,False
INV000838,SUP011,ST069,2014-06-05,2014-06-11,2014-06-12,203.49,203.49,Processed,EMP019,1,0.0,0.0,False
INV000839,SUP008,ST339,2014-06-05,2014-06-09,2014-06-10,140.4,140.4,Processed,EMP013,1,0.0,0.0,False
INV000840,SUP010,ST072,2014-06-05,2014-06-08,2014-06-11,1831.68,1831.68,Processed,EMP021,3,0.0,0.0,False
INV000841,SUP010,ST314,2014-06-05,2014-06-10,2014-06-15,29.07,29.07,Processed Late,EMP026,5,0.0,0.0,True
INV000842,SUP013,ST324,2014-06-05,2014-06-08,2014-06-11,218.24,222.4,Processed,EMP026,3,-4.16,4.16,False
INV000843,SUP013,ST227,2014-06-05,2014-06-12,2014-06-23,28.42,28.42,Pending / Delayed,EMP027,11,0.0,0.0,True
INV000844,SUP012,ST340,2014-06-05,2014-06-08,2014-06-13,2038.66,2038.66,Processed Late,EMP023,5,0.0,0.0,True
INV000845,SUP005,ST499,2014-06-05,2014-06-11,2014-06-14,82.08,82.08,Processed,EMP022,3,0.0,0.0,False
INV000846,SUP002,ST288,2014-06-05,2014-06-12,2014-06-13,24.29,24.29,Processed,EMP029,1,0.0,0.0,False
INV000847,SUP015,ST079,2014-06-05,2014-06-10,2014-06-12,415.52,415.52,Processed,EMP005,2,0.0,0.0,False
INV000848,SUP014,ST596,2014-06-05,2014-06-08,2014-06-10,82.08,82.08,Processed,EMP007,2,0.0,0.0,False
INV000849,SUP001,ST565,2014-06-05,2014-06-12,2014-06-19,23.0,23.0,Pending / Delayed,EMP012,7,0.0,0.0,True
INV000850,SUP013,ST153,2014-06-05,2014-06-09,2014-06-12,27.74,27.74,Processed,EMP028,3,0.0,0.0,False
INV000851,SUP010,ST298,2014-06-05,2014-06-08,2014-06-19,55.08,55.08,Pending / Delayed,EMP002,11,0.0,0.0,True
INV000852,SUP007,ST373,2014-06-05,2014-06-11,2014-06-15,570.78,570.78,Processed Late,EMP023,4,0.0,0.0,True
INV000853,SUP013,ST629,2014-06-05,2014-06-09,2014-06-12,201.24,201.24,Processed,EMP003,3,0.0,0.0,False
INV000854,SUP003,ST184,2014-06-05,2014-06-13,2014-06-16,19.44,19.44,Processed,EMP013,3,0.0,0.0,False
INV000855,SUP008,ST368,2014-06-05,2014-06-13,2014-06-14,8.04,8.04,Processed,EMP017,1,0.0,0.0,False
INV000856,SUP005,ST379,2014-06-05,2014-06-12,2014-06-17,36.89,36.89,Processed Late,EMP029,5,0.0,0.0,True
INV000857,SUP013,ST370,2014-06-05,2014-06-12,2014-06-13,27.92,27.92,Processed,EMP001,1,0.0,0.0,False
INV000858,SUP001,ST332,2014-06-05,2014-06-08,2014-06-11,3325.76,3325.76,Processed,EMP010,3,0.0,0.0,False
INV000859,SUP005,ST270,2014-06-05,2014-06-11,2014-06-12,68.56,64.26,Processed,EMP027,1,4.3,4.3,False
INV000860,SUP011,ST388,2014-06-05,2014-06-10,2014-06-19,318.6,318.6,Pending / Delayed,EMP024,9,0.0,0.0,True
INV000861,SUP007,ST229,2014-06-05,2014-06-08,2014-06-15,7.91,7.8,Pending / Delayed,EMP001,7,0.11,0.11,True
INV000862,SUP006,ST499,2014-06-05,2014-06-12,2014-06-21,377.65,377.65,Pending / Delayed,EMP010,9,0.0,0.0,True
INV000863,SUP003,ST451,2014-06-05,2014-06-13,2014-06-14,112.76,112.76,Processed,EMP019,1,0.0,0.0,False
INV000864,SUP005,ST217,2014-06-05,2014-06-10,2014-06-11,13.0,13.0,Processed,EMP024,1,0.0,0.0,False
INV000865,SUP012,ST122,2014-06-05,2014-06-13,2014-06-18,19.74,19.74,Processed Late,EMP004,5,0.0,0.0,True
INV000866,SUP008,ST491,2014-06-05,2014-06-13,2014-06-19,205.68,205.68,Processed Late,EMP002,6,0.0,0.0,True
INV000867,SUP014,ST421,2014-06-05,2014-06-13,2014-06-15,30.0,30.0,Processed,EMP009,2,0.0,0.0,False
INV000868,SUP010,ST165,2014-06-05,2014-06-09,2014-06-14,47.31,47.31,Processed Late,EMP016,5,0.0,0.0,True
INV000869,SUP010,ST151,2014-06-05,2014-06-10,2014-06-11,20.34,20.34,Processed,EMP019,1,0.0,0.0,False
INV000870,SUP009,ST416,2014-06-05,2014-06-13,2014-06-16,27.05,26.2,Processed,EMP022,3,0.85,0.85,False
INV000871,SUP012,ST291,2014-06-05,2014-06-08,2014-06-11,98.0,98.0,Processed,EMP029,3,0.0,0.0,False
INV000872,SUP008,ST494,2014-06-05,2014-06-09,2014-06-11,365.6,365.6,Processed,EMP014,2,0.0,0.0,False
INV000873,SUP013,ST597,2014-06-05,2014-06-09,2014-06-11,51.6,51.6,Processed,EMP010,2,0.0,0.0,False
INV000874,SUP012,ST351,2014-06-05,2014-06-10,2014-06-14,1156.68,1156.68,Processed Late,EMP002,4,0.0,0.0,True
INV000875,SUP007,ST395,2014-06-05,2014-06-13,2014-06-18,2489.6,2489.6,Processed Late,EMP008,5,0.0,0.0,True
INV000876,SUP014,ST517,2014-06-05,2014-06-11,2014-06-16,51.74,54.26,Processed Late,EMP009,5,-2.52,2.52,True
INV000877,SUP003,ST488,2014-06-05,2014-06-10,2014-06-14,308.76,308.76,Processed Late,EMP022,4,0.0,0.0,True
INV000878,SUP009,ST516,2014-06-05,2014-06-11,2014-06-12,463.41,463.41,Processed,EMP008,1,0.0,0.0,False
INV000879,SUP015,ST618,2014-06-05,2014-06-11,2014-06-14,2251.14,2251.14,Processed,EMP008,3,0.0,0.0,False
INV000880,SUP013,ST442,2014-06-05,2014-06-11,2014-06-14,5.08,5.08,Processed,EMP024,3,0.0,0.0,False
INV000881,SUP012,ST543,2014-06-20,2014-06-28,2014-06-30,39.13,39.13,Processed,EMP018,2,0.0,0.0,False
INV000882,SUP007,ST359,2014-06-20,2014-06-23,2014-06-24,355.47,355.47,Processed,EMP004,1,0.0,0.0,False
INV000883,SUP003,ST261,2014-06-20,2014-06-25,2014-06-27,143.4,143.4,Processed,EMP015,2,0.0,0.0,False
INV000884,SUP002,ST291,2014-06-20,2014-06-24,2014-06-25,9.09,9.09,Processed,EMP018,1,0.0,0.0,False
INV000885,SUP001,ST008,2014-06-20,2014-06-27,2014-07-06,43.05,43.05,Pending / Delayed,EMP008,9,0.0,0.0,True
INV000886,SUP007,ST211,2014-06-20,2014-06-27,2014-07-03,427.2,427.2,Processed Late,EMP022,6,0.0,0.0,True
INV000887,SUP007,ST600,2014-06-20,2014-06-23,2014-06-29,172.51,172.51,Processed Late,EMP020,6,0.0,0.0,True
INV000888,SUP006,ST627,2014-06-20,2014-06-26,2014-06-27,2879.07,2879.07,Processed,EMP002,1,0.0,0.0,False
INV000889,SUP007,ST566,2014-06-20,2014-06-24,2014-06-27,2310.28,2310.28,Processed,EMP006,3,0.0,0.0,False
INV000890,SUP009,ST496,2014-06-20,2014-06-27,2014-06-28,55.72,55.72,Processed,EMP019,1,0.0,0.0,False
INV000891,SUP012,ST408,2014-06-20,2014-06-23,2014-06-27,595.76,589.0,Processed Late,EMP028,4,6.76,6.76,True
INV000892,SUP008,ST166,2014-06-20,2014-06-23,2014-06-25,8.7,8.7,Processed,EMP011,2,0.0,0.0,False
INV000893,SUP006,ST564,2014-06-20,2014-06-28,2014-06-29,111.06,111.06,Processed,EMP025,1,0.0,0.0,False
INV000894,SUP011,ST006,2014-06-20,2014-06-23,2014-06-24,156.6,156.6,Processed,EMP010,1,0.0,0.0,False
INV000895,SUP010,ST446,2014-06-20,2014-06-26,2014-06-28,1000.74,1000.74,Processed,EMP018,2,0.0,0.0,False
INV000896,SUP002,ST624,2014-06-20,2014-06-26,2014-06-30,59.9,59.9,Processed Late,EMP011,4,0.0,0.0,True
INV000897,SUP007,ST629,2014-06-20,2014-06-28,2014-06-30,2426.34,2426.34,Processed,EMP023,2,0.0,0.0,False
INV000898,SUP014,ST180,2014-06-20,2014-06-25,2014-06-27,455.34,455.34,Processed,EMP009,2,0.0,0.0,False
INV000899,SUP011,ST531,2014-06-20,2014-06-26,2014-07-02,15.6,15.6,Processed Late,EMP029,6,0.0,0.0,True
INV000900,SUP009,ST529,2014-06-20,2014-06-23,2014-06-27,5.1,5.1,Processed Late,EMP020,4,0.0,0.0,True
INV000901,SUP006,ST245,2014-06-20,2014-06-23,2014-06-28,20.09,20.09,Processed Late,EMP015,5,0.0,0.0,True
INV000902,SUP013,ST410,2014-06-20,2014-06-27,2014-06-29,15.56,15.56,Processed,EMP018,2,0.0,0.0,False
INV000903,SUP004,ST531,2014-06-20,2014-06-27,2014-06-29,21.0,21.0,Processed,EMP002,2,0.0,0.0,False
INV000904,SUP009,ST292,2014-06-20,2014-06-27,2014-06-28,570.12,570.12,Processed,EMP010,1,0.0,0.0,False
INV000905,SUP014,ST284,2014-06-20,2014-06-26,2014-07-02,89.18,89.18,Processed Late,EMP006,6,0.0,0.0,True
INV000906,SUP007,ST589,2014-06-20,2014-06-27,2014-07-03,18.08,18.08,Processed Late,EMP003,6,0.0,0.0,True
INV000907,SUP002,ST573,2014-06-20,2014-06-27,2014-07-07,92.89,92.89,Pending / Delayed,EMP010,10,0.0,0.0,True
INV000908,SUP002,ST526,2014-06-20,2014-06-24,2014-06-25,25.85,25.85,Processed,EMP009,1,0.0,0.0,False
INV000909,SUP008,ST387,2014-06-20,2014-06-24,2014-06-27,43.2,43.2,Processed,EMP008,3,0.0,0.0,False
INV000910,SUP013,ST470,2014-06-20,2014-06-26,2014-06-30,17.1,17.1,Processed Late,EMP023,4,0.0,0.0,True
INV000911,SUP005,ST070,2014-06-20,2014-06-27,2014-07-04,6.72,6.72,Pending / Delayed,EMP005,7,0.0,0.0,True
INV000912,SUP004,ST324,2014-06-20,2014-06-23,2014-06-25,18.18,18.18,Processed,EMP023,2,0.0,0.0,False
INV000913,SUP012,ST270,2014-06-20,2014-06-25,2014-07-02,2905.74,2905.74,Pending / Delayed,EMP007,7,0.0,0.0,True
INV000914,SUP012,ST351,2014-06-20,2014-06-28,2014-06-30,18.16,18.16,Processed,EMP015,2,0.0,0.0,False
INV000915,SUP006,ST224,2014-06-20,2014-06-23,2014-06-26,42.42,42.42,Processed,EMP019,3,0.0,0.0,False
INV000916,SUP011,ST195,2014-06-20,2014-06-27,2014-07-04,902.09,902.09,Pending / Delayed,EMP027,7,0.0,0.0,True
INV000917,SUP004,ST272,2014-06-20,2014-06-27,2014-07-03,54.96,54.96,Processed Late,EMP008,6,0.0,0.0,True
INV000918,SUP014,ST365,2014-06-20,2014-06-25,2014-06-28,39.04,39.04,Processed,EMP004,3,0.0,0.0,False
INV000919,SUP002,ST505,2014-06-20,2014-06-26,2014-06-27,17.9,17.9,Processed,EMP018,1,0.0,0.0,False
INV000920,SUP014,ST494,2014-06-20,2014-06-25,2014-06-28,337.06,337.06,Processed,EMP001,3,0.0,0.0,False
INV000921,SUP015,ST589,2014-06-20,2014-06-28,2014-06-30,96.24,96.24,Processed,EMP018,2,0.0,0.0,False
INV000922,SUP015,ST524,2014-06-20,2014-06-28,2014-07-03,25.9,25.9,Processed Late,EMP022,5,0.0,0.0,True
INV000923,SUP003,ST056,2014-06-20,2014-06-25,2014-06-27,207.58,197.55,Processed,EMP007,2,10.03,10.03,False
INV000924,SUP009,ST034,2014-06-20,2014-06-26,2014-06-30,34.8,34.8,Processed Late,EMP019,4,0.0,0.0,True
INV000925,SUP013,ST179,2014-06-20,2014-06-24,2014-06-29,5826.24,5826.24,Processed Late,EMP027,5,0.0,0.0,True
INV000926,SUP012,ST009,2014-06-20,2014-06-25,2014-06-26,207.72,207.72,Processed,EMP026,1,0.0,0.0,False
INV000927,SUP002,ST334,2014-06-20,2014-06-24,2014-07-04,108.4,108.4,Pending / Delayed,EMP003,10,0.0,0.0,True
INV000928,SUP005,ST243,2014-06-20,2014-06-28,2014-06-30,451.6,451.6,Processed,EMP030,2,0.0,0.0,False
INV000929,SUP008,ST435,2014-06-20,2014-06-23,2014-06-25,39.36,39.36,Processed,EMP021,2,0.0,0.0,False
INV000930,SUP007,ST287,2014-06-20,2014-06-28,2014-07-01,966.29,966.29,Processed,EMP013,3,0.0,0.0,False
INV000931,SUP010,ST235,2014-06-20,2014-06-27,2014-07-01,44.12,46.4,Processed Late,EMP006,4,-2.28,2.28,True
INV000932,SUP009,ST443,2014-06-20,2014-06-24,2014-06-25,956.02,1030.1,Processed,EMP021,1,-74.08,74.08,False
INV000933,SUP012,ST154,2014-06-20,2014-06-25,2014-06-27,85.56,85.56,Processed,EMP007,2,0.0,0.0,False
INV000934,SUP008,ST138,2014-06-20,2014-06-28,2014-07-02,60.38,60.38,Processed Late,EMP017,4,0.0,0.0,True
INV000935,SUP005,ST257,2014-06-20,2014-06-25,2014-06-27,123.6,123.6,Processed,EMP024,2,0.0,0.0,False
INV000936,SUP002,ST168,2014-06-20,2014-06-27,2014-06-29,46.6,46.6,Processed,EMP026,2,0.0,0.0,False
INV000937,SUP011,ST099,2014-06-20,2014-06-28,2014-06-29,34.3,34.3,Processed,EMP030,1,0.0,0.0,False
INV000938,SUP006,ST574,2014-06-20,2014-06-26,2014-06-30,86.73,82.08,Processed Late,EMP001,4,4.65,4.65,True
INV000939,SUP007,ST125,2014-06-20,2014-06-24,2014-06-29,202.5,202.5,Processed Late,EMP025,5,0.0,0.0,True
INV000940,SUP011,ST552,2014-06-20,2014-06-28,2014-07-01,16.72,16.72,Processed,EMP024,3,0.0,0.0,False
INV000941,SUP011,ST523,2014-06-20,2014-06-23,2014-06-24,21.89,21.89,Processed,EMP022,1,0.0,0.0,False
INV000942,SUP007,ST629,2014-06-20,2014-06-27,2014-06-30,73.28,73.28,Processed,EMP024,3,0.0,0.0,False
INV000943,SUP011,ST346,2014-06-20,2014-06-25,2014-06-30,1724.28,1724.28,Processed Late,EMP008,5,0.0,0.0,True
INV000944,SUP015,ST074,2014-06-20,2014-06-26,2014-07-01,50.8,50.8,Processed Late,EMP016,5,0.0,0.0,True
INV000945,SUP006,ST299,2014-06-20,2014-06-25,2014-06-28,91.92,91.92,Processed,EMP011,3,0.0,0.0,False
INV000946,SUP008,ST372,2014-06-20,2014-06-27,2014-06-30,184.38,184.38,Processed,EMP006,3,0.0,0.0,False
INV000947,SUP003,ST024,2014-06-20,2014-06-28,2014-07-04,20.64,20.64,Processed Late,EMP012,6,0.0,0.0,True
INV000948,SUP012,ST082,2014-06-20,2014-06-28,2014-07-01,31.32,31.32,Processed,EMP005,3,0.0,0.0,False
INV000949,SUP002,ST485,2014-06-20,2014-06-23,2014-06-25,2287.6,2287.6,Processed,EMP007,2,0.0,0.0,False
INV000950,SUP009,ST086,2014-06-20,2014-06-28,2014-07-01,78.0,78.0,Processed,EMP025,3,0.0,0.0,False
INV000951,SUP015,ST400,2014-06-20,2014-06-28,2014-07-02,620.46,620.46,Processed Late,EMP017,4,0.0,0.0,True
INV000952,SUP008,ST130,2014-06-20,2014-06-24,2014-06-25,2822.94,2822.94,Processed,EMP025,1,0.0,0.0,False
INV000953,SUP011,ST366,2014-06-20,2014-06-27,2014-06-28,371.21,371.21,Processed,EMP004,1,0.0,0.0,False
INV000954,SUP014,ST554,2014-06-20,2014-06-28,2014-06-30,259.82,259.93,Processed,EMP023,2,-0.11,0.11,False
INV000955,SUP012,ST553,2014-06-20,2014-06-26,2014-06-29,29.92,29.92,Processed,EMP028,3,0.0,0.0,False
INV000956,SUP011,ST578,2014-06-20,2014-06-27,2014-06-30,86.72,86.72,Processed,EMP019,3,0.0,0.0,False
INV000957,SUP006,ST494,2014-06-20,2014-06-24,2014-06-26,41.8,41.8,Processed,EMP004,2,0.0,0.0,False
INV000958,SUP006,ST423,2014-06-20,2014-06-28,2014-06-29,7.68,7.68,Processed,EMP015,1,0.0,0.0,False
INV000959,SUP009,ST140,2014-06-20,2014-06-28,2014-06-29,873.62,873.62,Processed,EMP025,1,0.0,0.0,False
INV000960,SUP012,ST504,2014-06-20,2014-06-26,2014-06-29,2718.81,2718.81,Processed,EMP023,3,0.0,0.0,False
INV000961,SUP013,ST300,2014-07-05,2014-07-09,2014-07-15,8.94,8.94,Processed Late,EMP024,6,0.0,0.0,True
INV000962,SUP004,ST422,2014-07-05,2014-07-08,2014-07-10,157.0,157.0,Processed,EMP014,2,0.0,0.0,False
INV000963,SUP012,ST400,2014-07-05,2014-07-11,2014-07-13,357.98,357.98,Processed,EMP029,2,0.0,0.0,False
INV000964,SUP011,ST246,2014-07-05,2014-07-12,2014-07-17,150.3,150.3,Processed Late,EMP001,5,0.0,0.0,True
INV000965,SUP012,ST545,2014-07-05,2014-07-08,2014-07-11,238.1,238.1,Processed,EMP018,3,0.0,0.0,False
INV000966,SUP003,ST140,2014-07-05,2014-07-08,2014-07-09,33.2,33.2,Processed,EMP030,1,0.0,0.0,False
INV000967,SUP005,ST504,2014-07-05,2014-07-13,2014-07-14,34.56,34.56,Processed,EMP020,1,0.0,0.0,False
INV000968,SUP009,ST023,2014-07-05,2014-07-09,2014-07-11,42.06,42.06,Processed,EMP014,2,0.0,0.0,False
INV000969,SUP012,ST449,2014-07-05,2014-07-12,2014-07-20,1460.03,1460.03,Pending / Delayed,EMP022,8,0.0,0.0,True
INV000970,SUP008,ST223,2014-07-05,2014-07-10,2014-07-11,72.48,72.48,Processed,EMP001,1,0.0,0.0,False
INV000971,SUP008,ST381,2014-07-05,2014-07-11,2014-07-20,39.93,39.93,Pending / Delayed,EMP024,9,0.0,0.0,True
INV000972,SUP014,ST150,2014-07-05,2014-07-13,2014-07-14,25.75,25.95,Processed,EMP004,1,-0.2,0.2,False
INV000973,SUP008,ST186,2014-07-05,2014-07-12,2014-07-13,1408.26,1408.26,Processed,EMP012,1,0.0,0.0,False
INV000974,SUP014,ST013,2014-07-05,2014-07-09,2014-07-11,29.5,29.5,Processed,EMP030,2,0.0,0.0,False
INV000975,SUP008,ST254,2014-07-05,2014-07-11,2014-07-12,1063.53,1063.53,Processed,EMP018,1,0.0,0.0,False
INV000976,SUP002,ST534,2014-07-05,2014-07-12,2014-07-13,1326.08,1326.08,Processed,EMP001,1,0.0,0.0,False
INV000977,SUP005,ST331,2014-07-05,2014-07-10,2014-07-11,169.82,169.82,Processed,EMP027,1,0.0,0.0,False
INV000978,SUP009,ST534,2014-07-05,2014-07-13,2014-07-15,18.27,17.61,Processed,EMP027,2,0.66,0.66,False
INV000979,SUP004,ST370,2014-07-05,2014-07-10,2014-07-13,1047.03,1047.03,Processed,EMP001,3,0.0,0.0,False
INV000980,SUP004,ST445,2014-07-05,2014-07-10,2014-07-15,29.84,29.84,Processed Late,EMP001,5,0.0,0.0,True
INV000981,SUP010,ST123,2014-07-05,2014-07-10,2014-07-13,126.28,126.28,Processed,EMP023,3,0.0,0.0,False
INV000982,SUP001,ST596,2014-07-05,2014-07-10,2014-07-14,26.82,26.82,Processed Late,EMP029,4,0.0,0.0,True
INV000983,SUP002,ST255,2014-07-05,2014-07-10,2014-07-11,21.12,21.12,Processed,EMP020,1,0.0,0.0,False
INV000984,SUP006,ST062,2014-07-05,2014-07-09,2014-07-19,812.2,812.2,Pending / Delayed,EMP008,10,0.0,0.0,True
INV000985,SUP013,ST110,2014-07-05,2014-07-08,2014-07-12,16.62,16.62,Processed Late,EMP021,4,0.0,0.0,True
INV000986,SUP009,ST356,2014-07-05,2014-07-09,2014-07-10,22.77,22.77,Processed,EMP023,1,0.0,0.0,False
INV000987,SUP007,ST367,2014-07-05,2014-07-08,2014-07-12,59.6,59.6,Processed Late,EMP001,4,0.0,0.0,True
INV000988,SUP008,ST573,2014-07-05,2014-07-11,2014-07-14,11.1,11.1,Processed,EMP025,3,0.0,0.0,False
INV000989,SUP003,ST557,2014-07-05,2014-07-12,2014-07-18,206.2,191.08,Processed Late,EMP030,6,15.12,15.12,True
INV000990,SUP014,ST614,2014-07-05,2014-07-08,2014-07-09,781.91,833.12,Processed,EMP022,1,-51.21,51.21,False
INV000991,SUP008,ST303,2014-07-05,2014-07-12,2014-07-16,1100.84,1100.84,Processed Late,EMP015,4,0.0,0.0,True
INV000992,SUP013,ST519,2014-07-05,2014-07-13,2014-07-15,444.34,444.34,Processed,EMP019,2,0.0,0.0,False
INV000993,SUP010,ST373,2014-07-05,2014-07-13,2014-07-16,1686.16,1686.16,Processed,EMP009,3,0.0,0.0,False
INV000994,SUP011,ST552,2014-07-05,2014-07-12,2014-07-13,379.92,379.92,Processed,EMP014,1,0.0,0.0,False
INV000995,SUP013,ST565,2014-07-05,2014-07-12,2014-07-13,101.7,101.7,Processed,EMP010,1,0.0,0.0,False
INV000996,SUP011,ST330,2014-07-05,2014-07-08,2014-07-10,91.41,91.41,Processed,EMP026,2,0.0,0.0,False
INV000997,SUP001,ST133,2014-07-05,2014-07-12,2014-07-14,183.96,183.96,Processed,EMP029,2,0.0,0.0,False
INV000998,SUP008,ST197,2014-07-05,2014-07-10,2014-07-11,34.74,34.74,Processed,EMP001,1,0.0,0.0,False
INV000999,SUP007,ST502,2014-07-05,2014-07-13,2014-07-14,215.0,215.0,Processed,EMP023,1,0.0,0.0,False
INV001000,SUP006,ST227,2014-07-05,2014-07-08,2014-07-19,511.0,511.0,Pending / Delayed,EMP015,11,0.0,0.0,True
INV001001,SUP015,ST214,2014-07-05,2014-07-13,2014-07-24,97.04,97.04,Pending / Delayed,EMP025,11,0.0,0.0,True
INV001002,SUP011,ST063,2014-07-05,2014-07-08,2014-07-10,975.96,975.96,Processed,EMP023,2,0.0,0.0,False
INV001003,SUP013,ST060,2014-07-05,2014-07-13,2014-07-22,120.75,120.75,Pending / Delayed,EMP027,9,0.0,0.0,True
INV001004,SUP002,ST312,2014-07-05,2014-07-10,2014-07-11,441.72,441.72,Processed,EMP003,1,0.0,0.0,False
INV001005,SUP012,ST237,2014-07-05,2014-07-08,2014-07-11,128.52,128.52,Processed,EMP002,3,0.0,0.0,False
INV001006,SUP011,ST255,2014-07-05,2014-07-10,2014-07-11,1259.52,1259.52,Processed,EMP012,1,0.0,0.0,False
INV001007,SUP009,ST426,2014-07-05,2014-07-08,2014-07-12,17.71,17.71,Processed Late,EMP013,4,0.0,0.0,True
INV001008,SUP008,ST438,2014-07-05,2014-07-10,2014-07-13,9207.6,9207.6,Processed,EMP017,3,0.0,0.0,False
INV001009,SUP009,ST346,2014-07-05,2014-07-10,2014-07-12,716.8,716.8,Processed,EMP024,2,0.0,0.0,False
INV001010,SUP015,ST323,2014-07-05,2014-07-09,2014-07-11,198.08,198.08,Processed,EMP004,2,0.0,0.0,False
INV001011,SUP011,ST441,2014-07-05,2014-07-10,2014-07-15,239.85,239.85,Processed Late,EMP012,5,0.0,0.0,True
INV001012,SUP004,ST385,2014-07-05,2014-07-11,2014-07-15,544.68,544.68,Processed Late,EMP026,4,0.0,0.0,True
INV001013,SUP008,ST459,2014-07-05,2014-07-09,2014-07-10,50.9,50.9,Processed,EMP026,1,0.0,0.0,False
INV001014,SUP010,ST017,2014-07-05,2014-07-08,2014-07-11,55.08,55.08,Processed,EMP011,3,0.0,0.0,False
INV001015,SUP004,ST220,2014-07-05,2014-07-13,2014-07-15,69.74,69.74,Processed,EMP020,2,0.0,0.0,False
INV001016,SUP009,ST570,2014-07-05,2014-07-12,2014-07-16,660.95,642.0,Processed Late,EMP027,4,18.95,18.95,True
INV001017,SUP008,ST365,2014-07-05,2014-07-11,2014-07-13,26.88,26.88,Processed,EMP023,2,0.0,0.0,False
INV001018,SUP010,ST256,2014-07-05,2014-07-11,2014-07-14,199.49,207.4,Processed,EMP013,3,-7.91,7.91,False
INV001019,SUP007,ST583,2014-07-05,2014-07-13,2014-07-19,22.0,22.0,Processed Late,EMP025,6,0.0,0.0,True
INV001020,SUP013,ST495,2014-07-05,2014-07-12,2014-07-21,12.12,12.12,Pending / Delayed,EMP013,9,0.0,0.0,True
INV001021,SUP002,ST610,2014-07-05,2014-07-12,2014-07-16,98.4,98.4,Processed Late,EMP016,4,0.0,0.0,True
INV001022,SUP013,ST058,2014-07-05,2014-07-11,2014-07-13,2755.4,2755.4,Processed,EMP016,2,0.0,0.0,False
INV001023,SUP014,ST124,2014-07-05,2014-07-13,2014-07-16,21.6,21.6,Processed,EMP029,3,0.0,0.0,False
INV001024,SUP011,ST392,2014-07-05,2014-07-12,2014-07-14,2.97,2.9,Processed,EMP021,2,0.07,0.07,False
INV001025,SUP009,ST579,2014-07-05,2014-07-11,2014-07-13,1039.68,1039.68,Processed,EMP015,2,0.0,0.0,False
INV001026,SUP003,ST052,2014-07-05,2014-07-10,2014-07-17,10493.46,10493.46,Pending / Delayed,EMP018,7,0.0,0.0,True
INV001027,SUP004,ST443,2014-07-05,2014-07-12,2014-07-14,11370.6,11370.6,Processed,EMP001,2,0.0,0.0,False
INV001028,SUP006,ST085,2014-07-05,2014-07-09,2014-07-10,622.85,628.46,Processed,EMP010,1,-5.61,5.61,False
INV001029,SUP005,ST088,2014-07-05,2014-07-11,2014-07-13,68.25,68.25,Processed,EMP027,2,0.0,0.0,False
INV001030,SUP003,ST139,2014-07-05,2014-07-13,2014-07-15,220.35,220.35,Processed,EMP023,2,0.0,0.0,False
INV001031,SUP011,ST586,2014-07-05,2014-07-08,2014-07-09,26.88,26.88,Processed,EMP030,1,0.0,0.0,False
INV001032,SUP002,ST273,2014-07-05,2014-07-12,2014-07-15,297.18,297.18,Processed,EMP004,3,0.0,0.0,False
INV001033,SUP011,ST424,2014-07-05,2014-07-12,2014-07-17,69.0,69.0,Processed Late,EMP001,5,0.0,0.0,True
INV001034,SUP006,ST609,2014-07-05,2014-07-10,2014-07-15,29.64,29.64,Processed Late,EMP018,5,0.0,0.0,True
INV001035,SUP006,ST632,2014-07-05,2014-07-10,2014-07-12,30.25,30.25,Processed,EMP017,2,0.0,0.0,False
INV001036,SUP015,ST240,2014-07-05,2014-07-13,2014-07-17,62.76,62.76,Processed Late,EMP010,4,0.0,0.0,True
INV001037,SUP012,ST088,2014-07-05,2014-07-08,2014-07-10,829.4,829.4,Processed,EMP029,2,0.0,0.0,False
INV001038,SUP010,ST152,2014-07-05,2014-07-10,2014-07-19,12.84,12.84,Pending / Delayed,EMP030,9,0.0,0.0,True
INV001039,SUP002,ST313,2014-07-05,2014-07-12,2014-07-16,316.92,316.92,Processed Late,EMP004,4,0.0,0.0,True
INV001040,SUP012,ST551,2014-07-05,2014-07-09,2014-07-15,7.8,7.8,Processed Late,EMP030,6,0.0,0.0,True
INV001041,SUP005,ST562,2014-07-20,2014-07-28,2014-07-29,863.17,863.17,Processed,EMP030,1,0.0,0.0,False
INV001042,SUP011,ST019,2014-07-20,2014-07-24,2014-07-28,21.18,21.18,Processed Late,EMP009,4,0.0,0.0,True
INV001043,SUP003,ST062,2014-07-20,2014-07-26,2014-07-28,240.12,240.12,Processed,EMP028,2,0.0,0.0,False
INV001044,SUP011,ST009,2014-07-20,2014-07-23,2014-07-26,860.5,860.5,Processed,EMP024,3,0.0,0.0,False
INV001045,SUP015,ST369,2014-07-20,2014-07-28,2014-08-02,202.6,202.6,Processed Late,EMP025,5,0.0,0.0,True
INV001046,SUP011,ST396,2014-07-20,2014-07-26,2014-08-03,317.24,317.24,Pending / Delayed,EMP021,8,0.0,0.0,True
INV001047,SUP002,ST324,2014-07-20,2014-07-26,2014-07-28,1197.97,1154.34,Processed,EMP027,2,43.63,43.63,False
INV001048,SUP004,ST513,2014-07-20,2014-07-27,2014-07-28,58.71,58.71,Processed,EMP009,1,0.0,0.0,False
INV001049,SUP015,ST543,2014-07-20,2014-07-28,2014-08-01,394.84,394.84,Processed Late,EMP011,4,0.0,0.0,True
INV001050,SUP003,ST019,2014-07-20,2014-07-23,2014-07-25,113.73,113.73,Processed,EMP002,2,0.0,0.0,False
INV001051,SUP005,ST242,2014-07-20,2014-07-27,2014-07-30,26.0,26.0,Processed,EMP011,3,0.0,0.0,False
INV001052,SUP015,ST397,2014-07-20,2014-07-28,2014-07-30,12.57,12.57,Processed,EMP008,2,0.0,0.0,False
INV001053,SUP006,ST403,2014-07-20,2014-07-25,2014-07-27,24.9,24.9,Processed,EMP012,2,0.0,0.0,False
INV001054,SUP011,ST628,2014-07-20,2014-07-27,2014-08-01,719.74,719.74,Processed Late,EMP024,5,0.0,0.0,True
INV001055,SUP007,ST320,2014-07-20,2014-07-28,2014-07-31,194.58,194.58,Processed,EMP009,3,0.0,0.0,False
INV001056,SUP004,ST142,2014-07-20,2014-07-27,2014-07-30,1510.08,1510.08,Processed,EMP001,3,0.0,0.0,False
INV001057,SUP005,ST537,2014-07-20,2014-07-28,2014-07-31,115.2,115.2,Processed,EMP010,3,0.0,0.0,False
INV001058,SUP010,ST162,2014-07-20,2014-07-24,2014-07-28,27.78,27.78,Processed Late,EMP002,4,0.0,0.0,True
INV001059,SUP012,ST122,2014-07-20,2014-07-27,2014-07-30,147.63,147.63,Processed,EMP007,3,0.0,0.0,False
INV001060,SUP013,ST327,2014-07-20,2014-07-23,2014-07-26,68.4,68.4,Processed,EMP004,3,0.0,0.0,False
INV001061,SUP015,ST281,2014-07-20,2014-07-27,2014-08-02,592.9,592.9,Processed Late,EMP004,6,0.0,0.0,True
INV001062,SUP003,ST027,2014-07-20,2014-07-28,2014-07-30,143.6,143.6,Processed,EMP014,2,0.0,0.0,False
INV001063,SUP010,ST237,2014-07-20,2014-07-23,2014-07-24,80.7,80.7,Processed,EMP024,1,0.0,0.0,False
INV001064,SUP006,ST082,2014-07-20,2014-07-23,2014-07-24,359.82,359.82,Processed,EMP017,1,0.0,0.0,False
INV001065,SUP008,ST383,2014-07-20,2014-07-25,2014-07-26,57.6,57.6,Processed,EMP017,1,0.0,0.0,False
INV001066,SUP003,ST168,2014-07-20,2014-07-28,2014-07-31,37.1,37.1,Processed,EMP005,3,0.0,0.0,False
INV001067,SUP001,ST277,2014-07-20,2014-07-23,2014-07-26,329.04,329.04,Processed,EMP005,3,0.0,0.0,False
INV001068,SUP002,ST182,2014-07-20,2014-07-28,2014-08-03,107.6,107.6,Processed Late,EMP009,6,0.0,0.0,True
INV001069,SUP014,ST469,2014-07-20,2014-07-28,2014-07-31,3769.24,3769.24,Processed,EMP011,3,0.0,0.0,False
INV001070,SUP010,ST390,2014-07-20,2014-07-25,2014-07-27,44.52,44.52,Processed,EMP001,2,0.0,0.0,False
INV001071,SUP009,ST040,2014-07-20,2014-07-26,2014-08-01,201.8,201.8,Processed Late,EMP021,6,0.0,0.0,True
INV001072,SUP015,ST044,2014-07-20,2014-07-25,2014-07-28,2683.68,2683.68,Processed,EMP005,3,0.0,0.0,False
INV001073,SUP012,ST041,2014-07-20,2014-07-25,2014-07-30,249.28,249.28,Processed Late,EMP013,5,0.0,0.0,True
INV001074,SUP001,ST195,2014-07-20,2014-07-24,2014-07-30,2111.04,2111.04,Processed Late,EMP001,6,0.0,0.0,True
INV001075,SUP013,ST293,2014-07-20,2014-07-25,2014-07-28,111.44,111.44,Processed,EMP010,3,0.0,0.0,False
INV001076,SUP015,ST056,2014-07-20,2014-07-24,2014-08-02,23.25,23.25,Pending / Delayed,EMP003,9,0.0,0.0,True
INV001077,SUP008,ST093,2014-07-20,2014-07-26,2014-07-30,989.12,989.12,Processed Late,EMP010,4,0.0,0.0,True
INV001078,SUP015,ST560,2014-07-20,2014-07-24,2014-07-25,32.69,32.69,Processed,EMP013,1,0.0,0.0,False
INV001079,SUP001,ST184,2014-07-20,2014-07-26,2014-07-27,531.0,531.0,Processed,EMP026,1,0.0,0.0,False
INV001080,SUP002,ST257,2014-07-20,2014-07-27,2014-07-29,681.68,681.68,Processed,EMP013,2,0.0,0.0,False
INV001081,SUP002,ST094,2014-07-20,2014-07-28,2014-07-30,291.48,291.48,Processed,EMP030,2,0.0,0.0,False
INV001082,SUP002,ST537,2014-07-20,2014-07-27,2014-07-30,1922.82,1798.4,Processed,EMP024,3,124.42,124.42,False
INV001083,SUP003,ST388,2014-07-20,2014-07-25,2014-07-27,85.14,85.14,Processed,EMP009,2,0.0,0.0,False
INV001084,SUP015,ST344,2014-07-20,2014-07-23,2014-07-24,65.7,65.7,Processed,EMP023,1,0.0,0.0,False
INV001085,SUP003,ST184,2014-07-20,2014-07-24,2014-07-28,342.6,342.6,Processed Late,EMP012,4,0.0,0.0,True
INV001086,SUP013,ST457,2014-07-20,2014-07-26,2014-07-28,150.7,150.7,Processed,EMP018,2,0.0,0.0,False
INV001087,SUP003,ST208,2014-07-20,2014-07-24,2014-07-29,26.95,26.95,Processed Late,EMP020,5,0.0,0.0,True
INV001088,SUP008,ST511,2014-07-20,2014-07-25,2014-08-05,594.6,594.6,Pending / Delayed,EMP026,11,0.0,0.0,True
INV001089,SUP008,ST244,2014-07-20,2014-07-27,2014-07-30,11.44,11.44,Processed,EMP020,3,0.0,0.0,False
INV001090,SUP008,ST082,2014-07-20,2014-07-23,2014-07-24,3045.38,3045.38,Processed,EMP003,1,0.0,0.0,False
INV001091,SUP009,ST285,2014-07-20,2014-07-28,2014-07-29,20.18,20.18,Processed,EMP018,1,0.0,0.0,False
INV001092,SUP004,ST051,2014-07-20,2014-07-28,2014-07-29,308.75,308.75,Processed,EMP023,1,0.0,0.0,False
INV001093,SUP001,ST149,2014-07-20,2014-07-26,2014-07-30,25.71,25.71,Processed Late,EMP028,4,0.0,0.0,True
INV001094,SUP005,ST340,2014-07-20,2014-07-27,2014-07-30,3371.8,3371.8,Processed,EMP030,3,0.0,0.0,False
INV001095,SUP003,ST166,2014-07-20,2014-07-26,2014-07-29,224.4,224.4,Processed,EMP012,3,0.0,0.0,False
INV001096,SUP003,ST467,2014-07-20,2014-07-24,2014-07-25,204.4,204.4,Processed,EMP014,1,0.0,0.0,False
INV001097,SUP005,ST331,2014-07-20,2014-07-24,2014-07-30,125.55,125.55,Processed Late,EMP028,6,0.0,0.0,True
INV001098,SUP014,ST564,2014-07-20,2014-07-23,2014-07-26,124.56,124.56,Processed,EMP024,3,0.0,0.0,False
INV001099,SUP012,ST282,2014-07-20,2014-07-24,2014-07-25,106.42,106.42,Processed,EMP020,1,0.0,0.0,False
INV001100,SUP012,ST215,2014-07-20,2014-07-24,2014-07-30,3122.25,3122.25,Processed Late,EMP019,6,0.0,0.0,True
INV001101,SUP011,ST542,2014-07-20,2014-07-26,2014-08-07,15.2,15.2,Pending / Delayed,EMP030,12,0.0,0.0,True
INV001102,SUP014,ST325,2014-07-20,2014-07-28,2014-07-30,1476.64,1476.64,Processed,EMP010,2,0.0,0.0,False
INV001103,SUP006,ST133,2014-07-20,2014-07-23,2014-07-29,222.7,239.8,Processed Late,EMP010,6,-17.1,17.1,True
INV001104,SUP011,ST510,2014-07-20,2014-07-23,2014-07-25,217.94,217.94,Processed,EMP011,2,0.0,0.0,False
INV001105,SUP004,ST298,2014-07-20,2014-07-26,2014-07-28,3007.27,3007.27,Processed,EMP018,2,0.0,0.0,False
INV001106,SUP011,ST121,2014-07-20,2014-07-25,2014-07-28,137.15,133.45,Processed,EMP030,3,3.7,3.7,False
INV001107,SUP006,ST359,2014-07-20,2014-07-28,2014-08-03,123.9,123.9,Processed Late,EMP016,6,0.0,0.0,True
INV001108,SUP004,ST289,2014-07-20,2014-07-23,2014-07-26,15.84,15.84,Processed,EMP019,3,0.0,0.0,False
INV001109,SUP009,ST564,2014-07-20,2014-07-23,2014-07-29,83.96,83.96,Processed Late,EMP016,6,0.0,0.0,True
INV001110,SUP006,ST350,2014-07-20,2014-07-23,2014-08-02,8.14,8.14,Pending / Delayed,EMP005,10,0.0,0.0,True
INV001111,SUP001,ST180,2014-07-20,2014-07-26,2014-07-27,85.0,85.0,Processed,EMP001,1,0.0,0.0,False
INV001112,SUP008,ST486,2014-07-20,2014-07-27,2014-08-02,134.52,134.52,Processed Late,EMP028,6,0.0,0.0,True
INV001113,SUP011,ST472,2014-07-20,2014-07-25,2014-07-28,59.16,59.16,Processed,EMP014,3,0.0,0.0,False
INV001114,SUP007,ST058,2014-07-20,2014-07-28,2014-08-04,20121.28,20121.28,Pending / Delayed,EMP026,7,0.0,0.0,True
INV001115,SUP006,ST569,2014-07-20,2014-07-27,2014-07-28,616.6,616.6,Processed,EMP001,1,0.0,0.0,False
INV001116,SUP006,ST363,2014-07-20,2014-07-23,2014-07-26,31.44,31.44,Processed,EMP010,3,0.0,0.0,False
INV001117,SUP006,ST385,2014-07-20,2014-07-23,2014-07-29,305.0,305.0,Processed Late,EMP019,6,0.0,0.0,True
INV001118,SUP007,ST192,2014-07-20,2014-07-25,2014-08-05,386.19,386.19,Pending / Delayed,EMP030,11,0.0,0.0,True
INV001119,SUP006,ST033,2014-07-20,2014-07-24,2014-07-26,30.69,30.69,Processed,EMP019,2,0.0,0.0,False
INV001120,SUP004,ST381,2014-07-20,2014-07-24,2014-07-30,7.4,7.4,Processed Late,EMP005,6,0.0,0.0,True
INV001121,SUP005,ST180,2014-08-05,2014-08-08,2014-08-19,45.87,45.87,Pending / Delayed,EMP001,11,0.0,0.0,True
INV001122,SUP015,ST095,2014-08-05,2014-08-11,2014-08-14,6.18,6.18,Processed,EMP024,3,0.0,0.0,False
INV001123,SUP015,ST513,2014-08-05,2014-08-08,2014-08-11,2.72,2.72,Processed,EMP023,3,0.0,0.0,False
INV001124,SUP012,ST537,2014-08-05,2014-08-11,2014-08-14,2374.92,2374.92,Processed,EMP014,3,0.0,0.0,False
INV001125,SUP014,ST101,2014-08-05,2014-08-13,2014-08-14,2191.8,2191.8,Processed,EMP030,1,0.0,0.0,False
INV001126,SUP001,ST471,2014-08-05,2014-08-09,2014-08-12,12.12,12.12,Processed,EMP015,3,0.0,0.0,False
INV001127,SUP005,ST046,2014-08-05,2014-08-13,2014-08-16,276.48,276.48,Processed,EMP020,3,0.0,0.0,False
INV001128,SUP015,ST048,2014-08-05,2014-08-12,2014-08-14,40.0,40.0,Processed,EMP029,2,0.0,0.0,False
INV001129,SUP013,ST320,2014-08-05,2014-08-09,2014-08-12,1469.96,1532.19,Processed,EMP005,3,-62.23,62.23,False
INV001130,SUP005,ST546,2014-08-05,2014-08-13,2014-08-17,59.36,59.36,Processed Late,EMP028,4,0.0,0.0,True
INV001131,SUP005,ST153,2014-08-05,2014-08-13,2014-08-18,44.48,44.48,Processed Late,EMP013,5,0.0,0.0,True
INV001132,SUP010,ST574,2014-08-05,2014-08-11,2014-08-14,708.95,708.95,Processed,EMP022,3,0.0,0.0,False
INV001133,SUP009,ST327,2014-08-05,2014-08-08,2014-08-10,12.08,12.08,Processed,EMP001,2,0.0,0.0,False
INV001134,SUP003,ST073,2014-08-05,2014-08-09,2014-08-12,249.7,249.7,Processed,EMP009,3,0.0,0.0,False
INV001135,SUP001,ST134,2014-08-05,2014-08-13,2014-08-16,1293.85,1388.16,Processed,EMP024,3,-94.31,94.31,False
INV001136,SUP001,ST089,2014-08-05,2014-08-13,2014-08-16,5.71,5.64,Processed,EMP028,3,0.07,0.07,False
INV001137,SUP015,ST607,2014-08-05,2014-08-09,2014-08-12,77.42,77.42,Processed,EMP006,3,0.0,0.0,False
INV001138,SUP014,ST203,2014-08-05,2014-08-12,2014-08-17,79.43,79.43,Processed Late,EMP014,5,0.0,0.0,True
INV001139,SUP002,ST480,2014-08-05,2014-08-11,2014-08-17,936.0,936.0,Processed Late,EMP018,6,0.0,0.0,True
INV001140,SUP012,ST477,2014-08-05,2014-08-10,2014-08-11,22.55,22.55,Processed,EMP014,1,0.0,0.0,False
INV001141,SUP015,ST632,2014-08-05,2014-08-11,2014-08-12,26.28,26.28,Processed,EMP005,1,0.0,0.0,False
INV001142,SUP015,ST339,2014-08-05,2014-08-12,2014-08-16,38.08,38.08,Processed Late,EMP004,4,0.0,0.0,True
INV001143,SUP008,ST116,2014-08-05,2014-08-11,2014-08-14,89.08,89.08,Processed,EMP005,3,0.0,0.0,False
INV001144,SUP005,ST357,2014-08-05,2014-08-13,2014-08-16,33.44,33.44,Processed,EMP023,3,0.0,0.0,False
INV001145,SUP007,ST110,2014-08-05,2014-08-11,2014-08-13,1005.24,1005.24,Processed,EMP021,2,0.0,0.0,False
INV001146,SUP009,ST473,2014-08-05,2014-08-09,2014-08-10,147.53,150.68,Processed,EMP025,1,-3.15,3.15,False
INV001147,SUP004,ST562,2014-08-05,2014-08-12,2014-08-14,238.8,238.8,Processed,EMP017,2,0.0,0.0,False
INV001148,SUP004,ST606,2014-08-05,2014-08-11,2014-08-14,480.76,480.76,Processed,EMP009,3,0.0,0.0,False
INV001149,SUP006,ST558,2014-08-05,2014-08-10,2014-08-22,150.0,150.0,Pending / Delayed,EMP015,12,0.0,0.0,True
INV001150,SUP012,ST588,2014-08-05,2014-08-10,2014-08-13,9.36,9.36,Processed,EMP005,3,0.0,0.0,False
INV001151,SUP006,ST569,2014-08-05,2014-08-12,2014-08-17,603.6,603.6,Processed Late,EMP010,5,0.0,0.0,True
INV001152,SUP007,ST072,2014-08-05,2014-08-12,2014-08-18,183.52,183.52,Processed Late,EMP012,6,0.0,0.0,True
INV001153,SUP011,ST063,2014-08-05,2014-08-10,2014-08-21,1708.0,1708.0,Pending / Delayed,EMP011,11,0.0,0.0,True
INV001154,SUP015,ST001,2014-08-05,2014-08-11,2014-08-16,252.24,252.24,Processed Late,EMP008,5,0.0,0.0,True
INV001155,SUP005,ST400,2014-08-05,2014-08-11,2014-08-12,116.64,116.64,Processed,EMP030,1,0.0,0.0,False
INV001156,SUP011,ST325,2014-08-05,2014-08-11,2014-08-14,231.36,231.36,Processed,EMP024,3,0.0,0.0,False
INV001157,SUP015,ST446,2014-08-05,2014-08-10,2014-08-12,338.91,338.91,Processed,EMP029,2,0.0,0.0,False
INV001158,SUP009,ST414,2014-08-05,2014-08-12,2014-08-13,148.2,148.2,Processed,EMP029,1,0.0,0.0,False
INV001159,SUP015,ST563,2014-08-05,2014-08-11,2014-08-16,20.24,20.24,Processed Late,EMP028,5,0.0,0.0,True
INV001160,SUP006,ST113,2014-08-05,2014-08-13,2014-08-14,143.07,143.07,Processed,EMP028,1,0.0,0.0,False
INV001161,SUP012,ST605,2014-08-05,2014-08-13,2014-08-14,9.74,9.74,Processed,EMP019,1,0.0,0.0,False
INV001162,SUP007,ST391,2014-08-05,2014-08-09,2014-08-12,136.08,136.08,Processed,EMP003,3,0.0,0.0,False
INV001163,SUP008,ST143,2014-08-05,2014-08-12,2014-08-14,282.35,279.12,Processed,EMP007,2,3.23,3.23,False
INV001164,SUP006,ST428,2014-08-05,2014-08-09,2014-08-12,225.68,225.68,Processed,EMP013,3,0.0,0.0,False
INV001165,SUP002,ST017,2014-08-05,2014-08-13,2014-08-18,31.43,30.36,Processed Late,EMP004,5,1.07,1.07,True
INV001166,SUP003,ST087,2014-08-05,2014-08-08,2014-08-10,77.01,77.01,Processed,EMP016,2,0.0,0.0,False
INV001167,SUP015,ST619,2014-08-05,2014-08-11,2014-08-17,54.15,54.15,Processed Late,EMP026,6,0.0,0.0,True
INV001168,SUP007,ST566,2014-08-05,2014-08-09,2014-08-13,164.36,164.36,Processed Late,EMP022,4,0.0,0.0,True
INV001169,SUP007,ST620,2014-08-05,2014-08-12,2014-08-15,593.32,593.32,Processed,EMP013,3,0.0,0.0,False
INV001170,SUP004,ST514,2014-08-05,2014-08-13,2014-08-16,50.15,50.15,Processed,EMP023,3,0.0,0.0,False
INV001171,SUP001,ST039,2014-08-05,2014-08-08,2014-08-09,45.41,45.41,Processed,EMP016,1,0.0,0.0,False
INV001172,SUP008,ST082,2014-08-05,2014-08-08,2014-08-14,1632.15,1632.15,Processed Late,EMP017,6,0.0,0.0,True
INV001173,SUP013,ST287,2014-08-05,2014-08-13,2014-08-14,7511.22,7511.22,Processed,EMP011,1,0.0,0.0,False
INV001174,SUP010,ST091,2014-08-05,2014-08-09,2014-08-10,12.88,12.88,Processed,EMP009,1,0.0,0.0,False
INV001175,SUP009,ST594,2014-08-05,2014-08-12,2014-08-14,13.96,13.96,Processed,EMP016,2,0.0,0.0,False
INV001176,SUP009,ST012,2014-08-05,2014-08-13,2014-08-14,104.94,104.94,Processed,EMP017,1,0.0,0.0,False
INV001177,SUP010,ST340,2014-08-05,2014-08-13,2014-08-15,43205.04,43205.04,Processed,EMP027,2,0.0,0.0,False
INV001178,SUP001,ST612,2014-08-05,2014-08-08,2014-08-10,48.84,48.84,Processed,EMP003,2,0.0,0.0,False
INV001179,SUP011,ST485,2014-08-05,2014-08-11,2014-08-17,64.2,64.2,Processed Late,EMP023,6,0.0,0.0,True
INV001180,SUP005,ST028,2014-08-05,2014-08-12,2014-08-13,55.54,59.0,Processed,EMP017,1,-3.46,3.46,False
INV001181,SUP002,ST285,2014-08-05,2014-08-08,2014-08-13,9.4,9.4,Processed Late,EMP001,5,0.0,0.0,True
INV001182,SUP005,ST015,2014-08-05,2014-08-10,2014-08-14,140.6,140.6,Processed Late,EMP009,4,0.0,0.0,True
INV001183,SUP012,ST155,2014-08-05,2014-08-12,2014-08-14,15.26,15.26,Processed,EMP013,2,0.0,0.0,False
INV001184,SUP012,ST242,2014-08-05,2014-08-13,2014-08-18,15.54,15.54,Processed Late,EMP017,5,0.0,0.0,True
INV001185,SUP006,ST087,2014-08-05,2014-08-10,2014-08-13,318.24,318.24,Processed,EMP005,3,0.0,0.0,False
INV001186,SUP013,ST423,2014-08-05,2014-08-10,2014-08-13,14.76,14.76,Processed,EMP013,3,0.0,0.0,False
INV001187,SUP003,ST216,2014-08-05,2014-08-10,2014-08-20,818.72,818.72,Pending / Delayed,EMP030,10,0.0,0.0,True
INV001188,SUP005,ST119,2014-08-05,2014-08-09,2014-08-14,122.59,122.59,Processed Late,EMP018,5,0.0,0.0,True
INV001189,SUP005,ST488,2014-08-05,2014-08-09,2014-08-11,43.36,43.36,Processed,EMP004,2,0.0,0.0,False
INV001190,SUP007,ST486,2014-08-05,2014-08-10,2014-08-15,211.82,211.82,Processed Late,EMP023,5,0.0,0.0,True
INV001191,SUP001,ST296,2014-08-05,2014-08-13,2014-08-17,37.08,37.08,Processed Late,EMP008,4,0.0,0.0,True
INV001192,SUP011,ST043,2014-08-05,2014-08-13,2014-08-17,31.8,31.8,Processed Late,EMP011,4,0.0,0.0,True
INV001193,SUP007,ST626,2014-08-05,2014-08-08,2014-08-10,20.8,20.8,Processed,EMP016,2,0.0,0.0,False
INV001194,SUP002,ST262,2014-08-05,2014-08-12,2014-08-16,32.8,32.8,Processed Late,EMP014,4,0.0,0.0,True
INV001195,SUP012,ST248,2014-08-05,2014-08-09,2014-08-10,2011.2,2011.2,Processed,EMP016,1,0.0,0.0,False
INV001196,SUP011,ST185,2014-08-05,2014-08-09,2014-08-10,48.08,48.08,Processed,EMP005,1,0.0,0.0,False
INV001197,SUP014,ST070,2014-08-05,2014-08-08,2014-08-11,24.72,24.72,Processed,EMP016,3,0.0,0.0,False
INV001198,SUP011,ST457,2014-08-05,2014-08-08,2014-08-18,38.45,38.45,Pending / Delayed,EMP029,10,0.0,0.0,True
INV001199,SUP001,ST025,2014-08-05,2014-08-12,2014-08-15,35.2,35.2,Processed,EMP004,3,0.0,0.0,False
INV001200,SUP011,ST223,2014-08-05,2014-08-08,2014-08-14,305.4,305.4,Processed Late,EMP008,6,0.0,0.0,True
INV001201,SUP002,ST089,2014-08-20,2014-08-26,2014-08-29,17.55,17.55,Processed,EMP010,3,0.0,0.0,False
INV001202,SUP015,ST580,2014-08-20,2014-08-27,2014-08-30,48.58,48.58,Processed,EMP027,3,0.0,0.0,False
INV001203,SUP008,ST078,2014-08-20,2014-08-27,2014-08-28,30.8,30.8,Processed,EMP015,1,0.0,0.0,False
INV001204,SUP011,ST332,2014-08-20,2014-08-28,2014-08-29,124.77,130.2,Processed,EMP023,1,-5.43,5.43,False
INV001205,SUP001,ST392,2014-08-20,2014-08-23,2014-08-28,32.52,32.52,Processed Late,EMP022,5,0.0,0.0,True
INV001206,SUP014,ST272,2014-08-20,2014-08-28,2014-08-31,16.17,16.17,Processed,EMP027,3,0.0,0.0,False
INV001207,SUP015,ST206,2014-08-20,2014-08-23,2014-08-24,53.72,53.72,Processed,EMP004,1,0.0,0.0,False
INV001208,SUP002,ST148,2014-08-20,2014-08-27,2014-09-02,23.66,23.66,Processed Late,EMP019,6,0.0,0.0,True
INV001209,SUP011,ST109,2014-08-20,2014-08-25,2014-08-29,258.3,258.3,Processed Late,EMP005,4,0.0,0.0,True
INV001210,SUP002,ST073,2014-08-20,2014-08-27,2014-08-29,95.2,95.2,Processed,EMP022,2,0.0,0.0,False
INV001211,SUP001,ST510,2014-08-20,2014-08-27,2014-08-30,82.29,86.8,Processed,EMP025,3,-4.51,4.51,False
INV001212,SUP011,ST400,2014-08-20,2014-08-23,2014-08-24,3.2,3.2,Processed,EMP006,1,0.0,0.0,False
INV001213,SUP010,ST004,2014-08-20,2014-08-27,2014-09-02,374.52,374.52,Processed Late,EMP011,6,0.0,0.0,True
INV001214,SUP007,ST072,2014-08-20,2014-08-25,2014-09-05,184.96,184.96,Pending / Delayed,EMP014,11,0.0,0.0,True
INV001215,SUP012,ST494,2014-08-20,2014-08-26,2014-08-31,149.26,149.26,Processed Late,EMP016,5,0.0,0.0,True
INV001216,SUP006,ST342,2014-08-20,2014-08-28,2014-08-29,69.16,69.16,Processed,EMP008,1,0.0,0.0,False
INV001217,SUP011,ST093,2014-08-20,2014-08-26,2014-08-29,9.3,9.3,Processed,EMP014,3,0.0,0.0,False
INV001218,SUP008,ST297,2014-08-20,2014-08-24,2014-08-26,81.36,81.36,Processed,EMP021,2,0.0,0.0,False
INV001219,SUP007,ST196,2014-08-20,2014-08-26,2014-08-27,284.43,284.43,Processed,EMP019,1,0.0,0.0,False
INV001220,SUP011,ST368,2014-08-20,2014-08-28,2014-08-29,1434.3,1434.3,Processed,EMP029,1,0.0,0.0,False
INV001221,SUP003,ST037,2014-08-20,2014-08-26,2014-08-30,113.12,113.12,Processed Late,EMP001,4,0.0,0.0,True
INV001222,SUP007,ST065,2014-08-20,2014-08-27,2014-08-29,6593.2,6593.2,Processed,EMP019,2,0.0,0.0,False
INV001223,SUP014,ST461,2014-08-20,2014-08-24,2014-08-27,79.75,79.75,Processed,EMP007,3,0.0,0.0,False
INV001224,SUP013,ST044,2014-08-20,2014-08-28,2014-08-31,640.2,640.2,Processed,EMP030,3,0.0,0.0,False
INV001225,SUP011,ST536,2014-08-20,2014-08-24,2014-08-26,159.52,159.52,Processed,EMP002,2,0.0,0.0,False
INV001226,SUP010,ST239,2014-08-20,2014-08-24,2014-08-30,267.9,267.9,Processed Late,EMP028,6,0.0,0.0,True
INV001227,SUP001,ST483,2014-08-20,2014-08-25,2014-08-26,544.68,544.68,Processed,EMP027,1,0.0,0.0,False
INV001228,SUP003,ST015,2014-08-20,2014-08-28,2014-08-29,1091.43,1091.43,Processed,EMP019,1,0.0,0.0,False
INV001229,SUP014,ST100,2014-08-20,2014-08-27,2014-09-01,23.55,23.55,Processed Late,EMP018,5,0.0,0.0,True
INV001230,SUP002,ST109,2014-08-20,2014-08-27,2014-09-02,189.91,189.91,Processed Late,EMP028,6,0.0,0.0,True
INV001231,SUP004,ST437,2014-08-20,2014-08-25,2014-09-05,68.31,68.31,Pending / Delayed,EMP017,11,0.0,0.0,True
INV001232,SUP011,ST590,2014-08-20,2014-08-25,2014-08-29,1506.4,1506.4,Processed Late,EMP014,4,0.0,0.0,True
INV001233,SUP013,ST219,2014-08-20,2014-08-23,2014-08-26,58.8,58.8,Processed,EMP028,3,0.0,0.0,False
INV001234,SUP002,ST281,2014-08-20,2014-08-23,2014-08-26,182.7,182.7,Processed,EMP018,3,0.0,0.0,False
INV001235,SUP006,ST567,2014-08-20,2014-08-24,2014-08-27,12.3,12.3,Processed,EMP008,3,0.0,0.0,False
INV001236,SUP001,ST137,2014-08-20,2014-08-26,2014-08-29,45.72,45.72,Processed,EMP002,3,0.0,0.0,False
INV001237,SUP001,ST499,2014-08-20,2014-08-24,2014-08-26,189.0,189.0,Processed,EMP022,2,0.0,0.0,False
INV001238,SUP002,ST608,2014-08-20,2014-08-27,2014-08-29,164.78,164.78,Processed,EMP020,2,0.0,0.0,False
INV001239,SUP004,ST147,2014-08-20,2014-08-24,2014-09-02,162.69,162.69,Pending / Delayed,EMP011,9,0.0,0.0,True
INV001240,SUP003,ST626,2014-08-20,2014-08-25,2014-08-27,51.84,51.84,Processed,EMP003,2,0.0,0.0,False
INV001241,SUP010,ST091,2014-08-20,2014-08-28,2014-08-30,20.02,20.02,Processed,EMP009,2,0.0,0.0,False
INV001242,SUP004,ST197,2014-08-20,2014-08-25,2014-08-28,3036.3,3036.3,Processed,EMP018,3,0.0,0.0,False
INV001243,SUP014,ST553,2014-08-20,2014-08-28,2014-08-30,81.6,81.6,Processed,EMP027,2,0.0,0.0,False
INV001244,SUP011,ST214,2014-08-20,2014-08-24,2014-08-28,333.12,333.12,Processed Late,EMP012,4,0.0,0.0,True
INV001245,SUP003,ST486,2014-08-20,2014-08-24,2014-08-29,240.16,240.16,Processed Late,EMP016,5,0.0,0.0,True
INV001246,SUP001,ST056,2014-08-20,2014-08-23,2014-08-26,12.53,12.53,Processed,EMP016,3,0.0,0.0,False
INV001247,SUP006,ST632,2014-08-20,2014-08-27,2014-08-29,224.16,224.16,Processed,EMP013,2,0.0,0.0,False
INV001248,SUP015,ST551,2014-08-20,2014-08-25,2014-08-29,569.95,569.95,Processed Late,EMP007,4,0.0,0.0,True
INV001249,SUP002,ST073,2014-08-20,2014-08-26,2014-08-28,12.28,12.98,Processed,EMP003,2,-0.7,0.7,False
INV001250,SUP006,ST430,2014-08-20,2014-08-26,2014-08-29,4719.84,4719.84,Processed,EMP017,3,0.0,0.0,False
INV001251,SUP002,ST334,2014-08-20,2014-08-25,2014-08-28,128.64,128.64,Processed,EMP021,3,0.0,0.0,False
INV001252,SUP014,ST205,2014-08-20,2014-08-25,2014-08-27,138.78,138.78,Processed,EMP019,2,0.0,0.0,False
INV001253,SUP008,ST056,2014-08-20,2014-08-28,2014-08-31,111.08,111.08,Processed,EMP002,3,0.0,0.0,False
INV001254,SUP008,ST183,2014-08-20,2014-08-28,2014-08-30,887.28,887.28,Processed,EMP006,2,0.0,0.0,False
INV001255,SUP004,ST368,2014-08-20,2014-08-25,2014-08-28,324.36,324.36,Processed,EMP012,3,0.0,0.0,False
INV001256,SUP012,ST583,2014-08-20,2014-08-26,2014-08-28,33.36,33.36,Processed,EMP007,2,0.0,0.0,False
INV001257,SUP008,ST470,2014-08-20,2014-08-26,2014-08-27,8.88,8.88,Processed,EMP023,1,0.0,0.0,False
INV001258,SUP005,ST619,2014-08-20,2014-08-28,2014-08-31,22.2,22.2,Processed,EMP015,3,0.0,0.0,False
INV001259,SUP009,ST236,2014-08-20,2014-08-27,2014-08-31,10.36,10.36,Processed Late,EMP028,4,0.0,0.0,True
INV001260,SUP004,ST606,2014-08-20,2014-08-23,2014-08-25,103.86,103.86,Processed,EMP003,2,0.0,0.0,False
INV001261,SUP012,ST439,2014-08-20,2014-08-28,2014-08-31,98.4,98.4,Processed,EMP025,3,0.0,0.0,False
INV001262,SUP004,ST606,2014-08-20,2014-08-26,2014-08-28,75.48,75.48,Processed,EMP002,2,0.0,0.0,False
INV001263,SUP001,ST042,2014-08-20,2014-08-28,2014-09-07,129.86,129.86,Pending / Delayed,EMP019,10,0.0,0.0,True
INV001264,SUP009,ST404,2014-08-20,2014-08-24,2014-08-27,208.44,208.44,Processed,EMP018,3,0.0,0.0,False
INV001265,SUP004,ST086,2014-08-20,2014-08-24,2014-09-05,42.55,42.55,Pending / Delayed,EMP005,12,0.0,0.0,True
INV001266,SUP007,ST224,2014-08-20,2014-08-28,2014-08-29,3.22,3.4,Processed,EMP026,1,-0.18,0.18,False
INV001267,SUP002,ST017,2014-08-20,2014-08-26,2014-08-28,651.2,651.2,Processed,EMP016,2,0.0,0.0,False
INV001268,SUP008,ST585,2014-08-20,2014-08-27,2014-08-29,2820.29,2820.29,Processed,EMP010,2,0.0,0.0,False
INV001269,SUP003,ST416,2014-08-20,2014-08-27,2014-09-01,82.88,82.88,Processed Late,EMP009,5,0.0,0.0,True
INV001270,SUP012,ST002,2014-08-20,2014-08-25,2014-08-30,1259.57,1259.57,Processed Late,EMP017,5,0.0,0.0,True
INV001271,SUP005,ST437,2014-08-20,2014-08-28,2014-08-29,33.48,33.48,Processed,EMP027,1,0.0,0.0,False
INV001272,SUP004,ST083,2014-08-20,2014-08-23,2014-09-02,116.03,118.75,Pending / Delayed,EMP004,10,-2.72,2.72,True
INV001273,SUP015,ST373,2014-08-20,2014-08-26,2014-08-28,23.34,23.34,Processed,EMP005,2,0.0,0.0,False
INV001274,SUP010,ST042,2014-08-20,2014-08-27,2014-09-08,131.6,131.6,Pending / Delayed,EMP007,12,0.0,0.0,True
INV001275,SUP012,ST069,2014-08-20,2014-08-27,2014-08-30,21.42,21.42,Processed,EMP006,3,0.0,0.0,False
INV001276,SUP006,ST245,2014-08-20,2014-08-28,2014-08-31,102.88,102.88,Processed,EMP029,3,0.0,0.0,False
INV001277,SUP013,ST595,2014-08-20,2014-08-28,2014-08-30,1704.93,1704.93,Processed,EMP009,2,0.0,0.0,False
INV001278,SUP015,ST274,2014-08-20,2014-08-26,2014-08-31,38.25,38.25,Processed Late,EMP004,5,0.0,0.0,True
INV001279,SUP002,ST382,2014-08-20,2014-08-25,2014-08-27,43.65,43.65,Processed,EMP026,2,0.0,0.0,False
INV001280,SUP014,ST126,2014-08-20,2014-08-23,2014-08-28,60.18,57.29,Processed Late,EMP026,5,2.89,2.89,True
INV001281,SUP009,ST300,2014-09-05,2014-09-10,2014-09-12,31.54,31.54,Processed,EMP023,2,0.0,0.0,False
INV001282,SUP012,ST068,2014-09-05,2014-09-11,2014-09-16,41.08,41.08,Processed Late,EMP014,5,0.0,0.0,True
INV001283,SUP015,ST184,2014-09-05,2014-09-12,2014-09-14,52.2,52.2,Processed,EMP002,2,0.0,0.0,False
INV001284,SUP002,ST152,2014-09-05,2014-09-09,2014-09-11,15.65,15.65,Processed,EMP011,2,0.0,0.0,False
INV001285,SUP011,ST024,2014-09-05,2014-09-09,2014-09-14,121.92,121.92,Processed Late,EMP020,5,0.0,0.0,True
INV001286,SUP008,ST356,2014-09-05,2014-09-11,2014-09-14,311.41,311.41,Processed,EMP011,3,0.0,0.0,False
INV001287,SUP002,ST023,2014-09-05,2014-09-09,2014-09-15,256.68,256.68,Processed Late,EMP014,6,0.0,0.0,True
INV001288,SUP007,ST593,2014-09-05,2014-09-13,2014-09-16,372.42,372.42,Processed,EMP030,3,0.0,0.0,False
INV001289,SUP011,ST543,2014-09-05,2014-09-12,2014-09-13,603.0,603.0,Processed,EMP005,1,0.0,0.0,False
INV001290,SUP003,ST314,2014-09-05,2014-09-09,2014-09-11,384.0,384.0,Processed,EMP030,2,0.0,0.0,False
INV001291,SUP006,ST296,2014-09-05,2014-09-12,2014-09-17,1865.9,1865.9,Processed Late,EMP016,5,0.0,0.0,True
INV001292,SUP003,ST165,2014-09-05,2014-09-09,2014-09-12,2612.22,2612.22,Processed,EMP016,3,0.0,0.0,False
INV001293,SUP014,ST158,2014-09-05,2014-09-08,2014-09-10,2735.46,2735.46,Processed,EMP014,2,0.0,0.0,False
INV001294,SUP006,ST589,2014-09-05,2014-09-09,2014-09-13,1242.05,1242.05,Processed Late,EMP006,4,0.0,0.0,True
INV001295,SUP004,ST576,2014-09-05,2014-09-08,2014-09-10,143.4,143.4,Processed,EMP013,2,0.0,0.0,False
INV001296,SUP003,ST382,2014-09-05,2014-09-11,2014-09-16,5061.6,5061.6,Processed Late,EMP015,5,0.0,0.0,True
INV001297,SUP002,ST026,2014-09-05,2014-09-11,2014-09-12,147.35,147.35,Processed,EMP016,1,0.0,0.0,False
INV001298,SUP015,ST328,2014-09-05,2014-09-09,2014-09-11,52.25,50.04,Processed,EMP028,2,2.21,2.21,False
INV001299,SUP006,ST303,2014-09-05,2014-09-09,2014-09-14,64.41,64.41,Processed Late,EMP025,5,0.0,0.0,True
INV001300,SUP013,ST579,2014-09-05,2014-09-08,2014-09-12,2845.6,2845.6,Processed Late,EMP018,4,0.0,0.0,True
INV001301,SUP015,ST042,2014-09-05,2014-09-11,2014-09-14,22.4,22.4,Processed,EMP013,3,0.0,0.0,False
INV001302,SUP001,ST412,2014-09-05,2014-09-08,2014-09-12,161.5,161.5,Processed Late,EMP029,4,0.0,0.0,True
INV001303,SUP002,ST335,2014-09-05,2014-09-12,2014-09-14,632.97,632.97,Processed,EMP026,2,0.0,0.0,False
INV001304,SUP004,ST285,2014-09-05,2014-09-13,2014-09-21,24.0,24.0,Pending / Delayed,EMP026,8,0.0,0.0,True
INV001305,SUP008,ST090,2014-09-05,2014-09-13,2014-09-19,6.44,6.44,Processed Late,EMP012,6,0.0,0.0,True
INV001306,SUP010,ST620,2014-09-05,2014-09-12,2014-09-14,26.24,26.24,Processed,EMP014,2,0.0,0.0,False
INV001307,SUP012,ST438,2014-09-05,2014-09-09,2014-09-12,679.25,679.25,Processed,EMP008,3,0.0,0.0,False
INV001308,SUP006,ST360,2014-09-05,2014-09-09,2014-09-11,896.61,896.61,Processed,EMP025,2,0.0,0.0,False
INV001309,SUP012,ST455,2014-09-05,2014-09-10,2014-09-12,45.76,43.7,Processed,EMP011,2,2.06,2.06,False
INV001310,SUP013,ST435,2014-09-05,2014-09-09,2014-09-14,774.29,835.52,Processed Late,EMP026,5,-61.23,61.23,True
INV001311,SUP003,ST213,2014-09-05,2014-09-13,2014-09-14,143.8,143.8,Processed,EMP015,1,0.0,0.0,False
INV001312,SUP002,ST605,2014-09-05,2014-09-09,2014-09-12,28.98,28.98,Processed,EMP029,3,0.0,0.0,False
INV001313,SUP015,ST280,2014-09-05,2014-09-10,2014-09-22,261.86,261.86,Pending / Delayed,EMP002,12,0.0,0.0,True
INV001314,SUP010,ST141,2014-09-05,2014-09-08,2014-09-12,713.82,697.68,Processed Late,EMP015,4,16.14,16.14,True
INV001315,SUP008,ST044,2014-09-05,2014-09-09,2014-09-12,1786.12,1786.12,Processed,EMP024,3,0.0,0.0,False
INV001316,SUP009,ST475,2014-09-05,2014-09-13,2014-09-18,1538.4,1538.4,Processed Late,EMP005,5,0.0,0.0,True
INV001317,SUP005,ST484,2014-09-05,2014-09-13,2014-09-18,5.5,5.5,Processed Late,EMP026,5,0.0,0.0,True
INV001318,SUP008,ST251,2014-09-05,2014-09-13,2014-09-18,27.5,27.5,Processed Late,EMP022,5,0.0,0.0,True
INV001319,SUP002,ST614,2014-09-05,2014-09-13,2014-09-16,27.4,27.4,Processed,EMP030,3,0.0,0.0,False
INV001320,SUP014,ST265,2014-09-05,2014-09-11,2014-09-13,148.24,148.24,Processed,EMP003,2,0.0,0.0,False
INV001321,SUP012,ST590,2014-09-05,2014-09-10,2014-09-13,139.15,139.15,Processed,EMP026,3,0.0,0.0,False
INV001322,SUP001,ST150,2014-09-05,2014-09-12,2014-09-14,706.3,706.3,Processed,EMP024,2,0.0,0.0,False
INV001323,SUP001,ST280,2014-09-05,2014-09-10,2014-09-12,14.94,14.94,Processed,EMP029,2,0.0,0.0,False
INV001324,SUP005,ST543,2014-09-05,2014-09-08,2014-09-11,27.82,27.82,Processed,EMP006,3,0.0,0.0,False
INV001325,SUP003,ST097,2014-09-05,2014-09-09,2014-09-11,256.16,256.16,Processed,EMP006,2,0.0,0.0,False
INV001326,SUP014,ST324,2014-09-05,2014-09-12,2014-09-18,404.39,404.39,Processed Late,EMP018,6,0.0,0.0,True
INV001327,SUP010,ST361,2014-09-05,2014-09-12,2014-09-15,23.4,23.4,Processed,EMP018,3,0.0,0.0,False
INV001328,SUP006,ST497,2014-09-05,2014-09-11,2014-09-13,260.7,260.7,Processed,EMP007,2,0.0,0.0,False
INV001329,SUP003,ST516,2014-09-05,2014-09-10,2014-09-11,123.62,123.62,Processed,EMP006,1,0.0,0.0,False
INV001330,SUP009,ST629,2014-09-05,2014-09-12,2014-09-13,35.92,35.92,Processed,EMP003,1,0.0,0.0,False
INV001331,SUP012,ST117,2014-09-05,2014-09-09,2014-09-11,38.57,38.57,Processed,EMP029,2,0.0,0.0,False
INV001332,SUP003,ST018,2014-09-05,2014-09-09,2014-09-15,27.63,27.32,Processed Late,EMP015,6,0.31,0.31,True
INV001333,SUP003,ST453,2014-09-05,2014-09-11,2014-09-16,5411.45,5411.45,Processed Late,EMP026,5,0.0,0.0,True
INV001334,SUP005,ST030,2014-09-05,2014-09-08,2014-09-09,54.72,54.72,Processed,EMP023,1,0.0,0.0,False
INV001335,SUP003,ST233,2014-09-05,2014-09-08,2014-09-10,751.62,751.62,Processed,EMP016,2,0.0,0.0,False
INV001336,SUP002,ST436,2014-09-05,2014-09-08,2014-09-10,11.84,11.84,Processed,EMP022,2,0.0,0.0,False
INV001337,SUP013,ST442,2014-09-05,2014-09-12,2014-09-17,35.0,35.0,Processed Late,EMP012,5,0.0,0.0,True
INV001338,SUP011,ST526,2014-09-05,2014-09-13,2014-09-16,14.67,14.4,Processed,EMP005,3,0.27,0.27,False
INV001339,SUP005,ST045,2014-09-05,2014-09-08,2014-09-09,2139.28,2139.28,Processed,EMP021,1,0.0,0.0,False
INV001340,SUP013,ST127,2014-09-05,2014-09-12,2014-09-13,3.94,3.8,Processed,EMP027,1,0.14,0.14,False
INV001341,SUP003,ST360,2014-09-05,2014-09-09,2014-09-12,7939.0,7939.0,Processed,EMP007,3,0.0,0.0,False
INV001342,SUP005,ST594,2014-09-05,2014-09-09,2014-09-12,1328.28,1328.28,Processed,EMP029,3,0.0,0.0,False
INV001343,SUP013,ST628,2014-09-05,2014-09-08,2014-09-11,389.55,389.55,Processed,EMP002,3,0.0,0.0,False
INV001344,SUP014,ST593,2014-09-05,2014-09-11,2014-09-12,294.0,294.0,Processed,EMP007,1,0.0,0.0,False
INV001345,SUP005,ST176,2014-09-05,2014-09-09,2014-09-12,181.6,181.6,Processed,EMP018,3,0.0,0.0,False
INV001346,SUP015,ST517,2014-09-05,2014-09-10,2014-09-13,247.25,247.25,Processed,EMP018,3,0.0,0.0,False
INV001347,SUP011,ST110,2014-09-05,2014-09-11,2014-09-22,35.0,35.0,Pending / Delayed,EMP027,11,0.0,0.0,True
INV001348,SUP007,ST220,2014-09-05,2014-09-10,2014-09-13,716.04,716.04,Processed,EMP005,3,0.0,0.0,False
INV001349,SUP006,ST127,2014-09-05,2014-09-11,2014-09-12,624.45,624.45,Processed,EMP025,1,0.0,0.0,False
INV001350,SUP013,ST370,2014-09-05,2014-09-12,2014-09-15,94.68,94.68,Processed,EMP024,3,0.0,0.0,False
INV001351,SUP008,ST119,2014-09-05,2014-09-13,2014-09-23,35.55,35.55,Pending / Delayed,EMP023,10,0.0,0.0,True
INV001352,SUP005,ST455,2014-09-05,2014-09-11,2014-09-12,108.25,116.96,Processed,EMP026,1,-8.71,8.71,False
INV001353,SUP014,ST439,2014-09-05,2014-09-12,2014-09-16,551.4,551.4,Processed Late,EMP025,4,0.0,0.0,True
INV001354,SUP013,ST488,2014-09-05,2014-09-10,2014-09-12,343.8,343.8,Processed,EMP012,2,0.0,0.0,False
INV001355,SUP008,ST108,2014-09-05,2014-09-08,2014-09-17,146.26,146.26,Pending / Delayed,EMP023,9,0.0,0.0,True
INV001356,SUP002,ST123,2014-09-05,2014-09-12,2014-09-15,150.84,150.84,Processed,EMP022,3,0.0,0.0,False
INV001357,SUP002,ST173,2014-09-05,2014-09-09,2014-09-11,96.54,97.16,Processed,EMP006,2,-0.62,0.62,False
INV001358,SUP010,ST414,2014-09-05,2014-09-10,2014-09-12,45.68,45.68,Processed,EMP025,2,0.0,0.0,False
INV001359,SUP005,ST596,2014-09-05,2014-09-10,2014-09-22,780.63,793.35,Pending / Delayed,EMP002,12,-12.72,12.72,True
INV001360,SUP011,ST618,2014-09-05,2014-09-08,2014-09-12,18.06,18.06,Processed Late,EMP019,4,0.0,0.0,True
INV001361,SUP013,ST466,2014-09-20,2014-09-26,2014-10-02,42.12,42.12,Processed Late,EMP021,6,0.0,0.0,True
INV001362,SUP004,ST138,2014-09-20,2014-09-23,2014-09-26,16.6,16.6,Processed,EMP022,3,0.0,0.0,False
INV001363,SUP008,ST028,2014-09-20,2014-09-27,2014-10-02,4.92,4.92,Processed Late,EMP015,5,0.0,0.0,True
INV001364,SUP010,ST099,2014-09-20,2014-09-25,2014-09-26,2573.52,2573.52,Processed,EMP026,1,0.0,0.0,False
INV001365,SUP013,ST478,2014-09-20,2014-09-24,2014-09-28,200.88,200.88,Processed Late,EMP014,4,0.0,0.0,True
INV001366,SUP005,ST556,2014-09-20,2014-09-28,2014-09-30,86.19,86.19,Processed,EMP012,2,0.0,0.0,False
INV001367,SUP013,ST033,2014-09-20,2014-09-27,2014-09-30,3241.84,3221.26,Processed,EMP005,3,20.58,20.58,False
INV001368,SUP014,ST386,2014-09-20,2014-09-28,2014-10-01,54.46,54.46,Processed,EMP002,3,0.0,0.0,False
INV001369,SUP009,ST311,2014-09-20,2014-09-26,2014-10-02,243.96,243.96,Processed Late,EMP003,6,0.0,0.0,True
INV001370,SUP012,ST399,2014-09-20,2014-09-27,2014-10-01,1856.36,1876.8,Processed Late,EMP002,4,-20.44,20.44,True
INV001371,SUP008,ST568,2014-09-20,2014-09-24,2014-09-27,499.45,499.45,Processed,EMP028,3,0.0,0.0,False
INV001372,SUP014,ST161,2014-09-20,2014-09-23,2014-09-25,192.61,192.61,Processed,EMP009,2,0.0,0.0,False
INV001373,SUP010,ST387,2014-09-20,2014-09-27,2014-10-01,312.62,312.62,Processed Late,EMP009,4,0.0,0.0,True
INV001374,SUP005,ST329,2014-09-20,2014-09-26,2014-09-29,340.6,340.6,Processed,EMP030,3,0.0,0.0,False
INV001375,SUP014,ST376,2014-09-20,2014-09-27,2014-09-30,88.8,88.8,Processed,EMP019,3,0.0,0.0,False
INV001376,SUP015,ST350,2014-09-20,2014-09-27,2014-09-29,1982.0,1982.0,Processed,EMP030,2,0.0,0.0,False
INV001377,SUP006,ST422,2014-09-20,2014-09-25,2014-09-26,50.55,50.55,Processed,EMP006,1,0.0,0.0,False
INV001378,SUP011,ST320,2014-09-20,2014-09-28,2014-09-29,36.99,36.99,Processed,EMP020,1,0.0,0.0,False
INV001379,SUP002,ST346,2014-09-20,2014-09-25,2014-09-30,27.0,27.0,Processed Late,EMP012,5,0.0,0.0,True
INV001380,SUP008,ST433,2014-09-20,2014-09-24,2014-09-26,2912.7,2912.7,Processed,EMP009,2,0.0,0.0,False
INV001381,SUP012,ST481,2014-09-20,2014-09-27,2014-09-28,154.2,154.2,Processed,EMP022,1,0.0,0.0,False
INV001382,SUP007,ST331,2014-09-20,2014-09-24,2014-09-27,115.56,115.56,Processed,EMP017,3,0.0,0.0,False
INV001383,SUP011,ST211,2014-09-20,2014-09-23,2014-09-26,703.63,703.63,Processed,EMP022,3,0.0,0.0,False
INV001384,SUP011,ST348,2014-09-20,2014-09-24,2014-09-28,110.52,110.52,Processed Late,EMP008,4,0.0,0.0,True
INV001385,SUP007,ST207,2014-09-20,2014-09-25,2014-09-27,554.4,554.4,Processed,EMP025,2,0.0,0.0,False
INV001386,SUP009,ST220,2014-09-20,2014-09-26,2014-09-27,60.68,63.64,Processed,EMP004,1,-2.96,2.96,False
INV001387,SUP010,ST412,2014-09-20,2014-09-27,2014-09-29,4.71,4.71,Processed,EMP021,2,0.0,0.0,False
INV001388,SUP010,ST098,2014-09-20,2014-09-27,2014-09-30,493.76,493.76,Processed,EMP001,3,0.0,0.0,False
INV001389,SUP013,ST544,2014-09-20,2014-09-28,2014-10-02,26.55,26.2,Processed Late,EMP022,4,0.35,0.35,True
INV001390,SUP002,ST310,2014-09-20,2014-09-25,2014-09-28,20.16,20.16,Processed,EMP005,3,0.0,0.0,False
INV001391,SUP009,ST321,2014-09-20,2014-09-27,2014-09-28,90.2,90.2,Processed,EMP001,1,0.0,0.0,False
INV001392,SUP009,ST465,2014-09-20,2014-09-23,2014-09-26,34.44,34.44,Processed,EMP011,3,0.0,0.0,False
INV001393,SUP009,ST192,2014-09-20,2014-09-25,2014-09-28,2.22,2.22,Processed,EMP028,3,0.0,0.0,False
INV001394,SUP014,ST479,2014-09-20,2014-09-26,2014-09-29,105.44,105.44,Processed,EMP030,3,0.0,0.0,False
INV001395,SUP014,ST445,2014-09-20,2014-09-23,2014-09-26,2246.94,2246.94,Processed,EMP002,3,0.0,0.0,False
INV001396,SUP006,ST474,2014-09-20,2014-09-27,2014-10-08,9.77,10.26,Pending / Delayed,EMP030,11,-0.49,0.49,True
INV001397,SUP013,ST308,2014-09-20,2014-09-28,2014-09-30,9.73,10.14,Processed,EMP014,2,-0.41,0.41,False
INV001398,SUP015,ST066,2014-09-20,2014-09-26,2014-09-28,41.64,41.64,Processed,EMP028,2,0.0,0.0,False
INV001399,SUP005,ST165,2014-09-20,2014-09-28,2014-09-29,2538.3,2538.3,Processed,EMP026,1,0.0,0.0,False
INV001400,SUP002,ST154,2014-09-20,2014-09-27,2014-09-29,204.3,204.3,Processed,EMP019,2,0.0,0.0,False
INV001401,SUP005,ST476,2014-09-20,2014-09-26,2014-09-30,32.4,32.4,Processed Late,EMP029,4,0.0,0.0,True
INV001402,SUP015,ST038,2014-09-20,2014-09-27,2014-09-29,56.4,56.4,Processed,EMP025,2,0.0,0.0,False
INV001403,SUP005,ST285,2014-09-20,2014-09-26,2014-09-28,31.9,31.9,Processed,EMP028,2,0.0,0.0,False
INV001404,SUP008,ST021,2014-09-20,2014-09-27,2014-09-30,37.62,37.62,Processed,EMP012,3,0.0,0.0,False
INV001405,SUP005,ST066,2014-09-20,2014-09-28,2014-09-29,28.48,28.48,Processed,EMP023,1,0.0,0.0,False
INV001406,SUP014,ST144,2014-09-20,2014-09-26,2014-10-05,127.28,127.28,Pending / Delayed,EMP015,9,0.0,0.0,True
INV001407,SUP015,ST124,2014-09-20,2014-09-26,2014-09-27,80.2,80.2,Processed,EMP025,1,0.0,0.0,False
INV001408,SUP015,ST538,2014-09-20,2014-09-27,2014-10-01,75.8,75.8,Processed Late,EMP024,4,0.0,0.0,True
INV001409,SUP002,ST321,2014-09-20,2014-09-25,2014-09-29,52.64,52.64,Processed Late,EMP011,4,0.0,0.0,True
INV001410,SUP013,ST242,2014-09-20,2014-09-26,2014-10-04,164.6,164.6,Pending / Delayed,EMP010,8,0.0,0.0,True
INV001411,SUP004,ST282,2014-09-20,2014-09-28,2014-10-07,40.92,40.92,Pending / Delayed,EMP030,9,0.0,0.0,True
INV001412,SUP001,ST503,2014-09-20,2014-09-23,2014-09-30,635.4,635.4,Pending / Delayed,EMP006,7,0.0,0.0,True
INV001413,SUP007,ST487,2014-09-20,2014-09-24,2014-09-30,408.35,408.35,Processed Late,EMP009,6,0.0,0.0,True
INV001414,SUP012,ST377,2014-09-20,2014-09-23,2014-09-28,30.12,30.12,Processed Late,EMP006,5,0.0,0.0,True
INV001415,SUP011,ST056,2014-09-20,2014-09-26,2014-10-02,27.75,27.75,Processed Late,EMP019,6,0.0,0.0,True
INV001416,SUP011,ST372,2014-09-20,2014-09-28,2014-10-02,62.51,62.51,Processed Late,EMP022,4,0.0,0.0,True
INV001417,SUP007,ST009,2014-09-20,2014-09-24,2014-09-30,155.16,155.16,Processed Late,EMP002,6,0.0,0.0,True
INV001418,SUP014,ST242,2014-09-20,2014-09-27,2014-09-28,44.99,44.99,Processed,EMP013,1,0.0,0.0,False
INV001419,SUP011,ST325,2014-09-20,2014-09-27,2014-10-02,57.4,57.4,Processed Late,EMP028,5,0.0,0.0,True
INV001420,SUP002,ST504,2014-09-20,2014-09-23,2014-09-26,9.81,9.81,Processed,EMP024,3,0.0,0.0,False
INV001421,SUP006,ST433,2014-09-20,2014-09-27,2014-09-28,46.05,46.05,Processed,EMP026,1,0.0,0.0,False
INV001422,SUP009,ST068,2014-09-20,2014-09-26,2014-09-27,1543.85,1543.85,Processed,EMP004,1,0.0,0.0,False
INV001423,SUP008,ST029,2014-09-20,2014-09-24,2014-09-26,626.41,600.97,Processed,EMP001,2,25.44,25.44,False
INV001424,SUP013,ST140,2014-09-20,2014-09-26,2014-09-30,204.54,204.54,Processed Late,EMP021,4,0.0,0.0,True
INV001425,SUP006,ST590,2014-09-20,2014-09-24,2014-10-05,64.87,60.72,Pending / Delayed,EMP007,11,4.15,4.15,True
INV001426,SUP012,ST134,2014-09-20,2014-09-26,2014-09-30,66.01,66.01,Processed Late,EMP011,4,0.0,0.0,True
INV001427,SUP006,ST463,2014-09-20,2014-09-26,2014-09-29,33.45,33.45,Processed,EMP004,3,0.0,0.0,False
INV001428,SUP011,ST608,2014-09-20,2014-09-26,2014-09-29,53.22,53.22,Processed,EMP016,3,0.0,0.0,False
INV001429,SUP007,ST377,2014-09-20,2014-09-27,2014-09-30,34.21,34.21,Processed,EMP008,3,0.0,0.0,False
INV001430,SUP015,ST585,2014-09-20,2014-09-23,2014-09-24,467.18,467.18,Processed,EMP013,1,0.0,0.0,False
INV001431,SUP011,ST627,2014-09-20,2014-09-24,2014-09-27,54.04,54.04,Processed,EMP011,3,0.0,0.0,False
INV001432,SUP012,ST173,2014-09-20,2014-09-23,2014-09-26,4322.56,4322.56,Processed,EMP014,3,0.0,0.0,False
INV001433,SUP003,ST092,2014-09-20,2014-09-23,2014-09-25,147.9,147.9,Processed,EMP006,2,0.0,0.0,False
INV001434,SUP012,ST539,2014-09-20,2014-09-25,2014-09-28,78.6,78.6,Processed,EMP004,3,0.0,0.0,False
INV001435,SUP008,ST122,2014-09-20,2014-09-23,2014-10-03,3461.44,3461.44,Pending / Delayed,EMP004,10,0.0,0.0,True
INV001436,SUP014,ST273,2014-09-20,2014-09-28,2014-10-02,29.04,29.04,Processed Late,EMP011,4,0.0,0.0,True
INV001437,SUP007,ST212,2014-09-20,2014-09-24,2014-10-06,4427.65,4427.65,Pending / Delayed,EMP025,12,0.0,0.0,True
INV001438,SUP004,ST429,2014-09-20,2014-09-27,2014-09-29,5661.92,5661.92,Processed,EMP018,2,0.0,0.0,False
INV001439,SUP005,ST242,2014-09-20,2014-09-23,2014-09-26,316.86,316.86,Processed,EMP029,3,0.0,0.0,False
INV001440,SUP011,ST470,2014-09-20,2014-09-24,2014-09-26,22.77,22.77,Processed,EMP007,2,0.0,0.0,False
INV001441,SUP006,ST408,2014-10-05,2014-10-13,2014-10-17,60.52,60.52,Processed Late,EMP024,4,0.0,0.0,True
INV001442,SUP012,ST612,2014-10-05,2014-10-13,2014-10-16,1604.54,1604.54,Processed,EMP022,3,0.0,0.0,False
INV001443,SUP001,ST341,2014-10-05,2014-10-11,2014-10-14,1602.45,1602.45,Processed,EMP013,3,0.0,0.0,False
INV001444,SUP011,ST613,2014-10-05,2014-10-11,2014-10-22,20.93,20.93,Pending / Delayed,EMP019,11,0.0,0.0,True
INV001445,SUP007,ST310,2014-10-05,2014-10-09,2014-10-10,24.6,24.6,Processed,EMP023,1,0.0,0.0,False
INV001446,SUP015,ST573,2014-10-05,2014-10-10,2014-10-14,1761.5,1761.5,Processed Late,EMP013,4,0.0,0.0,True
INV001447,SUP009,ST505,2014-10-05,2014-10-09,2014-10-12,22.47,22.47,Processed,EMP029,3,0.0,0.0,False
INV001448,SUP012,ST544,2014-10-05,2014-10-08,2014-10-10,12.96,12.96,Processed,EMP029,2,0.0,0.0,False
INV001449,SUP001,ST131,2014-10-05,2014-10-10,2014-10-11,201.6,201.6,Processed,EMP013,1,0.0,0.0,False
INV001450,SUP015,ST441,2014-10-05,2014-10-09,2014-10-11,10.01,9.6,Processed,EMP007,2,0.41,0.41,False
INV001451,SUP007,ST169,2014-10-05,2014-10-11,2014-10-13,104.3,104.3,Processed,EMP027,2,0.0,0.0,False
INV001452,SUP003,ST570,2014-10-05,2014-10-09,2014-10-14,1376.83,1376.83,Processed Late,EMP012,5,0.0,0.0,True
INV001453,SUP004,ST188,2014-10-05,2014-10-11,2014-10-12,19.2,19.2,Processed,EMP012,1,0.0,0.0,False
INV001454,SUP008,ST447,2014-10-05,2014-10-09,2014-10-12,1472.9,1472.9,Processed,EMP022,3,0.0,0.0,False
INV001455,SUP012,ST575,2014-10-05,2014-10-12,2014-10-13,53.91,53.91,Processed,EMP009,1,0.0,0.0,False
INV001456,SUP012,ST152,2014-10-05,2014-10-09,2014-10-10,25.38,26.01,Processed,EMP003,1,-0.63,0.63,False
INV001457,SUP005,ST185,2014-10-05,2014-10-13,2014-10-15,635.28,635.28,Processed,EMP002,2,0.0,0.0,False
INV001458,SUP010,ST600,2014-10-05,2014-10-08,2014-10-11,269.25,272.88,Processed,EMP008,3,-3.63,3.63,False
INV001459,SUP010,ST185,2014-10-05,2014-10-10,2014-10-16,217.1,217.1,Processed Late,EMP019,6,0.0,0.0,True
INV001460,SUP011,ST097,2014-10-05,2014-10-12,2014-10-14,25.02,25.02,Processed,EMP013,2,0.0,0.0,False
INV001461,SUP011,ST125,2014-10-05,2014-10-13,2014-10-20,18.37,18.37,Pending / Delayed,EMP009,7,0.0,0.0,True
INV001462,SUP002,ST332,2014-10-05,2014-10-10,2014-10-14,22.4,22.4,Processed Late,EMP019,4,0.0,0.0,True
INV001463,SUP012,ST492,2014-10-05,2014-10-11,2014-10-13,398.76,398.76,Processed,EMP029,2,0.0,0.0,False
INV001464,SUP001,ST338,2014-10-05,2014-10-09,2014-10-14,6.7,6.7,Processed Late,EMP004,5,0.0,0.0,True
INV001465,SUP012,ST583,2014-10-05,2014-10-12,2014-10-13,100.48,100.48,Processed,EMP030,1,0.0,0.0,False
INV001466,SUP005,ST331,2014-10-05,2014-10-12,2014-10-23,376.4,372.15,Pending / Delayed,EMP016,11,4.25,4.25,True
INV001467,SUP010,ST391,2014-10-05,2014-10-08,2014-10-14,52.28,52.28,Processed Late,EMP030,6,0.0,0.0,True
INV001468,SUP013,ST409,2014-10-05,2014-10-10,2014-10-15,103.0,103.0,Processed Late,EMP025,5,0.0,0.0,True
INV001469,SUP013,ST413,2014-10-05,2014-10-12,2014-10-13,22.0,22.0,Processed,EMP020,1,0.0,0.0,False
INV001470,SUP008,ST443,2014-10-05,2014-10-12,2014-10-15,81.66,81.66,Processed,EMP022,3,0.0,0.0,False
INV001471,SUP002,ST377,2014-10-05,2014-10-11,2014-10-14,133.68,133.68,Processed,EMP010,3,0.0,0.0,False
INV001472,SUP007,ST488,2014-10-05,2014-10-09,2014-10-16,3278.79,3278.79,Pending / Delayed,EMP004,7,0.0,0.0,True
INV001473,SUP007,ST378,2014-10-05,2014-10-08,2014-10-09,379.16,371.7,Processed,EMP005,1,7.46,7.46,False
INV001474,SUP002,ST042,2014-10-05,2014-10-12,2014-10-14,1440.6,1440.6,Processed,EMP001,2,0.0,0.0,False
INV001475,SUP011,ST159,2014-10-05,2014-10-10,2014-10-11,65.6,65.6,Processed,EMP004,1,0.0,0.0,False
INV001476,SUP008,ST448,2014-10-05,2014-10-13,2014-10-14,3898.8,3898.8,Processed,EMP013,1,0.0,0.0,False
INV001477,SUP003,ST308,2014-10-05,2014-10-10,2014-10-11,14.79,14.79,Processed,EMP023,1,0.0,0.0,False
INV001478,SUP001,ST565,2014-10-05,2014-10-08,2014-10-11,532.35,532.35,Processed,EMP004,3,0.0,0.0,False
INV001479,SUP007,ST423,2014-10-05,2014-10-12,2014-10-13,1849.86,1849.86,Processed,EMP026,1,0.0,0.0,False
INV001480,SUP006,ST261,2014-10-05,2014-10-09,2014-10-12,1190.8,1190.8,Processed,EMP020,3,0.0,0.0,False
INV001481,SUP012,ST474,2014-10-05,2014-10-11,2014-10-17,71.28,71.28,Processed Late,EMP024,6,0.0,0.0,True
INV001482,SUP001,ST086,2014-10-05,2014-10-09,2014-10-12,52.92,52.92,Processed,EMP026,3,0.0,0.0,False
INV001483,SUP012,ST466,2014-10-05,2014-10-10,2014-10-16,36.08,36.08,Processed Late,EMP002,6,0.0,0.0,True
INV001484,SUP015,ST192,2014-10-05,2014-10-08,2014-10-11,501.9,501.9,Processed,EMP012,3,0.0,0.0,False
INV001485,SUP010,ST266,2014-10-05,2014-10-13,2014-10-14,520.28,520.28,Processed,EMP022,1,0.0,0.0,False
INV001486,SUP007,ST120,2014-10-05,2014-10-12,2014-10-17,1575.67,1575.67,Processed Late,EMP009,5,0.0,0.0,True
INV001487,SUP007,ST617,2014-10-05,2014-10-08,2014-10-09,5180.58,5180.58,Processed,EMP002,1,0.0,0.0,False
INV001488,SUP012,ST405,2014-10-05,2014-10-10,2014-10-11,349.31,349.31,Processed,EMP021,1,0.0,0.0,False
INV001489,SUP004,ST115,2014-10-05,2014-10-12,2014-10-13,12.42,12.42,Processed,EMP012,1,0.0,0.0,False
INV001490,SUP004,ST493,2014-10-05,2014-10-10,2014-10-11,24.24,24.24,Processed,EMP023,1,0.0,0.0,False
INV001491,SUP011,ST552,2014-10-05,2014-10-10,2014-10-11,98.01,98.01,Processed,EMP022,1,0.0,0.0,False
INV001492,SUP003,ST486,2014-10-05,2014-10-10,2014-10-18,53.68,53.68,Pending / Delayed,EMP018,8,0.0,0.0,True
INV001493,SUP003,ST456,2014-10-05,2014-10-12,2014-10-13,12.15,12.15,Processed,EMP005,1,0.0,0.0,False
INV001494,SUP010,ST249,2014-10-05,2014-10-09,2014-10-10,234.68,234.68,Processed,EMP023,1,0.0,0.0,False
INV001495,SUP007,ST053,2014-10-05,2014-10-11,2014-10-13,94.0,94.0,Processed,EMP001,2,0.0,0.0,False
INV001496,SUP012,ST443,2014-10-05,2014-10-11,2014-10-13,138.1,138.1,Processed,EMP029,2,0.0,0.0,False
INV001497,SUP010,ST568,2014-10-05,2014-10-09,2014-10-12,44.54,44.54,Processed,EMP009,3,0.0,0.0,False
INV001498,SUP009,ST606,2014-10-05,2014-10-13,2014-10-14,205.53,205.53,Processed,EMP002,1,0.0,0.0,False
INV001499,SUP001,ST541,2014-10-05,2014-10-11,2014-10-15,5000.21,5000.21,Processed Late,EMP019,4,0.0,0.0,True
INV001500,SUP002,ST275,2014-10-05,2014-10-08,2014-10-11,1078.6,1078.6,Processed,EMP020,3,0.0,0.0,False
INV001501,SUP011,ST356,2014-10-05,2014-10-08,2014-10-12,444.75,444.75,Processed Late,EMP025,4,0.0,0.0,True
INV001502,SUP005,ST197,2014-10-05,2014-10-12,2014-10-16,19.05,19.05,Processed Late,EMP027,4,0.0,0.0,True
INV001503,SUP004,ST602,2014-10-05,2014-10-12,2014-10-13,48.0,48.0,Processed,EMP010,1,0.0,0.0,False
INV001504,SUP005,ST400,2014-10-05,2014-10-10,2014-10-13,78.24,78.24,Processed,EMP005,3,0.0,0.0,False
INV001505,SUP013,ST166,2014-10-05,2014-10-10,2014-10-15,257.66,257.66,Processed Late,EMP023,5,0.0,0.0,True
INV001506,SUP002,ST495,2014-10-05,2014-10-09,2014-10-12,78.98,78.98,Processed,EMP004,3,0.0,0.0,False
INV001507,SUP008,ST104,2014-10-05,2014-10-12,2014-10-14,25.12,25.12,Processed,EMP027,2,0.0,0.0,False
INV001508,SUP009,ST049,2014-10-05,2014-10-12,2014-10-15,19.25,19.25,Processed,EMP023,3,0.0,0.0,False
INV001509,SUP003,ST179,2014-10-05,2014-10-10,2014-10-12,24.8,24.8,Processed,EMP008,2,0.0,0.0,False
INV001510,SUP002,ST233,2014-10-05,2014-10-12,2014-10-13,15.84,15.84,Processed,EMP012,1,0.0,0.0,False
INV001511,SUP006,ST364,2014-10-05,2014-10-09,2014-10-11,39.86,37.44,Processed,EMP030,2,2.42,2.42,False
INV001512,SUP003,ST528,2014-10-05,2014-10-08,2014-10-14,79.73,81.13,Processed Late,EMP013,6,-1.4,1.4,True
INV001513,SUP015,ST449,2014-10-05,2014-10-13,2014-10-19,31.2,31.2,Processed Late,EMP024,6,0.0,0.0,True
INV001514,SUP013,ST626,2014-10-05,2014-10-10,2014-10-16,1773.75,1773.75,Processed Late,EMP013,6,0.0,0.0,True
INV001515,SUP001,ST520,2014-10-05,2014-10-13,2014-10-15,135.3,135.3,Processed,EMP016,2,0.0,0.0,False
INV001516,SUP015,ST371,2014-10-05,2014-10-12,2014-10-18,104.8,104.8,Processed Late,EMP017,6,0.0,0.0,True
INV001517,SUP013,ST519,2014-10-05,2014-10-11,2014-10-13,153.38,158.18,Processed,EMP023,2,-4.8,4.8,False
INV001518,SUP006,ST343,2014-10-05,2014-10-11,2014-10-14,15.05,15.05,Processed,EMP021,3,0.0,0.0,False
INV001519,SUP007,ST007,2014-10-05,2014-10-10,2014-10-13,26.64,26.64,Processed,EMP001,3,0.0,0.0,False
INV001520,SUP009,ST176,2014-10-05,2014-10-13,2014-10-18,55.42,55.42,Processed Late,EMP021,5,0.0,0.0,True
INV001521,SUP007,ST370,2014-10-20,2014-10-26,2014-10-27,1237.86,1237.86,Processed,EMP008,1,0.0,0.0,False
INV001522,SUP004,ST142,2014-10-20,2014-10-25,2014-10-30,41.4,41.4,Processed Late,EMP026,5,0.0,0.0,True
INV001523,SUP014,ST529,2014-10-20,2014-10-25,2014-10-26,54.6,54.6,Processed,EMP025,1,0.0,0.0,False
INV001524,SUP001,ST530,2014-10-20,2014-10-26,2014-10-31,1018.56,1018.56,Processed Late,EMP002,5,0.0,0.0,True
INV001525,SUP013,ST169,2014-10-20,2014-10-27,2014-11-02,2948.52,2948.52,Processed Late,EMP019,6,0.0,0.0,True
INV001526,SUP011,ST155,2014-10-20,2014-10-26,2014-10-29,135.66,135.66,Processed,EMP014,3,0.0,0.0,False
INV001527,SUP007,ST412,2014-10-20,2014-10-24,2014-11-03,2638.62,2638.62,Pending / Delayed,EMP007,10,0.0,0.0,True
INV001528,SUP006,ST353,2014-10-20,2014-10-23,2014-10-29,149.16,149.16,Processed Late,EMP019,6,0.0,0.0,True
INV001529,SUP010,ST151,2014-10-20,2014-10-26,2014-10-28,991.4,991.4,Processed,EMP019,2,0.0,0.0,False
INV001530,SUP010,ST453,2014-10-20,2014-10-27,2014-10-30,12.16,12.16,Processed,EMP023,3,0.0,0.0,False
INV001531,SUP015,ST309,2014-10-20,2014-10-23,2014-10-28,1388.1,1388.1,Processed Late,EMP027,5,0.0,0.0,True
INV001532,SUP012,ST130,2014-10-20,2014-10-23,2014-10-26,30.02,30.02,Processed,EMP025,3,0.0,0.0,False
INV001533,SUP009,ST566,2014-10-20,2014-10-23,2014-10-25,275.66,275.66,Processed,EMP002,2,0.0,0.0,False
INV001534,SUP003,ST024,2014-10-20,2014-10-23,2014-10-29,752.28,752.28,Processed Late,EMP019,6,0.0,0.0,True
INV001535,SUP004,ST312,2014-10-20,2014-10-26,2014-10-27,39.52,39.52,Processed,EMP022,1,0.0,0.0,False
INV001536,SUP014,ST382,2014-10-20,2014-10-23,2014-10-26,16.85,16.85,Processed,EMP017,3,0.0,0.0,False
INV001537,SUP001,ST128,2014-10-20,2014-10-28,2014-11-03,48.96,48.96,Processed Late,EMP004,6,0.0,0.0,True
INV001538,SUP008,ST348,2014-10-20,2014-10-24,2014-10-27,1246.2,1246.2,Processed,EMP028,3,0.0,0.0,False
INV001539,SUP015,ST547,2014-10-20,2014-10-27,2014-10-29,47.6,47.6,Processed,EMP009,2,0.0,0.0,False
INV001540,SUP011,ST587,2014-10-20,2014-10-25,2014-11-03,148.07,148.07,Pending / Delayed,EMP024,9,0.0,0.0,True
INV001541,SUP004,ST108,2014-10-20,2014-10-26,2014-11-02,42.42,42.42,Pending / Delayed,EMP008,7,0.0,0.0,True
INV001542,SUP013,ST370,2014-10-20,2014-10-27,2014-10-28,20.26,18.8,Processed,EMP024,1,1.46,1.46,False
INV001543,SUP014,ST422,2014-10-20,2014-10-25,2014-11-01,101.65,95.52,Pending / Delayed,EMP028,7,6.13,6.13,True
INV001544,SUP003,ST488,2014-10-20,2014-10-28,2014-11-04,7.29,7.29,Pending / Delayed,EMP025,7,0.0,0.0,True
INV001545,SUP009,ST413,2014-10-20,2014-10-25,2014-10-28,1018.04,1018.04,Processed,EMP012,3,0.0,0.0,False
INV001546,SUP014,ST271,2014-10-20,2014-10-27,2014-10-29,547.02,547.02,Processed,EMP026,2,0.0,0.0,False
INV001547,SUP012,ST502,2014-10-20,2014-10-26,2014-10-29,1855.2,1855.2,Processed,EMP024,3,0.0,0.0,False
INV001548,SUP003,ST497,2014-10-20,2014-10-24,2014-10-26,92.61,92.61,Processed,EMP009,2,0.0,0.0,False
INV001549,SUP002,ST218,2014-10-20,2014-10-25,2014-10-28,87.12,87.12,Processed,EMP005,3,0.0,0.0,False
INV001550,SUP009,ST379,2014-10-20,2014-10-24,2014-10-25,27.27,27.27,Processed,EMP016,1,0.0,0.0,False
INV001551,SUP006,ST586,2014-10-20,2014-10-24,2014-10-26,47.7,47.7,Processed,EMP008,2,0.0,0.0,False
INV001552,SUP006,ST313,2014-10-20,2014-10-24,2014-10-26,821.25,802.98,Processed,EMP015,2,18.27,18.27,False
INV001553,SUP013,ST147,2014-10-20,2014-10-28,2014-10-29,23.98,23.98,Processed,EMP002,1,0.0,0.0,False
INV001554,SUP015,ST313,2014-10-20,2014-10-26,2014-10-28,639.8,639.8,Processed,EMP026,2,0.0,0.0,False
INV001555,SUP008,ST003,2014-10-20,2014-10-26,2014-10-29,1145.9,1145.9,Processed,EMP028,3,0.0,0.0,False
INV001556,SUP001,ST428,2014-10-20,2014-10-23,2014-10-27,2293.46,2293.46,Processed Late,EMP011,4,0.0,0.0,True
INV001557,SUP015,ST346,2014-10-20,2014-10-28,2014-10-31,63.14,63.14,Processed,EMP018,3,0.0,0.0,False
INV001558,SUP009,ST472,2014-10-20,2014-10-27,2014-11-07,9.66,9.66,Pending / Delayed,EMP013,11,0.0,0.0,True
INV001559,SUP012,ST334,2014-10-20,2014-10-26,2014-10-28,21.92,21.92,Processed,EMP008,2,0.0,0.0,False
INV001560,SUP015,ST405,2014-10-20,2014-10-28,2014-10-30,252.57,243.6,Processed,EMP021,2,8.97,8.97,False
INV001561,SUP015,ST454,2014-10-20,2014-10-26,2014-10-29,514.2,514.2,Processed,EMP016,3,0.0,0.0,False
INV001562,SUP012,ST026,2014-10-20,2014-10-23,2014-10-26,1612.96,1612.96,Processed,EMP028,3,0.0,0.0,False
INV001563,SUP002,ST573,2014-10-20,2014-10-28,2014-11-02,41.46,40.59,Processed Late,EMP022,5,0.87,0.87,True
INV001564,SUP001,ST584,2014-10-20,2014-10-27,2014-11-01,128.74,132.05,Processed Late,EMP030,5,-3.31,3.31,True
INV001565,SUP001,ST124,2014-10-20,2014-10-26,2014-10-29,176.8,176.8,Processed,EMP018,3,0.0,0.0,False
INV001566,SUP004,ST252,2014-10-20,2014-10-25,2014-11-03,4.98,4.98,Pending / Delayed,EMP025,9,0.0,0.0,True
INV001567,SUP010,ST329,2014-10-20,2014-10-25,2014-10-31,72.32,72.32,Processed Late,EMP016,6,0.0,0.0,True
INV001568,SUP015,ST024,2014-10-20,2014-10-28,2014-11-02,12.75,12.75,Processed Late,EMP009,5,0.0,0.0,True
INV001569,SUP014,ST541,2014-10-20,2014-10-23,2014-10-26,68.04,68.04,Processed,EMP001,3,0.0,0.0,False
INV001570,SUP002,ST555,2014-10-20,2014-10-23,2014-10-26,84.3,84.3,Processed,EMP012,3,0.0,0.0,False
INV001571,SUP013,ST092,2014-10-20,2014-10-27,2014-10-28,31.42,31.5,Processed,EMP028,1,-0.08,0.08,False
INV001572,SUP001,ST630,2014-10-20,2014-10-25,2014-10-27,51.15,51.15,Processed,EMP029,2,0.0,0.0,False
INV001573,SUP005,ST400,2014-10-20,2014-10-25,2014-10-28,137.04,146.12,Processed,EMP026,3,-9.08,9.08,False
INV001574,SUP006,ST265,2014-10-20,2014-10-28,2014-10-29,8.64,8.64,Processed,EMP020,1,0.0,0.0,False
INV001575,SUP004,ST612,2014-10-20,2014-10-25,2014-10-26,262.2,262.2,Processed,EMP016,1,0.0,0.0,False
INV001576,SUP009,ST395,2014-10-20,2014-10-27,2014-10-28,31.79,31.79,Processed,EMP030,1,0.0,0.0,False
INV001577,SUP009,ST417,2014-10-20,2014-10-24,2014-10-29,66.87,66.87,Processed Late,EMP030,5,0.0,0.0,True
INV001578,SUP004,ST020,2014-10-20,2014-10-26,2014-10-28,386.1,386.1,Processed,EMP021,2,0.0,0.0,False
INV001579,SUP004,ST569,2014-10-20,2014-10-28,2014-10-31,31.2,31.2,Processed,EMP006,3,0.0,0.0,False
INV001580,SUP002,ST513,2014-10-20,2014-10-25,2014-10-29,979.05,1017.4,Processed Late,EMP014,4,-38.35,38.35,True
INV001581,SUP003,ST252,2014-10-20,2014-10-24,2014-10-26,779.76,779.76,Processed,EMP005,2,0.0,0.0,False
INV001582,SUP001,ST476,2014-10-20,2014-10-28,2014-11-05,725.04,725.04,Pending / Delayed,EMP005,8,0.0,0.0,True
INV001583,SUP015,ST494,2014-10-20,2014-10-26,2014-10-28,53.76,53.76,Processed,EMP027,2,0.0,0.0,False
INV001584,SUP007,ST360,2014-10-20,2014-10-24,2014-10-26,480.5,480.5,Processed,EMP023,2,0.0,0.0,False
INV001585,SUP003,ST547,2014-10-20,2014-10-26,2014-10-29,428.76,428.76,Processed,EMP008,3,0.0,0.0,False
INV001586,SUP012,ST126,2014-10-20,2014-10-28,2014-10-31,309.43,309.43,Processed,EMP022,3,0.0,0.0,False
INV001587,SUP015,ST443,2014-10-20,2014-10-28,2014-11-03,1213.34,1213.34,Processed Late,EMP011,6,0.0,0.0,True
INV001588,SUP006,ST351,2014-10-20,2014-10-28,2014-10-30,271.26,271.26,Processed,EMP005,2,0.0,0.0,False
INV001589,SUP011,ST330,2014-10-20,2014-10-23,2014-10-25,64.96,64.96,Processed,EMP021,2,0.0,0.0,False
INV001590,SUP006,ST017,2014-10-20,2014-10-28,2014-11-03,127.36,127.36,Processed Late,EMP022,6,0.0,0.0,True
INV001591,SUP001,ST010,2014-10-20,2014-10-24,2014-10-28,22.5,22.5,Processed Late,EMP016,4,0.0,0.0,True
INV001592,SUP012,ST501,2014-10-20,2014-10-25,2014-10-29,2852.85,2852.85,Processed Late,EMP006,4,0.0,0.0,True
INV001593,SUP011,ST080,2014-10-20,2014-10-23,2014-10-26,13.96,13.96,Processed,EMP007,3,0.0,0.0,False
INV001594,SUP006,ST386,2014-10-20,2014-10-26,2014-10-31,2794.24,2794.24,Processed Late,EMP012,5,0.0,0.0,True
INV001595,SUP013,ST009,2014-10-20,2014-10-24,2014-10-27,26.11,25.62,Processed,EMP021,3,0.49,0.49,False
INV001596,SUP008,ST010,2014-10-20,2014-10-28,2014-10-31,331.37,331.37,Processed,EMP005,3,0.0,0.0,False
INV001597,SUP011,ST367,2014-10-20,2014-10-28,2014-11-04,6.62,6.62,Pending / Delayed,EMP029,7,0.0,0.0,True
INV001598,SUP004,ST240,2014-10-20,2014-10-27,2014-11-02,39.38,39.38,Processed Late,EMP023,6,0.0,0.0,True
INV001599,SUP015,ST621,2014-10-20,2014-10-27,2014-10-28,21.24,21.24,Processed,EMP013,1,0.0,0.0,False
INV001600,SUP011,ST406,2014-10-20,2014-10-28,2014-10-31,17.76,17.76,Processed,EMP006,3,0.0,0.0,False
INV001601,SUP008,ST175,2014-11-05,2014-11-08,2014-11-17,84.3,84.3,Pending / Delayed,EMP002,9,0.0,0.0,True
INV001602,SUP010,ST579,2014-11-05,2014-11-11,2014-11-16,3145.2,3145.2,Processed Late,EMP028,5,0.0,0.0,True
INV001603,SUP002,ST131,2014-11-05,2014-11-10,2014-11-11,327.2,327.2,Processed,EMP016,1,0.0,0.0,False
INV001604,SUP012,ST281,2014-11-05,2014-11-11,2014-11-20,71.64,71.64,Pending / Delayed,EMP008,9,0.0,0.0,True
INV001605,SUP012,ST546,2014-11-05,2014-11-10,2014-11-11,19.42,19.42,Processed,EMP025,1,0.0,0.0,False
INV001606,SUP001,ST438,2014-11-05,2014-11-12,2014-11-13,22.23,22.23,Processed,EMP009,1,0.0,0.0,False
INV001607,SUP007,ST281,2014-11-05,2014-11-09,2014-11-12,83.52,83.52,Processed,EMP023,3,0.0,0.0,False
INV001608,SUP006,ST530,2014-11-05,2014-11-13,2014-11-15,295.02,295.02,Processed,EMP011,2,0.0,0.0,False
INV001609,SUP015,ST431,2014-11-05,2014-11-08,2014-11-13,476.06,511.2,Processed Late,EMP007,5,-35.14,35.14,True
INV001610,SUP004,ST343,2014-11-05,2014-11-08,2014-11-11,460.08,460.08,Processed,EMP018,3,0.0,0.0,False
INV001611,SUP004,ST434,2014-11-05,2014-11-08,2014-11-13,43.28,43.28,Processed Late,EMP003,5,0.0,0.0,True
INV001612,SUP005,ST065,2014-11-05,2014-11-09,2014-11-20,29.36,29.36,Pending / Delayed,EMP028,11,0.0,0.0,True
INV001613,SUP001,ST607,2014-11-05,2014-11-08,2014-11-18,65.79,65.79,Pending / Delayed,EMP001,10,0.0,0.0,True
INV001614,SUP008,ST245,2014-11-05,2014-11-11,2014-11-15,43.4,43.4,Processed Late,EMP021,4,0.0,0.0,True
INV001615,SUP009,ST243,2014-11-05,2014-11-12,2014-11-15,834.45,834.45,Processed,EMP011,3,0.0,0.0,False
INV001616,SUP011,ST458,2014-11-05,2014-11-11,2014-11-13,54.08,54.08,Processed,EMP009,2,0.0,0.0,False
INV001617,SUP015,ST035,2014-11-05,2014-11-10,2014-11-13,17.08,17.08,Processed,EMP021,3,0.0,0.0,False
INV001618,SUP001,ST453,2014-11-05,2014-11-13,2014-11-20,7.76,7.72,Pending / Delayed,EMP011,7,0.04,0.04,True
INV001619,SUP011,ST058,2014-11-05,2014-11-11,2014-11-12,246.0,246.0,Processed,EMP029,1,0.0,0.0,False
INV001620,SUP007,ST099,2014-11-05,2014-11-09,2014-11-21,169.51,169.51,Pending / Delayed,EMP019,12,0.0,0.0,True
INV001621,SUP010,ST011,2014-11-05,2014-11-09,2014-11-10,2402.4,2402.4,Processed,EMP027,1,0.0,0.0,False
INV001622,SUP015,ST104,2014-11-05,2014-11-13,2014-11-16,743.36,743.36,Processed,EMP021,3,0.0,0.0,False
INV001623,SUP006,ST602,2014-11-05,2014-11-11,2014-11-12,308.18,308.18,Processed,EMP002,1,0.0,0.0,False
INV001624,SUP012,ST070,2014-11-05,2014-11-08,2014-11-10,89.2,89.2,Processed,EMP014,2,0.0,0.0,False
INV001625,SUP003,ST522,2014-11-05,2014-11-11,2014-11-14,11.19,11.12,Processed,EMP014,3,0.07,0.07,False
INV001626,SUP010,ST456,2014-11-05,2014-11-11,2014-11-13,2482.65,2482.65,Processed,EMP012,2,0.0,0.0,False
INV001627,SUP001,ST131,2014-11-05,2014-11-08,2014-11-13,183.36,183.36,Processed Late,EMP026,5,0.0,0.0,True
INV001628,SUP011,ST367,2014-11-05,2014-11-08,2014-11-14,145.35,145.35,Processed Late,EMP028,6,0.0,0.0,True
INV001629,SUP003,ST481,2014-11-05,2014-11-11,2014-11-17,2032.05,2032.05,Processed Late,EMP007,6,0.0,0.0,True
INV001630,SUP001,ST531,2014-11-05,2014-11-09,2014-11-10,388.56,388.56,Processed,EMP027,1,0.0,0.0,False
INV001631,SUP009,ST573,2014-11-05,2014-11-08,2014-11-09,126.48,126.48,Processed,EMP006,1,0.0,0.0,False
INV001632,SUP004,ST207,2014-11-05,2014-11-11,2014-11-12,129.22,129.22,Processed,EMP018,1,0.0,0.0,False
INV001633,SUP012,ST479,2014-11-05,2014-11-13,2014-11-16,27.6,27.6,Processed,EMP010,3,0.0,0.0,False
INV001634,SUP010,ST344,2014-11-05,2014-11-08,2014-11-12,406.44,406.44,Processed Late,EMP002,4,0.0,0.0,True
INV001635,SUP002,ST466,2014-11-05,2014-11-11,2014-11-15,27.15,27.15,Processed Late,EMP002,4,0.0,0.0,True
INV001636,SUP011,ST229,2014-11-05,2014-11-08,2014-11-11,2121.3,2121.3,Processed,EMP016,3,0.0,0.0,False
INV001637,SUP012,ST340,2014-11-05,2014-11-09,2014-11-12,38.94,40.88,Processed,EMP005,3,-1.94,1.94,False
INV001638,SUP001,ST372,2014-11-05,2014-11-13,2014-11-16,123.2,123.2,Processed,EMP023,3,0.0,0.0,False
INV001639,SUP002,ST146,2014-11-05,2014-11-12,2014-11-13,31.59,31.59,Processed,EMP009,1,0.0,0.0,False
INV001640,SUP015,ST369,2014-11-05,2014-11-08,2014-11-09,236.32,236.32,Processed,EMP012,1,0.0,0.0,False
INV001641,SUP003,ST225,2014-11-05,2014-11-10,2014-11-13,204.4,204.4,Processed,EMP022,3,0.0,0.0,False
INV001642,SUP009,ST252,2014-11-05,2014-11-10,2014-11-13,548.8,548.8,Processed,EMP002,3,0.0,0.0,False
INV001643,SUP005,ST104,2014-11-05,2014-11-08,2014-11-14,46.54,46.54,Processed Late,EMP008,6,0.0,0.0,True
INV001644,SUP013,ST114,2014-11-05,2014-11-12,2014-11-14,1148.1,1148.1,Processed,EMP024,2,0.0,0.0,False
INV001645,SUP006,ST382,2014-11-05,2014-11-08,2014-11-11,98.3,103.62,Processed,EMP002,3,-5.32,5.32,False
INV001646,SUP002,ST122,2014-11-05,2014-11-12,2014-11-14,1149.9,1149.9,Processed,EMP017,2,0.0,0.0,False
INV001647,SUP007,ST384,2014-11-05,2014-11-13,2014-11-15,162.08,162.08,Processed,EMP006,2,0.0,0.0,False
INV001648,SUP004,ST048,2014-11-05,2014-11-12,2014-11-13,1943.7,1943.7,Processed,EMP002,1,0.0,0.0,False
INV001649,SUP005,ST153,2014-11-05,2014-11-12,2014-11-15,1193.84,1193.84,Processed,EMP004,3,0.0,0.0,False
INV001650,SUP005,ST130,2014-11-05,2014-11-11,2014-11-13,142.17,142.17,Processed,EMP026,2,0.0,0.0,False
INV001651,SUP002,ST482,2014-11-05,2014-11-10,2014-11-11,74.12,74.12,Processed,EMP014,1,0.0,0.0,False
INV001652,SUP013,ST522,2014-11-05,2014-11-08,2014-11-19,10.29,10.29,Pending / Delayed,EMP010,11,0.0,0.0,True
INV001653,SUP006,ST383,2014-11-05,2014-11-10,2014-11-21,21.06,21.06,Pending / Delayed,EMP001,11,0.0,0.0,True
INV001654,SUP008,ST486,2014-11-05,2014-11-09,2014-11-10,1881.39,1881.39,Processed,EMP004,1,0.0,0.0,False
INV001655,SUP013,ST598,2014-11-05,2014-11-10,2014-11-12,39.79,42.42,Processed,EMP010,2,-2.63,2.63,False
INV001656,SUP008,ST241,2014-11-05,2014-11-11,2014-11-15,556.11,556.11,Processed Late,EMP026,4,0.0,0.0,True
INV001657,SUP007,ST586,2014-11-05,2014-11-08,2014-11-10,514.03,514.03,Processed,EMP015,2,0.0,0.0,False
INV001658,SUP002,ST138,2014-11-05,2014-11-10,2014-11-15,232.18,232.18,Processed Late,EMP027,5,0.0,0.0,True
INV001659,SUP004,ST598,2014-11-05,2014-11-08,2014-11-11,188.0,188.0,Processed,EMP005,3,0.0,0.0,False
INV001660,SUP007,ST462,2014-11-05,2014-11-09,2014-11-12,67.14,67.14,Processed,EMP030,3,0.0,0.0,False
INV001661,SUP008,ST325,2014-11-05,2014-11-08,2014-11-11,577.89,603.45,Processed,EMP018,3,-25.56,25.56,False
INV001662,SUP004,ST272,2014-11-05,2014-11-10,2014-11-15,55.22,55.22,Processed Late,EMP028,5,0.0,0.0,True
INV001663,SUP009,ST526,2014-11-05,2014-11-09,2014-11-10,306.84,306.84,Processed,EMP007,1,0.0,0.0,False
INV001664,SUP015,ST234,2014-11-05,2014-11-09,2014-11-14,14.24,14.24,Processed Late,EMP005,5,0.0,0.0,True
INV001665,SUP009,ST206,2014-11-05,2014-11-09,2014-11-11,200.98,198.28,Processed,EMP013,2,2.7,2.7,False
INV001666,SUP012,ST282,2014-11-05,2014-11-09,2014-11-10,36.84,36.84,Processed,EMP003,1,0.0,0.0,False
INV001667,SUP013,ST557,2014-11-05,2014-11-11,2014-11-12,88.68,88.68,Processed,EMP007,1,0.0,0.0,False
INV001668,SUP006,ST414,2014-11-05,2014-11-13,2014-11-15,469.7,469.7,Processed,EMP009,2,0.0,0.0,False
INV001669,SUP001,ST484,2014-11-05,2014-11-09,2014-11-10,1990.03,1968.4,Processed,EMP022,1,21.63,21.63,False
INV001670,SUP004,ST233,2014-11-05,2014-11-11,2014-11-13,25.08,25.08,Processed,EMP030,2,0.0,0.0,False
INV001671,SUP013,ST566,2014-11-05,2014-11-09,2014-11-12,37.26,37.26,Processed,EMP015,3,0.0,0.0,False
INV001672,SUP002,ST321,2014-11-05,2014-11-12,2014-11-15,45.6,45.6,Processed,EMP020,3,0.0,0.0,False
INV001673,SUP008,ST572,2014-11-05,2014-11-09,2014-11-10,1865.86,1765.05,Processed,EMP013,1,100.81,100.81,False
INV001674,SUP003,ST313,2014-11-05,2014-11-12,2014-11-13,782.82,782.82,Processed,EMP005,1,0.0,0.0,False
INV001675,SUP007,ST436,2014-11-05,2014-11-13,2014-11-17,915.85,915.85,Processed Late,EMP007,4,0.0,0.0,True
INV001676,SUP010,ST024,2014-11-05,2014-11-10,2014-11-13,91.77,91.77,Processed,EMP004,3,0.0,0.0,False
INV001677,SUP003,ST339,2014-11-05,2014-11-09,2014-11-14,8.01,8.01,Processed Late,EMP020,5,0.0,0.0,True
INV001678,SUP007,ST210,2014-11-05,2014-11-08,2014-11-12,61.91,62.2,Processed Late,EMP015,4,-0.29,0.29,True
INV001679,SUP008,ST112,2014-11-05,2014-11-11,2014-11-14,18.24,18.24,Processed,EMP012,3,0.0,0.0,False
INV001680,SUP005,ST096,2014-11-05,2014-11-08,2014-11-11,755.2,755.2,Processed,EMP020,3,0.0,0.0,False
INV001681,SUP014,ST618,2014-11-20,2014-11-23,2014-11-24,1168.88,1168.88,Processed,EMP004,1,0.0,0.0,False
INV001682,SUP015,ST396,2014-11-20,2014-11-24,2014-11-25,205.24,205.24,Processed,EMP008,1,0.0,0.0,False
INV001683,SUP009,ST072,2014-11-20,2014-11-23,2014-11-26,37.35,37.35,Processed,EMP012,3,0.0,0.0,False
INV001684,SUP003,ST335,2014-11-20,2014-11-26,2014-11-30,160.16,160.16,Processed Late,EMP008,4,0.0,0.0,True
INV001685,SUP003,ST550,2014-11-20,2014-11-26,2014-11-29,11.27,11.27,Processed,EMP003,3,0.0,0.0,False
INV001686,SUP015,ST212,2014-11-20,2014-11-26,2014-12-02,480.6,480.6,Processed Late,EMP014,6,0.0,0.0,True
INV001687,SUP014,ST487,2014-11-20,2014-11-26,2014-11-29,18.4,18.4,Processed,EMP023,3,0.0,0.0,False
INV001688,SUP010,ST208,2014-11-20,2014-11-23,2014-11-29,237.8,237.8,Processed Late,EMP003,6,0.0,0.0,True
INV001689,SUP001,ST147,2014-11-20,2014-11-23,2014-11-29,38.24,38.24,Processed Late,EMP016,6,0.0,0.0,True
INV001690,SUP004,ST539,2014-11-20,2014-11-27,2014-12-03,698.04,698.04,Processed Late,EMP019,6,0.0,0.0,True
INV001691,SUP010,ST041,2014-11-20,2014-11-23,2014-11-24,897.77,897.77,Processed,EMP007,1,0.0,0.0,False
INV001692,SUP014,ST305,2014-11-20,2014-11-27,2014-12-01,156.48,156.48,Processed Late,EMP025,4,0.0,0.0,True
INV001693,SUP003,ST443,2014-11-20,2014-11-23,2014-11-24,460.11,460.11,Processed,EMP019,1,0.0,0.0,False
INV001694,SUP002,ST403,2014-11-20,2014-11-25,2014-11-28,982.45,982.45,Processed,EMP025,3,0.0,0.0,False
INV001695,SUP011,ST551,2014-11-20,2014-11-23,2014-11-27,13.02,13.02,Processed Late,EMP021,4,0.0,0.0,True
INV001696,SUP012,ST223,2014-11-20,2014-11-25,2014-11-27,112.28,112.28,Processed,EMP021,2,0.0,0.0,False
INV001697,SUP006,ST079,2014-11-20,2014-11-28,2014-12-01,40.66,40.66,Processed,EMP008,3,0.0,0.0,False
INV001698,SUP003,ST259,2014-11-20,2014-11-24,2014-11-29,39.72,39.72,Processed Late,EMP005,5,0.0,0.0,True
INV001699,SUP002,ST473,2014-11-20,2014-11-25,2014-11-27,499.41,499.41,Processed,EMP018,2,0.0,0.0,False
INV001700,SUP007,ST039,2014-11-20,2014-11-25,2014-11-28,297.75,303.94,Processed,EMP020,3,-6.19,6.19,False
INV001701,SUP003,ST335,2014-11-20,2014-11-27,2014-11-30,1113.35,1113.35,Processed,EMP002,3,0.0,0.0,False
INV001702,SUP009,ST249,2014-11-20,2014-11-28,2014-12-03,28.48,28.48,Processed Late,EMP023,5,0.0,0.0,True
INV001703,SUP014,ST166,2014-11-20,2014-11-27,2014-12-03,308.21,308.21,Processed Late,EMP002,6,0.0,0.0,True
INV001704,SUP003,ST302,2014-11-20,2014-11-23,2014-11-27,8.32,8.32,Processed Late,EMP007,4,0.0,0.0,True
INV001705,SUP011,ST012,2014-11-20,2014-11-23,2014-11-24,38.64,38.64,Processed,EMP013,1,0.0,0.0,False
INV001706,SUP004,ST036,2014-11-20,2014-11-23,2014-11-24,19.36,19.36,Processed,EMP012,1,0.0,0.0,False
INV001707,SUP014,ST536,2014-11-20,2014-11-26,2014-11-29,1870.4,1870.4,Processed,EMP018,3,0.0,0.0,False
INV001708,SUP010,ST005,2014-11-20,2014-11-23,2014-12-04,275.22,275.22,Pending / Delayed,EMP009,11,0.0,0.0,True
INV001709,SUP015,ST256,2014-11-20,2014-11-24,2014-11-27,60.48,60.48,Processed,EMP001,3,0.0,0.0,False
INV001710,SUP007,ST029,2014-11-20,2014-11-28,2014-11-29,16.42,17.28,Processed,EMP011,1,-0.86,0.86,False
INV001711,SUP002,ST226,2014-11-20,2014-11-27,2014-11-29,1048.4,1048.4,Processed,EMP027,2,0.0,0.0,False
INV001712,SUP001,ST426,2014-11-20,2014-11-28,2014-12-01,48.58,48.58,Processed,EMP019,3,0.0,0.0,False
INV001713,SUP011,ST195,2014-11-20,2014-11-28,2014-12-03,263.4,263.4,Processed Late,EMP022,5,0.0,0.0,True
INV001714,SUP007,ST124,2014-11-20,2014-11-26,2014-11-28,187.34,187.34,Processed,EMP030,2,0.0,0.0,False
INV001715,SUP003,ST016,2014-11-20,2014-11-24,2014-11-26,5.3,5.3,Processed,EMP029,2,0.0,0.0,False
INV001716,SUP004,ST470,2014-11-20,2014-11-25,2014-11-27,29.16,29.16,Processed,EMP021,2,0.0,0.0,False
INV001717,SUP006,ST045,2014-11-20,2014-11-25,2014-11-26,92.2,92.2,Processed,EMP004,1,0.0,0.0,False
INV001718,SUP010,ST512,2014-11-20,2014-11-28,2014-11-29,46.65,46.65,Processed,EMP019,1,0.0,0.0,False
INV001719,SUP015,ST583,2014-11-20,2014-11-28,2014-12-02,88.54,88.54,Processed Late,EMP022,4,0.0,0.0,True
INV001720,SUP011,ST398,2014-11-20,2014-11-24,2014-11-26,33.85,33.85,Processed,EMP009,2,0.0,0.0,False
INV001721,SUP015,ST326,2014-11-20,2014-11-27,2014-11-28,1216.39,1216.39,Processed,EMP010,1,0.0,0.0,False
INV001722,SUP015,ST600,2014-11-20,2014-11-24,2014-11-26,145.56,145.56,Processed,EMP014,2,0.0,0.0,False
INV001723,SUP004,ST516,2014-11-20,2014-11-25,2014-11-26,2177.28,2177.28,Processed,EMP008,1,0.0,0.0,False
INV001724,SUP010,ST128,2014-11-20,2014-11-27,2014-12-07,226.68,226.68,Pending / Delayed,EMP002,10,0.0,0.0,True
INV001725,SUP010,ST082,2014-11-20,2014-11-26,2014-12-05,839.55,839.55,Pending / Delayed,EMP028,9,0.0,0.0,True
INV001726,SUP004,ST156,2014-11-20,2014-11-24,2014-12-03,172.21,165.88,Pending / Delayed,EMP005,9,6.33,6.33,True
INV001727,SUP012,ST613,2014-11-20,2014-11-28,2014-11-30,38.25,38.25,Processed,EMP008,2,0.0,0.0,False
INV001728,SUP006,ST041,2014-11-20,2014-11-27,2014-12-03,91.32,91.32,Processed Late,EMP030,6,0.0,0.0,True
INV001729,SUP005,ST025,2014-11-20,2014-11-26,2014-11-28,110.4,110.4,Processed,EMP024,2,0.0,0.0,False
INV001730,SUP004,ST553,2014-11-20,2014-11-23,2014-11-25,3100.2,3100.2,Processed,EMP009,2,0.0,0.0,False
INV001731,SUP012,ST228,2014-11-20,2014-11-23,2014-11-28,940.32,940.32,Processed Late,EMP013,5,0.0,0.0,True
INV001732,SUP003,ST453,2014-11-20,2014-11-25,2014-11-28,1057.43,1138.48,Processed,EMP023,3,-81.05,81.05,False
INV001733,SUP004,ST054,2014-11-20,2014-11-27,2014-12-06,52.36,52.36,Pending / Delayed,EMP002,9,0.0,0.0,True
INV001734,SUP010,ST563,2014-11-20,2014-11-24,2014-11-27,18.65,18.54,Processed,EMP016,3,0.11,0.11,False
INV001735,SUP012,ST479,2014-11-20,2014-11-23,2014-11-25,928.8,928.8,Processed,EMP006,2,0.0,0.0,False
INV001736,SUP003,ST621,2014-11-20,2014-11-25,2014-11-26,25.6,25.6,Processed,EMP008,1,0.0,0.0,False
INV001737,SUP011,ST207,2014-11-20,2014-11-28,2014-11-30,29.81,29.81,Processed,EMP022,2,0.0,0.0,False
INV001738,SUP006,ST408,2014-11-20,2014-11-25,2014-11-27,105.23,105.23,Processed,EMP013,2,0.0,0.0,False
INV001739,SUP009,ST625,2014-11-20,2014-11-25,2014-11-28,37.4,37.4,Processed,EMP001,3,0.0,0.0,False
INV001740,SUP013,ST494,2014-11-20,2014-11-23,2014-11-29,51.48,51.48,Processed Late,EMP016,6,0.0,0.0,True
INV001741,SUP002,ST308,2014-11-20,2014-11-26,2014-11-29,1284.64,1284.64,Processed,EMP015,3,0.0,0.0,False
INV001742,SUP003,ST264,2014-11-20,2014-11-26,2014-11-29,23.46,23.46,Processed,EMP013,3,0.0,0.0,False
INV001743,SUP007,ST576,2014-11-20,2014-11-27,2014-11-30,34.18,35.86,Processed,EMP013,3,-1.68,1.68,False
INV001744,SUP012,ST481,2014-11-20,2014-11-25,2014-11-29,30.1,28.04,Processed Late,EMP017,4,2.06,2.06,True
INV001745,SUP014,ST513,2014-11-20,2014-11-23,2014-12-03,312.0,312.0,Pending / Delayed,EMP019,10,0.0,0.0,True
INV001746,SUP007,ST383,2014-11-20,2014-11-24,2014-11-28,120.96,120.96,Processed Late,EMP023,4,0.0,0.0,True
INV001747,SUP010,ST073,2014-11-20,2014-11-24,2014-11-27,171.71,171.71,Processed,EMP023,3,0.0,0.0,False
INV001748,SUP010,ST167,2014-11-20,2014-11-26,2014-12-01,17.73,16.85,Processed Late,EMP011,5,0.88,0.88,True
INV001749,SUP013,ST357,2014-11-20,2014-11-26,2014-11-27,3313.5,3313.5,Processed,EMP013,1,0.0,0.0,False
INV001750,SUP006,ST060,2014-11-20,2014-11-23,2014-11-26,32.64,32.64,Processed,EMP028,3,0.0,0.0,False
INV001751,SUP001,ST371,2014-11-20,2014-11-28,2014-12-03,19.98,19.98,Processed Late,EMP011,5,0.0,0.0,True
INV001752,SUP008,ST151,2014-11-20,2014-11-26,2014-12-08,260.4,260.4,Pending / Delayed,EMP008,12,0.0,0.0,True
INV001753,SUP014,ST166,2014-11-20,2014-11-24,2014-11-25,343.77,329.8,Processed,EMP023,1,13.97,13.97,False
INV001754,SUP015,ST394,2014-11-20,2014-11-27,2014-11-30,345.56,345.56,Processed,EMP014,3,0.0,0.0,False
INV001755,SUP002,ST531,2014-11-20,2014-11-26,2014-11-28,2438.8,2438.8,Processed,EMP018,2,0.0,0.0,False
INV001756,SUP005,ST310,2014-11-20,2014-11-28,2014-12-01,34.09,34.09,Processed,EMP004,3,0.0,0.0,False
INV001757,SUP012,ST422,2014-11-20,2014-11-27,2014-11-28,119.81,124.6,Processed,EMP017,1,-4.79,4.79,False
INV001758,SUP006,ST147,2014-11-20,2014-11-25,2014-11-30,1384.4,1384.4,Processed Late,EMP008,5,0.0,0.0,True
INV001759,SUP007,ST316,2014-11-20,2014-11-24,2014-11-26,25.27,25.84,Processed,EMP010,2,-0.57,0.57,False
INV001760,SUP002,ST428,2014-11-20,2014-11-23,2014-11-24,163.37,163.37,Processed,EMP003,1,0.0,0.0,False
INV001761,SUP003,ST181,2014-12-05,2014-12-12,2014-12-13,40.7,40.7,Processed,EMP029,1,0.0,0.0,False
INV001762,SUP003,ST515,2014-12-05,2014-12-12,2014-12-14,37.44,37.44,Processed,EMP003,2,0.0,0.0,False
INV001763,SUP003,ST206,2014-12-05,2014-12-13,2014-12-16,1239.4,1239.4,Processed,EMP018,3,0.0,0.0,False
INV001764,SUP004,ST266,2014-12-05,2014-12-13,2014-12-15,200.06,200.06,Processed,EMP006,2,0.0,0.0,False
INV001765,SUP003,ST082,2014-12-05,2014-12-09,2014-12-11,14.79,14.75,Processed,EMP006,2,0.04,0.04,False
INV001766,SUP002,ST351,2014-12-05,2014-12-11,2014-12-18,849.38,849.38,Pending / Delayed,EMP027,7,0.0,0.0,True
INV001767,SUP011,ST104,2014-12-05,2014-12-09,2014-12-10,4245.75,4245.75,Processed,EMP028,1,0.0,0.0,False
INV001768,SUP001,ST597,2014-12-05,2014-12-12,2014-12-18,61.1,61.1,Processed Late,EMP003,6,0.0,0.0,True
INV001769,SUP001,ST385,2014-12-05,2014-12-12,2014-12-16,133.28,133.28,Processed Late,EMP010,4,0.0,0.0,True
INV001770,SUP008,ST346,2014-12-05,2014-12-11,2014-12-12,136.0,136.0,Processed,EMP019,1,0.0,0.0,False
INV001771,SUP015,ST352,2014-12-05,2014-12-08,2014-12-10,344.88,344.88,Processed,EMP017,2,0.0,0.0,False
INV001772,SUP011,ST409,2014-12-05,2014-12-09,2014-12-15,107.64,107.64,Processed Late,EMP004,6,0.0,0.0,True
INV001773,SUP014,ST339,2014-12-05,2014-12-12,2014-12-15,81.39,81.39,Processed,EMP020,3,0.0,0.0,False
INV001774,SUP007,ST143,2014-12-05,2014-12-10,2014-12-13,3486.09,3319.04,Processed,EMP008,3,167.05,167.05,False
INV001775,SUP005,ST255,2014-12-05,2014-12-09,2014-12-10,15892.2,15892.2,Processed,EMP010,1,0.0,0.0,False
INV001776,SUP011,ST193,2014-12-05,2014-12-09,2014-12-10,247.35,247.35,Processed,EMP024,1,0.0,0.0,False
INV001777,SUP006,ST047,2014-12-05,2014-12-08,2014-12-09,145.67,146.04,Processed,EMP028,1,-0.37,0.37,False
INV001778,SUP008,ST410,2014-12-05,2014-12-08,2014-12-10,3670.21,3578.72,Processed,EMP028,2,91.49,91.49,False
INV001779,SUP015,ST488,2014-12-05,2014-12-08,2014-12-10,20.52,20.52,Processed,EMP021,2,0.0,0.0,False
INV001780,SUP004,ST147,2014-12-05,2014-12-13,2014-12-16,65.35,69.86,Processed,EMP020,3,-4.51,4.51,False
INV001781,SUP008,ST090,2014-12-05,2014-12-09,2014-12-12,87.84,87.84,Processed,EMP006,3,0.0,0.0,False
INV001782,SUP008,ST173,2014-12-05,2014-12-10,2014-12-15,895.95,949.81,Processed Late,EMP030,5,-53.86,53.86,True
INV001783,SUP004,ST250,2014-12-05,2014-12-12,2014-12-15,842.35,842.35,Processed,EMP007,3,0.0,0.0,False
INV001784,SUP012,ST030,2014-12-05,2014-12-13,2014-12-14,12.4,12.4,Processed,EMP019,1,0.0,0.0,False
INV001785,SUP004,ST264,2014-12-05,2014-12-08,2014-12-14,129.08,129.08,Processed Late,EMP025,6,0.0,0.0,True
INV001786,SUP015,ST548,2014-12-05,2014-12-09,2014-12-17,8.45,8.45,Pending / Delayed,EMP002,8,0.0,0.0,True
INV001787,SUP015,ST590,2014-12-05,2014-12-12,2014-12-23,88.64,85.56,Pending / Delayed,EMP003,11,3.08,3.08,True
INV001788,SUP012,ST391,2014-12-05,2014-12-13,2014-12-17,27.24,27.24,Processed Late,EMP021,4,0.0,0.0,True
INV001789,SUP004,ST266,2014-12-05,2014-12-11,2014-12-13,48.0,48.0,Processed,EMP014,2,0.0,0.0,False
INV001790,SUP006,ST607,2014-12-05,2014-12-11,2014-12-13,158.72,158.72,Processed,EMP003,2,0.0,0.0,False
INV001791,SUP003,ST321,2014-12-05,2014-12-08,2014-12-10,604.65,604.65,Processed,EMP005,2,0.0,0.0,False
INV001792,SUP010,ST549,2014-12-05,2014-12-08,2014-12-10,3.94,3.94,Processed,EMP015,2,0.0,0.0,False
INV001793,SUP006,ST374,2014-12-05,2014-12-13,2014-12-17,889.84,889.84,Processed Late,EMP014,4,0.0,0.0,True
INV001794,SUP007,ST010,2014-12-05,2014-12-10,2014-12-12,57.6,57.6,Processed,EMP009,2,0.0,0.0,False
INV001795,SUP014,ST304,2014-12-05,2014-12-12,2014-12-17,168.16,168.16,Processed Late,EMP025,5,0.0,0.0,True
INV001796,SUP005,ST150,2014-12-05,2014-12-09,2014-12-11,19.84,19.84,Processed,EMP001,2,0.0,0.0,False
INV001797,SUP012,ST127,2014-12-05,2014-12-09,2014-12-14,1776.0,1776.0,Processed Late,EMP008,5,0.0,0.0,True
INV001798,SUP014,ST221,2014-12-05,2014-12-13,2014-12-16,1223.8,1223.8,Processed,EMP003,3,0.0,0.0,False
INV001799,SUP013,ST342,2014-12-05,2014-12-11,2014-12-14,18.06,18.06,Processed,EMP018,3,0.0,0.0,False
INV001800,SUP015,ST231,2014-12-05,2014-12-13,2014-12-15,753.28,753.28,Processed,EMP015,2,0.0,0.0,False
INV001801,SUP012,ST402,2014-12-05,2014-12-11,2014-12-23,247.38,247.38,Pending / Delayed,EMP016,12,0.0,0.0,True
INV001802,SUP009,ST402,2014-12-05,2014-12-09,2014-12-12,187.1,173.88,Processed,EMP016,3,13.22,13.22,False
INV001803,SUP013,ST401,2014-12-05,2014-12-11,2014-12-17,62.9,62.9,Processed Late,EMP002,6,0.0,0.0,True
INV001804,SUP005,ST200,2014-12-05,2014-12-11,2014-12-17,122.4,122.4,Processed Late,EMP020,6,0.0,0.0,True
INV001805,SUP013,ST595,2014-12-05,2014-12-12,2014-12-18,1053.95,1053.95,Processed Late,EMP006,6,0.0,0.0,True
INV001806,SUP003,ST592,2014-12-05,2014-12-11,2014-12-16,373.23,373.23,Processed Late,EMP003,5,0.0,0.0,True
INV001807,SUP003,ST215,2014-12-05,2014-12-11,2014-12-13,33.49,33.49,Processed,EMP027,2,0.0,0.0,False
INV001808,SUP001,ST371,2014-12-05,2014-12-08,2014-12-09,32.64,32.64,Processed,EMP026,1,0.0,0.0,False
INV001809,SUP007,ST173,2014-12-05,2014-12-13,2014-12-16,22.68,22.68,Processed,EMP020,3,0.0,0.0,False
INV001810,SUP003,ST054,2014-12-05,2014-12-08,2014-12-09,155.22,155.22,Processed,EMP002,1,0.0,0.0,False
INV001811,SUP003,ST414,2014-12-05,2014-12-09,2014-12-13,162.48,162.48,Processed Late,EMP027,4,0.0,0.0,True
INV001812,SUP008,ST310,2014-12-05,2014-12-10,2014-12-11,6.05,6.05,Processed,EMP003,1,0.0,0.0,False
INV001813,SUP013,ST092,2014-12-05,2014-12-13,2014-12-18,129.08,129.08,Processed Late,EMP007,5,0.0,0.0,True
INV001814,SUP011,ST456,2014-12-05,2014-12-09,2014-12-12,60.9,60.9,Processed,EMP010,3,0.0,0.0,False
INV001815,SUP002,ST501,2014-12-05,2014-12-10,2014-12-16,10.3,10.3,Processed Late,EMP005,6,0.0,0.0,True
INV001816,SUP010,ST492,2014-12-05,2014-12-12,2014-12-19,431.55,414.06,Pending / Delayed,EMP013,7,17.49,17.49,True
INV001817,SUP003,ST394,2014-12-05,2014-12-11,2014-12-16,419.05,419.05,Processed Late,EMP027,5,0.0,0.0,True
INV001818,SUP003,ST102,2014-12-05,2014-12-11,2014-12-16,1879.62,1982.1,Processed Late,EMP014,5,-102.48,102.48,True
INV001819,SUP014,ST021,2014-12-05,2014-12-13,2014-12-15,266.95,266.95,Processed,EMP003,2,0.0,0.0,False
INV001820,SUP009,ST501,2014-12-05,2014-12-13,2014-12-19,43.89,43.89,Processed Late,EMP017,6,0.0,0.0,True
INV001821,SUP014,ST128,2014-12-05,2014-12-13,2014-12-16,68.0,68.0,Processed,EMP013,3,0.0,0.0,False
INV001822,SUP010,ST185,2014-12-05,2014-12-12,2014-12-13,45.6,45.6,Processed,EMP018,1,0.0,0.0,False
INV001823,SUP002,ST041,2014-12-05,2014-12-12,2014-12-14,44.95,46.72,Processed,EMP007,2,-1.77,1.77,False
INV001824,SUP002,ST576,2014-12-05,2014-12-12,2014-12-17,449.52,449.52,Processed Late,EMP023,5,0.0,0.0,True
INV001825,SUP002,ST519,2014-12-05,2014-12-10,2014-12-12,6.88,6.78,Processed,EMP006,2,0.1,0.1,False
INV001826,SUP011,ST001,2014-12-05,2014-12-10,2014-12-13,2981.48,2981.48,Processed,EMP017,3,0.0,0.0,False
INV001827,SUP009,ST301,2014-12-05,2014-12-10,2014-12-12,30.06,30.06,Processed,EMP001,2,0.0,0.0,False
INV001828,SUP012,ST321,2014-12-05,2014-12-11,2014-12-15,20.04,20.04,Processed Late,EMP007,4,0.0,0.0,True
INV001829,SUP012,ST102,2014-12-05,2014-12-09,2014-12-12,80.94,80.94,Processed,EMP019,3,0.0,0.0,False
INV001830,SUP005,ST221,2014-12-05,2014-12-08,2014-12-09,178.98,178.98,Processed,EMP009,1,0.0,0.0,False
INV001831,SUP006,ST285,2014-12-05,2014-12-08,2014-12-11,409.26,409.26,Processed,EMP011,3,0.0,0.0,False
INV001832,SUP005,ST267,2014-12-05,2014-12-11,2014-12-20,672.0,672.0,Pending / Delayed,EMP030,9,0.0,0.0,True
INV001833,SUP002,ST261,2014-12-05,2014-12-08,2014-12-10,420.14,420.14,Processed,EMP021,2,0.0,0.0,False
INV001834,SUP002,ST276,2014-12-05,2014-12-11,2014-12-12,102.96,102.96,Processed,EMP010,1,0.0,0.0,False
INV001835,SUP011,ST524,2014-12-05,2014-12-11,2014-12-16,1417.26,1417.26,Processed Late,EMP015,5,0.0,0.0,True
INV001836,SUP006,ST445,2014-12-05,2014-12-11,2014-12-16,32.1,32.1,Processed Late,EMP007,5,0.0,0.0,True
INV001837,SUP002,ST545,2014-12-05,2014-12-09,2014-12-11,2866.14,2866.14,Processed,EMP005,2,0.0,0.0,False
INV001838,SUP006,ST092,2014-12-05,2014-12-09,2014-12-13,8321.43,8321.43,Processed Late,EMP025,4,0.0,0.0,True
INV001839,SUP013,ST232,2014-12-05,2014-12-12,2014-12-14,13.1,13.1,Processed,EMP014,2,0.0,0.0,False
INV001840,SUP004,ST388,2014-12-05,2014-12-12,2014-12-15,140.8,140.8,Processed,EMP023,3,0.0,0.0,False
INV001841,SUP012,ST314,2014-12-20,2014-12-23,2014-12-26,14.25,14.25,Processed,EMP012,3,0.0,0.0,False
INV001842,SUP006,ST586,2014-12-20,2014-12-25,2014-12-28,1476.45,1476.45,Processed,EMP027,3,0.0,0.0,False
INV001843,SUP015,ST050,2014-12-20,2014-12-26,2014-12-27,28.3,28.3,Processed,EMP008,1,0.0,0.0,False
INV001844,SUP013,ST545,2014-12-20,2014-12-28,2014-12-30,50.82,50.82,Processed,EMP029,2,0.0,0.0,False
INV001845,SUP003,ST266,2014-12-20,2014-12-26,2014-12-28,109.34,109.34,Processed,EMP003,2,0.0,0.0,False
INV001846,SUP011,ST130,2014-12-20,2014-12-26,2014-12-29,58.5,58.5,Processed,EMP006,3,0.0,0.0,False
INV001847,SUP001,ST380,2014-12-20,2014-12-27,2014-12-30,78.2,78.2,Processed,EMP006,3,0.0,0.0,False
INV001848,SUP003,ST450,2014-12-20,2014-12-27,2014-12-28,53.1,53.1,Processed,EMP020,1,0.0,0.0,False
INV001849,SUP005,ST439,2014-12-20,2014-12-28,2015-01-02,264.16,264.16,Processed Late,EMP004,5,0.0,0.0,True
INV001850,SUP014,ST090,2014-12-20,2014-12-25,2014-12-28,65.97,65.97,Processed,EMP002,3,0.0,0.0,False
INV001851,SUP011,ST082,2014-12-20,2014-12-26,2014-12-30,2956.56,2956.56,Processed Late,EMP013,4,0.0,0.0,True
INV001852,SUP003,ST590,2014-12-20,2014-12-27,2014-12-28,34.02,34.02,Processed,EMP023,1,0.0,0.0,False
INV001853,SUP008,ST011,2014-12-20,2014-12-24,2014-12-29,402.49,402.49,Processed Late,EMP015,5,0.0,0.0,True
INV001854,SUP003,ST492,2014-12-20,2014-12-26,2014-12-30,2300.94,2300.94,Processed Late,EMP003,4,0.0,0.0,True
INV001855,SUP007,ST015,2014-12-20,2014-12-28,2014-12-30,1509.74,1509.74,Processed,EMP009,2,0.0,0.0,False
INV001856,SUP012,ST548,2014-12-20,2014-12-28,2015-01-01,61.54,61.54,Processed Late,EMP002,4,0.0,0.0,True
INV001857,SUP001,ST622,2014-12-20,2014-12-26,2014-12-27,150.48,150.48,Processed,EMP002,1,0.0,0.0,False
INV001858,SUP003,ST077,2014-12-20,2014-12-24,2014-12-26,285.66,285.66,Processed,EMP012,2,0.0,0.0,False
INV001859,SUP001,ST433,2014-12-20,2014-12-27,2014-12-28,15.36,15.36,Processed,EMP018,1,0.0,0.0,False
INV001860,SUP002,ST347,2014-12-20,2014-12-24,2014-12-26,241.5,241.5,Processed,EMP027,2,0.0,0.0,False
INV001861,SUP014,ST121,2014-12-20,2014-12-25,2014-12-26,223.63,223.63,Processed,EMP010,1,0.0,0.0,False
INV001862,SUP004,ST003,2014-12-20,2014-12-28,2014-12-29,445.23,445.23,Processed,EMP015,1,0.0,0.0,False
INV001863,SUP015,ST528,2014-12-20,2014-12-25,2014-12-30,1060.72,1060.72,Processed Late,EMP007,5,0.0,0.0,True
INV001864,SUP001,ST631,2014-12-20,2014-12-25,2014-12-30,42.67,42.67,Processed Late,EMP015,5,0.0,0.0,True
INV001865,SUP001,ST359,2014-12-20,2014-12-28,2014-12-31,850.74,850.74,Processed,EMP029,3,0.0,0.0,False
INV001866,SUP007,ST504,2014-12-20,2014-12-28,2014-12-31,1092.91,1092.91,Processed,EMP005,3,0.0,0.0,False
INV001867,SUP003,ST421,2014-12-20,2014-12-27,2015-01-05,62.28,62.28,Pending / Delayed,EMP024,9,0.0,0.0,True
INV001868,SUP011,ST257,2014-12-20,2014-12-26,2014-12-27,36.48,36.48,Processed,EMP005,1,0.0,0.0,False
INV001869,SUP006,ST439,2014-12-20,2014-12-25,2014-12-27,146.44,146.44,Processed,EMP016,2,0.0,0.0,False
INV001870,SUP008,ST450,2014-12-20,2014-12-28,2015-01-05,10968.6,10968.6,Pending / Delayed,EMP017,8,0.0,0.0,True
INV001871,SUP001,ST368,2014-12-20,2014-12-24,2014-12-26,43.29,43.29,Processed,EMP029,2,0.0,0.0,False
INV001872,SUP003,ST405,2014-12-20,2014-12-26,2014-12-30,11.92,11.92,Processed Late,EMP005,4,0.0,0.0,True
INV001873,SUP003,ST204,2014-12-20,2014-12-26,2014-12-30,282.96,282.96,Processed Late,EMP027,4,0.0,0.0,True
INV001874,SUP008,ST564,2014-12-20,2014-12-25,2014-12-26,68.4,68.4,Processed,EMP027,1,0.0,0.0,False
INV001875,SUP013,ST410,2014-12-20,2014-12-25,2015-01-03,646.86,646.86,Pending / Delayed,EMP020,9,0.0,0.0,True
INV001876,SUP002,ST022,2014-12-20,2014-12-26,2014-12-30,3388.98,3388.98,Processed Late,EMP004,4,0.0,0.0,True
INV001877,SUP013,ST243,2014-12-20,2014-12-28,2014-12-31,69.94,69.94,Processed,EMP026,3,0.0,0.0,False
INV001878,SUP010,ST009,2014-12-20,2014-12-28,2014-12-31,122.4,122.4,Processed,EMP001,3,0.0,0.0,False
INV001879,SUP002,ST440,2014-12-20,2014-12-24,2014-12-27,24.31,24.31,Processed,EMP010,3,0.0,0.0,False
INV001880,SUP003,ST256,2014-12-20,2014-12-28,2015-01-01,27.54,27.54,Processed Late,EMP019,4,0.0,0.0,True
INV001881,SUP012,ST254,2014-12-20,2014-12-27,2015-01-01,502.05,502.05,Processed Late,EMP016,5,0.0,0.0,True
INV001882,SUP013,ST106,2014-12-20,2014-12-23,2014-12-25,29.07,29.07,Processed,EMP004,2,0.0,0.0,False
INV001883,SUP014,ST606,2014-12-20,2014-12-25,2014-12-26,1888.06,1795.36,Processed,EMP030,1,92.7,92.7,False
INV001884,SUP001,ST281,2014-12-20,2014-12-24,2014-12-27,93.9,93.9,Processed,EMP012,3,0.0,0.0,False
INV001885,SUP004,ST094,2014-12-20,2014-12-26,2014-12-27,147.3,147.3,Processed,EMP006,1,0.0,0.0,False
INV001886,SUP012,ST237,2014-12-20,2014-12-26,2014-12-28,849.3,849.3,Processed,EMP011,2,0.0,0.0,False
INV001887,SUP009,ST438,2014-12-20,2014-12-28,2015-01-04,1494.9,1494.9,Pending / Delayed,EMP001,7,0.0,0.0,True
INV001888,SUP005,ST360,2014-12-20,2014-12-24,2014-12-26,11.35,11.35,Processed,EMP027,2,0.0,0.0,False
INV001889,SUP003,ST042,2014-12-20,2014-12-26,2015-01-01,2044.68,2044.68,Processed Late,EMP021,6,0.0,0.0,True
INV001890,SUP008,ST287,2014-12-20,2014-12-25,2014-12-26,24.72,24.72,Processed,EMP012,1,0.0,0.0,False
INV001891,SUP008,ST373,2014-12-20,2014-12-28,2014-12-31,1198.05,1198.05,Processed,EMP027,3,0.0,0.0,False
INV001892,SUP001,ST566,2014-12-20,2014-12-24,2014-12-27,161.89,170.05,Processed,EMP021,3,-8.16,8.16,False
INV001893,SUP006,ST604,2014-12-20,2014-12-23,2014-12-26,74.23,74.23,Processed,EMP012,3,0.0,0.0,False
INV001894,SUP005,ST216,2014-12-20,2014-12-28,2015-01-03,81.77,81.77,Processed Late,EMP006,6,0.0,0.0,True
INV001895,SUP003,ST617,2014-12-20,2014-12-26,2014-12-28,13.08,13.08,Processed,EMP004,2,0.0,0.0,False
INV001896,SUP015,ST196,2014-12-20,2014-12-28,2014-12-31,191.2,191.2,Processed,EMP027,3,0.0,0.0,False
INV001897,SUP002,ST560,2014-12-20,2014-12-25,2014-12-27,21.76,21.76,Processed,EMP023,2,0.0,0.0,False
INV001898,SUP013,ST207,2014-12-20,2014-12-25,2014-12-31,2582.91,2582.91,Processed Late,EMP022,6,0.0,0.0,True
INV001899,SUP004,ST429,2014-12-20,2014-12-24,2014-12-27,227.78,246.6,Processed,EMP001,3,-18.82,18.82,False
INV001900,SUP013,ST574,2014-12-20,2014-12-28,2014-12-30,1405.1,1405.1,Processed,EMP023,2,0.0,0.0,False
INV001901,SUP002,ST447,2014-12-20,2014-12-24,2014-12-28,37.6,37.6,Processed Late,EMP015,4,0.0,0.0,True
INV001902,SUP009,ST023,2014-12-20,2014-12-26,2014-12-27,91.5,91.5,Processed,EMP004,1,0.0,0.0,False
INV001903,SUP003,ST297,2014-12-20,2014-12-23,2014-12-26,76.9,76.9,Processed,EMP019,3,0.0,0.0,False
INV001904,SUP012,ST195,2014-12-20,2014-12-23,2014-12-28,270.57,269.46,Processed Late,EMP011,5,1.11,1.11,True
INV001905,SUP002,ST170,2014-12-20,2014-12-28,2014-12-29,930.05,930.05,Processed,EMP022,1,0.0,0.0,False
INV001906,SUP013,ST400,2014-12-20,2014-12-24,2014-12-29,124.38,124.38,Processed Late,EMP020,5,0.0,0.0,True
INV001907,SUP001,ST164,2014-12-20,2014-12-25,2014-12-27,953.1,953.1,Processed,EMP013,2,0.0,0.0,False
INV001908,SUP015,ST526,2014-12-20,2014-12-24,2015-01-02,30.6,30.6,Pending / Delayed,EMP008,9,0.0,0.0,True
INV001909,SUP014,ST226,2014-12-20,2014-12-28,2014-12-30,30.96,30.96,Processed,EMP017,2,0.0,0.0,False
INV001910,SUP003,ST230,2014-12-20,2014-12-24,2014-12-26,10.87,10.1,Processed,EMP003,2,0.77,0.77,False
INV001911,SUP011,ST152,2014-12-20,2014-12-24,2014-12-29,28.35,28.35,Processed Late,EMP027,5,0.0,0.0,True
INV001912,SUP001,ST255,2014-12-20,2014-12-23,2014-12-26,20.8,22.1,Processed,EMP002,3,-1.3,1.3,False
INV001913,SUP006,ST620,2014-12-20,2014-12-26,2015-01-01,7.45,7.45,Processed Late,EMP024,6,0.0,0.0,True
INV001914,SUP015,ST563,2014-12-20,2014-12-26,2014-12-27,822.92,822.92,Processed,EMP018,1,0.0,0.0,False
INV001915,SUP010,ST302,2014-12-20,2014-12-27,2014-12-29,33.17,34.08,Processed,EMP014,2,-0.91,0.91,False
INV001916,SUP004,ST287,2014-12-20,2014-12-27,2015-01-07,3.42,3.42,Pending / Delayed,EMP011,11,0.0,0.0,True
INV001917,SUP014,ST598,2014-12-20,2014-12-28,2014-12-30,5.42,5.42,Processed,EMP010,2,0.0,0.0,False
INV001918,SUP005,ST619,2014-12-20,2014-12-27,2014-12-29,29.68,29.68,Processed,EMP026,2,0.0,0.0,False
INV001919,SUP005,ST209,2014-12-20,2014-12-28,2015-01-08,674.4,674.4,Pending / Delayed,EMP007,11,0.0,0.0,True
INV001920,SUP004,ST445,2014-12-20,2014-12-23,2014-12-26,1615.88,1615.88,Processed,EMP029,3,0.0,0.0,False
INV001921,SUP003,ST471,2015-01-05,2015-01-11,2015-01-15,3146.19,3146.19,Processed Late,EMP020,4,0.0,0.0,True
INV001922,SUP008,ST185,2015-01-05,2015-01-08,2015-01-09,184.03,184.03,Processed,EMP021,1,0.0,0.0,False
INV001923,SUP003,ST404,2015-01-05,2015-01-10,2015-01-11,51.37,51.37,Processed,EMP015,1,0.0,0.0,False
INV001924,SUP007,ST252,2015-01-05,2015-01-11,2015-01-17,11.32,11.32,Processed Late,EMP024,6,0.0,0.0,True
INV001925,SUP009,ST141,2015-01-05,2015-01-10,2015-01-12,14.14,14.14,Processed,EMP014,2,0.0,0.0,False
INV001926,SUP001,ST113,2015-01-05,2015-01-12,2015-01-23,673.85,673.85,Pending / Delayed,EMP023,11,0.0,0.0,True
INV001927,SUP013,ST086,2015-01-05,2015-01-10,2015-01-13,7.68,7.68,Processed,EMP017,3,0.0,0.0,False
INV001928,SUP001,ST109,2015-01-05,2015-01-11,2015-01-14,5.56,5.56,Processed,EMP023,3,0.0,0.0,False
INV001929,SUP002,ST208,2015-01-05,2015-01-13,2015-01-14,215.76,215.76,Processed,EMP009,1,0.0,0.0,False
INV001930,SUP014,ST168,2015-01-05,2015-01-08,2015-01-10,264.0,264.0,Processed,EMP027,2,0.0,0.0,False
INV001931,SUP001,ST557,2015-01-05,2015-01-09,2015-01-11,164.56,164.56,Processed,EMP012,2,0.0,0.0,False
INV001932,SUP014,ST046,2015-01-05,2015-01-08,2015-01-19,177.08,177.08,Pending / Delayed,EMP020,11,0.0,0.0,True
INV001933,SUP015,ST426,2015-01-05,2015-01-11,2015-01-14,104.72,104.72,Processed,EMP004,3,0.0,0.0,False
INV001934,SUP007,ST395,2015-01-05,2015-01-09,2015-01-11,163.71,163.71,Processed,EMP023,2,0.0,0.0,False
INV001935,SUP015,ST394,2015-01-05,2015-01-09,2015-01-14,317.13,317.13,Processed Late,EMP006,5,0.0,0.0,True
INV001936,SUP004,ST105,2015-01-05,2015-01-12,2015-01-15,24.5,24.5,Processed,EMP006,3,0.0,0.0,False
INV001937,SUP002,ST370,2015-01-05,2015-01-08,2015-01-10,31.76,31.76,Processed,EMP015,2,0.0,0.0,False
INV001938,SUP009,ST343,2015-01-05,2015-01-08,2015-01-09,532.86,532.86,Processed,EMP014,1,0.0,0.0,False
INV001939,SUP011,ST309,2015-01-05,2015-01-10,2015-01-15,463.98,450.9,Processed Late,EMP014,5,13.08,13.08,True
INV001940,SUP002,ST278,2015-01-05,2015-01-10,2015-01-19,21.56,21.56,Pending / Delayed,EMP027,9,0.0,0.0,True
INV001941,SUP013,ST079,2015-01-05,2015-01-09,2015-01-14,292.06,293.93,Processed Late,EMP030,5,-1.87,1.87,True
INV001942,SUP003,ST328,2015-01-05,2015-01-11,2015-01-14,27.12,27.12,Processed,EMP015,3,0.0,0.0,False
INV001943,SUP013,ST490,2015-01-05,2015-01-08,2015-01-11,65.44,65.44,Processed,EMP023,3,0.0,0.0,False
INV001944,SUP012,ST286,2015-01-05,2015-01-11,2015-01-17,1221.8,1221.8,Processed Late,EMP008,6,0.0,0.0,True
INV001945,SUP003,ST395,2015-01-05,2015-01-12,2015-01-18,375.0,375.0,Processed Late,EMP022,6,0.0,0.0,True
INV001946,SUP012,ST424,2015-01-05,2015-01-10,2015-01-11,111.86,111.86,Processed,EMP013,1,0.0,0.0,False
INV001947,SUP011,ST252,2015-01-05,2015-01-12,2015-01-14,238.2,238.2,Processed,EMP016,2,0.0,0.0,False
INV001948,SUP009,ST505,2015-01-05,2015-01-10,2015-01-20,2078.6,2078.6,Pending / Delayed,EMP019,10,0.0,0.0,True
INV001949,SUP010,ST432,2015-01-05,2015-01-08,2015-01-10,51.91,54.45,Processed,EMP011,2,-2.54,2.54,False
INV001950,SUP004,ST371,2015-01-05,2015-01-10,2015-01-18,464.58,464.58,Pending / Delayed,EMP016,8,0.0,0.0,True
INV001951,SUP008,ST137,2015-01-05,2015-01-08,2015-01-14,21.26,21.26,Processed Late,EMP005,6,0.0,0.0,True
INV001952,SUP014,ST143,2015-01-05,2015-01-10,2015-01-12,99.32,99.32,Processed,EMP006,2,0.0,0.0,False
INV001953,SUP009,ST432,2015-01-05,2015-01-13,2015-01-15,44.05,45.0,Processed,EMP008,2,-0.95,0.95,False
INV001954,SUP003,ST121,2015-01-05,2015-01-11,2015-01-13,46.62,46.62,Processed,EMP019,2,0.0,0.0,False
INV001955,SUP007,ST381,2015-01-05,2015-01-08,2015-01-14,8.66,8.66,Processed Late,EMP001,6,0.0,0.0,True
INV001956,SUP002,ST489,2015-01-05,2015-01-09,2015-01-10,23.1,23.1,Processed,EMP004,1,0.0,0.0,False
INV001957,SUP006,ST145,2015-01-05,2015-01-12,2015-01-13,14.77,14.77,Processed,EMP017,1,0.0,0.0,False
INV001958,SUP014,ST427,2015-01-05,2015-01-13,2015-01-15,215.72,215.72,Processed,EMP006,2,0.0,0.0,False
INV001959,SUP003,ST541,2015-01-05,2015-01-12,2015-01-14,12.88,12.88,Processed,EMP029,2,0.0,0.0,False
INV001960,SUP008,ST014,2015-01-05,2015-01-11,2015-01-21,230.1,230.1,Pending / Delayed,EMP023,10,0.0,0.0,True
INV001961,SUP011,ST033,2015-01-05,2015-01-10,2015-01-12,317.76,317.76,Processed,EMP030,2,0.0,0.0,False
INV001962,SUP001,ST406,2015-01-05,2015-01-09,2015-01-10,24.64,24.64,Processed,EMP025,1,0.0,0.0,False
INV001963,SUP014,ST265,2015-01-05,2015-01-12,2015-01-14,27.45,29.6,Processed,EMP027,2,-2.15,2.15,False
INV001964,SUP007,ST161,2015-01-05,2015-01-11,2015-01-13,1468.61,1431.76,Processed,EMP026,2,36.85,36.85,False
INV001965,SUP003,ST217,2015-01-05,2015-01-10,2015-01-13,25.74,25.74,Processed,EMP021,3,0.0,0.0,False
INV001966,SUP003,ST573,2015-01-05,2015-01-08,2015-01-12,377.1,377.1,Processed Late,EMP025,4,0.0,0.0,True
INV001967,SUP008,ST489,2015-01-05,2015-01-09,2015-01-11,158.28,158.28,Processed,EMP025,2,0.0,0.0,False
INV001968,SUP003,ST056,2015-01-05,2015-01-13,2015-01-15,1369.06,1369.06,Processed,EMP002,2,0.0,0.0,False
INV001969,SUP002,ST107,2015-01-05,2015-01-13,2015-01-18,47.4,47.4,Processed Late,EMP010,5,0.0,0.0,True
INV001970,SUP005,ST167,2015-01-05,2015-01-09,2015-01-12,1805.4,1805.4,Processed,EMP003,3,0.0,0.0,False
INV001971,SUP001,ST317,2015-01-05,2015-01-10,2015-01-13,101.88,101.88,Processed,EMP026,3,0.0,0.0,False
INV001972,SUP001,ST247,2015-01-05,2015-01-08,2015-01-10,523.03,557.2,Processed,EMP013,2,-34.17,34.17,False
INV001973,SUP010,ST496,2015-01-05,2015-01-11,2015-01-17,61.8,61.8,Processed Late,EMP023,6,0.0,0.0,True
INV001974,SUP005,ST009,2015-01-05,2015-01-12,2015-01-15,55.32,55.32,Processed,EMP005,3,0.0,0.0,False
INV001975,SUP009,ST200,2015-01-05,2015-01-10,2015-01-22,32.01,32.01,Pending / Delayed,EMP016,12,0.0,0.0,True
INV001976,SUP003,ST100,2015-01-05,2015-01-11,2015-01-12,64.68,64.68,Processed,EMP015,1,0.0,0.0,False
INV001977,SUP013,ST154,2015-01-05,2015-01-08,2015-01-14,1788.84,1788.84,Processed Late,EMP015,6,0.0,0.0,True
INV001978,SUP014,ST039,2015-01-05,2015-01-09,2015-01-12,45.08,45.08,Processed,EMP017,3,0.0,0.0,False
INV001979,SUP002,ST096,2015-01-05,2015-01-09,2015-01-12,122.52,122.52,Processed,EMP008,3,0.0,0.0,False
INV001980,SUP003,ST514,2015-01-05,2015-01-12,2015-01-14,169.86,169.86,Processed,EMP010,2,0.0,0.0,False
INV001981,SUP006,ST459,2015-01-05,2015-01-09,2015-01-10,83.16,83.16,Processed,EMP003,1,0.0,0.0,False
INV001982,SUP014,ST442,2015-01-05,2015-01-09,2015-01-11,52.58,52.58,Processed,EMP017,2,0.0,0.0,False
INV001983,SUP010,ST622,2015-01-05,2015-01-11,2015-01-13,1439.1,1450.82,Processed,EMP019,2,-11.72,11.72,False
INV001984,SUP008,ST100,2015-01-05,2015-01-12,2015-01-14,146.6,146.6,Processed,EMP016,2,0.0,0.0,False
INV001985,SUP013,ST090,2015-01-05,2015-01-08,2015-01-13,162.03,162.03,Processed Late,EMP013,5,0.0,0.0,True
INV001986,SUP015,ST303,2015-01-05,2015-01-11,2015-01-17,226.08,226.08,Processed Late,EMP015,6,0.0,0.0,True
INV001987,SUP006,ST092,2015-01-05,2015-01-13,2015-01-15,2717.6,2717.6,Processed,EMP026,2,0.0,0.0,False
INV001988,SUP008,ST263,2015-01-05,2015-01-11,2015-01-14,473.6,473.6,Processed,EMP016,3,0.0,0.0,False
INV001989,SUP010,ST500,2015-01-05,2015-01-13,2015-01-17,13.74,13.74,Processed Late,EMP025,4,0.0,0.0,True
INV001990,SUP014,ST133,2015-01-05,2015-01-13,2015-01-16,24.17,26.18,Processed,EMP018,3,-2.01,2.01,False
INV001991,SUP006,ST383,2015-01-05,2015-01-08,2015-01-10,28.26,28.26,Processed,EMP012,2,0.0,0.0,False
INV001992,SUP005,ST044,2015-01-05,2015-01-08,2015-01-17,3546.3,3546.3,Pending / Delayed,EMP029,9,0.0,0.0,True
INV001993,SUP004,ST575,2015-01-05,2015-01-11,2015-01-13,24.87,24.87,Processed,EMP030,2,0.0,0.0,False
INV001994,SUP003,ST584,2015-01-05,2015-01-13,2015-01-14,38.75,38.75,Processed,EMP028,1,0.0,0.0,False
INV001995,SUP014,ST474,2015-01-05,2015-01-12,2015-01-21,55.64,55.64,Pending / Delayed,EMP010,9,0.0,0.0,True
INV001996,SUP009,ST477,2015-01-05,2015-01-12,2015-01-17,3906.24,3906.24,Processed Late,EMP008,5,0.0,0.0,True
INV001997,SUP015,ST407,2015-01-05,2015-01-09,2015-01-14,25.27,25.27,Processed Late,EMP019,5,0.0,0.0,True
INV001998,SUP006,ST351,2015-01-05,2015-01-11,2015-01-17,2660.98,2660.98,Processed Late,EMP023,6,0.0,0.0,True
INV001999,SUP008,ST118,2015-01-05,2015-01-10,2015-01-14,209.28,209.28,Processed Late,EMP028,4,0.0,0.0,True
INV002000,SUP008,ST150,2015-01-05,2015-01-12,2015-01-16,4.86,4.86,Processed Late,EMP014,4,0.0,0.0,True
INV002001,SUP010,ST390,2015-01-20,2015-01-28,2015-01-29,110.2,110.2,Processed,EMP004,1,0.0,0.0,False
INV002002,SUP008,ST219,2015-01-20,2015-01-27,2015-02-01,1474.2,1474.2,Processed Late,EMP015,5,0.0,0.0,True
INV002003,SUP011,ST434,2015-01-20,2015-01-25,2015-01-26,41.42,41.42,Processed,EMP022,1,0.0,0.0,False
INV002004,SUP002,ST281,2015-01-20,2015-01-25,2015-01-26,80.71,80.71,Processed,EMP005,1,0.0,0.0,False
INV002005,SUP008,ST430,2015-01-20,2015-01-24,2015-01-28,116.6,116.6,Processed Late,EMP014,4,0.0,0.0,True
INV002006,SUP001,ST095,2015-01-20,2015-01-23,2015-01-24,76.9,76.9,Processed,EMP011,1,0.0,0.0,False
INV002007,SUP006,ST430,2015-01-20,2015-01-23,2015-01-25,126.61,126.61,Processed,EMP028,2,0.0,0.0,False
INV002008,SUP003,ST448,2015-01-20,2015-01-25,2015-01-31,317.11,317.11,Processed Late,EMP024,6,0.0,0.0,True
INV002009,SUP001,ST575,2015-01-20,2015-01-25,2015-01-31,638.2,638.2,Processed Late,EMP016,6,0.0,0.0,True
INV002010,SUP010,ST632,2015-01-20,2015-01-27,2015-02-01,15.2,15.2,Processed Late,EMP025,5,0.0,0.0,True
INV002011,SUP015,ST470,2015-01-20,2015-01-26,2015-01-30,1297.32,1297.32,Processed Late,EMP006,4,0.0,0.0,True
INV002012,SUP011,ST417,2015-01-20,2015-01-27,2015-01-31,943.92,943.92,Processed Late,EMP003,4,0.0,0.0,True
INV002013,SUP014,ST129,2015-01-20,2015-01-27,2015-01-28,34.1,36.4,Processed,EMP015,1,-2.3,2.3,False
INV002014,SUP004,ST193,2015-01-20,2015-01-25,2015-01-27,4114.6,4114.6,Processed,EMP006,2,0.0,0.0,False
INV002015,SUP010,ST387,2015-01-20,2015-01-27,2015-01-31,37.43,37.43,Processed Late,EMP010,4,0.0,0.0,True
INV002016,SUP011,ST591,2015-01-20,2015-01-28,2015-02-01,2165.2,2165.2,Processed Late,EMP012,4,0.0,0.0,True
INV002017,SUP015,ST315,2015-01-20,2015-01-24,2015-01-25,338.78,338.78,Processed,EMP028,1,0.0,0.0,False
INV002018,SUP011,ST467,2015-01-20,2015-01-24,2015-01-26,40.05,40.05,Processed,EMP018,2,0.0,0.0,False
INV002019,SUP009,ST437,2015-01-20,2015-01-27,2015-01-30,42.51,42.51,Processed,EMP004,3,0.0,0.0,False
INV002020,SUP003,ST470,2015-01-20,2015-01-26,2015-01-30,89.76,89.76,Processed Late,EMP020,4,0.0,0.0,True
INV002021,SUP003,ST556,2015-01-20,2015-01-27,2015-01-29,167.58,167.58,Processed,EMP015,2,0.0,0.0,False
INV002022,SUP012,ST448,2015-01-20,2015-01-26,2015-02-01,1116.17,1116.17,Processed Late,EMP016,6,0.0,0.0,True
INV002023,SUP013,ST107,2015-01-20,2015-01-28,2015-01-29,16.75,16.75,Processed,EMP008,1,0.0,0.0,False
INV002024,SUP007,ST107,2015-01-20,2015-01-23,2015-01-24,486.24,486.24,Processed,EMP005,1,0.0,0.0,False
INV002025,SUP008,ST516,2015-01-20,2015-01-23,2015-01-24,894.9,894.9,Processed,EMP022,1,0.0,0.0,False
INV002026,SUP014,ST431,2015-01-20,2015-01-26,2015-02-01,5.16,4.95,Processed Late,EMP018,6,0.21,0.21,True
INV002027,SUP002,ST201,2015-01-20,2015-01-24,2015-01-27,38.4,38.4,Processed,EMP015,3,0.0,0.0,False
INV002028,SUP015,ST476,2015-01-20,2015-01-28,2015-02-02,55.38,55.38,Processed Late,EMP019,5,0.0,0.0,True
INV002029,SUP006,ST230,2015-01-20,2015-01-26,2015-02-01,520.8,520.8,Processed Late,EMP006,6,0.0,0.0,True
INV002030,SUP005,ST315,2015-01-20,2015-01-25,2015-01-27,33.8,33.8,Processed,EMP009,2,0.0,0.0,False
INV002031,SUP015,ST425,2015-01-20,2015-01-23,2015-02-03,1189.53,1189.53,Pending / Delayed,EMP017,11,0.0,0.0,True
INV002032,SUP006,ST532,2015-01-20,2015-01-24,2015-01-25,21.1,21.1,Processed,EMP028,1,0.0,0.0,False
INV002033,SUP010,ST441,2015-01-20,2015-01-27,2015-01-29,510.6,510.6,Processed,EMP018,2,0.0,0.0,False
INV002034,SUP011,ST403,2015-01-20,2015-01-28,2015-02-03,44.24,44.24,Processed Late,EMP012,6,0.0,0.0,True
INV002035,SUP011,ST400,2015-01-20,2015-01-26,2015-01-30,409.8,409.8,Processed Late,EMP001,4,0.0,0.0,True
INV002036,SUP007,ST237,2015-01-20,2015-01-23,2015-01-26,49.68,49.68,Processed,EMP027,3,0.0,0.0,False
INV002037,SUP011,ST591,2015-01-20,2015-01-28,2015-01-31,26.64,26.64,Processed,EMP030,3,0.0,0.0,False
INV002038,SUP003,ST331,2015-01-20,2015-01-25,2015-01-27,132.9,132.9,Processed,EMP016,2,0.0,0.0,False
INV002039,SUP001,ST608,2015-01-20,2015-01-27,2015-01-28,749.92,749.92,Processed,EMP020,1,0.0,0.0,False
INV002040,SUP002,ST586,2015-01-20,2015-01-23,2015-01-25,39.52,39.52,Processed,EMP005,2,0.0,0.0,False
INV002041,SUP011,ST367,2015-01-20,2015-01-24,2015-01-26,906.0,906.0,Processed,EMP004,2,0.0,0.0,False
INV002042,SUP009,ST252,2015-01-20,2015-01-27,2015-01-29,22.32,22.32,Processed,EMP021,2,0.0,0.0,False
INV002043,SUP005,ST085,2015-01-20,2015-01-25,2015-01-26,373.5,373.5,Processed,EMP024,1,0.0,0.0,False
INV002044,SUP010,ST106,2015-01-20,2015-01-28,2015-01-31,23.5,23.5,Processed,EMP011,3,0.0,0.0,False
INV002045,SUP005,ST269,2015-01-20,2015-01-28,2015-01-31,11.69,12.0,Processed,EMP017,3,-0.31,0.31,False
INV002046,SUP006,ST213,2015-01-20,2015-01-27,2015-02-02,10.0,10.0,Processed Late,EMP019,6,0.0,0.0,True
INV002047,SUP007,ST076,2015-01-20,2015-01-28,2015-01-30,1526.43,1526.43,Processed,EMP022,2,0.0,0.0,False
INV002048,SUP007,ST385,2015-01-20,2015-01-25,2015-01-31,42.08,42.08,Processed Late,EMP018,6,0.0,0.0,True
INV002049,SUP003,ST306,2015-01-20,2015-01-27,2015-02-02,33.28,33.28,Processed Late,EMP017,6,0.0,0.0,True
INV002050,SUP014,ST033,2015-01-20,2015-01-28,2015-01-31,667.0,667.0,Processed,EMP025,3,0.0,0.0,False
INV002051,SUP010,ST615,2015-01-20,2015-01-24,2015-01-25,1366.69,1366.69,Processed,EMP015,1,0.0,0.0,False
INV002052,SUP005,ST125,2015-01-20,2015-01-24,2015-01-28,105.14,105.14,Processed Late,EMP030,4,0.0,0.0,True
INV002053,SUP009,ST525,2015-01-20,2015-01-23,2015-01-25,164.06,154.46,Processed,EMP030,2,9.6,9.6,False
INV002054,SUP004,ST031,2015-01-20,2015-01-23,2015-01-26,577.98,577.98,Processed,EMP021,3,0.0,0.0,False
INV002055,SUP012,ST130,2015-01-20,2015-01-27,2015-01-29,13.14,13.14,Processed,EMP015,2,0.0,0.0,False
INV002056,SUP002,ST357,2015-01-20,2015-01-27,2015-01-29,51.51,51.51,Processed,EMP016,2,0.0,0.0,False
INV002057,SUP013,ST508,2015-01-20,2015-01-28,2015-01-30,2302.3,2302.3,Processed,EMP014,2,0.0,0.0,False
INV002058,SUP005,ST178,2015-01-20,2015-01-24,2015-01-27,53.76,53.76,Processed,EMP025,3,0.0,0.0,False
INV002059,SUP002,ST598,2015-01-20,2015-01-26,2015-02-01,20.2,20.2,Processed Late,EMP027,6,0.0,0.0,True
INV002060,SUP012,ST500,2015-01-20,2015-01-23,2015-01-24,992.6,992.6,Processed,EMP023,1,0.0,0.0,False
INV002061,SUP005,ST327,2015-01-20,2015-01-28,2015-01-29,24.45,24.45,Processed,EMP026,1,0.0,0.0,False
INV002062,SUP010,ST362,2015-01-20,2015-01-27,2015-01-29,57.26,57.26,Processed,EMP002,2,0.0,0.0,False
INV002063,SUP015,ST035,2015-01-20,2015-01-27,2015-01-28,17.44,17.44,Processed,EMP029,1,0.0,0.0,False
INV002064,SUP010,ST544,2015-01-20,2015-01-25,2015-01-27,241.0,241.0,Processed,EMP015,2,0.0,0.0,False
INV002065,SUP013,ST331,2015-01-20,2015-01-26,2015-01-31,344.58,365.46,Processed Late,EMP001,5,-20.88,20.88,True
INV002066,SUP002,ST221,2015-01-20,2015-01-23,2015-01-25,6.79,6.79,Processed,EMP015,2,0.0,0.0,False
INV002067,SUP002,ST010,2015-01-20,2015-01-24,2015-01-28,121.5,121.5,Processed Late,EMP001,4,0.0,0.0,True
INV002068,SUP004,ST477,2015-01-20,2015-01-23,2015-01-24,228.14,228.14,Processed,EMP025,1,0.0,0.0,False
INV002069,SUP009,ST068,2015-01-20,2015-01-26,2015-01-28,84.36,84.36,Processed,EMP010,2,0.0,0.0,False
INV002070,SUP002,ST575,2015-01-20,2015-01-25,2015-01-28,61.6,61.6,Processed,EMP004,3,0.0,0.0,False
INV002071,SUP011,ST432,2015-01-20,2015-01-27,2015-01-30,42.56,42.56,Processed,EMP005,3,0.0,0.0,False
INV002072,SUP001,ST506,2015-01-20,2015-01-26,2015-01-30,21.96,21.96,Processed Late,EMP004,4,0.0,0.0,True
INV002073,SUP002,ST464,2015-01-20,2015-01-28,2015-02-03,51.3,51.3,Processed Late,EMP007,6,0.0,0.0,True
INV002074,SUP004,ST591,2015-01-20,2015-01-27,2015-01-29,31.44,31.44,Processed,EMP005,2,0.0,0.0,False
INV002075,SUP014,ST590,2015-01-20,2015-01-25,2015-02-04,118.5,118.5,Pending / Delayed,EMP024,10,0.0,0.0,True
INV002076,SUP007,ST038,2015-01-20,2015-01-28,2015-01-29,1997.93,1997.93,Processed,EMP026,1,0.0,0.0,False
INV002077,SUP001,ST072,2015-01-20,2015-01-28,2015-02-02,11.64,11.4,Processed Late,EMP009,5,0.24,0.24,True
INV002078,SUP005,ST325,2015-01-20,2015-01-27,2015-01-28,294.3,294.3,Processed,EMP007,1,0.0,0.0,False
INV002079,SUP006,ST506,2015-01-20,2015-01-24,2015-01-25,110.6,110.6,Processed,EMP028,1,0.0,0.0,False
INV002080,SUP008,ST506,2015-01-20,2015-01-27,2015-02-02,497.14,497.14,Processed Late,EMP014,6,0.0,0.0,True
INV002081,SUP002,ST030,2015-02-05,2015-02-08,2015-02-16,4326.4,4326.4,Pending / Delayed,EMP029,8,0.0,0.0,True
INV002082,SUP006,ST447,2015-02-05,2015-02-08,2015-02-11,12.32,12.32,Processed,EMP010,3,0.0,0.0,False
INV002083,SUP015,ST378,2015-02-05,2015-02-12,2015-02-18,30.36,30.36,Processed Late,EMP002,6,0.0,0.0,True
INV002084,SUP013,ST045,2015-02-05,2015-02-10,2015-02-11,4.68,4.68,Processed,EMP025,1,0.0,0.0,False
INV002085,SUP006,ST628,2015-02-05,2015-02-10,2015-02-13,210.43,210.43,Processed,EMP021,3,0.0,0.0,False
INV002086,SUP010,ST472,2015-02-05,2015-02-10,2015-02-11,33.46,33.46,Processed,EMP016,1,0.0,0.0,False
INV002087,SUP013,ST599,2015-02-05,2015-02-12,2015-02-14,18.84,18.84,Processed,EMP024,2,0.0,0.0,False
INV002088,SUP009,ST541,2015-02-05,2015-02-08,2015-02-20,83.2,83.2,Pending / Delayed,EMP006,12,0.0,0.0,True
INV002089,SUP005,ST330,2015-02-05,2015-02-09,2015-02-12,421.49,392.53,Processed,EMP002,3,28.96,28.96,False
INV002090,SUP005,ST085,2015-02-05,2015-02-08,2015-02-09,308.6,308.6,Processed,EMP022,1,0.0,0.0,False
INV002091,SUP012,ST211,2015-02-05,2015-02-11,2015-02-12,212.13,212.13,Processed,EMP020,1,0.0,0.0,False
INV002092,SUP001,ST222,2015-02-05,2015-02-08,2015-02-14,1431.57,1431.57,Processed Late,EMP015,6,0.0,0.0,True
INV002093,SUP002,ST349,2015-02-05,2015-02-09,2015-02-14,120.82,120.82,Processed Late,EMP027,5,0.0,0.0,True
INV002094,SUP009,ST321,2015-02-05,2015-02-08,2015-02-11,118.6,118.6,Processed,EMP011,3,0.0,0.0,False
INV002095,SUP014,ST517,2015-02-05,2015-02-11,2015-02-12,1054.22,1140.16,Processed,EMP026,1,-85.94,85.94,False
INV002096,SUP007,ST464,2015-02-05,2015-02-10,2015-02-11,48.69,48.69,Processed,EMP014,1,0.0,0.0,False
INV002097,SUP004,ST071,2015-02-05,2015-02-09,2015-02-13,124.0,124.0,Processed Late,EMP018,4,0.0,0.0,True
INV002098,SUP014,ST592,2015-02-05,2015-02-10,2015-02-13,14.14,14.14,Processed,EMP023,3,0.0,0.0,False
INV002099,SUP012,ST113,2015-02-05,2015-02-12,2015-02-21,150.56,150.56,Pending / Delayed,EMP022,9,0.0,0.0,True
INV002100,SUP001,ST488,2015-02-05,2015-02-12,2015-02-18,618.88,618.88,Processed Late,EMP014,6,0.0,0.0,True
INV002101,SUP015,ST564,2015-02-05,2015-02-11,2015-02-12,35.1,35.1,Processed,EMP022,1,0.0,0.0,False
INV002102,SUP007,ST515,2015-02-05,2015-02-08,2015-02-19,76.8,76.8,Pending / Delayed,EMP003,11,0.0,0.0,True
INV002103,SUP005,ST379,2015-02-05,2015-02-10,2015-02-11,1262.04,1262.04,Processed,EMP013,1,0.0,0.0,False
INV002104,SUP007,ST199,2015-02-05,2015-02-11,2015-02-14,2021.04,2021.04,Processed,EMP020,3,0.0,0.0,False
INV002105,SUP005,ST543,2015-02-05,2015-02-11,2015-02-15,327.18,327.18,Processed Late,EMP002,4,0.0,0.0,True
INV002106,SUP011,ST052,2015-02-05,2015-02-12,2015-02-13,4363.74,4363.74,Processed,EMP010,1,0.0,0.0,False
INV002107,SUP015,ST037,2015-02-05,2015-02-13,2015-02-14,19.44,19.44,Processed,EMP009,1,0.0,0.0,False
INV002108,SUP002,ST283,2015-02-05,2015-02-11,2015-02-17,17.46,17.46,Processed Late,EMP024,6,0.0,0.0,True
INV002109,SUP002,ST226,2015-02-05,2015-02-12,2015-02-16,3064.74,3064.74,Processed Late,EMP009,4,0.0,0.0,True
INV002110,SUP004,ST356,2015-02-05,2015-02-12,2015-02-18,63.92,63.92,Processed Late,EMP002,6,0.0,0.0,True
INV002111,SUP002,ST190,2015-02-05,2015-02-10,2015-02-22,1818.3,1818.3,Pending / Delayed,EMP024,12,0.0,0.0,True
INV002112,SUP014,ST245,2015-02-05,2015-02-11,2015-02-16,23.8,23.8,Processed Late,EMP025,5,0.0,0.0,True
INV002113,SUP006,ST467,2015-02-05,2015-02-10,2015-02-19,462.72,462.72,Pending / Delayed,EMP009,9,0.0,0.0,True
INV002114,SUP001,ST182,2015-02-05,2015-02-08,2015-02-09,857.82,857.82,Processed,EMP008,1,0.0,0.0,False
INV002115,SUP014,ST010,2015-02-05,2015-02-12,2015-02-24,17.08,17.08,Pending / Delayed,EMP017,12,0.0,0.0,True
INV002116,SUP008,ST254,2015-02-05,2015-02-09,2015-02-15,224.4,224.4,Processed Late,EMP017,6,0.0,0.0,True
INV002117,SUP010,ST298,2015-02-05,2015-02-11,2015-02-14,135.81,135.81,Processed,EMP002,3,0.0,0.0,False
INV002118,SUP003,ST097,2015-02-05,2015-02-13,2015-02-19,111.38,120.42,Processed Late,EMP028,6,-9.04,9.04,True
INV002119,SUP012,ST360,2015-02-05,2015-02-11,2015-02-13,39.12,39.12,Processed,EMP012,2,0.0,0.0,False
INV002120,SUP008,ST014,2015-02-05,2015-02-12,2015-02-15,157.42,157.42,Processed,EMP019,3,0.0,0.0,False
INV002121,SUP013,ST611,2015-02-05,2015-02-08,2015-02-09,192.72,192.72,Processed,EMP003,1,0.0,0.0,False
INV002122,SUP012,ST022,2015-02-05,2015-02-11,2015-02-17,31.79,30.6,Processed Late,EMP002,6,1.19,1.19,True
INV002123,SUP003,ST366,2015-02-05,2015-02-13,2015-02-16,35.64,35.64,Processed,EMP028,3,0.0,0.0,False
INV002124,SUP012,ST442,2015-02-05,2015-02-13,2015-02-17,987.03,987.03,Processed Late,EMP014,4,0.0,0.0,True
INV002125,SUP007,ST111,2015-02-05,2015-02-11,2015-02-13,60.76,60.76,Processed,EMP001,2,0.0,0.0,False
INV002126,SUP008,ST540,2015-02-05,2015-02-13,2015-02-14,15.77,15.77,Processed,EMP028,1,0.0,0.0,False
INV002127,SUP007,ST604,2015-02-05,2015-02-13,2015-02-19,22.49,22.49,Processed Late,EMP014,6,0.0,0.0,True
INV002128,SUP010,ST533,2015-02-05,2015-02-12,2015-02-15,138.82,138.82,Processed,EMP009,3,0.0,0.0,False
INV002129,SUP008,ST581,2015-02-05,2015-02-13,2015-02-19,29.8,29.8,Processed Late,EMP022,6,0.0,0.0,True
INV002130,SUP008,ST151,2015-02-05,2015-02-09,2015-02-11,32.35,34.4,Processed,EMP026,2,-2.05,2.05,False
INV002131,SUP005,ST572,2015-02-05,2015-02-12,2015-02-18,288.84,288.84,Processed Late,EMP022,6,0.0,0.0,True
INV002132,SUP013,ST302,2015-02-05,2015-02-10,2015-02-16,292.06,292.06,Processed Late,EMP006,6,0.0,0.0,True
INV002133,SUP014,ST608,2015-02-05,2015-02-13,2015-02-16,71.61,71.61,Processed,EMP021,3,0.0,0.0,False
INV002134,SUP007,ST361,2015-02-05,2015-02-11,2015-02-17,1910.36,1932.9,Processed Late,EMP022,6,-22.54,22.54,True
INV002135,SUP015,ST291,2015-02-05,2015-02-08,2015-02-10,348.8,348.8,Processed,EMP024,2,0.0,0.0,False
INV002136,SUP002,ST278,2015-02-05,2015-02-10,2015-02-12,288.04,288.04,Processed,EMP009,2,0.0,0.0,False
INV002137,SUP015,ST083,2015-02-05,2015-02-10,2015-02-13,304.08,304.08,Processed,EMP023,3,0.0,0.0,False
INV002138,SUP006,ST255,2015-02-05,2015-02-09,2015-02-11,23.08,21.63,Processed,EMP006,2,1.45,1.45,False
INV002139,SUP002,ST268,2015-02-05,2015-02-08,2015-02-11,2050.58,2050.58,Processed,EMP013,3,0.0,0.0,False
INV002140,SUP007,ST331,2015-02-05,2015-02-08,2015-02-11,443.96,443.96,Processed,EMP021,3,0.0,0.0,False
INV002141,SUP007,ST568,2015-02-05,2015-02-11,2015-02-19,1756.4,1756.4,Pending / Delayed,EMP012,8,0.0,0.0,True
INV002142,SUP010,ST473,2015-02-05,2015-02-09,2015-02-12,44.44,44.44,Processed,EMP019,3,0.0,0.0,False
INV002143,SUP014,ST448,2015-02-05,2015-02-08,2015-02-11,38.77,39.2,Processed,EMP026,3,-0.43,0.43,False
INV002144,SUP006,ST516,2015-02-05,2015-02-10,2015-02-12,675.54,675.54,Processed,EMP017,2,0.0,0.0,False
INV002145,SUP007,ST421,2015-02-05,2015-02-09,2015-02-14,23.14,23.14,Processed Late,EMP020,5,0.0,0.0,True
INV002146,SUP013,ST432,2015-02-05,2015-02-12,2015-02-23,2376.14,2376.14,Pending / Delayed,EMP014,11,0.0,0.0,True
INV002147,SUP005,ST249,2015-02-05,2015-02-12,2015-02-14,430.14,430.14,Processed,EMP020,2,0.0,0.0,False
INV002148,SUP009,ST580,2015-02-05,2015-02-12,2015-02-19,65.91,65.91,Pending / Delayed,EMP028,7,0.0,0.0,True
INV002149,SUP011,ST007,2015-02-05,2015-02-11,2015-02-15,44.1,44.1,Processed Late,EMP002,4,0.0,0.0,True
INV002150,SUP001,ST087,2015-02-05,2015-02-09,2015-02-12,3000.66,2862.18,Processed,EMP019,3,138.48,138.48,False
INV002151,SUP002,ST298,2015-02-05,2015-02-13,2015-02-14,1359.3,1359.3,Processed,EMP027,1,0.0,0.0,False
INV002152,SUP002,ST599,2015-02-05,2015-02-12,2015-02-15,441.74,418.32,Processed,EMP006,3,23.42,23.42,False
INV002153,SUP009,ST148,2015-02-05,2015-02-11,2015-02-14,9.96,9.96,Processed,EMP010,3,0.0,0.0,False
INV002154,SUP015,ST159,2015-02-05,2015-02-12,2015-02-18,1728.49,1761.2,Processed Late,EMP022,6,-32.71,32.71,True
INV002155,SUP015,ST007,2015-02-05,2015-02-12,2015-02-18,47.63,47.63,Processed Late,EMP007,6,0.0,0.0,True
INV002156,SUP001,ST157,2015-02-05,2015-02-08,2015-02-09,64.48,64.48,Processed,EMP004,1,0.0,0.0,False
INV002157,SUP004,ST107,2015-02-05,2015-02-08,2015-02-09,117.18,117.18,Processed,EMP012,1,0.0,0.0,False
INV002158,SUP001,ST125,2015-02-05,2015-02-12,2015-02-15,54.0,54.0,Processed,EMP006,3,0.0,0.0,False
INV002159,SUP014,ST241,2015-02-05,2015-02-09,2015-02-11,55.59,55.59,Processed,EMP009,2,0.0,0.0,False
INV002160,SUP010,ST127,2015-02-05,2015-02-11,2015-02-12,823.04,823.04,Processed,EMP021,1,0.0,0.0,False
INV002161,SUP014,ST247,2015-02-20,2015-02-24,2015-02-26,39.38,39.38,Processed,EMP023,2,0.0,0.0,False
INV002162,SUP008,ST297,2015-02-20,2015-02-27,2015-03-08,241.49,241.49,Pending / Delayed,EMP001,9,0.0,0.0,True
INV002163,SUP008,ST377,2015-02-20,2015-02-25,2015-02-26,123.0,123.0,Processed,EMP016,1,0.0,0.0,False
INV002164,SUP002,ST476,2015-02-20,2015-02-24,2015-02-26,49.0,49.0,Processed,EMP024,2,0.0,0.0,False
INV002165,SUP005,ST469,2015-02-20,2015-02-25,2015-02-28,198.75,198.75,Processed,EMP006,3,0.0,0.0,False
INV002166,SUP005,ST035,2015-02-20,2015-02-28,2015-03-03,157.22,157.22,Processed,EMP017,3,0.0,0.0,False
INV002167,SUP006,ST143,2015-02-20,2015-02-23,2015-02-24,297.87,297.87,Processed,EMP019,1,0.0,0.0,False
INV002168,SUP003,ST367,2015-02-20,2015-02-28,2015-03-05,58.72,58.72,Processed Late,EMP003,5,0.0,0.0,True
INV002169,SUP015,ST538,2015-02-20,2015-02-24,2015-03-01,71.28,71.28,Processed Late,EMP006,5,0.0,0.0,True
INV002170,SUP003,ST361,2015-02-20,2015-02-27,2015-03-05,12.72,12.72,Processed Late,EMP026,6,0.0,0.0,True
INV002171,SUP013,ST144,2015-02-20,2015-02-25,2015-02-26,280.32,280.32,Processed,EMP012,1,0.0,0.0,False
INV002172,SUP002,ST496,2015-02-20,2015-02-23,2015-02-27,95.48,95.48,Processed Late,EMP030,4,0.0,0.0,True
INV002173,SUP015,ST520,2015-02-20,2015-02-26,2015-02-27,180.67,180.67,Processed,EMP015,1,0.0,0.0,False
INV002174,SUP010,ST595,2015-02-20,2015-02-28,2015-03-01,13.08,13.08,Processed,EMP009,1,0.0,0.0,False
INV002175,SUP001,ST163,2015-02-20,2015-02-26,2015-03-07,2493.82,2493.82,Pending / Delayed,EMP016,9,0.0,0.0,True
INV002176,SUP011,ST488,2015-02-20,2015-02-28,2015-03-01,227.75,227.75,Processed,EMP014,1,0.0,0.0,False
INV002177,SUP013,ST243,2015-02-20,2015-02-25,2015-02-26,24.63,25.2,Processed,EMP008,1,-0.57,0.57,False
INV002178,SUP007,ST066,2015-02-20,2015-02-25,2015-02-27,35.28,35.28,Processed,EMP015,2,0.0,0.0,False
INV002179,SUP014,ST075,2015-02-20,2015-02-23,2015-02-25,49.8,49.8,Processed,EMP016,2,0.0,0.0,False
INV002180,SUP014,ST031,2015-02-20,2015-02-24,2015-02-25,541.84,541.84,Processed,EMP005,1,0.0,0.0,False
INV002181,SUP007,ST137,2015-02-20,2015-02-25,2015-02-26,43.45,43.45,Processed,EMP012,1,0.0,0.0,False
INV002182,SUP008,ST449,2015-02-20,2015-02-23,2015-02-24,503.84,503.84,Processed,EMP027,1,0.0,0.0,False
INV002183,SUP007,ST542,2015-02-20,2015-02-23,2015-02-26,91.44,91.44,Processed,EMP027,3,0.0,0.0,False
INV002184,SUP011,ST099,2015-02-20,2015-02-23,2015-02-25,452.0,452.0,Processed,EMP028,2,0.0,0.0,False
INV002185,SUP006,ST418,2015-02-20,2015-02-24,2015-02-25,10.02,10.02,Processed,EMP006,1,0.0,0.0,False
INV002186,SUP011,ST541,2015-02-20,2015-02-27,2015-03-09,11.8,11.8,Pending / Delayed,EMP022,10,0.0,0.0,True
INV002187,SUP008,ST513,2015-02-20,2015-02-28,2015-03-08,948.32,1005.52,Pending / Delayed,EMP024,8,-57.2,57.2,True
INV002188,SUP013,ST069,2015-02-20,2015-02-24,2015-03-01,6591.1,6591.1,Processed Late,EMP024,5,0.0,0.0,True
INV002189,SUP010,ST081,2015-02-20,2015-02-27,2015-02-28,43.26,43.26,Processed,EMP018,1,0.0,0.0,False
INV002190,SUP002,ST511,2015-02-20,2015-02-27,2015-03-04,170.46,170.46,Processed Late,EMP012,5,0.0,0.0,True
INV002191,SUP004,ST297,2015-02-20,2015-02-24,2015-02-26,131.67,131.67,Processed,EMP018,2,0.0,0.0,False
INV002192,SUP014,ST162,2015-02-20,2015-02-24,2015-03-06,234.52,234.52,Pending / Delayed,EMP003,10,0.0,0.0,True
INV002193,SUP014,ST531,2015-02-20,2015-02-24,2015-03-02,999.59,999.59,Processed Late,EMP022,6,0.0,0.0,True
INV002194,SUP001,ST560,2015-02-20,2015-02-27,2015-03-05,9.91,9.9,Processed Late,EMP001,6,0.01,0.01,True
INV002195,SUP005,ST031,2015-02-20,2015-02-27,2015-02-28,2462.11,2462.11,Processed,EMP011,1,0.0,0.0,False
INV002196,SUP006,ST061,2015-02-20,2015-02-25,2015-02-27,114.75,114.75,Processed,EMP008,2,0.0,0.0,False
INV002197,SUP006,ST064,2015-02-20,2015-02-28,2015-03-03,1101.62,1101.62,Processed,EMP026,3,0.0,0.0,False
INV002198,SUP010,ST625,2015-02-20,2015-02-26,2015-03-04,8.28,8.28,Processed Late,EMP006,6,0.0,0.0,True
INV002199,SUP010,ST628,2015-02-20,2015-02-23,2015-02-28,12.64,12.64,Processed Late,EMP006,5,0.0,0.0,True
INV002200,SUP005,ST043,2015-02-20,2015-02-24,2015-02-26,1439.56,1439.56,Processed,EMP006,2,0.0,0.0,False
INV002201,SUP011,ST359,2015-02-20,2015-02-27,2015-03-04,31.62,31.62,Processed Late,EMP012,5,0.0,0.0,True
INV002202,SUP015,ST234,2015-02-20,2015-02-27,2015-03-02,1631.64,1568.49,Processed,EMP030,3,63.15,63.15,False
INV002203,SUP013,ST201,2015-02-20,2015-02-25,2015-02-28,191.92,191.92,Processed,EMP022,3,0.0,0.0,False
INV002204,SUP012,ST019,2015-02-20,2015-02-27,2015-03-01,772.38,772.38,Processed,EMP009,2,0.0,0.0,False
INV002205,SUP007,ST129,2015-02-20,2015-02-26,2015-02-28,153.93,153.93,Processed,EMP018,2,0.0,0.0,False
INV002206,SUP002,ST449,2015-02-20,2015-02-26,2015-02-27,24.07,24.3,Processed,EMP001,1,-0.23,0.23,False
INV002207,SUP006,ST448,2015-02-20,2015-02-25,2015-02-28,56.29,56.29,Processed,EMP006,3,0.0,0.0,False
INV002208,SUP001,ST233,2015-02-20,2015-02-27,2015-03-01,111.24,111.24,Processed,EMP016,2,0.0,0.0,False
INV002209,SUP013,ST016,2015-02-20,2015-02-24,2015-02-25,116.8,125.4,Processed,EMP012,1,-8.6,8.6,False
INV002210,SUP003,ST450,2015-02-20,2015-02-25,2015-02-27,31.68,31.68,Processed,EMP019,2,0.0,0.0,False
INV002211,SUP010,ST251,2015-02-20,2015-02-28,2015-03-05,12.54,12.54,Processed Late,EMP015,5,0.0,0.0,True
INV002212,SUP002,ST079,2015-02-20,2015-02-24,2015-03-08,271.6,271.6,Pending / Delayed,EMP029,12,0.0,0.0,True
INV002213,SUP012,ST366,2015-02-20,2015-02-28,2015-03-02,27.36,27.36,Processed,EMP023,2,0.0,0.0,False
INV002214,SUP013,ST565,2015-02-20,2015-02-25,2015-03-02,44.77,44.77,Processed Late,EMP006,5,0.0,0.0,True
INV002215,SUP005,ST327,2015-02-20,2015-02-26,2015-03-02,111.6,111.6,Processed Late,EMP020,4,0.0,0.0,True
INV002216,SUP015,ST421,2015-02-20,2015-02-26,2015-03-06,92.75,92.75,Pending / Delayed,EMP027,8,0.0,0.0,True
INV002217,SUP015,ST141,2015-02-20,2015-02-26,2015-03-02,113.0,113.0,Processed Late,EMP028,4,0.0,0.0,True
INV002218,SUP004,ST126,2015-02-20,2015-02-26,2015-03-01,67.54,67.54,Processed,EMP003,3,0.0,0.0,False
INV002219,SUP004,ST451,2015-02-20,2015-02-26,2015-02-27,34.5,34.5,Processed,EMP007,1,0.0,0.0,False
INV002220,SUP001,ST277,2015-02-20,2015-02-25,2015-02-28,6.46,6.46,Processed,EMP007,3,0.0,0.0,False
INV002221,SUP002,ST062,2015-02-20,2015-02-26,2015-03-01,4024.72,4024.72,Processed,EMP020,3,0.0,0.0,False
INV002222,SUP014,ST392,2015-02-20,2015-02-23,2015-02-24,533.82,533.82,Processed,EMP022,1,0.0,0.0,False
INV002223,SUP007,ST189,2015-02-20,2015-02-25,2015-02-28,9.78,9.78,Processed,EMP014,3,0.0,0.0,False
INV002224,SUP001,ST555,2015-02-20,2015-02-25,2015-02-28,9.33,9.33,Processed,EMP016,3,0.0,0.0,False
INV002225,SUP015,ST269,2015-02-20,2015-02-26,2015-03-03,34.44,34.44,Processed Late,EMP006,5,0.0,0.0,True
INV002226,SUP014,ST445,2015-02-20,2015-02-25,2015-02-26,3.78,3.78,Processed,EMP022,1,0.0,0.0,False
INV002227,SUP009,ST398,2015-02-20,2015-02-24,2015-03-05,402.39,402.39,Pending / Delayed,EMP016,9,0.0,0.0,True
INV002228,SUP010,ST582,2015-02-20,2015-02-27,2015-03-02,236.17,236.17,Processed,EMP004,3,0.0,0.0,False
INV002229,SUP008,ST244,2015-02-20,2015-02-27,2015-03-07,447.58,447.58,Pending / Delayed,EMP022,8,0.0,0.0,True
INV002230,SUP005,ST088,2015-02-20,2015-02-26,2015-02-28,20.91,21.3,Processed,EMP004,2,-0.39,0.39,False
INV002231,SUP010,ST405,2015-02-20,2015-02-27,2015-03-01,85.5,85.5,Processed,EMP015,2,0.0,0.0,False
INV002232,SUP011,ST257,2015-02-20,2015-02-23,2015-02-27,887.6,887.6,Processed Late,EMP005,4,0.0,0.0,True
INV002233,SUP011,ST329,2015-02-20,2015-02-23,2015-02-24,941.05,941.05,Processed,EMP024,1,0.0,0.0,False
INV002234,SUP001,ST451,2015-02-20,2015-02-24,2015-03-06,1332.31,1332.31,Pending / Delayed,EMP020,10,0.0,0.0,True
INV002235,SUP008,ST570,2015-02-20,2015-02-25,2015-02-28,13.86,13.86,Processed,EMP014,3,0.0,0.0,False
INV002236,SUP002,ST284,2015-02-20,2015-02-23,2015-02-24,15.3,15.3,Processed,EMP012,1,0.0,0.0,False
INV002237,SUP008,ST185,2015-02-20,2015-02-24,2015-03-06,811.32,811.32,Pending / Delayed,EMP022,10,0.0,0.0,True
INV002238,SUP008,ST131,2015-02-20,2015-02-24,2015-02-26,23.8,23.8,Processed,EMP003,2,0.0,0.0,False
INV002239,SUP010,ST051,2015-02-20,2015-02-26,2015-02-27,1537.06,1537.06,Processed,EMP021,1,0.0,0.0,False
INV002240,SUP009,ST451,2015-02-20,2015-02-24,2015-02-27,9.48,9.48,Processed,EMP018,3,0.0,0.0,False
INV002241,SUP004,ST063,2015-03-05,2015-03-13,2015-03-15,49.77,49.77,Processed,EMP022,2,0.0,0.0,False
INV002242,SUP014,ST362,2015-03-05,2015-03-12,2015-03-17,3.1,3.1,Processed Late,EMP009,5,0.0,0.0,True
INV002243,SUP006,ST112,2015-03-05,2015-03-10,2015-03-20,7.83,7.83,Pending / Delayed,EMP025,10,0.0,0.0,True
INV002244,SUP002,ST243,2015-03-05,2015-03-08,2015-03-09,132.8,132.8,Processed,EMP029,1,0.0,0.0,False
INV002245,SUP014,ST426,2015-03-05,2015-03-12,2015-03-14,65.6,65.6,Processed,EMP030,2,0.0,0.0,False
INV002246,SUP003,ST026,2015-03-05,2015-03-11,2015-03-12,54.3,54.3,Processed,EMP007,1,0.0,0.0,False
INV002247,SUP007,ST384,2015-03-05,2015-03-10,2015-03-19,93.08,93.08,Pending / Delayed,EMP026,9,0.0,0.0,True
INV002248,SUP001,ST298,2015-03-05,2015-03-13,2015-03-18,239.5,239.5,Processed Late,EMP027,5,0.0,0.0,True
INV002249,SUP004,ST321,2015-03-05,2015-03-12,2015-03-17,424.62,424.62,Processed Late,EMP011,5,0.0,0.0,True
INV002250,SUP012,ST353,2015-03-05,2015-03-09,2015-03-11,492.48,492.48,Processed,EMP012,2,0.0,0.0,False
INV002251,SUP012,ST154,2015-03-05,2015-03-11,2015-03-17,52.6,52.6,Processed Late,EMP008,6,0.0,0.0,True
INV002252,SUP015,ST230,2015-03-05,2015-03-12,2015-03-13,92.2,89.36,Processed,EMP019,1,2.84,2.84,False
INV002253,SUP012,ST429,2015-03-05,2015-03-10,2015-03-13,159.2,159.2,Processed,EMP008,3,0.0,0.0,False
INV002254,SUP009,ST053,2015-03-05,2015-03-08,2015-03-12,340.25,340.25,Processed Late,EMP024,4,0.0,0.0,True
INV002255,SUP006,ST276,2015-03-05,2015-03-11,2015-03-15,88.38,88.38,Processed Late,EMP001,4,0.0,0.0,True
INV002256,SUP004,ST337,2015-03-05,2015-03-10,2015-03-15,5201.88,5552.6,Processed Late,EMP007,5,-350.72,350.72,True
INV002257,SUP006,ST119,2015-03-05,2015-03-11,2015-03-14,33.8,33.8,Processed,EMP011,3,0.0,0.0,False
INV002258,SUP006,ST574,2015-03-05,2015-03-08,2015-03-11,948.0,948.0,Processed,EMP025,3,0.0,0.0,False
INV002259,SUP010,ST236,2015-03-05,2015-03-13,2015-03-16,88.92,88.92,Processed,EMP015,3,0.0,0.0,False
INV002260,SUP014,ST129,2015-03-05,2015-03-11,2015-03-12,22.8,22.8,Processed,EMP030,1,0.0,0.0,False
INV002261,SUP011,ST142,2015-03-05,2015-03-10,2015-03-19,169.65,169.65,Pending / Delayed,EMP006,9,0.0,0.0,True
INV002262,SUP002,ST084,2015-03-05,2015-03-13,2015-03-14,20.79,20.79,Processed,EMP002,1,0.0,0.0,False
INV002263,SUP010,ST507,2015-03-05,2015-03-08,2015-03-10,85.68,85.68,Processed,EMP026,2,0.0,0.0,False
INV002264,SUP002,ST429,2015-03-05,2015-03-09,2015-03-10,1861.6,1861.6,Processed,EMP014,1,0.0,0.0,False
INV002265,SUP008,ST104,2015-03-05,2015-03-09,2015-03-10,413.82,413.82,Processed,EMP021,1,0.0,0.0,False
INV002266,SUP001,ST171,2015-03-05,2015-03-10,2015-03-14,9.42,9.42,Processed Late,EMP025,4,0.0,0.0,True
INV002267,SUP015,ST398,2015-03-05,2015-03-08,2015-03-10,155.88,155.88,Processed,EMP027,2,0.0,0.0,False
INV002268,SUP009,ST248,2015-03-05,2015-03-09,2015-03-12,122.04,122.04,Processed,EMP012,3,0.0,0.0,False
INV002269,SUP015,ST345,2015-03-05,2015-03-08,2015-03-10,99.96,99.96,Processed,EMP021,2,0.0,0.0,False
INV002270,SUP001,ST076,2015-03-05,2015-03-13,2015-03-16,22.53,22.05,Processed,EMP001,3,0.48,0.48,False
INV002271,SUP012,ST447,2015-03-05,2015-03-13,2015-03-16,168.0,168.0,Processed,EMP015,3,0.0,0.0,False
INV002272,SUP012,ST188,2015-03-05,2015-03-10,2015-03-11,73.78,73.78,Processed,EMP003,1,0.0,0.0,False
INV002273,SUP015,ST008,2015-03-05,2015-03-11,2015-03-20,55.62,55.62,Pending / Delayed,EMP024,9,0.0,0.0,True
INV002274,SUP008,ST389,2015-03-05,2015-03-09,2015-03-10,1480.05,1480.05,Processed,EMP003,1,0.0,0.0,False
INV002275,SUP010,ST287,2015-03-05,2015-03-08,2015-03-11,236.95,236.95,Processed,EMP018,3,0.0,0.0,False
INV002276,SUP001,ST578,2015-03-05,2015-03-08,2015-03-14,119.46,119.46,Processed Late,EMP005,6,0.0,0.0,True
INV002277,SUP015,ST437,2015-03-05,2015-03-09,2015-03-12,92.8,92.8,Processed,EMP003,3,0.0,0.0,False
INV002278,SUP003,ST147,2015-03-05,2015-03-08,2015-03-11,68.46,68.46,Processed,EMP002,3,0.0,0.0,False
INV002279,SUP005,ST589,2015-03-05,2015-03-09,2015-03-19,83.52,83.52,Pending / Delayed,EMP017,10,0.0,0.0,True
INV002280,SUP003,ST122,2015-03-05,2015-03-11,2015-03-13,131.0,131.0,Processed,EMP022,2,0.0,0.0,False
INV002281,SUP015,ST174,2015-03-05,2015-03-10,2015-03-12,1271.77,1271.77,Processed,EMP002,2,0.0,0.0,False
INV002282,SUP011,ST286,2015-03-05,2015-03-08,2015-03-09,14.6,14.6,Processed,EMP028,1,0.0,0.0,False
INV002283,SUP009,ST173,2015-03-05,2015-03-13,2015-03-15,24.64,24.64,Processed,EMP009,2,0.0,0.0,False
INV002284,SUP009,ST551,2015-03-05,2015-03-08,2015-03-11,6.85,7.17,Processed,EMP019,3,-0.32,0.32,False
INV002285,SUP001,ST379,2015-03-05,2015-03-11,2015-03-14,55.08,55.08,Processed,EMP013,3,0.0,0.0,False
INV002286,SUP008,ST534,2015-03-05,2015-03-12,2015-03-23,240.6,240.6,Pending / Delayed,EMP008,11,0.0,0.0,True
INV002287,SUP002,ST123,2015-03-05,2015-03-10,2015-03-16,101.44,101.44,Processed Late,EMP003,6,0.0,0.0,True
INV002288,SUP014,ST141,2015-03-05,2015-03-13,2015-03-16,51.85,51.85,Processed,EMP003,3,0.0,0.0,False
INV002289,SUP013,ST081,2015-03-05,2015-03-10,2015-03-14,18.45,18.45,Processed Late,EMP027,4,0.0,0.0,True
INV002290,SUP009,ST344,2015-03-05,2015-03-10,2015-03-13,67.03,62.88,Processed,EMP005,3,4.15,4.15,False
INV002291,SUP002,ST323,2015-03-05,2015-03-13,2015-03-16,3750.66,3750.66,Processed,EMP029,3,0.0,0.0,False
INV002292,SUP013,ST534,2015-03-05,2015-03-08,2015-03-09,83.0,83.0,Processed,EMP027,1,0.0,0.0,False
INV002293,SUP015,ST037,2015-03-05,2015-03-10,2015-03-11,352.45,352.45,Processed,EMP028,1,0.0,0.0,False
INV002294,SUP014,ST226,2015-03-05,2015-03-12,2015-03-13,284.75,302.28,Processed,EMP011,1,-17.53,17.53,False
INV002295,SUP014,ST192,2015-03-05,2015-03-09,2015-03-10,2403.12,2403.12,Processed,EMP012,1,0.0,0.0,False
INV002296,SUP015,ST091,2015-03-05,2015-03-13,2015-03-25,11.22,11.22,Pending / Delayed,EMP008,12,0.0,0.0,True
INV002297,SUP002,ST503,2015-03-05,2015-03-10,2015-03-11,30.8,30.8,Processed,EMP006,1,0.0,0.0,False
INV002298,SUP001,ST429,2015-03-05,2015-03-12,2015-03-14,49.2,49.2,Processed,EMP007,2,0.0,0.0,False
INV002299,SUP004,ST358,2015-03-05,2015-03-08,2015-03-13,175.7,175.7,Processed Late,EMP001,5,0.0,0.0,True
INV002300,SUP014,ST238,2015-03-05,2015-03-09,2015-03-12,274.33,274.33,Processed,EMP008,3,0.0,0.0,False
INV002301,SUP011,ST402,2015-03-05,2015-03-09,2015-03-13,134.47,134.47,Processed Late,EMP021,4,0.0,0.0,True
INV002302,SUP002,ST225,2015-03-05,2015-03-12,2015-03-13,63.84,63.84,Processed,EMP021,1,0.0,0.0,False
INV002303,SUP008,ST334,2015-03-05,2015-03-11,2015-03-13,1490.17,1490.17,Processed,EMP021,2,0.0,0.0,False
INV002304,SUP008,ST327,2015-03-05,2015-03-08,2015-03-09,295.05,295.05,Processed,EMP005,1,0.0,0.0,False
INV002305,SUP013,ST496,2015-03-05,2015-03-09,2015-03-12,520.1,520.1,Processed,EMP015,3,0.0,0.0,False
INV002306,SUP001,ST298,2015-03-05,2015-03-09,2015-03-12,323.55,323.55,Processed,EMP005,3,0.0,0.0,False
INV002307,SUP013,ST419,2015-03-05,2015-03-11,2015-03-15,130.4,130.4,Processed Late,EMP020,4,0.0,0.0,True
INV002308,SUP006,ST422,2015-03-05,2015-03-11,2015-03-13,49.56,49.56,Processed,EMP005,2,0.0,0.0,False
INV002309,SUP005,ST056,2015-03-05,2015-03-12,2015-03-14,41.6,41.6,Processed,EMP004,2,0.0,0.0,False
INV002310,SUP014,ST047,2015-03-05,2015-03-11,2015-03-12,472.21,439.02,Processed,EMP002,1,33.19,33.19,False
INV002311,SUP015,ST171,2015-03-05,2015-03-11,2015-03-14,64.5,64.5,Processed,EMP025,3,0.0,0.0,False
INV002312,SUP010,ST626,2015-03-05,2015-03-11,2015-03-16,16.6,16.6,Processed Late,EMP016,5,0.0,0.0,True
INV002313,SUP012,ST022,2015-03-05,2015-03-08,2015-03-09,1098.39,1098.39,Processed,EMP028,1,0.0,0.0,False
INV002314,SUP013,ST567,2015-03-05,2015-03-10,2015-03-13,215.4,215.4,Processed,EMP005,3,0.0,0.0,False
INV002315,SUP006,ST549,2015-03-05,2015-03-09,2015-03-11,139.11,139.11,Processed,EMP005,2,0.0,0.0,False
INV002316,SUP012,ST235,2015-03-05,2015-03-10,2015-03-11,19.19,19.19,Processed,EMP026,1,0.0,0.0,False
INV002317,SUP006,ST424,2015-03-05,2015-03-10,2015-03-11,242.27,242.27,Processed,EMP008,1,0.0,0.0,False
INV002318,SUP001,ST021,2015-03-05,2015-03-09,2015-03-14,113.68,107.46,Processed Late,EMP018,5,6.22,6.22,True
INV002319,SUP008,ST044,2015-03-05,2015-03-11,2015-03-13,144.72,144.72,Processed,EMP027,2,0.0,0.0,False
INV002320,SUP011,ST254,2015-03-05,2015-03-13,2015-03-16,159.94,159.94,Processed,EMP026,3,0.0,0.0,False
INV002321,SUP007,ST411,2015-03-20,2015-03-27,2015-04-03,11.89,11.2,Pending / Delayed,EMP023,7,0.69,0.69,True
INV002322,SUP002,ST076,2015-03-20,2015-03-26,2015-03-28,31.4,31.4,Processed,EMP025,2,0.0,0.0,False
INV002323,SUP012,ST555,2015-03-20,2015-03-25,2015-03-30,42.0,42.0,Processed Late,EMP029,5,0.0,0.0,True
INV002324,SUP013,ST401,2015-03-20,2015-03-27,2015-03-29,9.8,9.8,Processed,EMP014,2,0.0,0.0,False
INV002325,SUP007,ST525,2015-03-20,2015-03-28,2015-03-29,57.34,58.41,Processed,EMP019,1,-1.07,1.07,False
INV002326,SUP002,ST271,2015-03-20,2015-03-24,2015-04-02,57.9,57.9,Pending / Delayed,EMP021,9,0.0,0.0,True
INV002327,SUP002,ST228,2015-03-20,2015-03-28,2015-03-31,138.74,138.74,Processed,EMP018,3,0.0,0.0,False
INV002328,SUP015,ST547,2015-03-20,2015-03-28,2015-03-31,478.3,478.3,Processed,EMP010,3,0.0,0.0,False
INV002329,SUP008,ST404,2015-03-20,2015-03-24,2015-03-27,606.06,606.06,Processed,EMP004,3,0.0,0.0,False
INV002330,SUP008,ST230,2015-03-20,2015-03-24,2015-03-26,75.73,72.58,Processed,EMP023,2,3.15,3.15,False
INV002331,SUP008,ST379,2015-03-20,2015-03-26,2015-04-02,638.12,638.12,Pending / Delayed,EMP022,7,0.0,0.0,True
INV002332,SUP006,ST148,2015-03-20,2015-03-27,2015-03-31,859.55,859.55,Processed Late,EMP019,4,0.0,0.0,True
INV002333,SUP014,ST502,2015-03-20,2015-03-26,2015-03-29,1796.45,1796.45,Processed,EMP002,3,0.0,0.0,False
INV002334,SUP010,ST485,2015-03-20,2015-03-28,2015-03-31,77.6,77.6,Processed,EMP019,3,0.0,0.0,False
INV002335,SUP001,ST506,2015-03-20,2015-03-26,2015-04-02,1569.6,1569.6,Pending / Delayed,EMP024,7,0.0,0.0,True
INV002336,SUP014,ST155,2015-03-20,2015-03-23,2015-03-28,390.94,390.94,Processed Late,EMP024,5,0.0,0.0,True
INV002337,SUP014,ST006,2015-03-20,2015-03-24,2015-03-27,37.2,37.2,Processed,EMP001,3,0.0,0.0,False
INV002338,SUP013,ST501,2015-03-20,2015-03-26,2015-03-27,103.68,103.68,Processed,EMP010,1,0.0,0.0,False
INV002339,SUP004,ST330,2015-03-20,2015-03-26,2015-04-01,155.77,167.28,Processed Late,EMP019,6,-11.51,11.51,True
INV002340,SUP014,ST084,2015-03-20,2015-03-26,2015-03-30,1918.11,1918.11,Processed Late,EMP010,4,0.0,0.0,True
INV002341,SUP013,ST014,2015-03-20,2015-03-24,2015-03-28,226.2,226.2,Processed Late,EMP015,4,0.0,0.0,True
INV002342,SUP008,ST117,2015-03-20,2015-03-26,2015-04-05,25.5,25.5,Pending / Delayed,EMP022,10,0.0,0.0,True
INV002343,SUP013,ST538,2015-03-20,2015-03-27,2015-03-28,1968.43,1968.43,Processed,EMP016,1,0.0,0.0,False
INV002344,SUP001,ST304,2015-03-20,2015-03-28,2015-04-02,2489.19,2489.19,Processed Late,EMP008,5,0.0,0.0,True
INV002345,SUP015,ST278,2015-03-20,2015-03-26,2015-04-02,914.87,914.87,Pending / Delayed,EMP006,7,0.0,0.0,True
INV002346,SUP003,ST145,2015-03-20,2015-03-28,2015-03-30,25.09,25.09,Processed,EMP019,2,0.0,0.0,False
INV002347,SUP012,ST381,2015-03-20,2015-03-23,2015-03-26,18.56,18.56,Processed,EMP029,3,0.0,0.0,False
INV002348,SUP004,ST339,2015-03-20,2015-03-24,2015-03-28,529.4,529.4,Processed Late,EMP030,4,0.0,0.0,True
INV002349,SUP008,ST011,2015-03-20,2015-03-23,2015-03-26,1494.08,1436.22,Processed,EMP012,3,57.86,57.86,False
INV002350,SUP002,ST006,2015-03-20,2015-03-23,2015-03-26,20.23,20.16,Processed,EMP017,3,0.07,0.07,False
INV002351,SUP002,ST551,2015-03-20,2015-03-27,2015-04-01,17.52,17.52,Processed Late,EMP027,5,0.0,0.0,True
INV002352,SUP008,ST609,2015-03-20,2015-03-26,2015-03-28,19.35,19.35,Processed,EMP019,2,0.0,0.0,False
INV002353,SUP015,ST232,2015-03-20,2015-03-25,2015-03-27,45.76,45.76,Processed,EMP007,2,0.0,0.0,False
INV002354,SUP005,ST292,2015-03-20,2015-03-24,2015-03-29,3.48,3.48,Processed Late,EMP005,5,0.0,0.0,True
INV002355,SUP013,ST413,2015-03-20,2015-03-27,2015-03-28,74.58,76.34,Processed,EMP003,1,-1.76,1.76,False
INV002356,SUP004,ST080,2015-03-20,2015-03-23,2015-03-29,67.45,67.45,Processed Late,EMP025,6,0.0,0.0,True
INV002357,SUP005,ST183,2015-03-20,2015-03-24,2015-03-27,421.67,448.75,Processed,EMP012,3,-27.08,27.08,False
INV002358,SUP009,ST602,2015-03-20,2015-03-24,2015-03-27,48.35,48.35,Processed,EMP012,3,0.0,0.0,False
INV002359,SUP010,ST620,2015-03-20,2015-03-26,2015-03-30,1255.8,1255.8,Processed Late,EMP026,4,0.0,0.0,True
INV002360,SUP001,ST238,2015-03-20,2015-03-28,2015-04-01,819.74,819.74,Processed Late,EMP006,4,0.0,0.0,True
INV002361,SUP008,ST001,2015-03-20,2015-03-28,2015-03-31,7.56,7.56,Processed,EMP012,3,0.0,0.0,False
INV002362,SUP013,ST451,2015-03-20,2015-03-25,2015-03-27,14.76,14.76,Processed,EMP022,2,0.0,0.0,False
INV002363,SUP009,ST121,2015-03-20,2015-03-26,2015-03-31,4753.2,4753.2,Processed Late,EMP010,5,0.0,0.0,True
INV002364,SUP007,ST486,2015-03-20,2015-03-26,2015-04-05,765.24,765.24,Pending / Delayed,EMP027,10,0.0,0.0,True
INV002365,SUP002,ST620,2015-03-20,2015-03-28,2015-04-09,45.18,45.18,Pending / Delayed,EMP002,12,0.0,0.0,True
INV002366,SUP014,ST448,2015-03-20,2015-03-26,2015-03-27,36.2,36.2,Processed,EMP021,1,0.0,0.0,False
INV002367,SUP005,ST124,2015-03-20,2015-03-27,2015-04-02,109.48,109.48,Processed Late,EMP021,6,0.0,0.0,True
INV002368,SUP014,ST375,2015-03-20,2015-03-27,2015-03-30,69.79,69.81,Processed,EMP023,3,-0.02,0.02,False
INV002369,SUP004,ST632,2015-03-20,2015-03-27,2015-03-29,37.31,37.31,Processed,EMP013,2,0.0,0.0,False
INV002370,SUP015,ST011,2015-03-20,2015-03-23,2015-03-24,467.04,467.04,Processed,EMP021,1,0.0,0.0,False
INV002371,SUP001,ST601,2015-03-20,2015-03-24,2015-04-05,712.53,712.53,Pending / Delayed,EMP022,12,0.0,0.0,True
INV002372,SUP015,ST260,2015-03-20,2015-03-23,2015-03-30,14.3,14.3,Pending / Delayed,EMP010,7,0.0,0.0,True
INV002373,SUP005,ST491,2015-03-20,2015-03-24,2015-03-26,976.1,976.1,Processed,EMP016,2,0.0,0.0,False
INV002374,SUP001,ST586,2015-03-20,2015-03-25,2015-03-27,99.3,99.3,Processed,EMP025,2,0.0,0.0,False
INV002375,SUP011,ST466,2015-03-20,2015-03-28,2015-03-31,3130.04,3130.04,Processed,EMP005,3,0.0,0.0,False
INV002376,SUP011,ST559,2015-03-20,2015-03-28,2015-03-31,1596.64,1596.64,Processed,EMP019,3,0.0,0.0,False
INV002377,SUP015,ST157,2015-03-20,2015-03-25,2015-04-05,153.14,153.14,Pending / Delayed,EMP015,11,0.0,0.0,True
INV002378,SUP014,ST123,2015-03-20,2015-03-23,2015-03-26,124.32,124.32,Processed,EMP024,3,0.0,0.0,False
INV002379,SUP014,ST558,2015-03-20,2015-03-28,2015-03-31,143.31,143.31,Processed,EMP016,3,0.0,0.0,False
INV002380,SUP012,ST018,2015-03-20,2015-03-27,2015-03-28,29.92,29.92,Processed,EMP017,1,0.0,0.0,False
INV002381,SUP003,ST601,2015-03-20,2015-03-24,2015-03-25,50.16,50.16,Processed,EMP003,1,0.0,0.0,False
INV002382,SUP007,ST427,2015-03-20,2015-03-23,2015-03-24,286.5,286.5,Processed,EMP016,1,0.0,0.0,False
INV002383,SUP009,ST152,2015-03-20,2015-03-28,2015-03-29,51.84,51.84,Processed,EMP029,1,0.0,0.0,False
INV002384,SUP005,ST624,2015-03-20,2015-03-25,2015-03-26,60.55,60.55,Processed,EMP026,1,0.0,0.0,False
INV002385,SUP011,ST004,2015-03-20,2015-03-25,2015-03-30,362.05,360.0,Processed Late,EMP028,5,2.05,2.05,True
INV002386,SUP006,ST478,2015-03-20,2015-03-25,2015-03-29,3319.68,3319.68,Processed Late,EMP019,4,0.0,0.0,True
INV002387,SUP008,ST091,2015-03-20,2015-03-27,2015-03-28,106.44,106.44,Processed,EMP008,1,0.0,0.0,False
INV002388,SUP003,ST326,2015-03-20,2015-03-26,2015-03-28,378.61,358.4,Processed,EMP028,2,20.21,20.21,False
INV002389,SUP013,ST011,2015-03-20,2015-03-24,2015-03-27,23.24,23.24,Processed,EMP023,3,0.0,0.0,False
INV002390,SUP015,ST253,2015-03-20,2015-03-25,2015-03-31,2777.06,2777.06,Processed Late,EMP021,6,0.0,0.0,True
INV002391,SUP012,ST136,2015-03-20,2015-03-23,2015-03-26,310.56,310.56,Processed,EMP001,3,0.0,0.0,False
INV002392,SUP003,ST286,2015-03-20,2015-03-23,2015-03-29,143.78,143.78,Processed Late,EMP022,6,0.0,0.0,True
INV002393,SUP014,ST193,2015-03-20,2015-03-26,2015-03-28,233.16,233.16,Processed,EMP025,2,0.0,0.0,False
INV002394,SUP005,ST451,2015-03-20,2015-03-28,2015-03-30,272.51,272.51,Processed,EMP002,2,0.0,0.0,False
INV002395,SUP006,ST358,2015-03-20,2015-03-24,2015-03-27,24.31,24.31,Processed,EMP016,3,0.0,0.0,False
INV002396,SUP014,ST600,2015-03-20,2015-03-24,2015-03-25,2356.34,2356.34,Processed,EMP029,1,0.0,0.0,False
INV002397,SUP012,ST445,2015-03-20,2015-03-26,2015-03-29,22.23,22.23,Processed,EMP023,3,0.0,0.0,False
INV002398,SUP012,ST516,2015-03-20,2015-03-24,2015-03-26,24.09,24.09,Processed,EMP027,2,0.0,0.0,False
INV002399,SUP013,ST216,2015-03-20,2015-03-26,2015-04-05,17.8,17.8,Pending / Delayed,EMP030,10,0.0,0.0,True
INV002400,SUP015,ST119,2015-03-20,2015-03-26,2015-03-27,697.54,673.12,Processed,EMP020,1,24.42,24.42,False
INV002401,SUP008,ST601,2015-04-05,2015-04-13,2015-04-14,173.32,173.32,Processed,EMP028,1,0.0,0.0,False
INV002402,SUP010,ST035,2015-04-05,2015-04-10,2015-04-11,80.6,80.6,Processed,EMP018,1,0.0,0.0,False
INV002403,SUP014,ST009,2015-04-05,2015-04-13,2015-04-19,17.3,17.3,Processed Late,EMP008,6,0.0,0.0,True
INV002404,SUP011,ST103,2015-04-05,2015-04-09,2015-04-10,1063.18,1063.18,Processed,EMP015,1,0.0,0.0,False
INV002405,SUP009,ST191,2015-04-05,2015-04-09,2015-04-15,2837.89,2837.89,Processed Late,EMP020,6,0.0,0.0,True
INV002406,SUP012,ST446,2015-04-05,2015-04-13,2015-04-16,1968.36,1899.68,Processed,EMP023,3,68.68,68.68,False
INV002407,SUP006,ST616,2015-04-05,2015-04-09,2015-04-21,193.5,193.5,Pending / Delayed,EMP019,12,0.0,0.0,True
INV002408,SUP015,ST240,2015-04-05,2015-04-09,2015-04-11,1501.64,1501.64,Processed,EMP002,2,0.0,0.0,False
INV002409,SUP005,ST592,2015-04-05,2015-04-09,2015-04-12,708.0,708.0,Processed,EMP016,3,0.0,0.0,False
INV002410,SUP003,ST308,2015-04-05,2015-04-13,2015-04-14,95.5,95.5,Processed,EMP001,1,0.0,0.0,False
INV002411,SUP010,ST143,2015-04-05,2015-04-13,2015-04-14,862.56,862.56,Processed,EMP004,1,0.0,0.0,False
INV002412,SUP001,ST093,2015-04-05,2015-04-09,2015-04-12,3406.2,3406.2,Processed,EMP018,3,0.0,0.0,False
INV002413,SUP008,ST406,2015-04-05,2015-04-09,2015-04-12,911.46,911.46,Processed,EMP019,3,0.0,0.0,False
INV002414,SUP004,ST177,2015-04-05,2015-04-13,2015-04-19,45.16,45.16,Processed Late,EMP017,6,0.0,0.0,True
INV002415,SUP014,ST209,2015-04-05,2015-04-11,2015-04-16,252.72,252.72,Processed Late,EMP006,5,0.0,0.0,True
INV002416,SUP009,ST384,2015-04-05,2015-04-08,2015-04-10,13.41,13.41,Processed,EMP012,2,0.0,0.0,False
INV002417,SUP008,ST564,2015-04-05,2015-04-13,2015-04-14,22.82,22.82,Processed,EMP017,1,0.0,0.0,False
INV002418,SUP011,ST386,2015-04-05,2015-04-12,2015-04-14,242.72,242.72,Processed,EMP025,2,0.0,0.0,False
INV002419,SUP002,ST397,2015-04-05,2015-04-13,2015-04-17,104.31,104.31,Processed Late,EMP015,4,0.0,0.0,True
INV002420,SUP006,ST290,2015-04-05,2015-04-11,2015-04-13,58.44,58.44,Processed,EMP007,2,0.0,0.0,False
INV002421,SUP006,ST501,2015-04-05,2015-04-10,2015-04-11,54.6,54.6,Processed,EMP027,1,0.0,0.0,False
INV002422,SUP003,ST241,2015-04-05,2015-04-13,2015-04-17,4593.42,4593.42,Processed Late,EMP003,4,0.0,0.0,True
INV002423,SUP001,ST626,2015-04-05,2015-04-11,2015-04-14,130.92,130.92,Processed,EMP018,3,0.0,0.0,False
INV002424,SUP011,ST236,2015-04-05,2015-04-12,2015-04-13,34.72,34.72,Processed,EMP027,1,0.0,0.0,False
INV002425,SUP005,ST446,2015-04-05,2015-04-12,2015-04-15,7.84,7.84,Processed,EMP024,3,0.0,0.0,False
INV002426,SUP007,ST155,2015-04-05,2015-04-08,2015-04-11,39.9,39.9,Processed,EMP021,3,0.0,0.0,False
INV002427,SUP008,ST036,2015-04-05,2015-04-08,2015-04-09,1025.5,1025.5,Processed,EMP028,1,0.0,0.0,False
INV002428,SUP011,ST530,2015-04-05,2015-04-08,2015-04-12,14.56,14.56,Processed Late,EMP015,4,0.0,0.0,True
INV002429,SUP012,ST104,2015-04-05,2015-04-08,2015-04-09,234.08,234.08,Processed,EMP006,1,0.0,0.0,False
INV002430,SUP003,ST589,2015-04-05,2015-04-08,2015-04-12,50.94,50.94,Processed Late,EMP022,4,0.0,0.0,True
INV002431,SUP011,ST412,2015-04-05,2015-04-08,2015-04-10,976.96,976.96,Processed,EMP004,2,0.0,0.0,False
INV002432,SUP005,ST119,2015-04-05,2015-04-12,2015-04-24,13.32,13.32,Pending / Delayed,EMP004,12,0.0,0.0,True
INV002433,SUP013,ST485,2015-04-05,2015-04-08,2015-04-11,3257.28,3257.28,Processed,EMP007,3,0.0,0.0,False
INV002434,SUP002,ST184,2015-04-05,2015-04-10,2015-04-13,40.66,40.66,Processed,EMP027,3,0.0,0.0,False
INV002435,SUP002,ST154,2015-04-05,2015-04-11,2015-04-13,5837.02,5837.02,Processed,EMP030,2,0.0,0.0,False
INV002436,SUP009,ST630,2015-04-05,2015-04-12,2015-04-13,863.8,863.8,Processed,EMP029,1,0.0,0.0,False
INV002437,SUP001,ST125,2015-04-05,2015-04-13,2015-04-14,225.51,225.51,Processed,EMP006,1,0.0,0.0,False
INV002438,SUP010,ST379,2015-04-05,2015-04-09,2015-04-13,1524.12,1524.12,Processed Late,EMP015,4,0.0,0.0,True
INV002439,SUP013,ST025,2015-04-05,2015-04-12,2015-04-14,1158.0,1158.0,Processed,EMP011,2,0.0,0.0,False
INV002440,SUP007,ST018,2015-04-05,2015-04-09,2015-04-12,601.93,601.93,Processed,EMP025,3,0.0,0.0,False
INV002441,SUP010,ST115,2015-04-05,2015-04-10,2015-04-11,13.75,13.75,Processed,EMP018,1,0.0,0.0,False
INV002442,SUP007,ST255,2015-04-05,2015-04-11,2015-04-23,923.76,923.76,Pending / Delayed,EMP024,12,0.0,0.0,True
INV002443,SUP012,ST149,2015-04-05,2015-04-11,2015-04-12,54.72,54.72,Processed,EMP014,1,0.0,0.0,False
INV002444,SUP008,ST250,2015-04-05,2015-04-08,2015-04-11,111.2,111.2,Processed,EMP027,3,0.0,0.0,False
INV002445,SUP006,ST382,2015-04-05,2015-04-13,2015-04-19,1372.96,1372.96,Processed Late,EMP017,6,0.0,0.0,True
INV002446,SUP012,ST081,2015-04-05,2015-04-13,2015-04-14,1830.7,1830.7,Processed,EMP025,1,0.0,0.0,False
INV002447,SUP001,ST189,2015-04-05,2015-04-11,2015-04-13,99.44,99.44,Processed,EMP015,2,0.0,0.0,False
INV002448,SUP007,ST120,2015-04-05,2015-04-11,2015-04-12,304.12,299.16,Processed,EMP027,1,4.96,4.96,False
INV002449,SUP010,ST527,2015-04-05,2015-04-12,2015-04-13,2458.9,2458.9,Processed,EMP024,1,0.0,0.0,False
INV002450,SUP001,ST384,2015-04-05,2015-04-10,2015-04-12,233.55,233.55,Processed,EMP024,2,0.0,0.0,False
INV002451,SUP007,ST282,2015-04-05,2015-04-10,2015-04-15,82.0,82.0,Processed Late,EMP010,5,0.0,0.0,True
INV002452,SUP010,ST409,2015-04-05,2015-04-08,2015-04-09,39.92,37.08,Processed,EMP001,1,2.84,2.84,False
INV002453,SUP007,ST213,2015-04-05,2015-04-08,2015-04-13,94.27,94.27,Processed Late,EMP025,5,0.0,0.0,True
INV002454,SUP005,ST274,2015-04-05,2015-04-12,2015-04-15,420.75,420.75,Processed,EMP007,3,0.0,0.0,False
INV002455,SUP004,ST019,2015-04-05,2015-04-10,2015-04-16,29.4,29.4,Processed Late,EMP005,6,0.0,0.0,True
INV002456,SUP012,ST624,2015-04-05,2015-04-10,2015-04-14,9.32,9.32,Processed Late,EMP014,4,0.0,0.0,True
INV002457,SUP006,ST555,2015-04-05,2015-04-10,2015-04-12,963.15,963.15,Processed,EMP018,2,0.0,0.0,False
INV002458,SUP006,ST328,2015-04-05,2015-04-13,2015-04-19,160.36,160.36,Processed Late,EMP024,6,0.0,0.0,True
INV002459,SUP014,ST511,2015-04-05,2015-04-12,2015-04-15,124.32,124.32,Processed,EMP004,3,0.0,0.0,False
INV002460,SUP005,ST413,2015-04-05,2015-04-09,2015-04-15,4.41,4.41,Processed Late,EMP003,6,0.0,0.0,True
INV002461,SUP011,ST499,2015-04-05,2015-04-09,2015-04-12,32.8,32.8,Processed,EMP007,3,0.0,0.0,False
INV002462,SUP009,ST379,2015-04-05,2015-04-13,2015-04-25,285.24,285.24,Pending / Delayed,EMP014,12,0.0,0.0,True
INV002463,SUP008,ST031,2015-04-05,2015-04-10,2015-04-13,1363.56,1363.56,Processed,EMP027,3,0.0,0.0,False
INV002464,SUP006,ST579,2015-04-05,2015-04-11,2015-04-13,2015.8,2015.8,Processed,EMP017,2,0.0,0.0,False
INV002465,SUP005,ST570,2015-04-05,2015-04-11,2015-04-13,4.32,4.32,Processed,EMP021,2,0.0,0.0,False
INV002466,SUP003,ST388,2015-04-05,2015-04-12,2015-04-16,32.2,32.2,Processed Late,EMP019,4,0.0,0.0,True
INV002467,SUP004,ST217,2015-04-05,2015-04-10,2015-04-12,1769.8,1769.8,Processed,EMP016,2,0.0,0.0,False
INV002468,SUP003,ST411,2015-04-05,2015-04-11,2015-04-17,3199.02,3199.02,Processed Late,EMP028,6,0.0,0.0,True
INV002469,SUP007,ST614,2015-04-05,2015-04-08,2015-04-11,1130.43,1179.49,Processed,EMP013,3,-49.06,49.06,False
INV002470,SUP011,ST326,2015-04-05,2015-04-08,2015-04-15,115.38,119.47,Pending / Delayed,EMP020,7,-4.09,4.09,True
INV002471,SUP014,ST414,2015-04-05,2015-04-11,2015-04-19,846.83,846.83,Pending / Delayed,EMP015,8,0.0,0.0,True
INV002472,SUP015,ST461,2015-04-05,2015-04-11,2015-04-17,48.64,48.64,Processed Late,EMP013,6,0.0,0.0,True
INV002473,SUP001,ST546,2015-04-05,2015-04-12,2015-04-15,170.66,170.66,Processed,EMP006,3,0.0,0.0,False
INV002474,SUP011,ST101,2015-04-05,2015-04-09,2015-04-15,231.2,231.2,Processed Late,EMP025,6,0.0,0.0,True
INV002475,SUP007,ST194,2015-04-05,2015-04-11,2015-04-15,45.15,45.15,Processed Late,EMP027,4,0.0,0.0,True
INV002476,SUP010,ST516,2015-04-05,2015-04-13,2015-04-24,67.68,67.68,Pending / Delayed,EMP014,11,0.0,0.0,True
INV002477,SUP001,ST333,2015-04-05,2015-04-13,2015-04-14,252.4,252.4,Processed,EMP015,1,0.0,0.0,False
INV002478,SUP008,ST094,2015-04-05,2015-04-13,2015-04-17,54.74,54.74,Processed Late,EMP013,4,0.0,0.0,True
INV002479,SUP014,ST198,2015-04-05,2015-04-09,2015-04-10,78.08,74.06,Processed,EMP029,1,4.02,4.02,False
INV002480,SUP004,ST180,2015-04-05,2015-04-11,2015-04-12,66.3,66.3,Processed,EMP001,1,0.0,0.0,False
INV002481,SUP005,ST067,2015-04-20,2015-04-25,2015-04-28,393.44,393.44,Processed,EMP015,3,0.0,0.0,False
INV002482,SUP004,ST618,2015-04-20,2015-04-23,2015-04-25,214.8,214.8,Processed,EMP019,2,0.0,0.0,False
INV002483,SUP009,ST114,2015-04-20,2015-04-24,2015-04-26,198.83,194.74,Processed,EMP030,2,4.09,4.09,False
INV002484,SUP015,ST164,2015-04-20,2015-04-28,2015-05-03,1885.68,1885.68,Processed Late,EMP002,5,0.0,0.0,True
INV002485,SUP001,ST417,2015-04-20,2015-04-27,2015-04-28,159.32,159.32,Processed,EMP025,1,0.0,0.0,False
INV002486,SUP007,ST267,2015-04-20,2015-04-27,2015-04-28,473.34,473.34,Processed,EMP011,1,0.0,0.0,False
INV002487,SUP008,ST493,2015-04-20,2015-04-23,2015-04-28,140.22,140.22,Processed Late,EMP024,5,0.0,0.0,True
INV002488,SUP012,ST041,2015-04-20,2015-04-25,2015-04-28,2164.67,2188.9,Processed,EMP022,3,-24.23,24.23,False
INV002489,SUP008,ST439,2015-04-20,2015-04-27,2015-04-29,1099.62,1099.62,Processed,EMP011,2,0.0,0.0,False
INV002490,SUP013,ST594,2015-04-20,2015-04-23,2015-04-27,209.52,209.52,Processed Late,EMP020,4,0.0,0.0,True
INV002491,SUP011,ST348,2015-04-20,2015-04-26,2015-04-28,584.5,584.5,Processed,EMP019,2,0.0,0.0,False
INV002492,SUP002,ST338,2015-04-20,2015-04-24,2015-04-26,25.67,25.67,Processed,EMP024,2,0.0,0.0,False
INV002493,SUP013,ST267,2015-04-20,2015-04-28,2015-04-30,65.45,65.45,Processed,EMP012,2,0.0,0.0,False
INV002494,SUP008,ST265,2015-04-20,2015-04-28,2015-05-01,244.64,244.64,Processed,EMP028,3,0.0,0.0,False
INV002495,SUP003,ST535,2015-04-20,2015-04-24,2015-04-25,7.23,7.23,Processed,EMP008,1,0.0,0.0,False
INV002496,SUP010,ST372,2015-04-20,2015-04-26,2015-04-27,181.17,181.17,Processed,EMP019,1,0.0,0.0,False
INV002497,SUP005,ST487,2015-04-20,2015-04-24,2015-05-06,748.3,748.3,Pending / Delayed,EMP013,12,0.0,0.0,True
INV002498,SUP013,ST132,2015-04-20,2015-04-25,2015-04-27,2759.9,2759.9,Processed,EMP004,2,0.0,0.0,False
INV002499,SUP005,ST234,2015-04-20,2015-04-28,2015-04-30,814.55,814.55,Processed,EMP025,2,0.0,0.0,False
INV002500,SUP003,ST599,2015-04-20,2015-04-27,2015-05-02,16.24,16.24,Processed Late,EMP007,5,0.0,0.0,True
INV002501,SUP012,ST530,2015-04-20,2015-04-24,2015-04-25,321.62,321.62,Processed,EMP030,1,0.0,0.0,False
INV002502,SUP011,ST160,2015-04-20,2015-04-24,2015-04-27,41.72,41.72,Processed,EMP009,3,0.0,0.0,False
INV002503,SUP006,ST388,2015-04-20,2015-04-24,2015-04-27,3262.42,3098.88,Processed,EMP024,3,163.54,163.54,False
INV002504,SUP008,ST180,2015-04-20,2015-04-28,2015-04-29,11.23,11.27,Processed,EMP016,1,-0.04,0.04,False
INV002505,SUP002,ST351,2015-04-20,2015-04-26,2015-04-29,56.2,56.2,Processed,EMP008,3,0.0,0.0,False
INV002506,SUP005,ST624,2015-04-20,2015-04-24,2015-04-29,17.76,17.76,Processed Late,EMP006,5,0.0,0.0,True
INV002507,SUP008,ST584,2015-04-20,2015-04-28,2015-05-02,125.52,125.52,Processed Late,EMP001,4,0.0,0.0,True
INV002508,SUP012,ST208,2015-04-20,2015-04-26,2015-05-02,286.2,286.2,Processed Late,EMP002,6,0.0,0.0,True
INV002509,SUP002,ST338,2015-04-20,2015-04-28,2015-05-01,851.22,851.22,Processed,EMP007,3,0.0,0.0,False
INV002510,SUP009,ST551,2015-04-20,2015-04-28,2015-04-29,196.9,196.9,Processed,EMP026,1,0.0,0.0,False
INV002511,SUP009,ST254,2015-04-20,2015-04-26,2015-05-06,193.25,179.19,Pending / Delayed,EMP025,10,14.06,14.06,True
INV002512,SUP011,ST251,2015-04-20,2015-04-23,2015-04-24,22.19,22.19,Processed,EMP028,1,0.0,0.0,False
INV002513,SUP010,ST273,2015-04-20,2015-04-26,2015-04-29,576.8,576.8,Processed,EMP015,3,0.0,0.0,False
INV002514,SUP012,ST066,2015-04-20,2015-04-24,2015-04-25,7.84,7.84,Processed,EMP006,1,0.0,0.0,False
INV002515,SUP004,ST250,2015-04-20,2015-04-27,2015-04-28,89.87,89.87,Processed,EMP017,1,0.0,0.0,False
INV002516,SUP002,ST550,2015-04-20,2015-04-25,2015-05-07,48.4,48.4,Pending / Delayed,EMP028,12,0.0,0.0,True
INV002517,SUP002,ST453,2015-04-20,2015-04-26,2015-04-30,778.2,778.2,Processed Late,EMP018,4,0.0,0.0,True
INV002518,SUP010,ST221,2015-04-20,2015-04-23,2015-04-25,22.32,21.76,Processed,EMP005,2,0.56,0.56,False
INV002519,SUP010,ST441,2015-04-20,2015-04-26,2015-04-28,38.72,38.72,Processed,EMP024,2,0.0,0.0,False
INV002520,SUP004,ST604,2015-04-20,2015-04-24,2015-04-26,40.16,40.16,Processed,EMP025,2,0.0,0.0,False
INV002521,SUP005,ST417,2015-04-20,2015-04-25,2015-05-01,51.84,51.84,Processed Late,EMP027,6,0.0,0.0,True
INV002522,SUP006,ST520,2015-04-20,2015-04-27,2015-04-29,35.02,35.02,Processed,EMP012,2,0.0,0.0,False
INV002523,SUP005,ST271,2015-04-20,2015-04-28,2015-05-04,43.67,43.67,Processed Late,EMP016,6,0.0,0.0,True
INV002524,SUP009,ST516,2015-04-20,2015-04-27,2015-04-29,173.28,173.28,Processed,EMP012,2,0.0,0.0,False
INV002525,SUP013,ST187,2015-04-20,2015-04-24,2015-04-25,28.16,28.16,Processed,EMP026,1,0.0,0.0,False
INV002526,SUP009,ST482,2015-04-20,2015-04-24,2015-04-25,214.32,214.32,Processed,EMP027,1,0.0,0.0,False
INV002527,SUP007,ST312,2015-04-20,2015-04-27,2015-05-01,18.55,18.55,Processed Late,EMP022,4,0.0,0.0,True
INV002528,SUP011,ST552,2015-04-20,2015-04-24,2015-05-01,286.24,286.24,Pending / Delayed,EMP004,7,0.0,0.0,True
INV002529,SUP004,ST315,2015-04-20,2015-04-27,2015-04-29,23.1,23.1,Processed,EMP017,2,0.0,0.0,False
INV002530,SUP008,ST106,2015-04-20,2015-04-24,2015-04-25,635.04,635.04,Processed,EMP002,1,0.0,0.0,False
INV002531,SUP003,ST332,2015-04-20,2015-04-24,2015-04-30,12.4,12.4,Processed Late,EMP030,6,0.0,0.0,True
INV002532,SUP014,ST162,2015-04-20,2015-04-25,2015-04-28,388.5,388.5,Processed,EMP005,3,0.0,0.0,False
INV002533,SUP009,ST486,2015-04-20,2015-04-23,2015-04-25,126.91,126.91,Processed,EMP001,2,0.0,0.0,False
INV002534,SUP005,ST235,2015-04-20,2015-04-27,2015-04-28,174.75,174.75,Processed,EMP026,1,0.0,0.0,False
INV002535,SUP005,ST342,2015-04-20,2015-04-24,2015-04-28,87.89,87.89,Processed Late,EMP016,4,0.0,0.0,True
INV002536,SUP007,ST577,2015-04-20,2015-04-25,2015-05-01,293.96,290.88,Processed Late,EMP017,6,3.08,3.08,True
INV002537,SUP007,ST057,2015-04-20,2015-04-24,2015-04-27,658.05,658.05,Processed,EMP013,3,0.0,0.0,False
INV002538,SUP013,ST281,2015-04-20,2015-04-27,2015-05-05,51.54,51.54,Pending / Delayed,EMP020,8,0.0,0.0,True
INV002539,SUP012,ST263,2015-04-20,2015-04-26,2015-04-28,60.24,60.24,Processed,EMP009,2,0.0,0.0,False
INV002540,SUP007,ST392,2015-04-20,2015-04-26,2015-04-27,18489.51,18489.51,Processed,EMP019,1,0.0,0.0,False
INV002541,SUP013,ST221,2015-04-20,2015-04-24,2015-04-25,1007.57,1007.57,Processed,EMP015,1,0.0,0.0,False
INV002542,SUP002,ST077,2015-04-20,2015-04-27,2015-05-03,75.84,75.84,Processed Late,EMP013,6,0.0,0.0,True
INV002543,SUP012,ST608,2015-04-20,2015-04-25,2015-04-28,205.8,205.8,Processed,EMP009,3,0.0,0.0,False
INV002544,SUP015,ST499,2015-04-20,2015-04-25,2015-04-26,47.88,47.88,Processed,EMP012,1,0.0,0.0,False
INV002545,SUP002,ST058,2015-04-20,2015-04-27,2015-04-28,4310.8,4310.8,Processed,EMP026,1,0.0,0.0,False
INV002546,SUP015,ST292,2015-04-20,2015-04-25,2015-04-26,1074.45,1074.45,Processed,EMP022,1,0.0,0.0,False
INV002547,SUP002,ST333,2015-04-20,2015-04-28,2015-05-06,43.14,43.14,Pending / Delayed,EMP018,8,0.0,0.0,True
INV002548,SUP010,ST307,2015-04-20,2015-04-27,2015-04-30,21.72,21.72,Processed,EMP003,3,0.0,0.0,False
INV002549,SUP004,ST336,2015-04-20,2015-04-27,2015-04-30,502.36,502.36,Processed,EMP008,3,0.0,0.0,False
INV002550,SUP014,ST299,2015-04-20,2015-04-27,2015-04-30,44.4,44.4,Processed,EMP007,3,0.0,0.0,False
INV002551,SUP012,ST322,2015-04-20,2015-04-25,2015-04-26,930.68,930.68,Processed,EMP011,1,0.0,0.0,False
INV002552,SUP004,ST189,2015-04-20,2015-04-25,2015-05-03,47.52,47.52,Pending / Delayed,EMP023,8,0.0,0.0,True
INV002553,SUP006,ST204,2015-04-20,2015-04-25,2015-04-28,21.06,21.06,Processed,EMP013,3,0.0,0.0,False
INV002554,SUP011,ST421,2015-04-20,2015-04-23,2015-04-29,98.8,98.8,Processed Late,EMP029,6,0.0,0.0,True
INV002555,SUP014,ST542,2015-04-20,2015-04-25,2015-04-28,60.69,60.69,Processed,EMP027,3,0.0,0.0,False
INV002556,SUP007,ST033,2015-04-20,2015-04-24,2015-04-26,507.13,507.13,Processed,EMP012,2,0.0,0.0,False
INV002557,SUP008,ST290,2015-04-20,2015-04-24,2015-04-29,15.6,15.6,Processed Late,EMP025,5,0.0,0.0,True
INV002558,SUP010,ST095,2015-04-20,2015-04-24,2015-04-29,170.84,170.84,Processed Late,EMP030,5,0.0,0.0,True
INV002559,SUP013,ST526,2015-04-20,2015-04-25,2015-04-27,16.95,16.95,Processed,EMP003,2,0.0,0.0,False
INV002560,SUP004,ST075,2015-04-20,2015-04-24,2015-04-28,592.0,592.0,Processed Late,EMP010,4,0.0,0.0,True
INV002561,SUP015,ST156,2015-05-05,2015-05-09,2015-05-17,1220.4,1220.4,Pending / Delayed,EMP025,8,0.0,0.0,True
INV002562,SUP006,ST465,2015-05-05,2015-05-13,2015-05-14,76.58,76.58,Processed,EMP019,1,0.0,0.0,False
INV002563,SUP007,ST589,2015-05-05,2015-05-11,2015-05-12,938.85,938.85,Processed,EMP026,1,0.0,0.0,False
INV002564,SUP004,ST331,2015-05-05,2015-05-08,2015-05-11,52.78,52.78,Processed,EMP023,3,0.0,0.0,False
INV002565,SUP010,ST335,2015-05-05,2015-05-11,2015-05-14,364.4,364.4,Processed,EMP011,3,0.0,0.0,False
INV002566,SUP010,ST364,2015-05-05,2015-05-08,2015-05-09,51.52,51.52,Processed,EMP024,1,0.0,0.0,False
INV002567,SUP004,ST316,2015-05-05,2015-05-08,2015-05-14,137.12,137.12,Processed Late,EMP011,6,0.0,0.0,True
INV002568,SUP014,ST041,2015-05-05,2015-05-08,2015-05-13,55.04,55.04,Processed Late,EMP008,5,0.0,0.0,True
INV002569,SUP006,ST323,2015-05-05,2015-05-09,2015-05-10,22.88,22.88,Processed,EMP004,1,0.0,0.0,False
INV002570,SUP003,ST435,2015-05-05,2015-05-08,2015-05-14,10.8,10.8,Processed Late,EMP028,6,0.0,0.0,True
INV002571,SUP001,ST141,2015-05-05,2015-05-08,2015-05-11,940.8,940.8,Processed,EMP010,3,0.0,0.0,False
INV002572,SUP014,ST214,2015-05-05,2015-05-11,2015-05-13,209.72,209.72,Processed,EMP004,2,0.0,0.0,False
INV002573,SUP004,ST211,2015-05-05,2015-05-09,2015-05-11,26.4,26.4,Processed,EMP017,2,0.0,0.0,False
INV002574,SUP003,ST519,2015-05-05,2015-05-13,2015-05-14,86.25,86.25,Processed,EMP004,1,0.0,0.0,False
INV002575,SUP013,ST215,2015-05-05,2015-05-08,2015-05-10,960.3,960.3,Processed,EMP004,2,0.0,0.0,False
INV002576,SUP006,ST426,2015-05-05,2015-05-09,2015-05-11,324.58,339.56,Processed,EMP023,2,-14.98,14.98,False
INV002577,SUP006,ST490,2015-05-05,2015-05-09,2015-05-12,9.28,9.28,Processed,EMP017,3,0.0,0.0,False
INV002578,SUP001,ST008,2015-05-05,2015-05-11,2015-05-15,69.5,69.5,Processed Late,EMP026,4,0.0,0.0,True
INV002579,SUP014,ST103,2015-05-05,2015-05-11,2015-05-12,216.3,216.3,Processed,EMP025,1,0.0,0.0,False
INV002580,SUP007,ST308,2015-05-05,2015-05-10,2015-05-11,39.6,39.6,Processed,EMP019,1,0.0,0.0,False
INV002581,SUP013,ST400,2015-05-05,2015-05-10,2015-05-17,7.6,7.6,Pending / Delayed,EMP002,7,0.0,0.0,True
INV002582,SUP015,ST332,2015-05-05,2015-05-12,2015-05-14,533.3,533.3,Processed,EMP011,2,0.0,0.0,False
INV002583,SUP001,ST132,2015-05-05,2015-05-12,2015-05-15,284.49,284.49,Processed,EMP026,3,0.0,0.0,False
INV002584,SUP013,ST040,2015-05-05,2015-05-13,2015-05-18,465.0,465.0,Processed Late,EMP021,5,0.0,0.0,True
INV002585,SUP011,ST301,2015-05-05,2015-05-08,2015-05-10,1552.48,1552.48,Processed,EMP023,2,0.0,0.0,False
INV002586,SUP007,ST177,2015-05-05,2015-05-10,2015-05-14,125.25,125.25,Processed Late,EMP029,4,0.0,0.0,True
INV002587,SUP013,ST186,2015-05-05,2015-05-08,2015-05-20,27.24,27.24,Pending / Delayed,EMP019,12,0.0,0.0,True
INV002588,SUP004,ST314,2015-05-05,2015-05-09,2015-05-12,21.35,21.35,Processed,EMP004,3,0.0,0.0,False
INV002589,SUP005,ST329,2015-05-05,2015-05-11,2015-05-13,50.83,50.83,Processed,EMP008,2,0.0,0.0,False
INV002590,SUP015,ST482,2015-05-05,2015-05-13,2015-05-14,4.5,4.5,Processed,EMP002,1,0.0,0.0,False
INV002591,SUP001,ST553,2015-05-05,2015-05-09,2015-05-11,15.12,15.12,Processed,EMP008,2,0.0,0.0,False
INV002592,SUP002,ST016,2015-05-05,2015-05-11,2015-05-22,612.54,612.54,Pending / Delayed,EMP016,11,0.0,0.0,True
INV002593,SUP002,ST116,2015-05-05,2015-05-13,2015-05-19,6.12,6.12,Processed Late,EMP002,6,0.0,0.0,True
INV002594,SUP009,ST451,2015-05-05,2015-05-09,2015-05-12,100.2,100.2,Processed,EMP001,3,0.0,0.0,False
INV002595,SUP008,ST264,2015-05-05,2015-05-12,2015-05-13,6.48,6.48,Processed,EMP011,1,0.0,0.0,False
INV002596,SUP010,ST099,2015-05-05,2015-05-11,2015-05-14,28.1,27.17,Processed,EMP025,3,0.93,0.93,False
INV002597,SUP004,ST528,2015-05-05,2015-05-13,2015-05-15,181.4,181.4,Processed,EMP016,2,0.0,0.0,False
INV002598,SUP002,ST098,2015-05-05,2015-05-08,2015-05-13,2613.0,2613.0,Processed Late,EMP009,5,0.0,0.0,True
INV002599,SUP005,ST190,2015-05-05,2015-05-12,2015-05-13,31.55,31.55,Processed,EMP016,1,0.0,0.0,False
INV002600,SUP009,ST530,2015-05-05,2015-05-08,2015-05-09,36.32,36.32,Processed,EMP028,1,0.0,0.0,False
INV002601,SUP006,ST149,2015-05-05,2015-05-10,2015-05-16,989.46,989.46,Processed Late,EMP019,6,0.0,0.0,True
INV002602,SUP013,ST395,2015-05-05,2015-05-11,2015-05-15,9.78,9.78,Processed Late,EMP030,4,0.0,0.0,True
INV002603,SUP001,ST147,2015-05-05,2015-05-13,2015-05-25,17.12,17.12,Pending / Delayed,EMP020,12,0.0,0.0,True
INV002604,SUP006,ST012,2015-05-05,2015-05-09,2015-05-11,238.95,238.95,Processed,EMP012,2,0.0,0.0,False
INV002605,SUP004,ST592,2015-05-05,2015-05-10,2015-05-12,46.83,49.98,Processed,EMP028,2,-3.15,3.15,False
INV002606,SUP005,ST559,2015-05-05,2015-05-12,2015-05-14,310.88,310.88,Processed,EMP025,2,0.0,0.0,False
INV002607,SUP009,ST346,2015-05-05,2015-05-09,2015-05-11,27.69,29.7,Processed,EMP015,2,-2.01,2.01,False
INV002608,SUP014,ST500,2015-05-05,2015-05-09,2015-05-10,494.8,494.8,Processed,EMP014,1,0.0,0.0,False
INV002609,SUP006,ST532,2015-05-05,2015-05-13,2015-05-23,481.2,481.2,Pending / Delayed,EMP010,10,0.0,0.0,True
INV002610,SUP001,ST557,2015-05-05,2015-05-11,2015-05-14,43.16,43.16,Processed,EMP025,3,0.0,0.0,False
INV002611,SUP014,ST114,2015-05-05,2015-05-13,2015-05-16,607.78,648.09,Processed,EMP012,3,-40.31,40.31,False
INV002612,SUP006,ST315,2015-05-05,2015-05-08,2015-05-09,1702.47,1702.47,Processed,EMP021,1,0.0,0.0,False
INV002613,SUP002,ST517,2015-05-05,2015-05-08,2015-05-10,27.36,27.36,Processed,EMP003,2,0.0,0.0,False
INV002614,SUP014,ST228,2015-05-05,2015-05-12,2015-05-15,2838.6,2838.6,Processed,EMP009,3,0.0,0.0,False
INV002615,SUP013,ST156,2015-05-05,2015-05-12,2015-05-13,483.34,483.34,Processed,EMP011,1,0.0,0.0,False
INV002616,SUP013,ST546,2015-05-05,2015-05-10,2015-05-11,114.84,114.84,Processed,EMP001,1,0.0,0.0,False
INV002617,SUP009,ST171,2015-05-05,2015-05-13,2015-05-14,31.77,31.77,Processed,EMP019,1,0.0,0.0,False
INV002618,SUP011,ST232,2015-05-05,2015-05-11,2015-05-17,145.2,145.2,Processed Late,EMP014,6,0.0,0.0,True
INV002619,SUP005,ST051,2015-05-05,2015-05-12,2015-05-17,2499.9,2499.9,Processed Late,EMP012,5,0.0,0.0,True
INV002620,SUP007,ST488,2015-05-05,2015-05-11,2015-05-13,3383.66,3383.66,Processed,EMP027,2,0.0,0.0,False
INV002621,SUP005,ST001,2015-05-05,2015-05-09,2015-05-11,24.98,25.5,Processed,EMP018,2,-0.52,0.52,False
INV002622,SUP004,ST628,2015-05-05,2015-05-08,2015-05-10,193.99,193.99,Processed,EMP003,2,0.0,0.0,False
INV002623,SUP003,ST148,2015-05-05,2015-05-08,2015-05-09,13.89,13.89,Processed,EMP003,1,0.0,0.0,False
INV002624,SUP013,ST249,2015-05-05,2015-05-08,2015-05-10,150.15,150.15,Processed,EMP025,2,0.0,0.0,False
INV002625,SUP007,ST606,2015-05-05,2015-05-09,2015-05-10,22.68,22.68,Processed,EMP020,1,0.0,0.0,False
INV002626,SUP005,ST144,2015-05-05,2015-05-09,2015-05-20,91.52,91.52,Pending / Delayed,EMP002,11,0.0,0.0,True
INV002627,SUP003,ST211,2015-05-05,2015-05-08,2015-05-12,1647.0,1647.0,Processed Late,EMP014,4,0.0,0.0,True
INV002628,SUP001,ST121,2015-05-05,2015-05-08,2015-05-15,5.7,5.7,Pending / Delayed,EMP006,7,0.0,0.0,True
INV002629,SUP011,ST613,2015-05-05,2015-05-10,2015-05-21,379.8,379.8,Pending / Delayed,EMP014,11,0.0,0.0,True
INV002630,SUP002,ST555,2015-05-05,2015-05-09,2015-05-11,2072.96,2072.96,Processed,EMP026,2,0.0,0.0,False
INV002631,SUP013,ST350,2015-05-05,2015-05-09,2015-05-11,84.36,84.36,Processed,EMP013,2,0.0,0.0,False
INV002632,SUP005,ST116,2015-05-05,2015-05-13,2015-05-14,338.8,338.8,Processed,EMP004,1,0.0,0.0,False
INV002633,SUP012,ST499,2015-05-05,2015-05-08,2015-05-11,5826.2,5826.2,Processed,EMP025,3,0.0,0.0,False
INV002634,SUP012,ST618,2015-05-05,2015-05-08,2015-05-10,1886.94,1886.94,Processed,EMP023,2,0.0,0.0,False
INV002635,SUP014,ST507,2015-05-05,2015-05-08,2015-05-11,159.38,159.38,Processed,EMP006,3,0.0,0.0,False
INV002636,SUP014,ST287,2015-05-05,2015-05-09,2015-05-15,33.63,33.63,Processed Late,EMP021,6,0.0,0.0,True
INV002637,SUP011,ST258,2015-05-05,2015-05-09,2015-05-12,1842.66,1842.66,Processed,EMP017,3,0.0,0.0,False
INV002638,SUP013,ST498,2015-05-05,2015-05-12,2015-05-15,37.88,37.88,Processed,EMP008,3,0.0,0.0,False
INV002639,SUP007,ST273,2015-05-05,2015-05-10,2015-05-12,186.83,186.83,Processed,EMP009,2,0.0,0.0,False
INV002640,SUP014,ST580,2015-05-05,2015-05-10,2015-05-17,323.17,323.17,Pending / Delayed,EMP017,7,0.0,0.0,True
INV002641,SUP011,ST392,2015-05-20,2015-05-28,2015-05-29,104.04,104.04,Processed,EMP027,1,0.0,0.0,False
INV002642,SUP013,ST101,2015-05-20,2015-05-27,2015-06-07,164.3,164.3,Pending / Delayed,EMP003,11,0.0,0.0,True
INV002643,SUP004,ST370,2015-05-20,2015-05-28,2015-05-29,13.7,13.7,Processed,EMP017,1,0.0,0.0,False
INV002644,SUP012,ST041,2015-05-20,2015-05-24,2015-05-25,418.5,418.5,Processed,EMP028,1,0.0,0.0,False
INV002645,SUP010,ST536,2015-05-20,2015-05-26,2015-06-03,1662.84,1713.92,Pending / Delayed,EMP009,8,-51.08,51.08,True
INV002646,SUP001,ST222,2015-05-20,2015-05-23,2015-05-24,60.75,60.75,Processed,EMP021,1,0.0,0.0,False
INV002647,SUP006,ST102,2015-05-20,2015-05-23,2015-05-28,92.6,92.6,Processed Late,EMP023,5,0.0,0.0,True
INV002648,SUP014,ST260,2015-05-20,2015-05-26,2015-05-31,1.92,1.92,Processed Late,EMP012,5,0.0,0.0,True
INV002649,SUP004,ST284,2015-05-20,2015-05-28,2015-06-08,1388.01,1388.01,Pending / Delayed,EMP010,11,0.0,0.0,True
INV002650,SUP012,ST270,2015-05-20,2015-05-26,2015-05-29,58.85,55.65,Processed,EMP017,3,3.2,3.2,False
INV002651,SUP009,ST330,2015-05-20,2015-05-28,2015-05-31,118.94,118.94,Processed,EMP004,3,0.0,0.0,False
INV002652,SUP003,ST512,2015-05-20,2015-05-25,2015-05-31,135.46,135.46,Processed Late,EMP016,6,0.0,0.0,True
INV002653,SUP012,ST234,2015-05-20,2015-05-26,2015-06-01,110.5,110.5,Processed Late,EMP020,6,0.0,0.0,True
INV002654,SUP012,ST093,2015-05-20,2015-05-23,2015-05-26,94.71,94.71,Processed,EMP008,3,0.0,0.0,False
INV002655,SUP013,ST392,2015-05-20,2015-05-24,2015-05-25,153.0,153.0,Processed,EMP010,1,0.0,0.0,False
INV002656,SUP013,ST449,2015-05-20,2015-05-23,2015-05-25,33.32,33.32,Processed,EMP010,2,0.0,0.0,False
INV002657,SUP006,ST017,2015-05-20,2015-05-23,2015-05-29,121.8,121.8,Processed Late,EMP008,6,0.0,0.0,True
INV002658,SUP009,ST574,2015-05-20,2015-05-23,2015-05-26,391.4,391.4,Processed,EMP019,3,0.0,0.0,False
INV002659,SUP007,ST078,2015-05-20,2015-05-26,2015-05-27,845.88,845.88,Processed,EMP030,1,0.0,0.0,False
INV002660,SUP015,ST415,2015-05-20,2015-05-26,2015-05-28,10.24,10.24,Processed,EMP008,2,0.0,0.0,False
INV002661,SUP007,ST137,2015-05-20,2015-05-23,2015-06-02,330.24,330.24,Pending / Delayed,EMP017,10,0.0,0.0,True
INV002662,SUP002,ST332,2015-05-20,2015-05-24,2015-05-26,1108.58,1108.58,Processed,EMP005,2,0.0,0.0,False
INV002663,SUP003,ST281,2015-05-20,2015-05-26,2015-05-29,3.12,3.3,Processed,EMP001,3,-0.18,0.18,False
INV002664,SUP004,ST252,2015-05-20,2015-05-24,2015-05-27,199.8,199.8,Processed,EMP019,3,0.0,0.0,False
INV002665,SUP005,ST250,2015-05-20,2015-05-26,2015-05-31,63.89,60.88,Processed Late,EMP002,5,3.01,3.01,True
INV002666,SUP007,ST570,2015-05-20,2015-05-24,2015-06-05,362.18,342.04,Pending / Delayed,EMP005,12,20.14,20.14,True
INV002667,SUP014,ST532,2015-05-20,2015-05-26,2015-05-27,1650.48,1650.48,Processed,EMP028,1,0.0,0.0,False
INV002668,SUP007,ST268,2015-05-20,2015-05-24,2015-05-27,341.53,346.8,Processed,EMP007,3,-5.27,5.27,False
INV002669,SUP006,ST241,2015-05-20,2015-05-26,2015-05-29,53.1,53.1,Processed,EMP006,3,0.0,0.0,False
INV002670,SUP012,ST138,2015-05-20,2015-05-25,2015-05-27,1092.39,1092.39,Processed,EMP003,2,0.0,0.0,False
INV002671,SUP010,ST132,2015-05-20,2015-05-25,2015-05-26,17.91,17.91,Processed,EMP011,1,0.0,0.0,False
INV002672,SUP009,ST322,2015-05-20,2015-05-25,2015-05-28,469.26,469.26,Processed,EMP013,3,0.0,0.0,False
INV002673,SUP012,ST568,2015-05-20,2015-05-28,2015-06-07,477.99,477.99,Pending / Delayed,EMP009,10,0.0,0.0,True
INV002674,SUP001,ST472,2015-05-20,2015-05-25,2015-05-26,27.3,27.3,Processed,EMP007,1,0.0,0.0,False
INV002675,SUP002,ST176,2015-05-20,2015-05-27,2015-05-28,28.05,28.05,Processed,EMP004,1,0.0,0.0,False
INV002676,SUP001,ST356,2015-05-20,2015-05-28,2015-05-30,131.52,131.52,Processed,EMP029,2,0.0,0.0,False
INV002677,SUP006,ST067,2015-05-20,2015-05-28,2015-06-09,64.26,64.26,Pending / Delayed,EMP005,12,0.0,0.0,True
INV002678,SUP012,ST029,2015-05-20,2015-05-28,2015-05-30,178.9,178.9,Processed,EMP023,2,0.0,0.0,False
INV002679,SUP003,ST406,2015-05-20,2015-05-24,2015-05-27,1420.5,1420.5,Processed,EMP017,3,0.0,0.0,False
INV002680,SUP012,ST312,2015-05-20,2015-05-26,2015-05-31,2574.56,2574.56,Processed Late,EMP026,5,0.0,0.0,True
INV002681,SUP009,ST417,2015-05-20,2015-05-24,2015-05-27,311.2,311.2,Processed,EMP004,3,0.0,0.0,False
INV002682,SUP010,ST323,2015-05-20,2015-05-23,2015-05-26,928.9,893.76,Processed,EMP009,3,35.14,35.14,False
INV002683,SUP006,ST602,2015-05-20,2015-05-27,2015-05-28,64.38,64.38,Processed,EMP010,1,0.0,0.0,False
INV002684,SUP009,ST424,2015-05-20,2015-05-25,2015-05-28,11.4,11.4,Processed,EMP002,3,0.0,0.0,False
INV002685,SUP010,ST184,2015-05-20,2015-05-27,2015-05-29,1054.72,1054.72,Processed,EMP001,2,0.0,0.0,False
INV002686,SUP006,ST092,2015-05-20,2015-05-23,2015-05-24,230.86,230.86,Processed,EMP024,1,0.0,0.0,False
INV002687,SUP011,ST397,2015-05-20,2015-05-28,2015-06-07,2703.8,2703.8,Pending / Delayed,EMP020,10,0.0,0.0,True
INV002688,SUP006,ST188,2015-05-20,2015-05-26,2015-05-31,327.08,327.08,Processed Late,EMP009,5,0.0,0.0,True
INV002689,SUP007,ST259,2015-05-20,2015-05-27,2015-05-28,985.01,985.01,Processed,EMP003,1,0.0,0.0,False
INV002690,SUP004,ST233,2015-05-20,2015-05-26,2015-05-29,16.66,16.66,Processed,EMP008,3,0.0,0.0,False
INV002691,SUP013,ST097,2015-05-20,2015-05-24,2015-05-27,13.04,13.04,Processed,EMP030,3,0.0,0.0,False
INV002692,SUP001,ST571,2015-05-20,2015-05-28,2015-05-31,5.02,5.02,Processed,EMP028,3,0.0,0.0,False
INV002693,SUP001,ST542,2015-05-20,2015-05-27,2015-06-03,246.61,246.61,Pending / Delayed,EMP005,7,0.0,0.0,True
INV002694,SUP001,ST582,2015-05-20,2015-05-23,2015-05-26,32.28,32.28,Processed,EMP005,3,0.0,0.0,False
INV002695,SUP004,ST511,2015-05-20,2015-05-23,2015-05-25,66.0,66.0,Processed,EMP004,2,0.0,0.0,False
INV002696,SUP002,ST159,2015-05-20,2015-05-28,2015-06-04,324.24,324.24,Pending / Delayed,EMP010,7,0.0,0.0,True
INV002697,SUP008,ST182,2015-05-20,2015-05-28,2015-05-29,43.4,43.4,Processed,EMP025,1,0.0,0.0,False
INV002698,SUP001,ST551,2015-05-20,2015-05-28,2015-05-29,261.12,261.12,Processed,EMP023,1,0.0,0.0,False
INV002699,SUP002,ST358,2015-05-20,2015-05-26,2015-05-28,27.61,27.61,Processed,EMP024,2,0.0,0.0,False
INV002700,SUP002,ST510,2015-05-20,2015-05-23,2015-05-28,57.96,57.96,Processed Late,EMP010,5,0.0,0.0,True
INV002701,SUP015,ST346,2015-05-20,2015-05-26,2015-05-29,8.22,8.22,Processed,EMP009,3,0.0,0.0,False
INV002702,SUP013,ST459,2015-05-20,2015-05-26,2015-05-28,1753.34,1789.23,Processed,EMP028,2,-35.89,35.89,False
INV002703,SUP004,ST375,2015-05-20,2015-05-25,2015-05-27,746.51,746.51,Processed,EMP029,2,0.0,0.0,False
INV002704,SUP007,ST043,2015-05-20,2015-05-28,2015-06-07,1667.87,1667.87,Pending / Delayed,EMP023,10,0.0,0.0,True
INV002705,SUP015,ST606,2015-05-20,2015-05-23,2015-05-26,40.62,43.01,Processed,EMP009,3,-2.39,2.39,False
INV002706,SUP011,ST329,2015-05-20,2015-05-28,2015-05-31,3697.92,3697.92,Processed,EMP019,3,0.0,0.0,False
INV002707,SUP009,ST404,2015-05-20,2015-05-26,2015-06-03,256.6,256.6,Pending / Delayed,EMP008,8,0.0,0.0,True
INV002708,SUP003,ST459,2015-05-20,2015-05-27,2015-06-02,13.68,13.68,Processed Late,EMP013,6,0.0,0.0,True
INV002709,SUP007,ST085,2015-05-20,2015-05-26,2015-05-29,93.9,93.9,Processed,EMP007,3,0.0,0.0,False
INV002710,SUP009,ST496,2015-05-20,2015-05-24,2015-05-25,641.58,641.58,Processed,EMP011,1,0.0,0.0,False
INV002711,SUP013,ST295,2015-05-20,2015-05-26,2015-05-30,197.56,197.56,Processed Late,EMP027,4,0.0,0.0,True
INV002712,SUP002,ST315,2015-05-20,2015-05-27,2015-05-29,26.73,26.73,Processed,EMP021,2,0.0,0.0,False
INV002713,SUP011,ST322,2015-05-20,2015-05-28,2015-06-01,248.8,248.8,Processed Late,EMP002,4,0.0,0.0,True
INV002714,SUP005,ST395,2015-05-20,2015-05-25,2015-05-27,11.26,11.26,Processed,EMP030,2,0.0,0.0,False
INV002715,SUP014,ST445,2015-05-20,2015-05-23,2015-05-24,884.26,884.26,Processed,EMP010,1,0.0,0.0,False
INV002716,SUP011,ST046,2015-05-20,2015-05-27,2015-06-03,1928.36,1928.36,Pending / Delayed,EMP025,7,0.0,0.0,True
INV002717,SUP015,ST227,2015-05-20,2015-05-27,2015-05-31,6906.08,6906.08,Processed Late,EMP022,4,0.0,0.0,True
INV002718,SUP010,ST628,2015-05-20,2015-05-26,2015-05-30,114.72,114.72,Processed Late,EMP024,4,0.0,0.0,True
INV002719,SUP012,ST120,2015-05-20,2015-05-24,2015-05-25,38.78,38.78,Processed,EMP023,1,0.0,0.0,False
INV002720,SUP015,ST339,2015-05-20,2015-05-27,2015-06-01,406.44,406.44,Processed Late,EMP009,5,0.0,0.0,True
INV002721,SUP014,ST412,2015-06-05,2015-06-10,2015-06-11,18.0,18.0,Processed,EMP006,1,0.0,0.0,False
INV002722,SUP010,ST265,2015-06-05,2015-06-13,2015-06-17,11.83,10.98,Processed Late,EMP011,4,0.85,0.85,True
INV002723,SUP015,ST318,2015-06-05,2015-06-11,2015-06-12,39.8,39.8,Processed,EMP006,1,0.0,0.0,False
INV002724,SUP001,ST426,2015-06-05,2015-06-10,2015-06-11,890.7,890.7,Processed,EMP010,1,0.0,0.0,False
INV002725,SUP004,ST500,2015-06-05,2015-06-11,2015-06-19,157.2,157.2,Pending / Delayed,EMP019,8,0.0,0.0,True
INV002726,SUP007,ST043,2015-06-05,2015-06-11,2015-06-16,11.18,11.18,Processed Late,EMP024,5,0.0,0.0,True
INV002727,SUP002,ST119,2015-06-05,2015-06-08,2015-06-09,16.83,16.83,Processed,EMP007,1,0.0,0.0,False
INV002728,SUP009,ST336,2015-06-05,2015-06-13,2015-06-19,1815.43,1815.43,Processed Late,EMP015,6,0.0,0.0,True
INV002729,SUP012,ST408,2015-06-05,2015-06-11,2015-06-12,28.4,28.4,Processed,EMP023,1,0.0,0.0,False
INV002730,SUP010,ST268,2015-06-05,2015-06-09,2015-06-10,65.01,65.01,Processed,EMP017,1,0.0,0.0,False
INV002731,SUP015,ST207,2015-06-05,2015-06-08,2015-06-18,76.0,76.0,Pending / Delayed,EMP005,10,0.0,0.0,True
INV002732,SUP009,ST037,2015-06-05,2015-06-12,2015-06-15,53.38,53.38,Processed,EMP017,3,0.0,0.0,False
INV002733,SUP001,ST398,2015-06-05,2015-06-13,2015-06-16,29.0,29.0,Processed,EMP010,3,0.0,0.0,False
INV002734,SUP010,ST380,2015-06-05,2015-06-08,2015-06-09,56.48,56.48,Processed,EMP028,1,0.0,0.0,False
INV002735,SUP013,ST043,2015-06-05,2015-06-09,2015-06-10,517.92,517.92,Processed,EMP028,1,0.0,0.0,False
INV002736,SUP012,ST326,2015-06-05,2015-06-08,2015-06-11,34.56,34.56,Processed,EMP011,3,0.0,0.0,False
INV002737,SUP006,ST257,2015-06-05,2015-06-13,2015-06-15,13.02,13.02,Processed,EMP030,2,0.0,0.0,False
INV002738,SUP011,ST058,2015-06-05,2015-06-09,2015-06-12,119.84,119.84,Processed,EMP003,3,0.0,0.0,False
INV002739,SUP009,ST066,2015-06-05,2015-06-13,2015-06-18,764.7,764.7,Processed Late,EMP005,5,0.0,0.0,True
INV002740,SUP012,ST450,2015-06-05,2015-06-11,2015-06-12,156.8,156.8,Processed,EMP018,1,0.0,0.0,False
INV002741,SUP004,ST617,2015-06-05,2015-06-10,2015-06-16,59.04,59.04,Processed Late,EMP010,6,0.0,0.0,True
INV002742,SUP009,ST326,2015-06-05,2015-06-10,2015-06-13,385.51,385.51,Processed,EMP012,3,0.0,0.0,False
INV002743,SUP009,ST018,2015-06-05,2015-06-10,2015-06-13,57.08,57.08,Processed,EMP009,3,0.0,0.0,False
INV002744,SUP006,ST380,2015-06-05,2015-06-11,2015-06-14,14.28,14.28,Processed,EMP025,3,0.0,0.0,False
INV002745,SUP001,ST391,2015-06-05,2015-06-13,2015-06-14,60.7,60.7,Processed,EMP021,1,0.0,0.0,False
INV002746,SUP013,ST581,2015-06-05,2015-06-12,2015-06-14,3.84,3.84,Processed,EMP019,2,0.0,0.0,False
INV002747,SUP001,ST578,2015-06-05,2015-06-10,2015-06-15,1360.35,1360.35,Processed Late,EMP002,5,0.0,0.0,True
INV002748,SUP015,ST488,2015-06-05,2015-06-09,2015-06-18,14.8,14.8,Pending / Delayed,EMP006,9,0.0,0.0,True
INV002749,SUP010,ST397,2015-06-05,2015-06-12,2015-06-15,712.88,712.88,Processed,EMP010,3,0.0,0.0,False
INV002750,SUP010,ST257,2015-06-05,2015-06-12,2015-06-13,17.82,17.82,Processed,EMP024,1,0.0,0.0,False
INV002751,SUP015,ST157,2015-06-05,2015-06-10,2015-06-11,1522.88,1522.88,Processed,EMP016,1,0.0,0.0,False
INV002752,SUP005,ST179,2015-06-05,2015-06-08,2015-06-09,31.85,31.85,Processed,EMP006,1,0.0,0.0,False
INV002753,SUP001,ST443,2015-06-05,2015-06-10,2015-06-11,25.34,25.34,Processed,EMP002,1,0.0,0.0,False
INV002754,SUP012,ST555,2015-06-05,2015-06-13,2015-06-15,359.46,359.46,Processed,EMP002,2,0.0,0.0,False
INV002755,SUP006,ST214,2015-06-05,2015-06-09,2015-06-12,289.8,289.8,Processed,EMP002,3,0.0,0.0,False
INV002756,SUP008,ST455,2015-06-05,2015-06-09,2015-06-11,9.0,9.0,Processed,EMP021,2,0.0,0.0,False
INV002757,SUP011,ST409,2015-06-05,2015-06-13,2015-06-19,40.69,40.69,Processed Late,EMP023,6,0.0,0.0,True
INV002758,SUP004,ST196,2015-06-05,2015-06-08,2015-06-11,32.58,32.58,Processed,EMP027,3,0.0,0.0,False
INV002759,SUP009,ST419,2015-06-05,2015-06-11,2015-06-12,50.7,50.7,Processed,EMP010,1,0.0,0.0,False
INV002760,SUP003,ST482,2015-06-05,2015-06-08,2015-06-10,75.68,75.68,Processed,EMP019,2,0.0,0.0,False
INV002761,SUP014,ST423,2015-06-05,2015-06-11,2015-06-14,786.4,786.4,Processed,EMP006,3,0.0,0.0,False
INV002762,SUP015,ST161,2015-06-05,2015-06-10,2015-06-11,910.16,910.16,Processed,EMP030,1,0.0,0.0,False
INV002763,SUP008,ST025,2015-06-05,2015-06-10,2015-06-11,2834.62,2711.7,Processed,EMP020,1,122.92,122.92,False
INV002764,SUP005,ST577,2015-06-05,2015-06-11,2015-06-16,612.0,612.0,Processed Late,EMP029,5,0.0,0.0,True
INV002765,SUP013,ST203,2015-06-05,2015-06-08,2015-06-15,825.16,825.16,Pending / Delayed,EMP022,7,0.0,0.0,True
INV002766,SUP014,ST134,2015-06-05,2015-06-10,2015-06-11,1410.6,1410.6,Processed,EMP028,1,0.0,0.0,False
INV002767,SUP015,ST037,2015-06-05,2015-06-11,2015-06-13,2428.2,2428.2,Processed,EMP027,2,0.0,0.0,False
INV002768,SUP001,ST055,2015-06-05,2015-06-11,2015-06-12,9.6,9.2,Processed,EMP027,1,0.4,0.4,False
INV002769,SUP015,ST366,2015-06-05,2015-06-11,2015-06-21,51.88,51.88,Pending / Delayed,EMP029,10,0.0,0.0,True
INV002770,SUP005,ST068,2015-06-05,2015-06-13,2015-06-15,330.06,330.06,Processed,EMP009,2,0.0,0.0,False
INV002771,SUP014,ST458,2015-06-05,2015-06-12,2015-06-13,408.48,408.48,Processed,EMP017,1,0.0,0.0,False
INV002772,SUP002,ST576,2015-06-05,2015-06-09,2015-06-12,861.56,861.56,Processed,EMP020,3,0.0,0.0,False
INV002773,SUP009,ST420,2015-06-05,2015-06-13,2015-06-14,28.98,28.98,Processed,EMP021,1,0.0,0.0,False
INV002774,SUP012,ST288,2015-06-05,2015-06-13,2015-06-16,78.28,78.28,Processed,EMP003,3,0.0,0.0,False
INV002775,SUP002,ST041,2015-06-05,2015-06-08,2015-06-13,236.46,236.46,Processed Late,EMP012,5,0.0,0.0,True
INV002776,SUP003,ST021,2015-06-05,2015-06-08,2015-06-15,64.26,64.26,Pending / Delayed,EMP023,7,0.0,0.0,True
INV002777,SUP010,ST586,2015-06-05,2015-06-10,2015-06-12,1513.59,1513.59,Processed,EMP016,2,0.0,0.0,False
INV002778,SUP011,ST581,2015-06-05,2015-06-10,2015-06-21,34.62,34.62,Pending / Delayed,EMP012,11,0.0,0.0,True
INV002779,SUP002,ST182,2015-06-05,2015-06-11,2015-06-12,13.16,13.16,Processed,EMP007,1,0.0,0.0,False
INV002780,SUP015,ST154,2015-06-05,2015-06-12,2015-06-22,1518.77,1518.77,Pending / Delayed,EMP013,10,0.0,0.0,True
INV002781,SUP006,ST300,2015-06-05,2015-06-13,2015-06-16,34.64,34.64,Processed,EMP003,3,0.0,0.0,False
INV002782,SUP015,ST605,2015-06-05,2015-06-09,2015-06-14,673.54,673.54,Processed Late,EMP020,5,0.0,0.0,True
INV002783,SUP004,ST526,2015-06-05,2015-06-10,2015-06-11,22.49,22.49,Processed,EMP028,1,0.0,0.0,False
INV002784,SUP015,ST171,2015-06-05,2015-06-10,2015-06-15,17.14,17.14,Processed Late,EMP021,5,0.0,0.0,True
INV002785,SUP005,ST460,2015-06-05,2015-06-12,2015-06-15,102.96,102.96,Processed,EMP029,3,0.0,0.0,False
INV002786,SUP013,ST470,2015-06-05,2015-06-13,2015-06-17,336.93,336.93,Processed Late,EMP017,4,0.0,0.0,True
INV002787,SUP014,ST011,2015-06-05,2015-06-11,2015-06-13,71.13,77.14,Processed,EMP009,2,-6.01,6.01,False
INV002788,SUP015,ST482,2015-06-05,2015-06-09,2015-06-12,132.44,132.44,Processed,EMP023,3,0.0,0.0,False
INV002789,SUP005,ST385,2015-06-05,2015-06-12,2015-06-14,33.6,33.6,Processed,EMP023,2,0.0,0.0,False
INV002790,SUP013,ST435,2015-06-05,2015-06-13,2015-06-16,538.2,538.2,Processed,EMP007,3,0.0,0.0,False
INV002791,SUP006,ST268,2015-06-05,2015-06-08,2015-06-10,316.08,316.08,Processed,EMP025,2,0.0,0.0,False
INV002792,SUP002,ST461,2015-06-05,2015-06-11,2015-06-17,2966.33,2966.33,Processed Late,EMP029,6,0.0,0.0,True
INV002793,SUP015,ST117,2015-06-05,2015-06-09,2015-06-11,29.28,29.28,Processed,EMP022,2,0.0,0.0,False
INV002794,SUP002,ST249,2015-06-05,2015-06-11,2015-06-14,165.06,165.06,Processed,EMP029,3,0.0,0.0,False
INV002795,SUP010,ST243,2015-06-05,2015-06-13,2015-06-14,241.41,241.41,Processed,EMP024,1,0.0,0.0,False
INV002796,SUP001,ST350,2015-06-05,2015-06-13,2015-06-15,8.6,8.6,Processed,EMP009,2,0.0,0.0,False
INV002797,SUP014,ST472,2015-06-05,2015-06-09,2015-06-12,20.58,20.58,Processed,EMP005,3,0.0,0.0,False
INV002798,SUP001,ST143,2015-06-05,2015-06-11,2015-06-14,44.75,44.75,Processed,EMP030,3,0.0,0.0,False
INV002799,SUP012,ST094,2015-06-05,2015-06-08,2015-06-10,16.56,16.56,Processed,EMP013,2,0.0,0.0,False
INV002800,SUP012,ST082,2015-06-05,2015-06-12,2015-06-14,57.24,57.24,Processed,EMP021,2,0.0,0.0,False
INV002801,SUP014,ST203,2015-06-20,2015-06-25,2015-06-27,751.86,751.86,Processed,EMP027,2,0.0,0.0,False
INV002802,SUP012,ST607,2015-06-20,2015-06-28,2015-06-29,23.45,23.45,Processed,EMP020,1,0.0,0.0,False
INV002803,SUP002,ST181,2015-06-20,2015-06-26,2015-06-29,1831.97,1831.97,Processed,EMP008,3,0.0,0.0,False
INV002804,SUP010,ST194,2015-06-20,2015-06-26,2015-06-27,86.52,86.52,Processed,EMP008,1,0.0,0.0,False
INV002805,SUP014,ST330,2015-06-20,2015-06-28,2015-06-29,380.44,380.44,Processed,EMP018,1,0.0,0.0,False
INV002806,SUP010,ST304,2015-06-20,2015-06-23,2015-06-24,310.52,310.52,Processed,EMP026,1,0.0,0.0,False
INV002807,SUP004,ST437,2015-06-20,2015-06-23,2015-06-26,77.4,77.4,Processed,EMP027,3,0.0,0.0,False
INV002808,SUP009,ST008,2015-06-20,2015-06-28,2015-06-29,37.44,37.44,Processed,EMP004,1,0.0,0.0,False
INV002809,SUP002,ST506,2015-06-20,2015-06-24,2015-06-29,659.89,659.89,Processed Late,EMP028,5,0.0,0.0,True
INV002810,SUP014,ST441,2015-06-20,2015-06-26,2015-07-01,12.03,12.03,Processed Late,EMP004,5,0.0,0.0,True
INV002811,SUP012,ST091,2015-06-20,2015-06-28,2015-07-01,1449.76,1449.76,Processed,EMP006,3,0.0,0.0,False
INV002812,SUP010,ST068,2015-06-20,2015-06-23,2015-06-28,2542.04,2540.72,Processed Late,EMP008,5,1.32,1.32,True
INV002813,SUP012,ST492,2015-06-20,2015-06-28,2015-07-06,436.08,436.08,Pending / Delayed,EMP002,8,0.0,0.0,True
INV002814,SUP006,ST560,2015-06-20,2015-06-24,2015-06-25,116.6,116.6,Processed,EMP002,1,0.0,0.0,False
INV002815,SUP012,ST362,2015-06-20,2015-06-25,2015-06-26,4062.2,4062.2,Processed,EMP009,1,0.0,0.0,False
INV002816,SUP013,ST413,2015-06-20,2015-06-28,2015-06-29,1846.24,1846.24,Processed,EMP008,1,0.0,0.0,False
INV002817,SUP003,ST395,2015-06-20,2015-06-25,2015-06-26,25.28,25.28,Processed,EMP010,1,0.0,0.0,False
INV002818,SUP007,ST153,2015-06-20,2015-06-27,2015-06-28,289.62,289.62,Processed,EMP017,1,0.0,0.0,False
INV002819,SUP014,ST177,2015-06-20,2015-06-26,2015-06-27,41.26,41.26,Processed,EMP023,1,0.0,0.0,False
INV002820,SUP001,ST401,2015-06-20,2015-06-23,2015-07-01,81.48,81.48,Pending / Delayed,EMP025,8,0.0,0.0,True
INV002821,SUP001,ST510,2015-06-20,2015-06-27,2015-07-01,38.8,38.8,Processed Late,EMP010,4,0.0,0.0,True
INV002822,SUP014,ST563,2015-06-20,2015-06-23,2015-06-28,2410.32,2410.32,Processed Late,EMP026,5,0.0,0.0,True
INV002823,SUP012,ST512,2015-06-20,2015-06-26,2015-07-05,1416.08,1416.08,Pending / Delayed,EMP020,9,0.0,0.0,True
INV002824,SUP011,ST062,2015-06-20,2015-06-28,2015-06-29,423.64,423.64,Processed,EMP010,1,0.0,0.0,False
INV002825,SUP012,ST489,2015-06-20,2015-06-25,2015-06-28,8.76,8.76,Processed,EMP011,3,0.0,0.0,False
INV002826,SUP008,ST222,2015-06-20,2015-06-28,2015-07-09,1448.94,1448.94,Pending / Delayed,EMP002,11,0.0,0.0,True
INV002827,SUP011,ST163,2015-06-20,2015-06-26,2015-07-02,5.82,5.82,Processed Late,EMP019,6,0.0,0.0,True
INV002828,SUP007,ST627,2015-06-20,2015-06-28,2015-07-04,145.66,135.3,Processed Late,EMP022,6,10.36,10.36,True
INV002829,SUP006,ST383,2015-06-20,2015-06-24,2015-06-27,68.76,68.76,Processed,EMP022,3,0.0,0.0,False
INV002830,SUP002,ST019,2015-06-20,2015-06-28,2015-06-29,6800.6,6800.6,Processed,EMP028,1,0.0,0.0,False
INV002831,SUP006,ST240,2015-06-20,2015-06-28,2015-06-29,17.13,16.05,Processed,EMP007,1,1.08,1.08,False
INV002832,SUP009,ST349,2015-06-20,2015-06-25,2015-06-30,3444.37,3444.37,Processed Late,EMP017,5,0.0,0.0,True
INV002833,SUP015,ST131,2015-06-20,2015-06-27,2015-07-06,1602.96,1602.96,Pending / Delayed,EMP008,9,0.0,0.0,True
INV002834,SUP004,ST608,2015-06-20,2015-06-25,2015-06-27,294.2,294.2,Processed,EMP027,2,0.0,0.0,False
INV002835,SUP008,ST020,2015-06-20,2015-06-25,2015-06-28,366.3,366.3,Processed,EMP012,3,0.0,0.0,False
INV002836,SUP003,ST330,2015-06-20,2015-06-25,2015-06-27,10.25,10.25,Processed,EMP024,2,0.0,0.0,False
INV002837,SUP015,ST273,2015-06-20,2015-06-27,2015-07-02,79.22,79.22,Processed Late,EMP029,5,0.0,0.0,True
INV002838,SUP013,ST283,2015-06-20,2015-06-23,2015-06-26,75.6,75.6,Processed,EMP027,3,0.0,0.0,False
INV002839,SUP004,ST004,2015-06-20,2015-06-24,2015-06-26,77.79,77.79,Processed,EMP028,2,0.0,0.0,False
INV002840,SUP013,ST280,2015-06-20,2015-06-27,2015-06-29,66.98,66.98,Processed,EMP017,2,0.0,0.0,False
INV002841,SUP009,ST205,2015-06-20,2015-06-25,2015-06-26,59.65,61.68,Processed,EMP022,1,-2.03,2.03,False
INV002842,SUP001,ST200,2015-06-20,2015-06-25,2015-06-27,16.15,16.15,Processed,EMP024,2,0.0,0.0,False
INV002843,SUP013,ST386,2015-06-20,2015-06-25,2015-06-29,18.45,18.9,Processed Late,EMP012,4,-0.45,0.45,True
INV002844,SUP004,ST148,2015-06-20,2015-06-25,2015-07-01,46.96,46.96,Processed Late,EMP022,6,0.0,0.0,True
INV002845,SUP013,ST432,2015-06-20,2015-06-28,2015-06-29,3.16,3.16,Processed,EMP022,1,0.0,0.0,False
INV002846,SUP003,ST458,2015-06-20,2015-06-28,2015-07-06,83.84,83.84,Pending / Delayed,EMP009,8,0.0,0.0,True
INV002847,SUP013,ST322,2015-06-20,2015-06-26,2015-06-27,36.19,36.19,Processed,EMP003,1,0.0,0.0,False
INV002848,SUP012,ST622,2015-06-20,2015-06-23,2015-06-26,3810.08,3810.08,Processed,EMP002,3,0.0,0.0,False
INV002849,SUP006,ST018,2015-06-20,2015-06-28,2015-06-29,24.01,24.01,Processed,EMP028,1,0.0,0.0,False
INV002850,SUP006,ST146,2015-06-20,2015-06-25,2015-06-26,3512.04,3512.04,Processed,EMP017,1,0.0,0.0,False
INV002851,SUP011,ST445,2015-06-20,2015-06-27,2015-07-03,108.22,108.22,Processed Late,EMP009,6,0.0,0.0,True
INV002852,SUP014,ST036,2015-06-20,2015-06-24,2015-06-25,29.75,29.75,Processed,EMP015,1,0.0,0.0,False
INV002853,SUP001,ST524,2015-06-20,2015-06-26,2015-06-27,65.6,65.6,Processed,EMP015,1,0.0,0.0,False
INV002854,SUP015,ST070,2015-06-20,2015-06-25,2015-06-28,149.34,149.34,Processed,EMP027,3,0.0,0.0,False
INV002855,SUP012,ST241,2015-06-20,2015-06-24,2015-06-29,340.45,340.45,Processed Late,EMP024,5,0.0,0.0,True
INV002856,SUP006,ST084,2015-06-20,2015-06-23,2015-06-25,68.77,68.77,Processed,EMP021,2,0.0,0.0,False
INV002857,SUP009,ST064,2015-06-20,2015-06-27,2015-07-02,39.8,39.8,Processed Late,EMP018,5,0.0,0.0,True
INV002858,SUP009,ST092,2015-06-20,2015-06-25,2015-06-27,76.86,76.86,Processed,EMP026,2,0.0,0.0,False
INV002859,SUP015,ST268,2015-06-20,2015-06-26,2015-07-06,83.38,82.6,Pending / Delayed,EMP023,10,0.78,0.78,True
INV002860,SUP009,ST025,2015-06-20,2015-06-23,2015-06-25,10.08,10.08,Processed,EMP013,2,0.0,0.0,False
INV002861,SUP001,ST225,2015-06-20,2015-06-24,2015-06-27,39.78,39.78,Processed,EMP005,3,0.0,0.0,False
INV002862,SUP006,ST397,2015-06-20,2015-06-27,2015-07-01,82.5,82.5,Processed Late,EMP011,4,0.0,0.0,True
INV002863,SUP008,ST025,2015-06-20,2015-06-26,2015-07-01,35.28,35.28,Processed Late,EMP009,5,0.0,0.0,True
INV002864,SUP010,ST037,2015-06-20,2015-06-27,2015-06-28,277.84,277.84,Processed,EMP009,1,0.0,0.0,False
INV002865,SUP006,ST083,2015-06-20,2015-06-25,2015-06-27,104.6,104.6,Processed,EMP002,2,0.0,0.0,False
INV002866,SUP003,ST407,2015-06-20,2015-06-27,2015-06-29,301.84,312.3,Processed,EMP006,2,-10.46,10.46,False
INV002867,SUP011,ST289,2015-06-20,2015-06-23,2015-06-26,135.85,135.85,Processed,EMP026,3,0.0,0.0,False
INV002868,SUP003,ST207,2015-06-20,2015-06-28,2015-07-04,215.93,215.93,Processed Late,EMP012,6,0.0,0.0,True
INV002869,SUP015,ST267,2015-06-20,2015-06-24,2015-07-02,550.32,550.32,Pending / Delayed,EMP024,8,0.0,0.0,True
INV002870,SUP008,ST618,2015-06-20,2015-06-24,2015-06-25,100.1,100.1,Processed,EMP011,1,0.0,0.0,False
INV002871,SUP002,ST043,2015-06-20,2015-06-25,2015-06-29,51.94,51.94,Processed Late,EMP002,4,0.0,0.0,True
INV002872,SUP014,ST211,2015-06-20,2015-06-26,2015-06-27,266.05,266.05,Processed,EMP006,1,0.0,0.0,False
INV002873,SUP005,ST220,2015-06-20,2015-06-23,2015-06-29,11744.4,11744.4,Processed Late,EMP007,6,0.0,0.0,True
INV002874,SUP001,ST236,2015-06-20,2015-06-23,2015-06-24,29.59,29.59,Processed,EMP024,1,0.0,0.0,False
INV002875,SUP001,ST318,2015-06-20,2015-06-27,2015-06-28,27.2,27.2,Processed,EMP005,1,0.0,0.0,False
INV002876,SUP004,ST512,2015-06-20,2015-06-25,2015-07-03,81.9,81.9,Pending / Delayed,EMP030,8,0.0,0.0,True
INV002877,SUP007,ST617,2015-06-20,2015-06-27,2015-06-29,99.0,99.0,Processed,EMP004,2,0.0,0.0,False
INV002878,SUP005,ST255,2015-06-20,2015-06-28,2015-07-01,237.49,237.49,Processed,EMP025,3,0.0,0.0,False
INV002879,SUP014,ST032,2015-06-20,2015-06-23,2015-06-29,214.8,214.8,Processed Late,EMP024,6,0.0,0.0,True
INV002880,SUP015,ST001,2015-06-20,2015-06-24,2015-06-30,110.9,110.9,Processed Late,EMP022,6,0.0,0.0,True
INV002881,SUP003,ST100,2015-07-05,2015-07-09,2015-07-12,18.2,18.2,Processed,EMP029,3,0.0,0.0,False
INV002882,SUP007,ST382,2015-07-05,2015-07-08,2015-07-11,44.32,44.32,Processed,EMP027,3,0.0,0.0,False
INV002883,SUP005,ST036,2015-07-05,2015-07-10,2015-07-14,263.4,263.4,Processed Late,EMP024,4,0.0,0.0,True
INV002884,SUP015,ST210,2015-07-05,2015-07-11,2015-07-12,69.9,69.9,Processed,EMP017,1,0.0,0.0,False
INV002885,SUP015,ST488,2015-07-05,2015-07-10,2015-07-11,536.52,536.52,Processed,EMP005,1,0.0,0.0,False
INV002886,SUP004,ST467,2015-07-05,2015-07-12,2015-07-15,45.25,45.25,Processed,EMP004,3,0.0,0.0,False
INV002887,SUP001,ST577,2015-07-05,2015-07-12,2015-07-21,647.33,647.33,Pending / Delayed,EMP008,9,0.0,0.0,True
INV002888,SUP007,ST387,2015-07-05,2015-07-09,2015-07-14,1218.36,1218.36,Processed Late,EMP008,5,0.0,0.0,True
INV002889,SUP008,ST423,2015-07-05,2015-07-08,2015-07-11,25.33,25.33,Processed,EMP011,3,0.0,0.0,False
INV002890,SUP011,ST065,2015-07-05,2015-07-09,2015-07-14,317.8,317.8,Processed Late,EMP021,5,0.0,0.0,True
INV002891,SUP004,ST274,2015-07-05,2015-07-12,2015-07-15,204.74,199.76,Processed,EMP028,3,4.98,4.98,False
INV002892,SUP004,ST241,2015-07-05,2015-07-12,2015-07-16,157.3,157.3,Processed Late,EMP021,4,0.0,0.0,True
INV002893,SUP001,ST577,2015-07-05,2015-07-10,2015-07-15,7.4,7.4,Processed Late,EMP021,5,0.0,0.0,True
INV002894,SUP012,ST049,2015-07-05,2015-07-08,2015-07-10,60.69,60.69,Processed,EMP023,2,0.0,0.0,False
INV002895,SUP008,ST484,2015-07-05,2015-07-11,2015-07-14,78.24,78.24,Processed,EMP015,3,0.0,0.0,False
INV002896,SUP006,ST565,2015-07-05,2015-07-12,2015-07-13,949.26,949.26,Processed,EMP016,1,0.0,0.0,False
INV002897,SUP006,ST417,2015-07-05,2015-07-13,2015-07-22,659.64,659.64,Pending / Delayed,EMP019,9,0.0,0.0,True
INV002898,SUP006,ST300,2015-07-05,2015-07-12,2015-07-13,367.22,367.22,Processed,EMP025,1,0.0,0.0,False
INV002899,SUP007,ST369,2015-07-05,2015-07-08,2015-07-09,25.16,25.16,Processed,EMP006,1,0.0,0.0,False
INV002900,SUP006,ST368,2015-07-05,2015-07-13,2015-07-23,27.0,27.0,Pending / Delayed,EMP028,10,0.0,0.0,True
INV002901,SUP003,ST044,2015-07-05,2015-07-10,2015-07-22,161.12,161.12,Pending / Delayed,EMP006,12,0.0,0.0,True
INV002902,SUP009,ST164,2015-07-05,2015-07-09,2015-07-15,134.52,134.52,Processed Late,EMP026,6,0.0,0.0,True
INV002903,SUP007,ST084,2015-07-05,2015-07-11,2015-07-12,92.96,92.96,Processed,EMP020,1,0.0,0.0,False
INV002904,SUP009,ST107,2015-07-05,2015-07-08,2015-07-11,4575.24,4575.24,Processed,EMP005,3,0.0,0.0,False
INV002905,SUP011,ST169,2015-07-05,2015-07-08,2015-07-11,1137.2,1137.2,Processed,EMP021,3,0.0,0.0,False
INV002906,SUP006,ST383,2015-07-05,2015-07-08,2015-07-11,1542.72,1542.72,Processed,EMP017,3,0.0,0.0,False
INV002907,SUP007,ST225,2015-07-05,2015-07-11,2015-07-22,18.18,18.18,Pending / Delayed,EMP030,11,0.0,0.0,True
INV002908,SUP002,ST232,2015-07-05,2015-07-12,2015-07-14,52.5,52.5,Processed,EMP015,2,0.0,0.0,False
INV002909,SUP015,ST517,2015-07-05,2015-07-13,2015-07-14,82.32,82.32,Processed,EMP013,1,0.0,0.0,False
INV002910,SUP012,ST314,2015-07-05,2015-07-11,2015-07-15,119.94,119.94,Processed Late,EMP029,4,0.0,0.0,True
INV002911,SUP004,ST555,2015-07-05,2015-07-08,2015-07-11,19.74,19.74,Processed,EMP002,3,0.0,0.0,False
INV002912,SUP001,ST303,2015-07-05,2015-07-08,2015-07-12,220.0,220.0,Processed Late,EMP007,4,0.0,0.0,True
INV002913,SUP011,ST074,2015-07-05,2015-07-10,2015-07-11,381.15,381.15,Processed,EMP009,1,0.0,0.0,False
INV002914,SUP007,ST367,2015-07-05,2015-07-10,2015-07-16,1839.68,1839.68,Processed Late,EMP017,6,0.0,0.0,True
INV002915,SUP006,ST214,2015-07-05,2015-07-13,2015-07-14,162.8,162.8,Processed,EMP004,1,0.0,0.0,False
INV002916,SUP011,ST630,2015-07-05,2015-07-12,2015-07-14,2903.2,2903.2,Processed,EMP008,2,0.0,0.0,False
INV002917,SUP008,ST328,2015-07-05,2015-07-12,2015-07-16,1066.41,1066.41,Processed Late,EMP017,4,0.0,0.0,True
INV002918,SUP014,ST393,2015-07-05,2015-07-11,2015-07-12,306.8,306.8,Processed,EMP017,1,0.0,0.0,False
INV002919,SUP010,ST360,2015-07-05,2015-07-12,2015-07-13,17.35,16.6,Processed,EMP017,1,0.75,0.75,False
INV002920,SUP008,ST089,2015-07-05,2015-07-11,2015-07-13,20.44,20.44,Processed,EMP007,2,0.0,0.0,False
INV002921,SUP004,ST097,2015-07-05,2015-07-08,2015-07-17,290.32,290.32,Pending / Delayed,EMP006,9,0.0,0.0,True
INV002922,SUP008,ST036,2015-07-05,2015-07-11,2015-07-12,31.56,31.56,Processed,EMP018,1,0.0,0.0,False
INV002923,SUP014,ST463,2015-07-05,2015-07-10,2015-07-16,984.34,972.61,Processed Late,EMP024,6,11.73,11.73,True
INV002924,SUP011,ST132,2015-07-05,2015-07-12,2015-07-15,56.85,56.85,Processed,EMP001,3,0.0,0.0,False
INV002925,SUP008,ST071,2015-07-05,2015-07-13,2015-07-15,50.86,50.86,Processed,EMP003,2,0.0,0.0,False
INV002926,SUP010,ST398,2015-07-05,2015-07-13,2015-07-15,43.17,44.32,Processed,EMP030,2,-1.15,1.15,False
INV002927,SUP002,ST530,2015-07-05,2015-07-08,2015-07-11,9.6,9.6,Processed,EMP005,3,0.0,0.0,False
INV002928,SUP003,ST041,2015-07-05,2015-07-10,2015-07-14,141.12,141.12,Processed Late,EMP023,4,0.0,0.0,True
INV002929,SUP011,ST159,2015-07-05,2015-07-09,2015-07-15,47.16,47.16,Processed Late,EMP021,6,0.0,0.0,True
INV002930,SUP001,ST397,2015-07-05,2015-07-12,2015-07-16,553.52,553.52,Processed Late,EMP018,4,0.0,0.0,True
INV002931,SUP003,ST229,2015-07-05,2015-07-10,2015-07-21,80.5,80.5,Pending / Delayed,EMP029,11,0.0,0.0,True
INV002932,SUP004,ST456,2015-07-05,2015-07-13,2015-07-16,90.0,90.0,Processed,EMP012,3,0.0,0.0,False
INV002933,SUP012,ST620,2015-07-05,2015-07-11,2015-07-12,98.63,98.63,Processed,EMP007,1,0.0,0.0,False
INV002934,SUP013,ST441,2015-07-05,2015-07-08,2015-07-13,16.34,16.32,Processed Late,EMP005,5,0.02,0.02,True
INV002935,SUP006,ST557,2015-07-05,2015-07-11,2015-07-15,56.16,56.16,Processed Late,EMP022,4,0.0,0.0,True
INV002936,SUP007,ST571,2015-07-05,2015-07-08,2015-07-09,2317.95,2317.95,Processed,EMP020,1,0.0,0.0,False
INV002937,SUP015,ST367,2015-07-05,2015-07-12,2015-07-15,73.8,73.8,Processed,EMP012,3,0.0,0.0,False
INV002938,SUP015,ST141,2015-07-05,2015-07-13,2015-07-15,11.67,11.7,Processed,EMP004,2,-0.03,0.03,False
INV002939,SUP003,ST202,2015-07-05,2015-07-13,2015-07-19,163.17,163.17,Processed Late,EMP018,6,0.0,0.0,True
INV002940,SUP005,ST490,2015-07-05,2015-07-09,2015-07-12,37.24,37.24,Processed,EMP004,3,0.0,0.0,False
INV002941,SUP002,ST574,2015-07-05,2015-07-10,2015-07-11,914.13,914.13,Processed,EMP024,1,0.0,0.0,False
INV002942,SUP003,ST401,2015-07-05,2015-07-09,2015-07-10,428.32,428.32,Processed,EMP010,1,0.0,0.0,False
INV002943,SUP001,ST116,2015-07-05,2015-07-11,2015-07-17,608.43,608.43,Processed Late,EMP025,6,0.0,0.0,True
INV002944,SUP001,ST311,2015-07-05,2015-07-12,2015-07-16,29.56,28.2,Processed Late,EMP005,4,1.36,1.36,True
INV002945,SUP013,ST219,2015-07-05,2015-07-08,2015-07-09,23.53,25.02,Processed,EMP018,1,-1.49,1.49,False
INV002946,SUP004,ST102,2015-07-05,2015-07-10,2015-07-14,56.95,56.95,Processed Late,EMP006,4,0.0,0.0,True
INV002947,SUP009,ST073,2015-07-05,2015-07-10,2015-07-13,162.26,162.26,Processed,EMP023,3,0.0,0.0,False
INV002948,SUP003,ST070,2015-07-05,2015-07-08,2015-07-11,18.66,18.66,Processed,EMP016,3,0.0,0.0,False
INV002949,SUP004,ST424,2015-07-05,2015-07-09,2015-07-14,1139.8,1139.8,Processed Late,EMP027,5,0.0,0.0,True
INV002950,SUP013,ST443,2015-07-05,2015-07-09,2015-07-11,26.3,26.3,Processed,EMP002,2,0.0,0.0,False
INV002951,SUP001,ST198,2015-07-05,2015-07-12,2015-07-18,95.88,95.88,Processed Late,EMP014,6,0.0,0.0,True
INV002952,SUP014,ST231,2015-07-05,2015-07-10,2015-07-11,1078.72,1078.72,Processed,EMP026,1,0.0,0.0,False
INV002953,SUP011,ST162,2015-07-05,2015-07-08,2015-07-11,65.34,65.34,Processed,EMP006,3,0.0,0.0,False
INV002954,SUP013,ST077,2015-07-05,2015-07-11,2015-07-12,46.26,46.26,Processed,EMP011,1,0.0,0.0,False
INV002955,SUP009,ST087,2015-07-05,2015-07-12,2015-07-16,6.62,6.62,Processed Late,EMP009,4,0.0,0.0,True
INV002956,SUP007,ST288,2015-07-05,2015-07-08,2015-07-12,9.84,9.84,Processed Late,EMP019,4,0.0,0.0,True
INV002957,SUP009,ST620,2015-07-05,2015-07-08,2015-07-14,26.88,26.88,Processed Late,EMP015,6,0.0,0.0,True
INV002958,SUP007,ST604,2015-07-05,2015-07-11,2015-07-12,49.47,49.47,Processed,EMP005,1,0.0,0.0,False
INV002959,SUP006,ST094,2015-07-05,2015-07-10,2015-07-11,634.8,634.8,Processed,EMP009,1,0.0,0.0,False
INV002960,SUP011,ST065,2015-07-05,2015-07-08,2015-07-10,102.6,102.6,Processed,EMP015,2,0.0,0.0,False
INV002961,SUP014,ST296,2015-07-20,2015-07-23,2015-07-24,92.8,92.8,Processed,EMP012,1,0.0,0.0,False
INV002962,SUP015,ST332,2015-07-20,2015-07-24,2015-07-26,7.83,7.83,Processed,EMP006,2,0.0,0.0,False
INV002963,SUP005,ST197,2015-07-20,2015-07-27,2015-07-29,157.96,163.04,Processed,EMP025,2,-5.08,5.08,False
INV002964,SUP010,ST435,2015-07-20,2015-07-23,2015-07-28,43.8,43.8,Processed Late,EMP008,5,0.0,0.0,True
INV002965,SUP012,ST303,2015-07-20,2015-07-25,2015-07-26,14.22,14.22,Processed,EMP017,1,0.0,0.0,False
INV002966,SUP009,ST329,2015-07-20,2015-07-25,2015-07-27,1509.43,1509.43,Processed,EMP022,2,0.0,0.0,False
INV002967,SUP003,ST121,2015-07-20,2015-07-28,2015-08-01,34.08,34.08,Processed Late,EMP008,4,0.0,0.0,True
INV002968,SUP013,ST346,2015-07-20,2015-07-27,2015-08-02,39.78,39.78,Processed Late,EMP008,6,0.0,0.0,True
INV002969,SUP007,ST496,2015-07-20,2015-07-25,2015-08-04,2911.59,2911.59,Pending / Delayed,EMP001,10,0.0,0.0,True
INV002970,SUP003,ST261,2015-07-20,2015-07-26,2015-07-29,1523.2,1523.2,Processed,EMP009,3,0.0,0.0,False
INV002971,SUP007,ST564,2015-07-20,2015-07-25,2015-07-28,19.4,19.4,Processed,EMP006,3,0.0,0.0,False
INV002972,SUP015,ST261,2015-07-20,2015-07-24,2015-07-27,481.96,481.96,Processed,EMP027,3,0.0,0.0,False
INV002973,SUP005,ST524,2015-07-20,2015-07-25,2015-07-27,142.27,148.2,Processed,EMP030,2,-5.93,5.93,False
INV002974,SUP007,ST502,2015-07-20,2015-07-27,2015-07-29,1118.72,1118.72,Processed,EMP021,2,0.0,0.0,False
INV002975,SUP006,ST123,2015-07-20,2015-07-25,2015-07-31,350.88,350.88,Processed Late,EMP028,6,0.0,0.0,True
INV002976,SUP013,ST056,2015-07-20,2015-07-23,2015-07-25,17.7,17.7,Processed,EMP016,2,0.0,0.0,False
INV002977,SUP009,ST549,2015-07-20,2015-07-25,2015-07-26,8.36,8.36,Processed,EMP001,1,0.0,0.0,False
INV002978,SUP011,ST434,2015-07-20,2015-07-26,2015-07-29,13.38,14.45,Processed,EMP004,3,-1.07,1.07,False
INV002979,SUP002,ST346,2015-07-20,2015-07-27,2015-07-28,556.2,556.2,Processed,EMP023,1,0.0,0.0,False
INV002980,SUP004,ST237,2015-07-20,2015-07-25,2015-07-26,195.9,195.9,Processed,EMP007,1,0.0,0.0,False
INV002981,SUP015,ST566,2015-07-20,2015-07-26,2015-07-31,760.4,760.4,Processed Late,EMP009,5,0.0,0.0,True
INV002982,SUP009,ST599,2015-07-20,2015-07-25,2015-07-28,27.63,27.63,Processed,EMP003,3,0.0,0.0,False
INV002983,SUP014,ST393,2015-07-20,2015-07-24,2015-07-25,2266.47,2266.47,Processed,EMP017,1,0.0,0.0,False
INV002984,SUP002,ST585,2015-07-20,2015-07-24,2015-07-27,4.16,4.16,Processed,EMP029,3,0.0,0.0,False
INV002985,SUP004,ST417,2015-07-20,2015-07-27,2015-07-28,45.73,45.73,Processed,EMP022,1,0.0,0.0,False
INV002986,SUP015,ST178,2015-07-20,2015-07-27,2015-07-30,608.48,608.48,Processed,EMP016,3,0.0,0.0,False
INV002987,SUP011,ST316,2015-07-20,2015-07-25,2015-07-27,282.55,282.55,Processed,EMP015,2,0.0,0.0,False
INV002988,SUP004,ST103,2015-07-20,2015-07-27,2015-07-29,1036.98,1036.98,Processed,EMP010,2,0.0,0.0,False
INV002989,SUP012,ST394,2015-07-20,2015-07-23,2015-07-24,193.29,195.04,Processed,EMP014,1,-1.75,1.75,False
INV002990,SUP013,ST279,2015-07-20,2015-07-24,2015-07-27,35.42,35.42,Processed,EMP014,3,0.0,0.0,False
INV002991,SUP015,ST537,2015-07-20,2015-07-26,2015-07-27,5769.8,5838.48,Processed,EMP002,1,-68.68,68.68,False
INV002992,SUP010,ST398,2015-07-20,2015-07-25,2015-07-27,119.08,119.08,Processed,EMP011,2,0.0,0.0,False
INV002993,SUP012,ST080,2015-07-20,2015-07-28,2015-08-06,387.36,387.36,Pending / Delayed,EMP018,9,0.0,0.0,True
INV002994,SUP007,ST213,2015-07-20,2015-07-27,2015-07-28,179.4,183.26,Processed,EMP030,1,-3.86,3.86,False
INV002995,SUP004,ST298,2015-07-20,2015-07-27,2015-08-02,2552.11,2508.35,Processed Late,EMP012,6,43.76,43.76,True
INV002996,SUP011,ST577,2015-07-20,2015-07-28,2015-07-31,51.0,51.0,Processed,EMP017,3,0.0,0.0,False
INV002997,SUP013,ST023,2015-07-20,2015-07-28,2015-07-31,201.92,201.92,Processed,EMP019,3,0.0,0.0,False
INV002998,SUP001,ST503,2015-07-20,2015-07-23,2015-07-26,2720.51,2720.51,Processed,EMP028,3,0.0,0.0,False
INV002999,SUP002,ST448,2015-07-20,2015-07-23,2015-07-31,100.0,100.0,Pending / Delayed,EMP012,8,0.0,0.0,True
INV003000,SUP015,ST267,2015-07-20,2015-07-27,2015-07-30,66.96,66.96,Processed,EMP016,3,0.0,0.0,False
INV003001,SUP010,ST530,2015-07-20,2015-07-28,2015-08-03,109.34,109.34,Processed Late,EMP013,6,0.0,0.0,True
INV003002,SUP007,ST374,2015-07-20,2015-07-23,2015-07-29,1444.0,1444.0,Processed Late,EMP026,6,0.0,0.0,True
INV003003,SUP015,ST163,2015-07-20,2015-07-26,2015-07-29,284.94,284.94,Processed,EMP008,3,0.0,0.0,False
INV003004,SUP002,ST538,2015-07-20,2015-07-25,2015-07-27,49.02,49.02,Processed,EMP009,2,0.0,0.0,False
INV003005,SUP014,ST447,2015-07-20,2015-07-24,2015-07-28,16.08,16.08,Processed Late,EMP028,4,0.0,0.0,True
INV003006,SUP005,ST171,2015-07-20,2015-07-28,2015-08-02,22.54,22.54,Processed Late,EMP003,5,0.0,0.0,True
INV003007,SUP010,ST054,2015-07-20,2015-07-25,2015-07-27,329.95,326.79,Processed,EMP025,2,3.16,3.16,False
INV003008,SUP008,ST434,2015-07-20,2015-07-28,2015-07-30,684.88,684.88,Processed,EMP019,2,0.0,0.0,False
INV003009,SUP004,ST618,2015-07-20,2015-07-24,2015-07-28,94.5,94.5,Processed Late,EMP014,4,0.0,0.0,True
INV003010,SUP013,ST184,2015-07-20,2015-07-27,2015-08-08,16.05,16.05,Pending / Delayed,EMP020,12,0.0,0.0,True
INV003011,SUP006,ST184,2015-07-20,2015-07-27,2015-07-29,148.8,148.8,Processed,EMP029,2,0.0,0.0,False
INV003012,SUP001,ST334,2015-07-20,2015-07-25,2015-07-27,516.53,516.53,Processed,EMP010,2,0.0,0.0,False
INV003013,SUP001,ST513,2015-07-20,2015-07-27,2015-07-30,138.3,138.3,Processed,EMP007,3,0.0,0.0,False
INV003014,SUP001,ST481,2015-07-20,2015-07-24,2015-07-28,998.34,998.34,Processed Late,EMP020,4,0.0,0.0,True
INV003015,SUP010,ST377,2015-07-20,2015-07-24,2015-07-27,1829.94,1829.94,Processed,EMP024,3,0.0,0.0,False
INV003016,SUP008,ST180,2015-07-20,2015-07-28,2015-08-01,2530.8,2530.8,Processed Late,EMP023,4,0.0,0.0,True
INV003017,SUP010,ST044,2015-07-20,2015-07-23,2015-07-24,1645.65,1645.65,Processed,EMP022,1,0.0,0.0,False
INV003018,SUP008,ST542,2015-07-20,2015-07-23,2015-07-28,294.48,294.48,Processed Late,EMP007,5,0.0,0.0,True
INV003019,SUP012,ST414,2015-07-20,2015-07-26,2015-07-29,47.6,47.6,Processed,EMP013,3,0.0,0.0,False
INV003020,SUP010,ST592,2015-07-20,2015-07-24,2015-07-26,45.54,45.54,Processed,EMP003,2,0.0,0.0,False
INV003021,SUP007,ST171,2015-07-20,2015-07-27,2015-07-30,224.8,224.8,Processed,EMP006,3,0.0,0.0,False
INV003022,SUP001,ST212,2015-07-20,2015-07-23,2015-08-02,68.59,64.26,Pending / Delayed,EMP004,10,4.33,4.33,True
INV003023,SUP002,ST619,2015-07-20,2015-07-28,2015-08-02,256.23,256.23,Processed Late,EMP001,5,0.0,0.0,True
INV003024,SUP001,ST323,2015-07-20,2015-07-26,2015-08-01,28.56,28.56,Processed Late,EMP011,6,0.0,0.0,True
INV003025,SUP013,ST151,2015-07-20,2015-07-27,2015-08-03,47.4,47.4,Pending / Delayed,EMP010,7,0.0,0.0,True
INV003026,SUP012,ST144,2015-07-20,2015-07-24,2015-07-26,568.4,568.4,Processed,EMP017,2,0.0,0.0,False
INV003027,SUP015,ST233,2015-07-20,2015-07-28,2015-07-30,97.83,97.83,Processed,EMP002,2,0.0,0.0,False
INV003028,SUP012,ST477,2015-07-20,2015-07-24,2015-07-25,20.23,20.23,Processed,EMP018,1,0.0,0.0,False
INV003029,SUP001,ST252,2015-07-20,2015-07-24,2015-07-27,496.0,496.0,Processed,EMP030,3,0.0,0.0,False
INV003030,SUP001,ST359,2015-07-20,2015-07-27,2015-07-29,13.85,13.85,Processed,EMP016,2,0.0,0.0,False
INV003031,SUP005,ST364,2015-07-20,2015-07-25,2015-07-26,76.65,76.65,Processed,EMP018,1,0.0,0.0,False
INV003032,SUP014,ST491,2015-07-20,2015-07-24,2015-07-30,338.53,316.03,Processed Late,EMP011,6,22.5,22.5,True
INV003033,SUP015,ST519,2015-07-20,2015-07-24,2015-07-27,26.76,26.76,Processed,EMP027,3,0.0,0.0,False
INV003034,SUP012,ST576,2015-07-20,2015-07-25,2015-07-27,5.6,5.8,Processed,EMP013,2,-0.2,0.2,False
INV003035,SUP011,ST534,2015-07-20,2015-07-26,2015-07-31,6.48,6.48,Processed Late,EMP015,5,0.0,0.0,True
INV003036,SUP013,ST628,2015-07-20,2015-07-25,2015-07-29,451.68,451.68,Processed Late,EMP027,4,0.0,0.0,True
INV003037,SUP001,ST530,2015-07-20,2015-07-28,2015-07-31,30.84,30.84,Processed,EMP007,3,0.0,0.0,False
INV003038,SUP007,ST527,2015-07-20,2015-07-27,2015-07-28,57.76,57.76,Processed,EMP019,1,0.0,0.0,False
INV003039,SUP010,ST519,2015-07-20,2015-07-27,2015-07-29,788.69,788.69,Processed,EMP009,2,0.0,0.0,False
INV003040,SUP012,ST451,2015-07-20,2015-07-23,2015-07-26,13.86,13.86,Processed,EMP024,3,0.0,0.0,False
INV003041,SUP004,ST096,2015-08-05,2015-08-11,2015-08-13,41.94,41.94,Processed,EMP030,2,0.0,0.0,False
INV003042,SUP001,ST046,2015-08-05,2015-08-10,2015-08-14,164.4,164.4,Processed Late,EMP026,4,0.0,0.0,True
INV003043,SUP010,ST199,2015-08-05,2015-08-11,2015-08-12,2247.66,2247.66,Processed,EMP006,1,0.0,0.0,False
INV003044,SUP010,ST262,2015-08-05,2015-08-09,2015-08-13,116.88,116.88,Processed Late,EMP029,4,0.0,0.0,True
INV003045,SUP001,ST272,2015-08-05,2015-08-10,2015-08-14,13.48,13.48,Processed Late,EMP028,4,0.0,0.0,True
INV003046,SUP015,ST170,2015-08-05,2015-08-13,2015-08-15,73.45,77.72,Processed,EMP015,2,-4.27,4.27,False
INV003047,SUP013,ST351,2015-08-05,2015-08-13,2015-08-17,36.2,36.2,Processed Late,EMP021,4,0.0,0.0,True
INV003048,SUP005,ST591,2015-08-05,2015-08-13,2015-08-17,14.3,14.3,Processed Late,EMP028,4,0.0,0.0,True
INV003049,SUP006,ST540,2015-08-05,2015-08-11,2015-08-17,455.76,455.76,Processed Late,EMP019,6,0.0,0.0,True
INV003050,SUP005,ST609,2015-08-05,2015-08-10,2015-08-13,272.4,272.4,Processed,EMP028,3,0.0,0.0,False
INV003051,SUP005,ST337,2015-08-05,2015-08-08,2015-08-09,5.3,5.3,Processed,EMP019,1,0.0,0.0,False
INV003052,SUP007,ST053,2015-08-05,2015-08-09,2015-08-13,2047.99,2047.99,Processed Late,EMP028,4,0.0,0.0,True
INV003053,SUP003,ST569,2015-08-05,2015-08-13,2015-08-15,52.1,52.1,Processed,EMP005,2,0.0,0.0,False
INV003054,SUP004,ST476,2015-08-05,2015-08-09,2015-08-10,1970.91,1970.91,Processed,EMP017,1,0.0,0.0,False
INV003055,SUP007,ST410,2015-08-05,2015-08-13,2015-08-25,931.57,931.57,Pending / Delayed,EMP008,12,0.0,0.0,True
INV003056,SUP004,ST167,2015-08-05,2015-08-13,2015-08-15,571.32,571.32,Processed,EMP022,2,0.0,0.0,False
INV003057,SUP015,ST059,2015-08-05,2015-08-12,2015-08-16,32.28,32.28,Processed Late,EMP014,4,0.0,0.0,True
INV003058,SUP008,ST032,2015-08-05,2015-08-11,2015-08-14,47.1,47.1,Processed,EMP026,3,0.0,0.0,False
INV003059,SUP008,ST504,2015-08-05,2015-08-12,2015-08-15,97.45,97.45,Processed,EMP025,3,0.0,0.0,False
INV003060,SUP014,ST241,2015-08-05,2015-08-13,2015-08-17,74.32,74.32,Processed Late,EMP025,4,0.0,0.0,True
INV003061,SUP010,ST335,2015-08-05,2015-08-10,2015-08-13,1051.33,1051.33,Processed,EMP024,3,0.0,0.0,False
INV003062,SUP002,ST009,2015-08-05,2015-08-11,2015-08-13,31.6,31.6,Processed,EMP020,2,0.0,0.0,False
INV003063,SUP002,ST156,2015-08-05,2015-08-08,2015-08-17,38.1,38.1,Pending / Delayed,EMP001,9,0.0,0.0,True
INV003064,SUP003,ST299,2015-08-05,2015-08-11,2015-08-14,1098.71,1098.71,Processed,EMP006,3,0.0,0.0,False
INV003065,SUP002,ST042,2015-08-05,2015-08-11,2015-08-13,337.61,337.61,Processed,EMP028,2,0.0,0.0,False
INV003066,SUP010,ST085,2015-08-05,2015-08-13,2015-08-19,374.4,374.4,Processed Late,EMP020,6,0.0,0.0,True
INV003067,SUP004,ST175,2015-08-05,2015-08-09,2015-08-11,5.4,5.4,Processed,EMP016,2,0.0,0.0,False
INV003068,SUP010,ST299,2015-08-05,2015-08-12,2015-08-14,40.46,40.46,Processed,EMP002,2,0.0,0.0,False
INV003069,SUP010,ST292,2015-08-05,2015-08-10,2015-08-15,240.12,240.12,Processed Late,EMP007,5,0.0,0.0,True
INV003070,SUP005,ST162,2015-08-05,2015-08-08,2015-08-11,92.16,92.16,Processed,EMP021,3,0.0,0.0,False
INV003071,SUP012,ST291,2015-08-05,2015-08-10,2015-08-15,349.69,349.69,Processed Late,EMP009,5,0.0,0.0,True
INV003072,SUP012,ST485,2015-08-05,2015-08-11,2015-08-13,41.76,41.76,Processed,EMP012,2,0.0,0.0,False
INV003073,SUP011,ST411,2015-08-05,2015-08-13,2015-08-14,310.86,310.86,Processed,EMP030,1,0.0,0.0,False
INV003074,SUP014,ST317,2015-08-05,2015-08-10,2015-08-11,26.55,26.55,Processed,EMP017,1,0.0,0.0,False
INV003075,SUP012,ST159,2015-08-05,2015-08-12,2015-08-15,30.06,30.06,Processed,EMP008,3,0.0,0.0,False
INV003076,SUP002,ST152,2015-08-05,2015-08-12,2015-08-13,285.69,285.69,Processed,EMP004,1,0.0,0.0,False
INV003077,SUP002,ST290,2015-08-05,2015-08-13,2015-08-18,18.42,18.78,Processed Late,EMP005,5,-0.36,0.36,True
INV003078,SUP012,ST494,2015-08-05,2015-08-10,2015-08-13,160.8,160.8,Processed,EMP002,3,0.0,0.0,False
INV003079,SUP011,ST566,2015-08-05,2015-08-08,2015-08-09,135.9,135.9,Processed,EMP015,1,0.0,0.0,False
INV003080,SUP011,ST035,2015-08-05,2015-08-09,2015-08-12,147.12,147.12,Processed,EMP022,3,0.0,0.0,False
INV003081,SUP002,ST051,2015-08-05,2015-08-09,2015-08-11,44.24,44.24,Processed,EMP027,2,0.0,0.0,False
INV003082,SUP014,ST510,2015-08-05,2015-08-10,2015-08-11,130.0,130.0,Processed,EMP017,1,0.0,0.0,False
INV003083,SUP014,ST332,2015-08-05,2015-08-08,2015-08-15,32.83,35.56,Pending / Delayed,EMP006,7,-2.73,2.73,True
INV003084,SUP012,ST433,2015-08-05,2015-08-12,2015-08-13,326.28,326.28,Processed,EMP010,1,0.0,0.0,False
INV003085,SUP003,ST008,2015-08-05,2015-08-10,2015-08-13,52.2,52.2,Processed,EMP006,3,0.0,0.0,False
INV003086,SUP015,ST343,2015-08-05,2015-08-09,2015-08-14,117.15,112.65,Processed Late,EMP016,5,4.5,4.5,True
INV003087,SUP010,ST508,2015-08-05,2015-08-13,2015-08-18,102.48,102.48,Processed Late,EMP014,5,0.0,0.0,True
INV003088,SUP013,ST010,2015-08-05,2015-08-08,2015-08-14,80.21,80.15,Processed Late,EMP028,6,0.06,0.06,True
INV003089,SUP006,ST346,2015-08-05,2015-08-11,2015-08-12,30.29,29.16,Processed,EMP013,1,1.13,1.13,False
INV003090,SUP009,ST207,2015-08-05,2015-08-08,2015-08-12,546.72,546.72,Processed Late,EMP007,4,0.0,0.0,True
INV003091,SUP014,ST518,2015-08-05,2015-08-12,2015-08-17,2268.48,2268.48,Processed Late,EMP020,5,0.0,0.0,True
INV003092,SUP010,ST628,2015-08-05,2015-08-12,2015-08-14,29.26,29.26,Processed,EMP020,2,0.0,0.0,False
INV003093,SUP012,ST041,2015-08-05,2015-08-09,2015-08-11,295.59,274.95,Processed,EMP003,2,20.64,20.64,False
INV003094,SUP009,ST468,2015-08-05,2015-08-10,2015-08-12,2630.6,2630.6,Processed,EMP022,2,0.0,0.0,False
INV003095,SUP010,ST065,2015-08-05,2015-08-12,2015-08-15,1207.68,1207.68,Processed,EMP022,3,0.0,0.0,False
INV003096,SUP015,ST624,2015-08-05,2015-08-12,2015-08-14,54.9,54.9,Processed,EMP026,2,0.0,0.0,False
INV003097,SUP004,ST461,2015-08-05,2015-08-13,2015-08-16,44.52,44.52,Processed,EMP005,3,0.0,0.0,False
INV003098,SUP011,ST594,2015-08-05,2015-08-13,2015-08-14,47.1,47.1,Processed,EMP025,1,0.0,0.0,False
INV003099,SUP004,ST042,2015-08-05,2015-08-11,2015-08-13,29.6,29.6,Processed,EMP014,2,0.0,0.0,False
INV003100,SUP001,ST441,2015-08-05,2015-08-12,2015-08-13,24.32,24.32,Processed,EMP002,1,0.0,0.0,False
INV003101,SUP015,ST560,2015-08-05,2015-08-13,2015-08-14,1297.5,1297.5,Processed,EMP022,1,0.0,0.0,False
INV003102,SUP012,ST314,2015-08-05,2015-08-09,2015-08-10,31.68,31.68,Processed,EMP022,1,0.0,0.0,False
INV003103,SUP010,ST219,2015-08-05,2015-08-08,2015-08-10,28.17,28.17,Processed,EMP024,2,0.0,0.0,False
INV003104,SUP002,ST241,2015-08-05,2015-08-12,2015-08-13,72.58,72.58,Processed,EMP024,1,0.0,0.0,False
INV003105,SUP011,ST206,2015-08-05,2015-08-08,2015-08-10,362.4,362.4,Processed,EMP021,2,0.0,0.0,False
INV003106,SUP011,ST252,2015-08-05,2015-08-13,2015-08-15,26.85,26.85,Processed,EMP017,2,0.0,0.0,False
INV003107,SUP012,ST265,2015-08-05,2015-08-13,2015-08-14,20.4,20.4,Processed,EMP019,1,0.0,0.0,False
INV003108,SUP007,ST166,2015-08-05,2015-08-10,2015-08-15,50.49,50.49,Processed Late,EMP030,5,0.0,0.0,True
INV003109,SUP013,ST296,2015-08-05,2015-08-12,2015-08-20,41.58,41.58,Pending / Delayed,EMP019,8,0.0,0.0,True
INV003110,SUP002,ST160,2015-08-05,2015-08-10,2015-08-13,1349.57,1349.57,Processed,EMP008,3,0.0,0.0,False
INV003111,SUP002,ST277,2015-08-05,2015-08-13,2015-08-14,429.06,429.06,Processed,EMP006,1,0.0,0.0,False
INV003112,SUP009,ST548,2015-08-05,2015-08-11,2015-08-12,3262.72,3262.72,Processed,EMP006,1,0.0,0.0,False
INV003113,SUP010,ST285,2015-08-05,2015-08-09,2015-08-10,1554.1,1554.1,Processed,EMP003,1,0.0,0.0,False
INV003114,SUP007,ST194,2015-08-05,2015-08-11,2015-08-13,17.96,17.96,Processed,EMP014,2,0.0,0.0,False
INV003115,SUP010,ST089,2015-08-05,2015-08-11,2015-08-16,77.04,77.04,Processed Late,EMP001,5,0.0,0.0,True
INV003116,SUP009,ST548,2015-08-05,2015-08-09,2015-08-11,57.36,57.36,Processed,EMP016,2,0.0,0.0,False
INV003117,SUP014,ST399,2015-08-05,2015-08-08,2015-08-10,27.43,27.43,Processed,EMP022,2,0.0,0.0,False
INV003118,SUP007,ST218,2015-08-05,2015-08-13,2015-08-19,2076.66,2076.66,Processed Late,EMP004,6,0.0,0.0,True
INV003119,SUP012,ST069,2015-08-05,2015-08-10,2015-08-13,1256.3,1256.3,Processed,EMP025,3,0.0,0.0,False
INV003120,SUP008,ST397,2015-08-05,2015-08-09,2015-08-10,2011.78,2011.78,Processed,EMP009,1,0.0,0.0,False
INV003121,SUP001,ST038,2015-08-20,2015-08-27,2015-08-30,316.68,316.68,Processed,EMP020,3,0.0,0.0,False
INV003122,SUP001,ST382,2015-08-20,2015-08-25,2015-08-27,4.4,4.4,Processed,EMP028,2,0.0,0.0,False
INV003123,SUP014,ST475,2015-08-20,2015-08-28,2015-09-01,15.72,15.72,Processed Late,EMP014,4,0.0,0.0,True
INV003124,SUP009,ST120,2015-08-20,2015-08-24,2015-08-28,17.1,17.1,Processed Late,EMP027,4,0.0,0.0,True
INV003125,SUP009,ST349,2015-08-20,2015-08-25,2015-08-26,361.93,361.93,Processed,EMP029,1,0.0,0.0,False
INV003126,SUP011,ST325,2015-08-20,2015-08-23,2015-08-26,178.74,178.74,Processed,EMP010,3,0.0,0.0,False
INV003127,SUP005,ST040,2015-08-20,2015-08-23,2015-08-24,1035.31,1035.31,Processed,EMP024,1,0.0,0.0,False
INV003128,SUP003,ST265,2015-08-20,2015-08-27,2015-08-29,62.15,62.15,Processed,EMP014,2,0.0,0.0,False
INV003129,SUP007,ST077,2015-08-20,2015-08-28,2015-08-31,173.9,173.9,Processed,EMP011,3,0.0,0.0,False
INV003130,SUP012,ST308,2015-08-20,2015-08-23,2015-08-25,99.88,99.88,Processed,EMP016,2,0.0,0.0,False
INV003131,SUP006,ST190,2015-08-20,2015-08-27,2015-08-29,7.38,7.38,Processed,EMP020,2,0.0,0.0,False
INV003132,SUP010,ST614,2015-08-20,2015-08-25,2015-08-26,1275.96,1275.96,Processed,EMP013,1,0.0,0.0,False
INV003133,SUP005,ST342,2015-08-20,2015-08-23,2015-08-24,459.55,459.55,Processed,EMP002,1,0.0,0.0,False
INV003134,SUP010,ST081,2015-08-20,2015-08-25,2015-08-26,24.71,24.71,Processed,EMP005,1,0.0,0.0,False
INV003135,SUP013,ST564,2015-08-20,2015-08-27,2015-09-01,32.4,32.4,Processed Late,EMP017,5,0.0,0.0,True
INV003136,SUP009,ST592,2015-08-20,2015-08-27,2015-08-29,99.4,99.4,Processed,EMP013,2,0.0,0.0,False
INV003137,SUP002,ST414,2015-08-20,2015-08-28,2015-09-02,489.63,489.63,Processed Late,EMP018,5,0.0,0.0,True
INV003138,SUP006,ST276,2015-08-20,2015-08-24,2015-08-28,254.25,254.25,Processed Late,EMP024,4,0.0,0.0,True
INV003139,SUP010,ST005,2015-08-20,2015-08-23,2015-08-24,12.52,12.52,Processed,EMP026,1,0.0,0.0,False
INV003140,SUP006,ST416,2015-08-20,2015-08-24,2015-08-25,50.79,50.79,Processed,EMP024,1,0.0,0.0,False
INV003141,SUP009,ST254,2015-08-20,2015-08-23,2015-08-28,3326.3,3326.3,Processed Late,EMP015,5,0.0,0.0,True
INV003142,SUP015,ST583,2015-08-20,2015-08-28,2015-08-29,22.47,22.47,Processed,EMP006,1,0.0,0.0,False
INV003143,SUP012,ST130,2015-08-20,2015-08-24,2015-08-26,160.98,160.98,Processed,EMP001,2,0.0,0.0,False
INV003144,SUP007,ST006,2015-08-20,2015-08-28,2015-08-31,665.28,665.28,Processed,EMP012,3,0.0,0.0,False
INV003145,SUP013,ST193,2015-08-20,2015-08-25,2015-08-29,354.6,354.6,Processed Late,EMP010,4,0.0,0.0,True
INV003146,SUP004,ST628,2015-08-20,2015-08-24,2015-08-30,27.0,27.0,Processed Late,EMP025,6,0.0,0.0,True
INV003147,SUP003,ST415,2015-08-20,2015-08-24,2015-08-26,51.3,51.3,Processed,EMP018,2,0.0,0.0,False
INV003148,SUP004,ST632,2015-08-20,2015-08-28,2015-09-03,202.8,202.8,Processed Late,EMP026,6,0.0,0.0,True
INV003149,SUP010,ST510,2015-08-20,2015-08-26,2015-08-28,2902.8,2902.8,Processed,EMP021,2,0.0,0.0,False
INV003150,SUP012,ST260,2015-08-20,2015-08-26,2015-08-28,84.14,84.14,Processed,EMP021,2,0.0,0.0,False
INV003151,SUP010,ST123,2015-08-20,2015-08-24,2015-08-28,3663.52,3663.52,Processed Late,EMP027,4,0.0,0.0,True
INV003152,SUP004,ST048,2015-08-20,2015-08-26,2015-09-02,3.57,3.57,Pending / Delayed,EMP028,7,0.0,0.0,True
INV003153,SUP004,ST284,2015-08-20,2015-08-24,2015-08-25,151.2,151.2,Processed,EMP026,1,0.0,0.0,False
INV003154,SUP012,ST114,2015-08-20,2015-08-27,2015-08-29,174.7,174.7,Processed,EMP028,2,0.0,0.0,False
INV003155,SUP008,ST148,2015-08-20,2015-08-25,2015-08-27,180.15,180.15,Processed,EMP012,2,0.0,0.0,False
INV003156,SUP006,ST421,2015-08-20,2015-08-23,2015-08-25,635.1,635.1,Processed,EMP026,2,0.0,0.0,False
INV003157,SUP008,ST207,2015-08-20,2015-08-23,2015-08-28,4015.62,4015.62,Processed Late,EMP025,5,0.0,0.0,True
INV003158,SUP014,ST249,2015-08-20,2015-08-28,2015-08-31,941.75,931.0,Processed,EMP001,3,10.75,10.75,False
INV003159,SUP005,ST004,2015-08-20,2015-08-26,2015-08-28,120.9,120.9,Processed,EMP009,2,0.0,0.0,False
INV003160,SUP015,ST062,2015-08-20,2015-08-24,2015-08-30,674.94,674.94,Processed Late,EMP015,6,0.0,0.0,True
INV003161,SUP002,ST295,2015-08-20,2015-08-23,2015-08-27,24.92,26.95,Processed Late,EMP013,4,-2.03,2.03,True
INV003162,SUP013,ST015,2015-08-20,2015-08-28,2015-09-01,448.4,448.4,Processed Late,EMP018,4,0.0,0.0,True
INV003163,SUP008,ST357,2015-08-20,2015-08-23,2015-08-27,1508.4,1508.4,Processed Late,EMP003,4,0.0,0.0,True
INV003164,SUP012,ST283,2015-08-20,2015-08-26,2015-08-27,92.07,92.07,Processed,EMP022,1,0.0,0.0,False
INV003165,SUP004,ST449,2015-08-20,2015-08-27,2015-09-02,46.8,46.8,Processed Late,EMP013,6,0.0,0.0,True
INV003166,SUP007,ST225,2015-08-20,2015-08-27,2015-08-30,25.38,25.38,Processed,EMP004,3,0.0,0.0,False
INV003167,SUP012,ST380,2015-08-20,2015-08-25,2015-08-28,114.72,114.72,Processed,EMP030,3,0.0,0.0,False
INV003168,SUP011,ST529,2015-08-20,2015-08-28,2015-08-31,662.4,662.4,Processed,EMP021,3,0.0,0.0,False
INV003169,SUP010,ST110,2015-08-20,2015-08-26,2015-08-30,42.7,42.7,Processed Late,EMP013,4,0.0,0.0,True
INV003170,SUP013,ST570,2015-08-20,2015-08-23,2015-08-27,31.7,31.7,Processed Late,EMP019,4,0.0,0.0,True
INV003171,SUP011,ST509,2015-08-20,2015-08-28,2015-08-29,137.16,137.16,Processed,EMP001,1,0.0,0.0,False
INV003172,SUP006,ST568,2015-08-20,2015-08-25,2015-08-30,862.38,862.38,Processed Late,EMP027,5,0.0,0.0,True
INV003173,SUP004,ST192,2015-08-20,2015-08-24,2015-08-28,118.08,118.08,Processed Late,EMP027,4,0.0,0.0,True
INV003174,SUP007,ST258,2015-08-20,2015-08-25,2015-08-27,165.44,165.44,Processed,EMP017,2,0.0,0.0,False
INV003175,SUP011,ST617,2015-08-20,2015-08-26,2015-09-01,1687.44,1687.44,Processed Late,EMP016,6,0.0,0.0,True
INV003176,SUP008,ST201,2015-08-20,2015-08-26,2015-08-27,34.26,32.11,Processed,EMP028,1,2.15,2.15,False
INV003177,SUP006,ST483,2015-08-20,2015-08-24,2015-08-25,9.09,9.09,Processed,EMP030,1,0.0,0.0,False
INV003178,SUP007,ST576,2015-08-20,2015-08-24,2015-08-26,2425.44,2425.44,Processed,EMP017,2,0.0,0.0,False
INV003179,SUP015,ST141,2015-08-20,2015-08-26,2015-08-29,482.06,465.36,Processed,EMP026,3,16.7,16.7,False
INV003180,SUP007,ST548,2015-08-20,2015-08-28,2015-09-03,594.75,594.75,Processed Late,EMP017,6,0.0,0.0,True
INV003181,SUP003,ST227,2015-08-20,2015-08-28,2015-08-31,465.31,465.31,Processed,EMP004,3,0.0,0.0,False
INV003182,SUP005,ST012,2015-08-20,2015-08-25,2015-08-27,30.94,30.94,Processed,EMP028,2,0.0,0.0,False
INV003183,SUP011,ST603,2015-08-20,2015-08-26,2015-08-27,47.3,47.3,Processed,EMP015,1,0.0,0.0,False
INV003184,SUP004,ST627,2015-08-20,2015-08-24,2015-08-26,9.56,9.56,Processed,EMP003,2,0.0,0.0,False
INV003185,SUP009,ST247,2015-08-20,2015-08-25,2015-08-28,1237.73,1267.1,Processed,EMP012,3,-29.37,29.37,False
INV003186,SUP011,ST007,2015-08-20,2015-08-27,2015-08-28,32.3,32.3,Processed,EMP021,1,0.0,0.0,False
INV003187,SUP015,ST339,2015-08-20,2015-08-23,2015-08-24,35.68,35.68,Processed,EMP021,1,0.0,0.0,False
INV003188,SUP015,ST590,2015-08-20,2015-08-27,2015-09-06,302.94,302.94,Pending / Delayed,EMP020,10,0.0,0.0,True
INV003189,SUP015,ST366,2015-08-20,2015-08-25,2015-08-30,621.9,621.9,Processed Late,EMP016,5,0.0,0.0,True
INV003190,SUP002,ST586,2015-08-20,2015-08-24,2015-09-04,7.84,7.84,Pending / Delayed,EMP018,11,0.0,0.0,True
INV003191,SUP014,ST161,2015-08-20,2015-08-28,2015-08-29,402.1,402.1,Processed,EMP015,1,0.0,0.0,False
INV003192,SUP004,ST215,2015-08-20,2015-08-25,2015-08-26,29.49,29.49,Processed,EMP013,1,0.0,0.0,False
INV003193,SUP011,ST461,2015-08-20,2015-08-27,2015-08-28,90.53,90.53,Processed,EMP015,1,0.0,0.0,False
INV003194,SUP012,ST210,2015-08-20,2015-08-26,2015-08-28,21.3,21.3,Processed,EMP006,2,0.0,0.0,False
INV003195,SUP007,ST158,2015-08-20,2015-08-28,2015-08-31,624.8,624.8,Processed,EMP022,3,0.0,0.0,False
INV003196,SUP001,ST176,2015-08-20,2015-08-23,2015-08-27,66.92,66.92,Processed Late,EMP011,4,0.0,0.0,True
INV003197,SUP014,ST431,2015-08-20,2015-08-24,2015-08-27,291.65,291.65,Processed,EMP007,3,0.0,0.0,False
INV003198,SUP003,ST426,2015-08-20,2015-08-23,2015-08-24,154.14,154.14,Processed,EMP025,1,0.0,0.0,False
INV003199,SUP003,ST273,2015-08-20,2015-08-26,2015-08-31,25.11,25.11,Processed Late,EMP021,5,0.0,0.0,True
INV003200,SUP009,ST606,2015-08-20,2015-08-27,2015-08-29,260.49,260.49,Processed,EMP001,2,0.0,0.0,False
INV003201,SUP010,ST546,2015-09-05,2015-09-13,2015-09-18,50.24,50.24,Processed Late,EMP017,5,0.0,0.0,True
INV003202,SUP010,ST456,2015-09-05,2015-09-13,2015-09-16,1403.36,1403.36,Processed,EMP029,3,0.0,0.0,False
INV003203,SUP015,ST021,2015-09-05,2015-09-11,2015-09-19,529.3,529.3,Pending / Delayed,EMP017,8,0.0,0.0,True
INV003204,SUP009,ST477,2015-09-05,2015-09-12,2015-09-14,67.54,67.54,Processed,EMP008,2,0.0,0.0,False
INV003205,SUP012,ST130,2015-09-05,2015-09-12,2015-09-15,136.6,136.6,Processed,EMP007,3,0.0,0.0,False
INV003206,SUP002,ST574,2015-09-05,2015-09-09,2015-09-15,1192.63,1192.63,Processed Late,EMP011,6,0.0,0.0,True
INV003207,SUP014,ST139,2015-09-05,2015-09-12,2015-09-20,257.2,257.2,Pending / Delayed,EMP026,8,0.0,0.0,True
INV003208,SUP004,ST130,2015-09-05,2015-09-09,2015-09-13,487.34,487.34,Processed Late,EMP021,4,0.0,0.0,True
INV003209,SUP009,ST076,2015-09-05,2015-09-08,2015-09-13,68.94,68.94,Processed Late,EMP012,5,0.0,0.0,True
INV003210,SUP009,ST551,2015-09-05,2015-09-11,2015-09-14,101.65,101.65,Processed,EMP024,3,0.0,0.0,False
INV003211,SUP003,ST183,2015-09-05,2015-09-09,2015-09-11,261.2,261.2,Processed,EMP026,2,0.0,0.0,False
INV003212,SUP004,ST144,2015-09-05,2015-09-08,2015-09-13,356.32,356.32,Processed Late,EMP023,5,0.0,0.0,True
INV003213,SUP010,ST453,2015-09-05,2015-09-08,2015-09-11,37.0,37.0,Processed,EMP012,3,0.0,0.0,False
INV003214,SUP013,ST330,2015-09-05,2015-09-10,2015-09-13,55.51,58.71,Processed,EMP024,3,-3.2,3.2,False
INV003215,SUP006,ST031,2015-09-05,2015-09-13,2015-09-15,1239.0,1239.0,Processed,EMP003,2,0.0,0.0,False
INV003216,SUP013,ST025,2015-09-05,2015-09-13,2015-09-14,178.14,178.14,Processed,EMP006,1,0.0,0.0,False
INV003217,SUP012,ST600,2015-09-05,2015-09-08,2015-09-09,1151.52,1151.52,Processed,EMP012,1,0.0,0.0,False
INV003218,SUP013,ST101,2015-09-05,2015-09-11,2015-09-17,76.64,76.64,Processed Late,EMP002,6,0.0,0.0,True
INV003219,SUP001,ST620,2015-09-05,2015-09-13,2015-09-16,164.35,164.35,Processed,EMP016,3,0.0,0.0,False
INV003220,SUP006,ST389,2015-09-05,2015-09-08,2015-09-14,333.36,333.36,Processed Late,EMP017,6,0.0,0.0,True
INV003221,SUP013,ST300,2015-09-05,2015-09-08,2015-09-09,61.02,61.02,Processed,EMP015,1,0.0,0.0,False
INV003222,SUP003,ST615,2015-09-05,2015-09-10,2015-09-11,500.36,500.36,Processed,EMP013,1,0.0,0.0,False
INV003223,SUP009,ST079,2015-09-05,2015-09-12,2015-09-13,2704.02,2704.02,Processed,EMP010,1,0.0,0.0,False
INV003224,SUP013,ST044,2015-09-05,2015-09-13,2015-09-14,16.17,16.17,Processed,EMP003,1,0.0,0.0,False
INV003225,SUP007,ST479,2015-09-05,2015-09-09,2015-09-11,1417.12,1417.12,Processed,EMP022,2,0.0,0.0,False
INV003226,SUP005,ST252,2015-09-05,2015-09-13,2015-09-15,137.43,137.43,Processed,EMP016,2,0.0,0.0,False
INV003227,SUP012,ST529,2015-09-05,2015-09-11,2015-09-13,249.72,249.72,Processed,EMP013,2,0.0,0.0,False
INV003228,SUP010,ST126,2015-09-05,2015-09-11,2015-09-14,721.8,721.8,Processed,EMP004,3,0.0,0.0,False
INV003229,SUP009,ST234,2015-09-05,2015-09-08,2015-09-11,62.76,62.76,Processed,EMP011,3,0.0,0.0,False
INV003230,SUP014,ST175,2015-09-05,2015-09-13,2015-09-17,72.72,72.72,Processed Late,EMP012,4,0.0,0.0,True
INV003231,SUP001,ST482,2015-09-05,2015-09-09,2015-09-11,8.31,8.31,Processed,EMP029,2,0.0,0.0,False
INV003232,SUP010,ST629,2015-09-05,2015-09-13,2015-09-16,62.0,62.0,Processed,EMP013,3,0.0,0.0,False
INV003233,SUP001,ST539,2015-09-05,2015-09-11,2015-09-13,35.49,35.49,Processed,EMP028,2,0.0,0.0,False
INV003234,SUP013,ST049,2015-09-05,2015-09-10,2015-09-12,7.64,7.64,Processed,EMP005,2,0.0,0.0,False
INV003235,SUP009,ST128,2015-09-05,2015-09-12,2015-09-14,186.48,186.48,Processed,EMP019,2,0.0,0.0,False
INV003236,SUP012,ST265,2015-09-05,2015-09-12,2015-09-13,48.14,48.14,Processed,EMP001,1,0.0,0.0,False
INV003237,SUP015,ST255,2015-09-05,2015-09-11,2015-09-14,60.18,60.18,Processed,EMP001,3,0.0,0.0,False
INV003238,SUP004,ST542,2015-09-05,2015-09-08,2015-09-11,1062.32,1062.32,Processed,EMP012,3,0.0,0.0,False
INV003239,SUP011,ST068,2015-09-05,2015-09-12,2015-09-15,29.9,29.9,Processed,EMP027,3,0.0,0.0,False
INV003240,SUP005,ST175,2015-09-05,2015-09-13,2015-09-15,30.24,30.24,Processed,EMP026,2,0.0,0.0,False
INV003241,SUP003,ST022,2015-09-05,2015-09-10,2015-09-11,573.17,541.31,Processed,EMP025,1,31.86,31.86,False
INV003242,SUP012,ST542,2015-09-05,2015-09-12,2015-09-14,18.3,18.3,Processed,EMP025,2,0.0,0.0,False
INV003243,SUP013,ST258,2015-09-05,2015-09-13,2015-09-19,1276.95,1276.95,Processed Late,EMP013,6,0.0,0.0,True
INV003244,SUP005,ST400,2015-09-05,2015-09-10,2015-09-11,4.92,4.92,Processed,EMP009,1,0.0,0.0,False
INV003245,SUP014,ST044,2015-09-05,2015-09-11,2015-09-14,1450.28,1450.28,Processed,EMP020,3,0.0,0.0,False
INV003246,SUP006,ST349,2015-09-05,2015-09-08,2015-09-11,157.86,157.86,Processed,EMP012,3,0.0,0.0,False
INV003247,SUP014,ST024,2015-09-05,2015-09-11,2015-09-12,110.67,110.67,Processed,EMP002,1,0.0,0.0,False
INV003248,SUP013,ST287,2015-09-05,2015-09-09,2015-09-11,1039.5,1039.5,Processed,EMP009,2,0.0,0.0,False
INV003249,SUP009,ST518,2015-09-05,2015-09-10,2015-09-13,2925.6,2925.6,Processed,EMP013,3,0.0,0.0,False
INV003250,SUP006,ST248,2015-09-05,2015-09-09,2015-09-21,1304.01,1304.01,Pending / Delayed,EMP008,12,0.0,0.0,True
INV003251,SUP014,ST283,2015-09-05,2015-09-12,2015-09-14,41.22,41.22,Processed,EMP026,2,0.0,0.0,False
INV003252,SUP014,ST064,2015-09-05,2015-09-10,2015-09-14,691.14,679.26,Processed Late,EMP012,4,11.88,11.88,True
INV003253,SUP001,ST299,2015-09-05,2015-09-11,2015-09-16,288.75,288.75,Processed Late,EMP021,5,0.0,0.0,True
INV003254,SUP013,ST364,2015-09-05,2015-09-13,2015-09-14,379.68,379.68,Processed,EMP018,1,0.0,0.0,False
INV003255,SUP006,ST126,2015-09-05,2015-09-09,2015-09-12,142.2,142.2,Processed,EMP021,3,0.0,0.0,False
INV003256,SUP013,ST105,2015-09-05,2015-09-13,2015-09-18,1838.7,1838.7,Processed Late,EMP021,5,0.0,0.0,True
INV003257,SUP012,ST127,2015-09-05,2015-09-08,2015-09-10,324.16,324.16,Processed,EMP004,2,0.0,0.0,False
INV003258,SUP002,ST203,2015-09-05,2015-09-12,2015-09-16,70.64,70.64,Processed Late,EMP021,4,0.0,0.0,True
INV003259,SUP006,ST232,2015-09-05,2015-09-13,2015-09-15,428.4,428.4,Processed,EMP029,2,0.0,0.0,False
INV003260,SUP002,ST627,2015-09-05,2015-09-09,2015-09-12,14.52,14.52,Processed,EMP026,3,0.0,0.0,False
INV003261,SUP002,ST473,2015-09-05,2015-09-13,2015-09-16,4111.92,4111.92,Processed,EMP014,3,0.0,0.0,False
INV003262,SUP012,ST538,2015-09-05,2015-09-08,2015-09-20,212.55,212.55,Pending / Delayed,EMP020,12,0.0,0.0,True
INV003263,SUP001,ST031,2015-09-05,2015-09-10,2015-09-11,99.68,99.68,Processed,EMP008,1,0.0,0.0,False
INV003264,SUP002,ST563,2015-09-05,2015-09-11,2015-09-13,2627.28,2627.28,Processed,EMP018,2,0.0,0.0,False
INV003265,SUP004,ST387,2015-09-05,2015-09-12,2015-09-13,42.66,42.66,Processed,EMP010,1,0.0,0.0,False
INV003266,SUP005,ST611,2015-09-05,2015-09-09,2015-09-13,54.57,54.57,Processed Late,EMP015,4,0.0,0.0,True
INV003267,SUP015,ST219,2015-09-05,2015-09-08,2015-09-14,94.8,94.8,Processed Late,EMP016,6,0.0,0.0,True
INV003268,SUP001,ST079,2015-09-05,2015-09-11,2015-09-13,72.8,72.8,Processed,EMP025,2,0.0,0.0,False
INV003269,SUP014,ST539,2015-09-05,2015-09-12,2015-09-19,14.48,14.48,Pending / Delayed,EMP022,7,0.0,0.0,True
INV003270,SUP004,ST237,2015-09-05,2015-09-10,2015-09-12,84.6,84.6,Processed,EMP015,2,0.0,0.0,False
INV003271,SUP001,ST601,2015-09-05,2015-09-09,2015-09-13,468.69,468.69,Processed Late,EMP012,4,0.0,0.0,True
INV003272,SUP014,ST162,2015-09-05,2015-09-12,2015-09-17,47.4,47.4,Processed Late,EMP024,5,0.0,0.0,True
INV003273,SUP004,ST463,2015-09-05,2015-09-11,2015-09-23,112.19,106.2,Pending / Delayed,EMP016,12,5.99,5.99,True
INV003274,SUP002,ST262,2015-09-05,2015-09-11,2015-09-12,1000.8,1000.8,Processed,EMP029,1,0.0,0.0,False
INV003275,SUP009,ST418,2015-09-05,2015-09-13,2015-09-15,284.46,284.46,Processed,EMP025,2,0.0,0.0,False
INV003276,SUP013,ST346,2015-09-05,2015-09-10,2015-09-11,85.15,85.15,Processed,EMP028,1,0.0,0.0,False
INV003277,SUP013,ST048,2015-09-05,2015-09-12,2015-09-15,5185.18,5185.18,Processed,EMP008,3,0.0,0.0,False
INV003278,SUP003,ST437,2015-09-05,2015-09-11,2015-09-16,121.25,121.25,Processed Late,EMP016,5,0.0,0.0,True
INV003279,SUP001,ST533,2015-09-05,2015-09-12,2015-09-22,66.24,66.24,Pending / Delayed,EMP016,10,0.0,0.0,True
INV003280,SUP010,ST091,2015-09-05,2015-09-12,2015-09-13,3033.66,3033.66,Processed,EMP016,1,0.0,0.0,False
INV003281,SUP002,ST329,2015-09-20,2015-09-23,2015-09-24,20.94,20.94,Processed,EMP008,1,0.0,0.0,False
INV003282,SUP005,ST349,2015-09-20,2015-09-27,2015-10-03,16.17,16.17,Processed Late,EMP019,6,0.0,0.0,True
INV003283,SUP003,ST447,2015-09-20,2015-09-26,2015-09-27,202.05,202.05,Processed,EMP027,1,0.0,0.0,False
INV003284,SUP008,ST435,2015-09-20,2015-09-26,2015-09-28,202.81,202.81,Processed,EMP020,2,0.0,0.0,False
INV003285,SUP009,ST271,2015-09-20,2015-09-28,2015-10-04,9.0,9.0,Processed Late,EMP019,6,0.0,0.0,True
INV003286,SUP005,ST568,2015-09-20,2015-09-28,2015-09-30,7.32,7.32,Processed,EMP009,2,0.0,0.0,False
INV003287,SUP013,ST199,2015-09-20,2015-09-24,2015-09-26,5400.9,5400.9,Processed,EMP007,2,0.0,0.0,False
INV003288,SUP011,ST564,2015-09-20,2015-09-25,2015-09-26,110.52,110.52,Processed,EMP002,1,0.0,0.0,False
INV003289,SUP004,ST384,2015-09-20,2015-09-26,2015-09-28,189.45,189.45,Processed,EMP010,2,0.0,0.0,False
INV003290,SUP011,ST380,2015-09-20,2015-09-26,2015-09-30,634.55,634.55,Processed Late,EMP005,4,0.0,0.0,True
INV003291,SUP001,ST520,2015-09-20,2015-09-26,2015-09-28,102.92,102.92,Processed,EMP017,2,0.0,0.0,False
INV003292,SUP013,ST297,2015-09-20,2015-09-26,2015-09-27,41.2,41.2,Processed,EMP027,1,0.0,0.0,False
INV003293,SUP012,ST464,2015-09-20,2015-09-24,2015-09-25,25.62,25.62,Processed,EMP003,1,0.0,0.0,False
INV003294,SUP010,ST587,2015-09-20,2015-09-27,2015-09-28,79.17,79.17,Processed,EMP018,1,0.0,0.0,False
INV003295,SUP010,ST385,2015-09-20,2015-09-25,2015-09-28,180.0,180.0,Processed,EMP014,3,0.0,0.0,False
INV003296,SUP013,ST615,2015-09-20,2015-09-26,2015-10-03,192.66,192.66,Pending / Delayed,EMP015,7,0.0,0.0,True
INV003297,SUP009,ST375,2015-09-20,2015-09-28,2015-10-03,2139.84,2139.84,Processed Late,EMP007,5,0.0,0.0,True
INV003298,SUP006,ST579,2015-09-20,2015-09-27,2015-09-28,69.6,69.6,Processed,EMP002,1,0.0,0.0,False
INV003299,SUP015,ST318,2015-09-20,2015-09-26,2015-09-30,6.54,6.54,Processed Late,EMP024,4,0.0,0.0,True
INV003300,SUP015,ST195,2015-09-20,2015-09-26,2015-10-05,86.08,86.08,Pending / Delayed,EMP024,9,0.0,0.0,True
INV003301,SUP003,ST441,2015-09-20,2015-09-24,2015-09-28,248.94,248.94,Processed Late,EMP005,4,0.0,0.0,True
INV003302,SUP001,ST418,2015-09-20,2015-09-27,2015-09-30,475.76,475.76,Processed,EMP001,3,0.0,0.0,False
INV003303,SUP008,ST159,2015-09-20,2015-09-26,2015-10-01,16.86,16.86,Processed Late,EMP006,5,0.0,0.0,True
INV003304,SUP007,ST032,2015-09-20,2015-09-27,2015-10-02,39.75,39.75,Processed Late,EMP010,5,0.0,0.0,True
INV003305,SUP012,ST234,2015-09-20,2015-09-24,2015-09-28,972.4,972.4,Processed Late,EMP006,4,0.0,0.0,True
INV003306,SUP011,ST617,2015-09-20,2015-09-23,2015-09-28,450.27,450.27,Processed Late,EMP020,5,0.0,0.0,True
INV003307,SUP009,ST142,2015-09-20,2015-09-27,2015-10-01,735.66,735.66,Processed Late,EMP001,4,0.0,0.0,True
INV003308,SUP005,ST004,2015-09-20,2015-09-26,2015-10-02,5.5,5.5,Processed Late,EMP015,6,0.0,0.0,True
INV003309,SUP015,ST580,2015-09-20,2015-09-23,2015-09-26,37.0,37.0,Processed,EMP011,3,0.0,0.0,False
INV003310,SUP013,ST151,2015-09-20,2015-09-28,2015-10-03,30.27,30.36,Processed Late,EMP009,5,-0.09,0.09,True
INV003311,SUP003,ST445,2015-09-20,2015-09-26,2015-09-30,21.84,21.84,Processed Late,EMP021,4,0.0,0.0,True
INV003312,SUP007,ST353,2015-09-20,2015-09-25,2015-10-07,162.45,162.45,Pending / Delayed,EMP006,12,0.0,0.0,True
INV003313,SUP004,ST016,2015-09-20,2015-09-28,2015-10-02,19.76,19.76,Processed Late,EMP006,4,0.0,0.0,True
INV003314,SUP014,ST150,2015-09-20,2015-09-24,2015-09-30,250.8,250.8,Processed Late,EMP011,6,0.0,0.0,True
INV003315,SUP006,ST124,2015-09-20,2015-09-23,2015-09-26,354.78,354.78,Processed,EMP016,3,0.0,0.0,False
INV003316,SUP007,ST555,2015-09-20,2015-09-25,2015-09-27,26.8,26.8,Processed,EMP020,2,0.0,0.0,False
INV003317,SUP005,ST522,2015-09-20,2015-09-24,2015-09-27,688.4,688.4,Processed,EMP028,3,0.0,0.0,False
INV003318,SUP014,ST169,2015-09-20,2015-09-23,2015-09-27,12.96,12.96,Processed Late,EMP023,4,0.0,0.0,True
INV003319,SUP011,ST527,2015-09-20,2015-09-25,2015-09-30,21.42,21.42,Processed Late,EMP014,5,0.0,0.0,True
INV003320,SUP007,ST065,2015-09-20,2015-09-26,2015-09-29,49.0,49.0,Processed,EMP004,3,0.0,0.0,False
INV003321,SUP002,ST084,2015-09-20,2015-09-23,2015-09-25,57.4,57.4,Processed,EMP009,2,0.0,0.0,False
INV003322,SUP014,ST027,2015-09-20,2015-09-23,2015-09-25,42.0,42.0,Processed,EMP004,2,0.0,0.0,False
INV003323,SUP010,ST286,2015-09-20,2015-09-28,2015-10-06,147.14,147.14,Pending / Delayed,EMP012,8,0.0,0.0,True
INV003324,SUP006,ST056,2015-09-20,2015-09-27,2015-09-29,14.44,14.44,Processed,EMP003,2,0.0,0.0,False
INV003325,SUP009,ST201,2015-09-20,2015-09-28,2015-10-04,123.27,123.27,Processed Late,EMP023,6,0.0,0.0,True
INV003326,SUP001,ST378,2015-09-20,2015-09-24,2015-09-26,1692.9,1692.9,Processed,EMP003,2,0.0,0.0,False
INV003327,SUP015,ST508,2015-09-20,2015-09-25,2015-09-26,46.9,46.9,Processed,EMP019,1,0.0,0.0,False
INV003328,SUP001,ST460,2015-09-20,2015-09-27,2015-09-29,71.17,71.17,Processed,EMP004,2,0.0,0.0,False
INV003329,SUP007,ST134,2015-09-20,2015-09-25,2015-10-01,784.42,784.42,Processed Late,EMP020,6,0.0,0.0,True
INV003330,SUP013,ST095,2015-09-20,2015-09-26,2015-10-05,22.1,22.1,Pending / Delayed,EMP007,9,0.0,0.0,True
INV003331,SUP015,ST049,2015-09-20,2015-09-28,2015-10-03,60.69,60.69,Processed Late,EMP024,5,0.0,0.0,True
INV003332,SUP005,ST024,2015-09-20,2015-09-27,2015-10-02,13.6,13.6,Processed Late,EMP013,5,0.0,0.0,True
INV003333,SUP004,ST204,2015-09-20,2015-09-28,2015-09-29,4446.76,4446.76,Processed,EMP013,1,0.0,0.0,False
INV003334,SUP003,ST322,2015-09-20,2015-09-26,2015-09-27,4067.46,4067.46,Processed,EMP013,1,0.0,0.0,False
INV003335,SUP015,ST411,2015-09-20,2015-09-25,2015-09-26,15.33,15.33,Processed,EMP013,1,0.0,0.0,False
INV003336,SUP008,ST011,2015-09-20,2015-09-25,2015-09-29,52.44,52.44,Processed Late,EMP007,4,0.0,0.0,True
INV003337,SUP002,ST618,2015-09-20,2015-09-28,2015-10-01,1008.77,1008.77,Processed,EMP009,3,0.0,0.0,False
INV003338,SUP013,ST433,2015-09-20,2015-09-28,2015-10-04,723.66,723.66,Processed Late,EMP010,6,0.0,0.0,True
INV003339,SUP006,ST136,2015-09-20,2015-09-24,2015-09-25,354.42,354.42,Processed,EMP003,1,0.0,0.0,False
INV003340,SUP006,ST386,2015-09-20,2015-09-26,2015-10-07,2150.04,2150.04,Pending / Delayed,EMP022,11,0.0,0.0,True
INV003341,SUP015,ST559,2015-09-20,2015-09-23,2015-10-05,11.6,11.6,Pending / Delayed,EMP005,12,0.0,0.0,True
INV003342,SUP012,ST173,2015-09-20,2015-09-27,2015-10-04,132.5,132.5,Pending / Delayed,EMP009,7,0.0,0.0,True
INV003343,SUP007,ST302,2015-09-20,2015-09-26,2015-09-28,9.21,9.21,Processed,EMP003,2,0.0,0.0,False
INV003344,SUP005,ST055,2015-09-20,2015-09-28,2015-10-06,7.55,7.55,Pending / Delayed,EMP010,8,0.0,0.0,True
INV003345,SUP014,ST105,2015-09-20,2015-09-24,2015-09-25,23.84,23.84,Processed,EMP020,1,0.0,0.0,False
INV003346,SUP003,ST475,2015-09-20,2015-09-27,2015-09-30,17.86,17.86,Processed,EMP021,3,0.0,0.0,False
INV003347,SUP003,ST077,2015-09-20,2015-09-24,2015-10-02,69.48,69.48,Pending / Delayed,EMP011,8,0.0,0.0,True
INV003348,SUP015,ST504,2015-09-20,2015-09-27,2015-09-28,606.83,606.83,Processed,EMP001,1,0.0,0.0,False
INV003349,SUP004,ST268,2015-09-20,2015-09-27,2015-09-28,180.6,180.6,Processed,EMP015,1,0.0,0.0,False
INV003350,SUP006,ST504,2015-09-20,2015-09-27,2015-09-30,35.21,35.21,Processed,EMP004,3,0.0,0.0,False
INV003351,SUP014,ST238,2015-09-20,2015-09-23,2015-09-24,21.15,21.15,Processed,EMP001,1,0.0,0.0,False
INV003352,SUP003,ST557,2015-09-20,2015-09-26,2015-09-27,11.5,11.5,Processed,EMP007,1,0.0,0.0,False
INV003353,SUP010,ST461,2015-09-20,2015-09-27,2015-09-30,36.22,36.22,Processed,EMP016,3,0.0,0.0,False
INV003354,SUP011,ST439,2015-09-20,2015-09-26,2015-09-28,50.6,50.6,Processed,EMP017,2,0.0,0.0,False
INV003355,SUP012,ST063,2015-09-20,2015-09-28,2015-10-04,82.45,82.45,Processed Late,EMP004,6,0.0,0.0,True
INV003356,SUP007,ST531,2015-09-20,2015-09-26,2015-09-28,4821.54,4821.54,Processed,EMP025,2,0.0,0.0,False
INV003357,SUP001,ST386,2015-09-20,2015-09-27,2015-09-29,7.54,7.54,Processed,EMP014,2,0.0,0.0,False
INV003358,SUP003,ST185,2015-09-20,2015-09-27,2015-09-30,7.44,7.44,Processed,EMP009,3,0.0,0.0,False
INV003359,SUP003,ST089,2015-09-20,2015-09-25,2015-09-27,20.15,20.15,Processed,EMP001,2,0.0,0.0,False
INV003360,SUP006,ST553,2015-09-20,2015-09-25,2015-09-28,573.17,573.17,Processed,EMP016,3,0.0,0.0,False
INV003361,SUP003,ST075,2015-10-05,2015-10-11,2015-10-15,697.5,697.5,Processed Late,EMP026,4,0.0,0.0,True
INV003362,SUP010,ST143,2015-10-05,2015-10-11,2015-10-13,6.99,6.58,Processed,EMP009,2,0.41,0.41,False
INV003363,SUP013,ST609,2015-10-05,2015-10-09,2015-10-15,59.22,59.22,Processed Late,EMP024,6,0.0,0.0,True
INV003364,SUP011,ST275,2015-10-05,2015-10-10,2015-10-13,79.13,74.8,Processed,EMP026,3,4.33,4.33,False
INV003365,SUP009,ST017,2015-10-05,2015-10-12,2015-10-13,1719.5,1719.5,Processed,EMP027,1,0.0,0.0,False
INV003366,SUP013,ST035,2015-10-05,2015-10-09,2015-10-11,10.56,10.56,Processed,EMP002,2,0.0,0.0,False
INV003367,SUP009,ST444,2015-10-05,2015-10-12,2015-10-18,475.74,475.74,Processed Late,EMP010,6,0.0,0.0,True
INV003368,SUP005,ST134,2015-10-05,2015-10-09,2015-10-10,47.6,47.6,Processed,EMP028,1,0.0,0.0,False
INV003369,SUP010,ST525,2015-10-05,2015-10-09,2015-10-13,2630.28,2630.28,Processed Late,EMP021,4,0.0,0.0,True
INV003370,SUP005,ST356,2015-10-05,2015-10-12,2015-10-15,32.32,32.32,Processed,EMP023,3,0.0,0.0,False
INV003371,SUP013,ST037,2015-10-05,2015-10-11,2015-10-17,34.39,34.39,Processed Late,EMP012,6,0.0,0.0,True
INV003372,SUP004,ST558,2015-10-05,2015-10-10,2015-10-12,17.42,17.42,Processed,EMP027,2,0.0,0.0,False
INV003373,SUP009,ST192,2015-10-05,2015-10-10,2015-10-12,1709.12,1709.12,Processed,EMP028,2,0.0,0.0,False
INV003374,SUP013,ST080,2015-10-05,2015-10-13,2015-10-16,112.96,112.96,Processed,EMP026,3,0.0,0.0,False
INV003375,SUP009,ST505,2015-10-05,2015-10-11,2015-10-13,1604.96,1604.96,Processed,EMP006,2,0.0,0.0,False
INV003376,SUP010,ST447,2015-10-05,2015-10-08,2015-10-09,37.2,37.2,Processed,EMP017,1,0.0,0.0,False
INV003377,SUP003,ST328,2015-10-05,2015-10-11,2015-10-14,1801.08,1801.08,Processed,EMP019,3,0.0,0.0,False
INV003378,SUP012,ST040,2015-10-05,2015-10-09,2015-10-14,419.44,419.44,Processed Late,EMP029,5,0.0,0.0,True
INV003379,SUP011,ST191,2015-10-05,2015-10-10,2015-10-13,91.98,93.06,Processed,EMP004,3,-1.08,1.08,False
INV003380,SUP015,ST031,2015-10-05,2015-10-12,2015-10-18,26.52,26.52,Processed Late,EMP027,6,0.0,0.0,True
INV003381,SUP010,ST340,2015-10-05,2015-10-12,2015-10-13,21.84,21.84,Processed,EMP024,1,0.0,0.0,False
INV003382,SUP002,ST172,2015-10-05,2015-10-09,2015-10-15,215.16,215.16,Processed Late,EMP002,6,0.0,0.0,True
INV003383,SUP006,ST384,2015-10-05,2015-10-12,2015-10-19,18.2,18.2,Pending / Delayed,EMP021,7,0.0,0.0,True
INV003384,SUP007,ST472,2015-10-05,2015-10-13,2015-10-25,11.2,11.2,Pending / Delayed,EMP022,12,0.0,0.0,True
INV003385,SUP014,ST627,2015-10-05,2015-10-11,2015-10-22,27.2,27.2,Pending / Delayed,EMP014,11,0.0,0.0,True
INV003386,SUP003,ST546,2015-10-05,2015-10-11,2015-10-14,20.65,22.23,Processed,EMP016,3,-1.58,1.58,False
INV003387,SUP014,ST228,2015-10-05,2015-10-10,2015-10-12,23.1,23.1,Processed,EMP014,2,0.0,0.0,False
INV003388,SUP006,ST415,2015-10-05,2015-10-09,2015-10-12,23.6,23.6,Processed,EMP008,3,0.0,0.0,False
INV003389,SUP015,ST336,2015-10-05,2015-10-11,2015-10-17,12.6,12.6,Processed Late,EMP004,6,0.0,0.0,True
INV003390,SUP015,ST495,2015-10-05,2015-10-10,2015-10-12,203.64,203.64,Processed,EMP015,2,0.0,0.0,False
INV003391,SUP010,ST176,2015-10-05,2015-10-09,2015-10-12,2515.8,2515.8,Processed,EMP014,3,0.0,0.0,False
INV003392,SUP004,ST352,2015-10-05,2015-10-10,2015-10-16,603.54,603.54,Processed Late,EMP013,6,0.0,0.0,True
INV003393,SUP014,ST517,2015-10-05,2015-10-08,2015-10-14,12.35,12.35,Processed Late,EMP008,6,0.0,0.0,True
INV003394,SUP001,ST502,2015-10-05,2015-10-13,2015-10-22,340.62,340.62,Pending / Delayed,EMP022,9,0.0,0.0,True
INV003395,SUP009,ST333,2015-10-05,2015-10-11,2015-10-13,41.86,41.86,Processed,EMP020,2,0.0,0.0,False
INV003396,SUP013,ST295,2015-10-05,2015-10-11,2015-10-12,615.96,615.96,Processed,EMP029,1,0.0,0.0,False
INV003397,SUP011,ST123,2015-10-05,2015-10-13,2015-10-16,447.82,447.82,Processed,EMP003,3,0.0,0.0,False
INV003398,SUP014,ST116,2015-10-05,2015-10-13,2015-10-16,10261.2,10261.2,Processed,EMP027,3,0.0,0.0,False
INV003399,SUP004,ST535,2015-10-05,2015-10-11,2015-10-15,590.24,590.24,Processed Late,EMP009,4,0.0,0.0,True
INV003400,SUP001,ST089,2015-10-05,2015-10-12,2015-10-15,32.12,29.79,Processed,EMP016,3,2.33,2.33,False
INV003401,SUP006,ST301,2015-10-05,2015-10-11,2015-10-20,139.16,139.16,Pending / Delayed,EMP025,9,0.0,0.0,True
INV003402,SUP004,ST110,2015-10-05,2015-10-12,2015-10-15,43.08,43.08,Processed,EMP012,3,0.0,0.0,False
INV003403,SUP015,ST220,2015-10-05,2015-10-08,2015-10-11,15.47,15.47,Processed,EMP020,3,0.0,0.0,False
INV003404,SUP013,ST437,2015-10-05,2015-10-08,2015-10-12,868.86,868.86,Processed Late,EMP020,4,0.0,0.0,True
INV003405,SUP010,ST273,2015-10-05,2015-10-12,2015-10-13,227.04,227.04,Processed,EMP012,1,0.0,0.0,False
INV003406,SUP013,ST090,2015-10-05,2015-10-08,2015-10-10,9.35,9.35,Processed,EMP018,2,0.0,0.0,False
INV003407,SUP007,ST631,2015-10-05,2015-10-11,2015-10-17,104.39,104.39,Processed Late,EMP024,6,0.0,0.0,True
INV003408,SUP009,ST062,2015-10-05,2015-10-09,2015-10-12,233.2,233.2,Processed,EMP006,3,0.0,0.0,False
INV003409,SUP001,ST279,2015-10-05,2015-10-12,2015-10-15,77.82,77.82,Processed,EMP013,3,0.0,0.0,False
INV003410,SUP009,ST572,2015-10-05,2015-10-13,2015-10-14,482.31,482.31,Processed,EMP005,1,0.0,0.0,False
INV003411,SUP015,ST339,2015-10-05,2015-10-11,2015-10-13,49.91,49.91,Processed,EMP001,2,0.0,0.0,False
INV003412,SUP006,ST598,2015-10-05,2015-10-08,2015-10-09,171.24,176.25,Processed,EMP004,1,-5.01,5.01,False
INV003413,SUP005,ST306,2015-10-05,2015-10-12,2015-10-14,14.08,14.08,Processed,EMP005,2,0.0,0.0,False
INV003414,SUP009,ST346,2015-10-05,2015-10-13,2015-10-19,2069.58,2069.58,Processed Late,EMP008,6,0.0,0.0,True
INV003415,SUP007,ST373,2015-10-05,2015-10-10,2015-10-16,758.28,758.28,Processed Late,EMP005,6,0.0,0.0,True
INV003416,SUP003,ST312,2015-10-05,2015-10-09,2015-10-11,27.61,27.61,Processed,EMP020,2,0.0,0.0,False
INV003417,SUP007,ST341,2015-10-05,2015-10-09,2015-10-10,361.68,361.68,Processed,EMP007,1,0.0,0.0,False
INV003418,SUP001,ST160,2015-10-05,2015-10-09,2015-10-18,57.24,57.24,Pending / Delayed,EMP028,9,0.0,0.0,True
INV003419,SUP015,ST238,2015-10-05,2015-10-10,2015-10-14,408.78,408.78,Processed Late,EMP026,4,0.0,0.0,True
INV003420,SUP014,ST119,2015-10-05,2015-10-10,2015-10-18,1515.42,1515.42,Pending / Delayed,EMP001,8,0.0,0.0,True
INV003421,SUP001,ST332,2015-10-05,2015-10-09,2015-10-11,284.28,284.28,Processed,EMP025,2,0.0,0.0,False
INV003422,SUP011,ST436,2015-10-05,2015-10-08,2015-10-10,68.55,68.55,Processed,EMP024,2,0.0,0.0,False
INV003423,SUP005,ST311,2015-10-05,2015-10-13,2015-10-14,15.19,15.19,Processed,EMP006,1,0.0,0.0,False
INV003424,SUP007,ST396,2015-10-05,2015-10-11,2015-10-13,1316.52,1316.52,Processed,EMP012,2,0.0,0.0,False
INV003425,SUP014,ST228,2015-10-05,2015-10-12,2015-10-13,4926.43,4926.43,Processed,EMP013,1,0.0,0.0,False
INV003426,SUP005,ST424,2015-10-05,2015-10-12,2015-10-16,66.72,66.72,Processed Late,EMP020,4,0.0,0.0,True
INV003427,SUP014,ST528,2015-10-05,2015-10-09,2015-10-11,40.42,40.42,Processed,EMP009,2,0.0,0.0,False
INV003428,SUP002,ST539,2015-10-05,2015-10-13,2015-10-18,89.21,89.21,Processed Late,EMP006,5,0.0,0.0,True
INV003429,SUP013,ST109,2015-10-05,2015-10-11,2015-10-22,61.67,61.67,Pending / Delayed,EMP026,11,0.0,0.0,True
INV003430,SUP010,ST147,2015-10-05,2015-10-10,2015-10-12,45.2,45.2,Processed,EMP012,2,0.0,0.0,False
INV003431,SUP001,ST387,2015-10-05,2015-10-08,2015-10-09,27.57,26.29,Processed,EMP027,1,1.28,1.28,False
INV003432,SUP005,ST502,2015-10-05,2015-10-10,2015-10-11,1110.24,1110.24,Processed,EMP028,1,0.0,0.0,False
INV003433,SUP001,ST546,2015-10-05,2015-10-11,2015-10-15,3313.03,3313.03,Processed Late,EMP023,4,0.0,0.0,True
INV003434,SUP012,ST090,2015-10-05,2015-10-13,2015-10-15,68.87,67.32,Processed,EMP017,2,1.55,1.55,False
INV003435,SUP008,ST476,2015-10-05,2015-10-08,2015-10-11,156.1,156.1,Processed,EMP011,3,0.0,0.0,False
INV003436,SUP005,ST496,2015-10-05,2015-10-10,2015-10-11,211.05,199.94,Processed,EMP001,1,11.11,11.11,False
INV003437,SUP001,ST334,2015-10-05,2015-10-09,2015-10-11,661.86,661.86,Processed,EMP026,2,0.0,0.0,False
INV003438,SUP013,ST465,2015-10-05,2015-10-08,2015-10-14,26.8,25.56,Processed Late,EMP004,6,1.24,1.24,True
INV003439,SUP002,ST402,2015-10-05,2015-10-10,2015-10-11,57.19,57.19,Processed,EMP021,1,0.0,0.0,False
INV003440,SUP002,ST481,2015-10-05,2015-10-11,2015-10-19,447.37,447.37,Pending / Delayed,EMP019,8,0.0,0.0,True
INV003441,SUP004,ST454,2015-10-20,2015-10-28,2015-11-02,107.68,107.68,Processed Late,EMP004,5,0.0,0.0,True
INV003442,SUP014,ST030,2015-10-20,2015-10-23,2015-10-24,309.6,309.6,Processed,EMP022,1,0.0,0.0,False
INV003443,SUP010,ST630,2015-10-20,2015-10-25,2015-10-27,109.13,109.13,Processed,EMP010,2,0.0,0.0,False
INV003444,SUP002,ST438,2015-10-20,2015-10-27,2015-11-01,44.25,44.25,Processed Late,EMP022,5,0.0,0.0,True
INV003445,SUP005,ST242,2015-10-20,2015-10-23,2015-10-24,146.4,146.4,Processed,EMP007,1,0.0,0.0,False
INV003446,SUP003,ST333,2015-10-20,2015-10-26,2015-10-29,31.94,32.58,Processed,EMP001,3,-0.64,0.64,False
INV003447,SUP014,ST554,2015-10-20,2015-10-24,2015-10-25,2034.9,2034.9,Processed,EMP008,1,0.0,0.0,False
INV003448,SUP005,ST428,2015-10-20,2015-10-23,2015-10-25,2096.65,2096.65,Processed,EMP005,2,0.0,0.0,False
INV003449,SUP015,ST505,2015-10-20,2015-10-26,2015-11-01,2649.6,2649.6,Processed Late,EMP002,6,0.0,0.0,True
INV003450,SUP001,ST585,2015-10-20,2015-10-26,2015-10-29,125.44,125.44,Processed,EMP005,3,0.0,0.0,False
INV003451,SUP013,ST511,2015-10-20,2015-10-23,2015-10-25,34.2,34.2,Processed,EMP013,2,0.0,0.0,False
INV003452,SUP008,ST619,2015-10-20,2015-10-24,2015-10-27,555.6,555.6,Processed,EMP025,3,0.0,0.0,False
INV003453,SUP003,ST451,2015-10-20,2015-10-28,2015-10-31,6.16,6.16,Processed,EMP022,3,0.0,0.0,False
INV003454,SUP011,ST611,2015-10-20,2015-10-27,2015-10-28,668.04,668.04,Processed,EMP013,1,0.0,0.0,False
INV003455,SUP012,ST116,2015-10-20,2015-10-24,2015-10-25,23.58,23.58,Processed,EMP022,1,0.0,0.0,False
INV003456,SUP009,ST532,2015-10-20,2015-10-28,2015-11-01,2253.0,2253.0,Processed Late,EMP024,4,0.0,0.0,True
INV003457,SUP011,ST101,2015-10-20,2015-10-24,2015-10-27,17.94,17.94,Processed,EMP013,3,0.0,0.0,False
INV003458,SUP013,ST056,2015-10-20,2015-10-25,2015-11-06,171.21,171.21,Pending / Delayed,EMP010,12,0.0,0.0,True
INV003459,SUP001,ST272,2015-10-20,2015-10-27,2015-10-29,417.76,417.76,Processed,EMP002,2,0.0,0.0,False
INV003460,SUP009,ST583,2015-10-20,2015-10-24,2015-10-25,60.8,60.8,Processed,EMP008,1,0.0,0.0,False
INV003461,SUP012,ST382,2015-10-20,2015-10-27,2015-11-02,48.08,48.08,Processed Late,EMP015,6,0.0,0.0,True
INV003462,SUP009,ST404,2015-10-20,2015-10-26,2015-10-30,168.56,168.56,Processed Late,EMP004,4,0.0,0.0,True
INV003463,SUP005,ST310,2015-10-20,2015-10-23,2015-10-24,1007.16,1007.16,Processed,EMP009,1,0.0,0.0,False
INV003464,SUP014,ST588,2015-10-20,2015-10-24,2015-10-26,1019.24,1019.24,Processed,EMP002,2,0.0,0.0,False
INV003465,SUP014,ST167,2015-10-20,2015-10-26,2015-10-29,49.28,49.28,Processed,EMP026,3,0.0,0.0,False
INV003466,SUP014,ST096,2015-10-20,2015-10-26,2015-10-29,1189.2,1189.2,Processed,EMP019,3,0.0,0.0,False
INV003467,SUP003,ST601,2015-10-20,2015-10-25,2015-10-27,1255.86,1255.86,Processed,EMP008,2,0.0,0.0,False
INV003468,SUP004,ST490,2015-10-20,2015-10-28,2015-11-06,183.7,183.7,Pending / Delayed,EMP022,9,0.0,0.0,True
INV003469,SUP010,ST202,2015-10-20,2015-10-24,2015-10-29,801.54,801.54,Processed Late,EMP024,5,0.0,0.0,True
INV003470,SUP002,ST216,2015-10-20,2015-10-27,2015-10-29,60.0,60.0,Processed,EMP006,2,0.0,0.0,False
INV003471,SUP002,ST149,2015-10-20,2015-10-27,2015-11-01,551.72,551.72,Processed Late,EMP029,5,0.0,0.0,True
INV003472,SUP002,ST213,2015-10-20,2015-10-28,2015-10-30,473.36,470.1,Processed,EMP006,2,3.26,3.26,False
INV003473,SUP013,ST143,2015-10-20,2015-10-23,2015-10-27,2111.36,2111.36,Processed Late,EMP027,4,0.0,0.0,True
INV003474,SUP007,ST413,2015-10-20,2015-10-25,2015-10-26,795.16,795.16,Processed,EMP023,1,0.0,0.0,False
INV003475,SUP010,ST033,2015-10-20,2015-10-27,2015-11-02,418.95,418.95,Processed Late,EMP017,6,0.0,0.0,True
INV003476,SUP015,ST542,2015-10-20,2015-10-24,2015-10-28,1421.52,1421.52,Processed Late,EMP011,4,0.0,0.0,True
INV003477,SUP012,ST220,2015-10-20,2015-10-24,2015-10-27,1583.84,1583.84,Processed,EMP015,3,0.0,0.0,False
INV003478,SUP007,ST346,2015-10-20,2015-10-24,2015-10-25,352.6,352.6,Processed,EMP006,1,0.0,0.0,False
INV003479,SUP008,ST309,2015-10-20,2015-10-27,2015-10-30,119.86,119.86,Processed,EMP024,3,0.0,0.0,False
INV003480,SUP005,ST181,2015-10-20,2015-10-24,2015-10-25,176.4,176.4,Processed,EMP003,1,0.0,0.0,False
INV003481,SUP009,ST405,2015-10-20,2015-10-28,2015-10-31,1276.88,1276.88,Processed,EMP023,3,0.0,0.0,False
INV003482,SUP010,ST335,2015-10-20,2015-10-24,2015-11-03,2052.6,2052.6,Pending / Delayed,EMP019,10,0.0,0.0,True
INV003483,SUP001,ST606,2015-10-20,2015-10-24,2015-11-03,2323.42,2323.42,Pending / Delayed,EMP029,10,0.0,0.0,True
INV003484,SUP006,ST390,2015-10-20,2015-10-25,2015-10-27,2095.99,2095.99,Processed,EMP003,2,0.0,0.0,False
INV003485,SUP004,ST583,2015-10-20,2015-10-26,2015-10-28,44.36,44.36,Processed,EMP027,2,0.0,0.0,False
INV003486,SUP010,ST509,2015-10-20,2015-10-23,2015-10-27,22.07,21.36,Processed Late,EMP015,4,0.71,0.71,True
INV003487,SUP008,ST122,2015-10-20,2015-10-28,2015-11-04,129.3,129.3,Pending / Delayed,EMP026,7,0.0,0.0,True
INV003488,SUP006,ST563,2015-10-20,2015-10-26,2015-10-27,78.32,78.32,Processed,EMP005,1,0.0,0.0,False
INV003489,SUP013,ST134,2015-10-20,2015-10-24,2015-10-26,1029.21,1029.21,Processed,EMP006,2,0.0,0.0,False
INV003490,SUP002,ST160,2015-10-20,2015-10-26,2015-10-28,112.78,112.78,Processed,EMP029,2,0.0,0.0,False
INV003491,SUP007,ST127,2015-10-20,2015-10-23,2015-10-31,52.87,52.87,Pending / Delayed,EMP008,8,0.0,0.0,True
INV003492,SUP009,ST507,2015-10-20,2015-10-26,2015-11-01,55.23,55.23,Processed Late,EMP003,6,0.0,0.0,True
INV003493,SUP001,ST454,2015-10-20,2015-10-24,2015-10-26,24.08,24.08,Processed,EMP029,2,0.0,0.0,False
INV003494,SUP001,ST423,2015-10-20,2015-10-25,2015-10-26,2323.73,2475.3,Processed,EMP008,1,-151.57,151.57,False
INV003495,SUP009,ST110,2015-10-20,2015-10-28,2015-10-30,10.38,10.38,Processed,EMP015,2,0.0,0.0,False
INV003496,SUP003,ST008,2015-10-20,2015-10-25,2015-10-28,839.0,839.0,Processed,EMP023,3,0.0,0.0,False
INV003497,SUP001,ST128,2015-10-20,2015-10-26,2015-11-01,1111.99,1111.99,Processed Late,EMP003,6,0.0,0.0,True
INV003498,SUP007,ST509,2015-10-20,2015-10-25,2015-11-01,44.72,44.72,Pending / Delayed,EMP012,7,0.0,0.0,True
INV003499,SUP015,ST316,2015-10-20,2015-10-26,2015-10-29,2998.88,2998.88,Processed,EMP005,3,0.0,0.0,False
INV003500,SUP011,ST357,2015-10-20,2015-10-26,2015-10-29,19.76,19.76,Processed,EMP026,3,0.0,0.0,False
INV003501,SUP004,ST258,2015-10-20,2015-10-28,2015-10-30,793.95,793.95,Processed,EMP023,2,0.0,0.0,False
INV003502,SUP013,ST258,2015-10-20,2015-10-24,2015-10-27,743.2,743.2,Processed,EMP015,3,0.0,0.0,False
INV003503,SUP009,ST061,2015-10-20,2015-10-27,2015-10-31,2.26,2.26,Processed Late,EMP017,4,0.0,0.0,True
INV003504,SUP004,ST028,2015-10-20,2015-10-28,2015-11-02,56.16,56.16,Processed Late,EMP006,5,0.0,0.0,True
INV003505,SUP007,ST283,2015-10-20,2015-10-26,2015-11-01,13.41,14.31,Processed Late,EMP013,6,-0.9,0.9,True
INV003506,SUP001,ST558,2015-10-20,2015-10-28,2015-10-31,136.29,136.29,Processed,EMP028,3,0.0,0.0,False
INV003507,SUP011,ST376,2015-10-20,2015-10-25,2015-10-30,8.85,8.85,Processed Late,EMP017,5,0.0,0.0,True
INV003508,SUP014,ST111,2015-10-20,2015-10-23,2015-10-26,13.03,12.6,Processed,EMP022,3,0.43,0.43,False
INV003509,SUP004,ST521,2015-10-20,2015-10-26,2015-10-28,8.94,8.94,Processed,EMP016,2,0.0,0.0,False
INV003510,SUP001,ST474,2015-10-20,2015-10-23,2015-10-28,41.6,41.6,Processed Late,EMP018,5,0.0,0.0,True
INV003511,SUP014,ST295,2015-10-20,2015-10-27,2015-10-30,66.44,66.44,Processed,EMP021,3,0.0,0.0,False
INV003512,SUP004,ST411,2015-10-20,2015-10-27,2015-10-31,33.6,33.6,Processed Late,EMP014,4,0.0,0.0,True
INV003513,SUP010,ST446,2015-10-20,2015-10-27,2015-11-02,734.0,734.0,Processed Late,EMP025,6,0.0,0.0,True
INV003514,SUP011,ST364,2015-10-20,2015-10-23,2015-10-24,8274.69,8274.69,Processed,EMP004,1,0.0,0.0,False
INV003515,SUP008,ST031,2015-10-20,2015-10-25,2015-10-31,1671.6,1671.6,Processed Late,EMP023,6,0.0,0.0,True
INV003516,SUP004,ST206,2015-10-20,2015-10-26,2015-10-30,1827.42,1827.42,Processed Late,EMP023,4,0.0,0.0,True
INV003517,SUP015,ST451,2015-10-20,2015-10-25,2015-10-27,73.5,73.5,Processed,EMP021,2,0.0,0.0,False
INV003518,SUP007,ST153,2015-10-20,2015-10-27,2015-10-29,2716.05,2716.05,Processed,EMP020,2,0.0,0.0,False
INV003519,SUP004,ST142,2015-10-20,2015-10-28,2015-10-29,13417.2,13417.2,Processed,EMP006,1,0.0,0.0,False
INV003520,SUP005,ST413,2015-10-20,2015-10-24,2015-10-26,16.62,16.62,Processed,EMP010,2,0.0,0.0,False
INV003521,SUP006,ST604,2015-11-05,2015-11-08,2015-11-09,24.8,24.8,Processed,EMP022,1,0.0,0.0,False
INV003522,SUP001,ST458,2015-11-05,2015-11-13,2015-11-18,43.84,43.84,Processed Late,EMP009,5,0.0,0.0,True
INV003523,SUP005,ST039,2015-11-05,2015-11-13,2015-11-21,61.76,61.76,Pending / Delayed,EMP025,8,0.0,0.0,True
INV003524,SUP009,ST566,2015-11-05,2015-11-10,2015-11-12,1188.4,1188.4,Processed,EMP028,2,0.0,0.0,False
INV003525,SUP014,ST277,2015-11-05,2015-11-13,2015-11-14,259.4,259.4,Processed,EMP011,1,0.0,0.0,False
INV003526,SUP012,ST068,2015-11-05,2015-11-09,2015-11-15,156.72,156.72,Processed Late,EMP007,6,0.0,0.0,True
INV003527,SUP010,ST624,2015-11-05,2015-11-10,2015-11-14,26.6,26.6,Processed Late,EMP025,4,0.0,0.0,True
INV003528,SUP014,ST613,2015-11-05,2015-11-11,2015-11-14,1344.8,1344.8,Processed,EMP027,3,0.0,0.0,False
INV003529,SUP011,ST230,2015-11-05,2015-11-12,2015-11-16,312.84,312.84,Processed Late,EMP016,4,0.0,0.0,True
INV003530,SUP011,ST124,2015-11-05,2015-11-10,2015-11-13,42.72,42.72,Processed,EMP006,3,0.0,0.0,False
INV003531,SUP002,ST421,2015-11-05,2015-11-08,2015-11-10,92.34,92.34,Processed,EMP027,2,0.0,0.0,False
INV003532,SUP005,ST051,2015-11-05,2015-11-13,2015-11-15,15.54,15.54,Processed,EMP009,2,0.0,0.0,False
INV003533,SUP004,ST179,2015-11-05,2015-11-13,2015-11-15,539.4,539.4,Processed,EMP009,2,0.0,0.0,False
INV003534,SUP012,ST528,2015-11-05,2015-11-10,2015-11-19,88.83,88.83,Pending / Delayed,EMP009,9,0.0,0.0,True
INV003535,SUP015,ST117,2015-11-05,2015-11-08,2015-11-11,1041.15,1041.15,Processed,EMP022,3,0.0,0.0,False
INV003536,SUP014,ST271,2015-11-05,2015-11-13,2015-11-16,8.08,8.08,Processed,EMP002,3,0.0,0.0,False
INV003537,SUP008,ST053,2015-11-05,2015-11-12,2015-11-13,10.8,10.8,Processed,EMP004,1,0.0,0.0,False
INV003538,SUP002,ST092,2015-11-05,2015-11-09,2015-11-21,357.71,345.99,Pending / Delayed,EMP010,12,11.72,11.72,True
INV003539,SUP011,ST029,2015-11-05,2015-11-11,2015-11-13,77.56,77.56,Processed,EMP001,2,0.0,0.0,False
INV003540,SUP013,ST086,2015-11-05,2015-11-12,2015-11-14,16883.02,16883.02,Processed,EMP005,2,0.0,0.0,False
INV003541,SUP009,ST599,2015-11-05,2015-11-08,2015-11-13,2398.0,2398.0,Processed Late,EMP023,5,0.0,0.0,True
INV003542,SUP008,ST023,2015-11-05,2015-11-12,2015-11-13,178.65,178.65,Processed,EMP027,1,0.0,0.0,False
INV003543,SUP015,ST521,2015-11-05,2015-11-11,2015-11-12,2389.8,2389.8,Processed,EMP023,1,0.0,0.0,False
INV003544,SUP015,ST409,2015-11-05,2015-11-13,2015-11-14,392.6,392.6,Processed,EMP006,1,0.0,0.0,False
INV003545,SUP013,ST124,2015-11-05,2015-11-13,2015-11-14,203.3,203.3,Processed,EMP025,1,0.0,0.0,False
INV003546,SUP015,ST239,2015-11-05,2015-11-11,2015-11-12,2527.56,2527.56,Processed,EMP007,1,0.0,0.0,False
INV003547,SUP015,ST012,2015-11-05,2015-11-10,2015-11-13,258.12,258.12,Processed,EMP022,3,0.0,0.0,False
INV003548,SUP005,ST554,2015-11-05,2015-11-11,2015-11-14,358.44,358.44,Processed,EMP020,3,0.0,0.0,False
INV003549,SUP011,ST096,2015-11-05,2015-11-12,2015-11-15,102.17,102.17,Processed,EMP016,3,0.0,0.0,False
INV003550,SUP002,ST307,2015-11-05,2015-11-12,2015-11-14,410.0,410.0,Processed,EMP013,2,0.0,0.0,False
INV003551,SUP011,ST087,2015-11-05,2015-11-13,2015-11-18,23.04,23.04,Processed Late,EMP026,5,0.0,0.0,True
INV003552,SUP010,ST277,2015-11-05,2015-11-10,2015-11-11,36.21,36.21,Processed,EMP011,1,0.0,0.0,False
INV003553,SUP009,ST155,2015-11-05,2015-11-10,2015-11-13,808.05,808.05,Processed,EMP027,3,0.0,0.0,False
INV003554,SUP011,ST489,2015-11-05,2015-11-09,2015-11-15,714.42,714.42,Processed Late,EMP006,6,0.0,0.0,True
INV003555,SUP004,ST121,2015-11-05,2015-11-09,2015-11-10,48.69,48.69,Processed,EMP013,1,0.0,0.0,False
INV003556,SUP007,ST116,2015-11-05,2015-11-12,2015-11-13,44.44,44.44,Processed,EMP019,1,0.0,0.0,False
INV003557,SUP009,ST255,2015-11-05,2015-11-12,2015-11-15,32.46,32.46,Processed,EMP002,3,0.0,0.0,False
INV003558,SUP013,ST567,2015-11-05,2015-11-13,2015-11-17,29.81,29.81,Processed Late,EMP003,4,0.0,0.0,True
INV003559,SUP006,ST110,2015-11-05,2015-11-11,2015-11-16,1968.24,1968.24,Processed Late,EMP002,5,0.0,0.0,True
INV003560,SUP011,ST047,2015-11-05,2015-11-12,2015-11-13,152.74,152.74,Processed,EMP022,1,0.0,0.0,False
INV003561,SUP007,ST393,2015-11-05,2015-11-09,2015-11-14,19.09,19.25,Processed Late,EMP018,5,-0.16,0.16,True
INV003562,SUP007,ST027,2015-11-05,2015-11-11,2015-11-14,79.3,79.3,Processed,EMP015,3,0.0,0.0,False
INV003563,SUP002,ST455,2015-11-05,2015-11-10,2015-11-13,49.18,47.52,Processed,EMP017,3,1.66,1.66,False
INV003564,SUP007,ST146,2015-11-05,2015-11-08,2015-11-11,457.33,457.33,Processed,EMP009,3,0.0,0.0,False
INV003565,SUP014,ST417,2015-11-05,2015-11-09,2015-11-11,159.2,159.2,Processed,EMP005,2,0.0,0.0,False
INV003566,SUP009,ST588,2015-11-05,2015-11-10,2015-11-15,328.89,328.89,Processed Late,EMP029,5,0.0,0.0,True
INV003567,SUP012,ST514,2015-11-05,2015-11-09,2015-11-14,4692.24,4692.24,Processed Late,EMP003,5,0.0,0.0,True
INV003568,SUP003,ST265,2015-11-05,2015-11-09,2015-11-20,5.97,5.97,Pending / Delayed,EMP021,11,0.0,0.0,True
INV003569,SUP013,ST540,2015-11-05,2015-11-10,2015-11-17,24.78,24.78,Pending / Delayed,EMP008,7,0.0,0.0,True
INV003570,SUP001,ST065,2015-11-05,2015-11-13,2015-11-14,34.8,34.8,Processed,EMP002,1,0.0,0.0,False
INV003571,SUP014,ST116,2015-11-05,2015-11-12,2015-11-13,14.4,14.6,Processed,EMP010,1,-0.2,0.2,False
INV003572,SUP013,ST615,2015-11-05,2015-11-09,2015-11-13,4903.47,4903.47,Processed Late,EMP019,4,0.0,0.0,True
INV003573,SUP002,ST239,2015-11-05,2015-11-09,2015-11-14,26.67,24.96,Processed Late,EMP012,5,1.71,1.71,True
INV003574,SUP006,ST192,2015-11-05,2015-11-08,2015-11-14,171.76,174.45,Processed Late,EMP016,6,-2.69,2.69,True
INV003575,SUP009,ST097,2015-11-05,2015-11-11,2015-11-13,31.7,31.7,Processed,EMP019,2,0.0,0.0,False
INV003576,SUP006,ST286,2015-11-05,2015-11-09,2015-11-11,9.4,9.4,Processed,EMP001,2,0.0,0.0,False
INV003577,SUP010,ST100,2015-11-05,2015-11-10,2015-11-12,163.62,163.62,Processed,EMP002,2,0.0,0.0,False
INV003578,SUP012,ST297,2015-11-05,2015-11-11,2015-11-13,25.79,26.82,Processed,EMP030,2,-1.03,1.03,False
INV003579,SUP014,ST065,2015-11-05,2015-11-13,2015-11-14,2326.2,2326.2,Processed,EMP003,1,0.0,0.0,False
INV003580,SUP015,ST067,2015-11-05,2015-11-12,2015-11-16,29.41,29.41,Processed Late,EMP014,4,0.0,0.0,True
INV003581,SUP010,ST560,2015-11-05,2015-11-12,2015-11-15,881.54,899.8,Processed,EMP015,3,-18.26,18.26,False
INV003582,SUP012,ST003,2015-11-05,2015-11-08,2015-11-11,273.22,278.35,Processed,EMP015,3,-5.13,5.13,False
INV003583,SUP005,ST082,2015-11-05,2015-11-12,2015-11-13,70.68,70.68,Processed,EMP027,1,0.0,0.0,False
INV003584,SUP002,ST232,2015-11-05,2015-11-09,2015-11-12,3056.1,3056.1,Processed,EMP009,3,0.0,0.0,False
INV003585,SUP011,ST386,2015-11-05,2015-11-09,2015-11-12,16.94,16.94,Processed,EMP012,3,0.0,0.0,False
INV003586,SUP009,ST255,2015-11-05,2015-11-09,2015-11-11,50.7,50.7,Processed,EMP009,2,0.0,0.0,False
INV003587,SUP015,ST519,2015-11-05,2015-11-13,2015-11-19,55.48,55.48,Processed Late,EMP007,6,0.0,0.0,True
INV003588,SUP014,ST093,2015-11-05,2015-11-09,2015-11-12,84.37,84.37,Processed,EMP027,3,0.0,0.0,False
INV003589,SUP006,ST051,2015-11-05,2015-11-08,2015-11-12,65.4,65.4,Processed Late,EMP011,4,0.0,0.0,True
INV003590,SUP011,ST185,2015-11-05,2015-11-10,2015-11-13,825.06,825.06,Processed,EMP012,3,0.0,0.0,False
INV003591,SUP004,ST391,2015-11-05,2015-11-09,2015-11-10,23.97,23.97,Processed,EMP009,1,0.0,0.0,False
INV003592,SUP002,ST433,2015-11-05,2015-11-11,2015-11-14,113.25,113.25,Processed,EMP001,3,0.0,0.0,False
INV003593,SUP009,ST405,2015-11-05,2015-11-10,2015-11-21,41.8,41.8,Pending / Delayed,EMP007,11,0.0,0.0,True
INV003594,SUP012,ST129,2015-11-05,2015-11-11,2015-11-23,102.12,102.12,Pending / Delayed,EMP011,12,0.0,0.0,True
INV003595,SUP006,ST614,2015-11-05,2015-11-12,2015-11-14,31.47,32.8,Processed,EMP016,2,-1.33,1.33,False
INV003596,SUP001,ST609,2015-11-05,2015-11-09,2015-11-10,1434.46,1434.46,Processed,EMP004,1,0.0,0.0,False
INV003597,SUP010,ST257,2015-11-05,2015-11-11,2015-11-23,95.34,95.34,Pending / Delayed,EMP014,12,0.0,0.0,True
INV003598,SUP007,ST281,2015-11-05,2015-11-12,2015-11-17,2409.81,2402.18,Processed Late,EMP025,5,7.63,7.63,True
INV003599,SUP007,ST052,2015-11-05,2015-11-12,2015-11-18,2481.45,2481.45,Processed Late,EMP004,6,0.0,0.0,True
INV003600,SUP001,ST319,2015-11-05,2015-11-11,2015-11-13,46.2,46.2,Processed,EMP030,2,0.0,0.0,False
INV003601,SUP008,ST349,2015-11-20,2015-11-25,2015-11-30,5271.5,5271.5,Processed Late,EMP023,5,0.0,0.0,True
INV003602,SUP005,ST327,2015-11-20,2015-11-28,2015-11-29,104.8,104.8,Processed,EMP009,1,0.0,0.0,False
INV003603,SUP001,ST436,2015-11-20,2015-11-26,2015-11-29,79.08,84.42,Processed,EMP004,3,-5.34,5.34,False
INV003604,SUP007,ST391,2015-11-20,2015-11-26,2015-12-05,776.23,776.23,Pending / Delayed,EMP025,9,0.0,0.0,True
INV003605,SUP006,ST297,2015-11-20,2015-11-28,2015-11-29,13.72,13.72,Processed,EMP017,1,0.0,0.0,False
INV003606,SUP010,ST623,2015-11-20,2015-11-24,2015-11-27,1681.4,1681.4,Processed,EMP029,3,0.0,0.0,False
INV003607,SUP015,ST436,2015-11-20,2015-11-28,2015-12-01,252.21,252.21,Processed,EMP029,3,0.0,0.0,False
INV003608,SUP003,ST302,2015-11-20,2015-11-25,2015-11-26,865.9,865.9,Processed,EMP003,1,0.0,0.0,False
INV003609,SUP015,ST490,2015-11-20,2015-11-25,2015-11-28,3488.64,3488.64,Processed,EMP022,3,0.0,0.0,False
INV003610,SUP006,ST628,2015-11-20,2015-11-23,2015-11-28,2733.92,2733.92,Processed Late,EMP011,5,0.0,0.0,True
INV003611,SUP003,ST288,2015-11-20,2015-11-28,2015-12-04,185.6,185.6,Processed Late,EMP030,6,0.0,0.0,True
INV003612,SUP014,ST516,2015-11-20,2015-11-25,2015-11-26,232.83,232.83,Processed,EMP013,1,0.0,0.0,False
INV003613,SUP001,ST007,2015-11-20,2015-11-23,2015-11-24,2156.4,2156.4,Processed,EMP011,1,0.0,0.0,False
INV003614,SUP009,ST406,2015-11-20,2015-11-28,2015-12-03,409.65,409.65,Processed Late,EMP011,5,0.0,0.0,True
INV003615,SUP003,ST201,2015-11-20,2015-11-24,2015-11-25,126.14,126.14,Processed,EMP001,1,0.0,0.0,False
INV003616,SUP006,ST455,2015-11-20,2015-11-26,2015-12-01,422.8,422.8,Processed Late,EMP013,5,0.0,0.0,True
INV003617,SUP012,ST419,2015-11-20,2015-11-23,2015-11-28,34.4,34.4,Processed Late,EMP026,5,0.0,0.0,True
INV003618,SUP007,ST078,2015-11-20,2015-11-24,2015-11-29,207.69,207.69,Processed Late,EMP005,5,0.0,0.0,True
INV003619,SUP001,ST209,2015-11-20,2015-11-26,2015-11-29,55.1,58.45,Processed,EMP002,3,-3.35,3.35,False
INV003620,SUP015,ST491,2015-11-20,2015-11-25,2015-11-28,24.12,24.12,Processed,EMP022,3,0.0,0.0,False
INV003621,SUP010,ST396,2015-11-20,2015-11-28,2015-11-29,13.65,13.65,Processed,EMP026,1,0.0,0.0,False
INV003622,SUP014,ST173,2015-11-20,2015-11-28,2015-12-01,52.8,52.8,Processed,EMP014,3,0.0,0.0,False
INV003623,SUP003,ST127,2015-11-20,2015-11-23,2015-11-25,2617.38,2617.38,Processed,EMP001,2,0.0,0.0,False
INV003624,SUP015,ST260,2015-11-20,2015-11-24,2015-11-27,1272.6,1272.6,Processed,EMP016,3,0.0,0.0,False
INV003625,SUP011,ST440,2015-11-20,2015-11-23,2015-11-26,6169.2,6169.2,Processed,EMP027,3,0.0,0.0,False
INV003626,SUP008,ST347,2015-11-20,2015-11-26,2015-11-30,97.63,97.63,Processed Late,EMP008,4,0.0,0.0,True
INV003627,SUP002,ST115,2015-11-20,2015-11-28,2015-11-30,28.8,28.8,Processed,EMP011,2,0.0,0.0,False
INV003628,SUP008,ST293,2015-11-20,2015-11-23,2015-11-26,162.24,162.24,Processed,EMP009,3,0.0,0.0,False
INV003629,SUP010,ST087,2015-11-20,2015-11-25,2015-12-01,1843.48,1843.48,Processed Late,EMP011,6,0.0,0.0,True
INV003630,SUP004,ST301,2015-11-20,2015-11-26,2015-11-29,82.6,82.6,Processed,EMP011,3,0.0,0.0,False
INV003631,SUP014,ST569,2015-11-20,2015-11-25,2015-11-26,197.89,197.89,Processed,EMP025,1,0.0,0.0,False
INV003632,SUP015,ST487,2015-11-20,2015-11-23,2015-11-24,7.91,7.91,Processed,EMP027,1,0.0,0.0,False
INV003633,SUP001,ST069,2015-11-20,2015-11-27,2015-11-28,3.02,3.02,Processed,EMP019,1,0.0,0.0,False
INV003634,SUP014,ST043,2015-11-20,2015-11-23,2015-11-27,51.52,51.52,Processed Late,EMP002,4,0.0,0.0,True
INV003635,SUP010,ST236,2015-11-20,2015-11-23,2015-11-27,26.96,26.96,Processed Late,EMP019,4,0.0,0.0,True
INV003636,SUP003,ST274,2015-11-20,2015-11-26,2015-11-27,323.95,323.95,Processed,EMP007,1,0.0,0.0,False
INV003637,SUP015,ST313,2015-11-20,2015-11-26,2015-11-29,22.2,22.2,Processed,EMP014,3,0.0,0.0,False
INV003638,SUP012,ST406,2015-11-20,2015-11-24,2015-11-28,72.9,72.9,Processed Late,EMP024,4,0.0,0.0,True
INV003639,SUP015,ST069,2015-11-20,2015-11-27,2015-12-02,2264.54,2397.78,Processed Late,EMP018,5,-133.24,133.24,True
INV003640,SUP005,ST369,2015-11-20,2015-11-24,2015-11-27,35.98,35.98,Processed,EMP017,3,0.0,0.0,False
INV003641,SUP009,ST216,2015-11-20,2015-11-23,2015-11-25,1880.85,1880.85,Processed,EMP009,2,0.0,0.0,False
INV003642,SUP010,ST223,2015-11-20,2015-11-27,2015-11-30,41.24,43.44,Processed,EMP028,3,-2.2,2.2,False
INV003643,SUP011,ST329,2015-11-20,2015-11-28,2015-12-02,470.25,470.25,Processed Late,EMP004,4,0.0,0.0,True
INV003644,SUP008,ST515,2015-11-20,2015-11-24,2015-11-25,68.6,68.6,Processed,EMP020,1,0.0,0.0,False
INV003645,SUP012,ST396,2015-11-20,2015-11-24,2015-11-25,22.4,22.4,Processed,EMP005,1,0.0,0.0,False
INV003646,SUP010,ST541,2015-11-20,2015-11-28,2015-12-01,3152.88,3143.8,Processed,EMP010,3,9.08,9.08,False
INV003647,SUP013,ST614,2015-11-20,2015-11-24,2015-11-25,120.9,120.9,Processed,EMP012,1,0.0,0.0,False
INV003648,SUP012,ST137,2015-11-20,2015-11-24,2015-11-28,35.76,35.76,Processed Late,EMP024,4,0.0,0.0,True
INV003649,SUP011,ST141,2015-11-20,2015-11-26,2015-11-29,138.01,148.5,Processed,EMP020,3,-10.49,10.49,False
INV003650,SUP002,ST613,2015-11-20,2015-11-23,2015-11-27,12.24,12.24,Processed Late,EMP028,4,0.0,0.0,True
INV003651,SUP003,ST275,2015-11-20,2015-11-27,2015-11-29,1236.9,1236.9,Processed,EMP025,2,0.0,0.0,False
INV003652,SUP010,ST461,2015-11-20,2015-11-27,2015-11-30,40.28,40.28,Processed,EMP015,3,0.0,0.0,False
INV003653,SUP013,ST106,2015-11-20,2015-11-26,2015-12-02,31.05,31.05,Processed Late,EMP024,6,0.0,0.0,True
INV003654,SUP007,ST161,2015-11-20,2015-11-26,2015-11-29,3291.37,3291.37,Processed,EMP028,3,0.0,0.0,False
INV003655,SUP009,ST051,2015-11-20,2015-11-26,2015-12-01,24.43,24.43,Processed Late,EMP029,5,0.0,0.0,True
INV003656,SUP002,ST046,2015-11-20,2015-11-27,2015-11-29,2053.76,2053.76,Processed,EMP001,2,0.0,0.0,False
INV003657,SUP015,ST003,2015-11-20,2015-11-28,2015-12-08,836.78,836.78,Pending / Delayed,EMP018,10,0.0,0.0,True
INV003658,SUP007,ST389,2015-11-20,2015-11-25,2015-11-26,137.16,137.16,Processed,EMP004,1,0.0,0.0,False
INV003659,SUP011,ST612,2015-11-20,2015-11-26,2015-11-28,3.74,3.74,Processed,EMP002,2,0.0,0.0,False
INV003660,SUP002,ST012,2015-11-20,2015-11-26,2015-11-27,118.49,118.49,Processed,EMP007,1,0.0,0.0,False
INV003661,SUP007,ST096,2015-11-20,2015-11-26,2015-11-27,1110.56,1110.56,Processed,EMP026,1,0.0,0.0,False
INV003662,SUP005,ST327,2015-11-20,2015-11-26,2015-11-29,16.02,16.02,Processed,EMP023,3,0.0,0.0,False
INV003663,SUP013,ST049,2015-11-20,2015-11-26,2015-11-28,13.72,13.72,Processed,EMP014,2,0.0,0.0,False
INV003664,SUP013,ST564,2015-11-20,2015-11-25,2015-11-28,36.9,36.9,Processed,EMP014,3,0.0,0.0,False
INV003665,SUP014,ST603,2015-11-20,2015-11-27,2015-11-28,144.48,144.48,Processed,EMP008,1,0.0,0.0,False
INV003666,SUP004,ST018,2015-11-20,2015-11-27,2015-12-03,23.0,23.0,Processed Late,EMP006,6,0.0,0.0,True
INV003667,SUP001,ST379,2015-11-20,2015-11-27,2015-11-29,58.8,58.8,Processed,EMP015,2,0.0,0.0,False
INV003668,SUP014,ST077,2015-11-20,2015-11-25,2015-11-26,631.6,631.6,Processed,EMP015,1,0.0,0.0,False
INV003669,SUP015,ST400,2015-11-20,2015-11-26,2015-12-01,23.97,23.97,Processed Late,EMP015,5,0.0,0.0,True
INV003670,SUP015,ST403,2015-11-20,2015-11-27,2015-11-29,8.32,8.32,Processed,EMP019,2,0.0,0.0,False
INV003671,SUP012,ST231,2015-11-20,2015-11-27,2015-12-03,47.24,47.24,Processed Late,EMP027,6,0.0,0.0,True
INV003672,SUP002,ST409,2015-11-20,2015-11-26,2015-11-29,490.4,490.4,Processed,EMP018,3,0.0,0.0,False
INV003673,SUP010,ST481,2015-11-20,2015-11-24,2015-11-29,57.4,57.4,Processed Late,EMP011,5,0.0,0.0,True
INV003674,SUP009,ST200,2015-11-20,2015-11-28,2015-12-04,16.58,16.58,Processed Late,EMP023,6,0.0,0.0,True
INV003675,SUP009,ST145,2015-11-20,2015-11-26,2015-11-30,45.6,45.6,Processed Late,EMP024,4,0.0,0.0,True
INV003676,SUP007,ST164,2015-11-20,2015-11-26,2015-11-29,68.2,68.2,Processed,EMP003,3,0.0,0.0,False
INV003677,SUP009,ST240,2015-11-20,2015-11-24,2015-11-27,15.36,15.36,Processed,EMP025,3,0.0,0.0,False
INV003678,SUP015,ST580,2015-11-20,2015-11-27,2015-11-28,56.62,56.62,Processed,EMP025,1,0.0,0.0,False
INV003679,SUP011,ST497,2015-11-20,2015-11-28,2015-11-29,494.74,531.72,Processed,EMP015,1,-36.98,36.98,False
INV003680,SUP013,ST606,2015-11-20,2015-11-25,2015-11-27,79.82,79.82,Processed,EMP002,2,0.0,0.0,False
INV003681,SUP002,ST584,2015-12-05,2015-12-09,2015-12-18,328.64,328.64,Pending / Delayed,EMP018,9,0.0,0.0,True
INV003682,SUP004,ST130,2015-12-05,2015-12-08,2015-12-19,65.74,65.74,Pending / Delayed,EMP017,11,0.0,0.0,True
INV003683,SUP012,ST368,2015-12-05,2015-12-11,2015-12-16,400.5,400.5,Processed Late,EMP005,5,0.0,0.0,True
INV003684,SUP014,ST192,2015-12-05,2015-12-10,2015-12-11,791.28,791.28,Processed,EMP008,1,0.0,0.0,False
INV003685,SUP009,ST006,2015-12-05,2015-12-09,2015-12-12,391.6,391.6,Processed,EMP025,3,0.0,0.0,False
INV003686,SUP013,ST473,2015-12-05,2015-12-11,2015-12-13,885.78,885.78,Processed,EMP011,2,0.0,0.0,False
INV003687,SUP002,ST472,2015-12-05,2015-12-13,2015-12-17,37.26,37.26,Processed Late,EMP012,4,0.0,0.0,True
INV003688,SUP011,ST142,2015-12-05,2015-12-08,2015-12-10,630.74,630.74,Processed,EMP008,2,0.0,0.0,False
INV003689,SUP013,ST077,2015-12-05,2015-12-08,2015-12-10,298.62,298.62,Processed,EMP023,2,0.0,0.0,False
INV003690,SUP002,ST624,2015-12-05,2015-12-11,2015-12-12,50.92,50.92,Processed,EMP018,1,0.0,0.0,False
INV003691,SUP003,ST167,2015-12-05,2015-12-12,2015-12-17,179.58,179.58,Processed Late,EMP002,5,0.0,0.0,True
INV003692,SUP010,ST077,2015-12-05,2015-12-12,2015-12-13,982.26,982.26,Processed,EMP029,1,0.0,0.0,False
INV003693,SUP006,ST273,2015-12-05,2015-12-11,2015-12-13,43.3,43.3,Processed,EMP009,2,0.0,0.0,False
INV003694,SUP005,ST382,2015-12-05,2015-12-08,2015-12-09,1647.3,1647.3,Processed,EMP008,1,0.0,0.0,False
INV003695,SUP013,ST518,2015-12-05,2015-12-12,2015-12-13,9.96,9.96,Processed,EMP013,1,0.0,0.0,False
INV003696,SUP014,ST376,2015-12-05,2015-12-08,2015-12-14,79.0,79.0,Processed Late,EMP002,6,0.0,0.0,True
INV003697,SUP001,ST051,2015-12-05,2015-12-09,2015-12-12,89.68,89.68,Processed,EMP019,3,0.0,0.0,False
INV003698,SUP012,ST351,2015-12-05,2015-12-08,2015-12-18,676.48,676.48,Pending / Delayed,EMP005,10,0.0,0.0,True
INV003699,SUP004,ST140,2015-12-05,2015-12-08,2015-12-09,325.32,325.32,Processed,EMP006,1,0.0,0.0,False
INV003700,SUP009,ST167,2015-12-05,2015-12-10,2015-12-12,2520.59,2520.59,Processed,EMP024,2,0.0,0.0,False
INV003701,SUP015,ST287,2015-12-05,2015-12-12,2015-12-14,328.68,328.68,Processed,EMP023,2,0.0,0.0,False
INV003702,SUP011,ST530,2015-12-05,2015-12-09,2015-12-11,17.25,18.0,Processed,EMP030,2,-0.75,0.75,False
INV003703,SUP004,ST093,2015-12-05,2015-12-11,2015-12-14,18.8,18.8,Processed,EMP029,3,0.0,0.0,False
INV003704,SUP015,ST556,2015-12-05,2015-12-11,2015-12-12,144.72,144.72,Processed,EMP003,1,0.0,0.0,False
INV003705,SUP013,ST360,2015-12-05,2015-12-09,2015-12-16,48.11,48.11,Pending / Delayed,EMP020,7,0.0,0.0,True
INV003706,SUP010,ST381,2015-12-05,2015-12-13,2015-12-14,53.76,53.76,Processed,EMP029,1,0.0,0.0,False
INV003707,SUP015,ST112,2015-12-05,2015-12-11,2015-12-14,7.49,7.49,Processed,EMP006,3,0.0,0.0,False
INV003708,SUP012,ST045,2015-12-05,2015-12-10,2015-12-13,334.6,334.6,Processed,EMP022,3,0.0,0.0,False
INV003709,SUP010,ST140,2015-12-05,2015-12-11,2015-12-13,2137.76,2137.76,Processed,EMP023,2,0.0,0.0,False
INV003710,SUP013,ST441,2015-12-05,2015-12-13,2015-12-15,30.78,30.78,Processed,EMP016,2,0.0,0.0,False
INV003711,SUP008,ST263,2015-12-05,2015-12-10,2015-12-16,137.05,138.16,Processed Late,EMP003,6,-1.11,1.11,True
INV003712,SUP009,ST336,2015-12-05,2015-12-10,2015-12-14,301.2,301.2,Processed Late,EMP020,4,0.0,0.0,True
INV003713,SUP009,ST480,2015-12-05,2015-12-09,2015-12-10,25.98,25.98,Processed,EMP021,1,0.0,0.0,False
INV003714,SUP014,ST423,2015-12-05,2015-12-09,2015-12-10,2663.04,2663.04,Processed,EMP002,1,0.0,0.0,False
INV003715,SUP008,ST119,2015-12-05,2015-12-08,2015-12-09,29.7,29.7,Processed,EMP005,1,0.0,0.0,False
INV003716,SUP013,ST528,2015-12-05,2015-12-13,2015-12-19,745.92,745.92,Processed Late,EMP023,6,0.0,0.0,True
INV003717,SUP013,ST552,2015-12-05,2015-12-08,2015-12-10,6237.84,6237.84,Processed,EMP014,2,0.0,0.0,False
INV003718,SUP006,ST047,2015-12-05,2015-12-13,2015-12-17,44.32,44.32,Processed Late,EMP014,4,0.0,0.0,True
INV003719,SUP007,ST228,2015-12-05,2015-12-12,2015-12-16,2206.85,2206.85,Processed Late,EMP007,4,0.0,0.0,True
INV003720,SUP004,ST369,2015-12-05,2015-12-13,2015-12-16,55.68,55.68,Processed,EMP004,3,0.0,0.0,False
INV003721,SUP014,ST248,2015-12-05,2015-12-08,2015-12-09,78.56,75.06,Processed,EMP004,1,3.5,3.5,False
INV003722,SUP001,ST416,2015-12-05,2015-12-13,2015-12-15,154.84,159.42,Processed,EMP013,2,-4.58,4.58,False
INV003723,SUP007,ST459,2015-12-05,2015-12-09,2015-12-12,53.1,53.1,Processed,EMP009,3,0.0,0.0,False
INV003724,SUP012,ST258,2015-12-05,2015-12-09,2015-12-15,71.06,71.06,Processed Late,EMP006,6,0.0,0.0,True
INV003725,SUP005,ST182,2015-12-05,2015-12-08,2015-12-09,525.78,525.78,Processed,EMP006,1,0.0,0.0,False
INV003726,SUP013,ST306,2015-12-05,2015-12-09,2015-12-12,269.37,269.37,Processed,EMP006,3,0.0,0.0,False
INV003727,SUP006,ST055,2015-12-05,2015-12-12,2015-12-18,525.35,525.35,Processed Late,EMP015,6,0.0,0.0,True
INV003728,SUP012,ST052,2015-12-05,2015-12-08,2015-12-12,58.56,58.56,Processed Late,EMP003,4,0.0,0.0,True
INV003729,SUP006,ST082,2015-12-05,2015-12-09,2015-12-14,1234.72,1234.72,Processed Late,EMP016,5,0.0,0.0,True
INV003730,SUP003,ST010,2015-12-05,2015-12-12,2015-12-13,21.77,21.77,Processed,EMP020,1,0.0,0.0,False
INV003731,SUP015,ST333,2015-12-05,2015-12-11,2015-12-12,596.03,596.03,Processed,EMP024,1,0.0,0.0,False
INV003732,SUP005,ST029,2015-12-05,2015-12-12,2015-12-17,49.49,46.58,Processed Late,EMP010,5,2.91,2.91,True
INV003733,SUP002,ST103,2015-12-05,2015-12-09,2015-12-12,58.84,63.27,Processed,EMP019,3,-4.43,4.43,False
INV003734,SUP002,ST616,2015-12-05,2015-12-08,2015-12-12,318.24,318.24,Processed Late,EMP029,4,0.0,0.0,True
INV003735,SUP012,ST456,2015-12-05,2015-12-13,2015-12-17,14.28,14.28,Processed Late,EMP027,4,0.0,0.0,True
INV003736,SUP001,ST416,2015-12-05,2015-12-13,2015-12-15,878.15,878.15,Processed,EMP005,2,0.0,0.0,False
INV003737,SUP015,ST275,2015-12-05,2015-12-13,2015-12-17,771.75,771.75,Processed Late,EMP016,4,0.0,0.0,True
INV003738,SUP015,ST085,2015-12-05,2015-12-12,2015-12-17,430.99,430.99,Processed Late,EMP001,5,0.0,0.0,True
INV003739,SUP013,ST580,2015-12-05,2015-12-10,2015-12-12,348.0,348.0,Processed,EMP014,2,0.0,0.0,False
INV003740,SUP014,ST428,2015-12-05,2015-12-10,2015-12-13,41.04,41.04,Processed,EMP015,3,0.0,0.0,False
INV003741,SUP004,ST188,2015-12-05,2015-12-09,2015-12-12,1006.8,1006.8,Processed,EMP009,3,0.0,0.0,False
INV003742,SUP011,ST348,2015-12-05,2015-12-10,2015-12-15,239.4,239.4,Processed Late,EMP017,5,0.0,0.0,True
INV003743,SUP014,ST505,2015-12-05,2015-12-11,2015-12-16,119.46,119.46,Processed Late,EMP014,5,0.0,0.0,True
INV003744,SUP014,ST133,2015-12-05,2015-12-09,2015-12-14,262.24,262.24,Processed Late,EMP008,5,0.0,0.0,True
INV003745,SUP006,ST605,2015-12-05,2015-12-08,2015-12-13,159.41,159.41,Processed Late,EMP001,5,0.0,0.0,True
INV003746,SUP011,ST068,2015-12-05,2015-12-13,2015-12-15,1214.32,1214.32,Processed,EMP013,2,0.0,0.0,False
INV003747,SUP011,ST222,2015-12-05,2015-12-13,2015-12-14,26.74,26.74,Processed,EMP016,1,0.0,0.0,False
INV003748,SUP015,ST593,2015-12-05,2015-12-09,2015-12-11,3.91,3.98,Processed,EMP029,2,-0.07,0.07,False
INV003749,SUP001,ST220,2015-12-05,2015-12-09,2015-12-12,3625.78,3689.4,Processed,EMP021,3,-63.62,63.62,False
INV003750,SUP013,ST292,2015-12-05,2015-12-10,2015-12-13,1327.14,1327.14,Processed,EMP007,3,0.0,0.0,False
INV003751,SUP010,ST097,2015-12-05,2015-12-11,2015-12-19,293.74,293.74,Pending / Delayed,EMP020,8,0.0,0.0,True
INV003752,SUP010,ST179,2015-12-05,2015-12-11,2015-12-12,120.84,120.84,Processed,EMP023,1,0.0,0.0,False
INV003753,SUP004,ST383,2015-12-05,2015-12-08,2015-12-14,1831.96,1831.96,Processed Late,EMP017,6,0.0,0.0,True
INV003754,SUP007,ST073,2015-12-05,2015-12-10,2015-12-12,536.58,536.58,Processed,EMP009,2,0.0,0.0,False
INV003755,SUP010,ST592,2015-12-05,2015-12-09,2015-12-11,54.9,54.9,Processed,EMP019,2,0.0,0.0,False
INV003756,SUP007,ST561,2015-12-05,2015-12-13,2015-12-16,6.6,6.6,Processed,EMP001,3,0.0,0.0,False
INV003757,SUP008,ST489,2015-12-05,2015-12-12,2015-12-13,1856.3,1856.3,Processed,EMP010,1,0.0,0.0,False
INV003758,SUP009,ST274,2015-12-05,2015-12-12,2015-12-18,27.18,27.18,Processed Late,EMP009,6,0.0,0.0,True
INV003759,SUP010,ST296,2015-12-05,2015-12-09,2015-12-16,31.68,31.68,Pending / Delayed,EMP016,7,0.0,0.0,True
INV003760,SUP001,ST003,2015-12-05,2015-12-08,2015-12-09,45.89,45.89,Processed,EMP010,1,0.0,0.0,False
INV003761,SUP014,ST161,2015-12-20,2015-12-25,2016-01-03,4188.16,4188.16,Pending / Delayed,EMP015,9,0.0,0.0,True
INV003762,SUP011,ST357,2015-12-20,2015-12-28,2016-01-06,37.94,37.94,Pending / Delayed,EMP020,9,0.0,0.0,True
INV003763,SUP007,ST321,2015-12-20,2015-12-27,2016-01-02,137.02,137.02,Processed Late,EMP019,6,0.0,0.0,True
INV003764,SUP002,ST471,2015-12-20,2015-12-24,2016-01-05,35.28,35.28,Pending / Delayed,EMP012,12,0.0,0.0,True
INV003765,SUP011,ST192,2015-12-20,2015-12-27,2015-12-30,241.29,241.29,Processed,EMP026,3,0.0,0.0,False
INV003766,SUP004,ST316,2015-12-20,2015-12-27,2016-01-01,10.14,10.14,Processed Late,EMP008,5,0.0,0.0,True
INV003767,SUP012,ST033,2015-12-20,2015-12-27,2015-12-30,20.3,20.3,Processed,EMP029,3,0.0,0.0,False
INV003768,SUP001,ST365,2015-12-20,2015-12-23,2015-12-25,97.5,97.5,Processed,EMP001,2,0.0,0.0,False
INV003769,SUP007,ST523,2015-12-20,2015-12-23,2015-12-26,113.43,113.43,Processed,EMP011,3,0.0,0.0,False
INV003770,SUP015,ST120,2015-12-20,2015-12-25,2015-12-27,20.41,20.78,Processed,EMP008,2,-0.37,0.37,False
INV003771,SUP013,ST140,2015-12-20,2015-12-28,2016-01-01,984.2,984.2,Processed Late,EMP004,4,0.0,0.0,True
INV003772,SUP006,ST468,2015-12-20,2015-12-26,2015-12-28,202.95,202.95,Processed,EMP008,2,0.0,0.0,False
INV003773,SUP009,ST462,2015-12-20,2015-12-25,2015-12-26,4323.0,4323.0,Processed,EMP025,1,0.0,0.0,False
INV003774,SUP002,ST176,2015-12-20,2015-12-25,2015-12-27,878.8,878.8,Processed,EMP004,2,0.0,0.0,False
INV003775,SUP005,ST172,2015-12-20,2015-12-27,2015-12-30,389.0,389.0,Processed,EMP012,3,0.0,0.0,False
INV003776,SUP004,ST430,2015-12-20,2015-12-24,2015-12-25,20.79,20.79,Processed,EMP025,1,0.0,0.0,False
INV003777,SUP003,ST469,2015-12-20,2015-12-25,2015-12-29,6.96,6.96,Processed Late,EMP026,4,0.0,0.0,True
INV003778,SUP005,ST474,2015-12-20,2015-12-27,2015-12-29,1548.72,1548.72,Processed,EMP009,2,0.0,0.0,False
INV003779,SUP008,ST118,2015-12-20,2015-12-26,2015-12-31,399.66,399.66,Processed Late,EMP009,5,0.0,0.0,True
INV003780,SUP004,ST564,2015-12-20,2015-12-25,2015-12-26,40.3,40.3,Processed,EMP006,1,0.0,0.0,False
INV003781,SUP003,ST102,2015-12-20,2015-12-28,2015-12-30,2423.84,2423.84,Processed,EMP013,2,0.0,0.0,False
INV003782,SUP015,ST538,2015-12-20,2015-12-26,2016-01-05,47.25,47.25,Pending / Delayed,EMP015,10,0.0,0.0,True
INV003783,SUP012,ST005,2015-12-20,2015-12-28,2015-12-30,40.2,40.2,Processed,EMP029,2,0.0,0.0,False
INV003784,SUP013,ST115,2015-12-20,2015-12-25,2015-12-27,9.65,9.65,Processed,EMP024,2,0.0,0.0,False
INV003785,SUP006,ST564,2015-12-20,2015-12-24,2015-12-25,16.48,16.48,Processed,EMP015,1,0.0,0.0,False
INV003786,SUP010,ST475,2015-12-20,2015-12-27,2016-01-03,34.4,34.4,Pending / Delayed,EMP021,7,0.0,0.0,True
INV003787,SUP009,ST046,2015-12-20,2015-12-23,2015-12-25,74.05,74.05,Processed,EMP006,2,0.0,0.0,False
INV003788,SUP008,ST548,2015-12-20,2015-12-24,2015-12-30,37.68,37.68,Processed Late,EMP023,6,0.0,0.0,True
INV003789,SUP007,ST624,2015-12-20,2015-12-23,2015-12-25,26.4,26.4,Processed,EMP010,2,0.0,0.0,False
INV003790,SUP003,ST522,2015-12-20,2015-12-24,2015-12-28,451.6,451.6,Processed Late,EMP010,4,0.0,0.0,True
INV003791,SUP011,ST099,2015-12-20,2015-12-28,2015-12-31,306.02,306.02,Processed,EMP018,3,0.0,0.0,False
INV003792,SUP008,ST167,2015-12-20,2015-12-23,2015-12-26,24.64,24.64,Processed,EMP005,3,0.0,0.0,False
INV003793,SUP010,ST302,2015-12-20,2015-12-28,2015-12-29,778.05,778.05,Processed,EMP004,1,0.0,0.0,False
INV003794,SUP003,ST061,2015-12-20,2015-12-24,2015-12-27,168.03,168.03,Processed,EMP012,3,0.0,0.0,False
INV003795,SUP005,ST217,2015-12-20,2015-12-24,2015-12-25,1658.39,1696.3,Processed,EMP026,1,-37.91,37.91,False
INV003796,SUP002,ST432,2015-12-20,2015-12-26,2015-12-28,115.38,115.38,Processed,EMP013,2,0.0,0.0,False
INV003797,SUP011,ST130,2015-12-20,2015-12-27,2016-01-02,407.28,412.8,Processed Late,EMP001,6,-5.52,5.52,True
INV003798,SUP001,ST284,2015-12-20,2015-12-24,2015-12-25,2.7,2.7,Processed,EMP018,1,0.0,0.0,False
INV003799,SUP008,ST510,2015-12-20,2015-12-26,2015-12-31,267.66,267.66,Processed Late,EMP012,5,0.0,0.0,True
INV003800,SUP002,ST250,2015-12-20,2015-12-24,2015-12-27,15.54,15.54,Processed,EMP010,3,0.0,0.0,False
INV003801,SUP013,ST134,2015-12-20,2015-12-23,2015-12-24,35.44,33.6,Processed,EMP024,1,1.84,1.84,False
INV003802,SUP001,ST417,2015-12-20,2015-12-23,2015-12-24,1408.65,1408.65,Processed,EMP029,1,0.0,0.0,False
INV003803,SUP014,ST059,2015-12-20,2015-12-24,2015-12-27,22.64,22.64,Processed,EMP007,3,0.0,0.0,False
INV003804,SUP008,ST468,2015-12-20,2015-12-28,2015-12-30,29.25,29.25,Processed,EMP027,2,0.0,0.0,False
INV003805,SUP002,ST626,2015-12-20,2015-12-26,2015-12-27,7705.21,7449.26,Processed,EMP005,1,255.95,255.95,False
INV003806,SUP011,ST024,2015-12-20,2015-12-23,2015-12-24,27.48,27.48,Processed,EMP004,1,0.0,0.0,False
INV003807,SUP015,ST076,2015-12-20,2015-12-27,2015-12-28,17.92,17.92,Processed,EMP022,1,0.0,0.0,False
INV003808,SUP001,ST163,2015-12-20,2015-12-27,2015-12-28,55.02,55.02,Processed,EMP023,1,0.0,0.0,False
INV003809,SUP013,ST030,2015-12-20,2015-12-26,2015-12-29,132.48,132.48,Processed,EMP002,3,0.0,0.0,False
INV003810,SUP002,ST397,2015-12-20,2015-12-28,2015-12-30,95.19,95.19,Processed,EMP030,2,0.0,0.0,False
INV003811,SUP013,ST208,2015-12-20,2015-12-27,2016-01-02,162.9,162.9,Processed Late,EMP004,6,0.0,0.0,True
INV003812,SUP001,ST376,2015-12-20,2015-12-25,2015-12-27,1029.35,1029.35,Processed,EMP001,2,0.0,0.0,False
INV003813,SUP007,ST403,2015-12-20,2015-12-26,2015-12-27,20.15,20.15,Processed,EMP013,1,0.0,0.0,False
INV003814,SUP012,ST404,2015-12-20,2015-12-26,2016-01-01,11.7,11.7,Processed Late,EMP020,6,0.0,0.0,True
INV003815,SUP007,ST371,2015-12-20,2015-12-26,2015-12-28,648.8,648.8,Processed,EMP001,2,0.0,0.0,False
INV003816,SUP013,ST261,2015-12-20,2015-12-23,2015-12-27,884.84,884.84,Processed Late,EMP021,4,0.0,0.0,True
INV003817,SUP007,ST401,2015-12-20,2015-12-27,2015-12-30,1113.9,1113.9,Processed,EMP004,3,0.0,0.0,False
INV003818,SUP004,ST231,2015-12-20,2015-12-28,2015-12-30,3490.3,3490.3,Processed,EMP003,2,0.0,0.0,False
INV003819,SUP011,ST620,2015-12-20,2015-12-25,2015-12-26,3208.01,3208.01,Processed,EMP006,1,0.0,0.0,False
INV003820,SUP014,ST173,2015-12-20,2015-12-27,2015-12-31,1673.6,1673.6,Processed Late,EMP001,4,0.0,0.0,True
INV003821,SUP002,ST091,2015-12-20,2015-12-27,2016-01-01,2852.64,3094.05,Processed Late,EMP003,5,-241.41,241.41,True
INV003822,SUP007,ST141,2015-12-20,2015-12-24,2015-12-30,25.9,25.9,Processed Late,EMP006,6,0.0,0.0,True
INV003823,SUP005,ST155,2015-12-20,2015-12-25,2015-12-26,117.8,117.8,Processed,EMP025,1,0.0,0.0,False
INV003824,SUP011,ST041,2015-12-20,2015-12-26,2015-12-29,258.48,258.48,Processed,EMP029,3,0.0,0.0,False
INV003825,SUP010,ST101,2015-12-20,2015-12-24,2015-12-25,60.38,64.43,Processed,EMP026,1,-4.05,4.05,False
INV003826,SUP012,ST319,2015-12-20,2015-12-27,2015-12-28,81.8,88.74,Processed,EMP005,1,-6.94,6.94,False
INV003827,SUP005,ST226,2015-12-20,2015-12-25,2015-12-29,71.6,71.6,Processed Late,EMP009,4,0.0,0.0,True
INV003828,SUP015,ST138,2015-12-20,2015-12-23,2015-12-25,618.14,647.64,Processed,EMP009,2,-29.5,29.5,False
INV003829,SUP011,ST059,2015-12-20,2015-12-28,2015-12-30,203.7,203.7,Processed,EMP027,2,0.0,0.0,False
INV003830,SUP005,ST208,2015-12-20,2015-12-28,2016-01-02,71.74,68.76,Processed Late,EMP030,5,2.98,2.98,True
INV003831,SUP012,ST375,2015-12-20,2015-12-24,2016-01-01,18.36,18.36,Pending / Delayed,EMP030,8,0.0,0.0,True
INV003832,SUP012,ST274,2015-12-20,2015-12-23,2015-12-29,1006.18,1006.18,Processed Late,EMP011,6,0.0,0.0,True
INV003833,SUP007,ST578,2015-12-20,2015-12-23,2015-12-31,42.4,42.4,Pending / Delayed,EMP028,8,0.0,0.0,True
INV003834,SUP007,ST601,2015-12-20,2015-12-23,2015-12-28,42.84,42.84,Processed Late,EMP012,5,0.0,0.0,True
INV003835,SUP006,ST246,2015-12-20,2015-12-27,2015-12-28,56.4,56.4,Processed,EMP015,1,0.0,0.0,False
INV003836,SUP014,ST278,2015-12-20,2015-12-28,2015-12-31,30.4,30.4,Processed,EMP026,3,0.0,0.0,False
INV003837,SUP013,ST066,2015-12-20,2015-12-24,2015-12-26,128.16,128.16,Processed,EMP028,2,0.0,0.0,False
INV003838,SUP003,ST352,2015-12-20,2015-12-23,2015-12-24,2248.84,2273.4,Processed,EMP011,1,-24.56,24.56,False
INV003839,SUP015,ST009,2015-12-20,2015-12-23,2015-12-24,183.26,183.26,Processed,EMP005,1,0.0,0.0,False
INV003840,SUP014,ST350,2015-12-20,2015-12-25,2015-12-29,166.65,166.65,Processed Late,EMP011,4,0.0,0.0,True
INV003841,SUP006,ST381,2016-01-05,2016-01-10,2016-01-14,673.25,698.74,Processed Late,EMP024,4,-25.49,25.49,True
INV003842,SUP008,ST187,2016-01-05,2016-01-13,2016-01-16,39.76,39.76,Processed,EMP027,3,0.0,0.0,False
INV003843,SUP014,ST283,2016-01-05,2016-01-08,2016-01-13,58.86,58.86,Processed Late,EMP023,5,0.0,0.0,True
INV003844,SUP010,ST122,2016-01-05,2016-01-12,2016-01-13,440.44,440.44,Processed,EMP022,1,0.0,0.0,False
INV003845,SUP014,ST293,2016-01-05,2016-01-13,2016-01-15,56.98,56.98,Processed,EMP029,2,0.0,0.0,False
INV003846,SUP010,ST201,2016-01-05,2016-01-08,2016-01-10,214.1,214.1,Processed,EMP028,2,0.0,0.0,False
INV003847,SUP014,ST120,2016-01-05,2016-01-12,2016-01-17,112.07,112.07,Processed Late,EMP010,5,0.0,0.0,True
INV003848,SUP004,ST058,2016-01-05,2016-01-13,2016-01-16,12459.96,12459.96,Processed,EMP029,3,0.0,0.0,False
INV003849,SUP013,ST469,2016-01-05,2016-01-13,2016-01-15,41.4,41.4,Processed,EMP015,2,0.0,0.0,False
INV003850,SUP011,ST125,2016-01-05,2016-01-10,2016-01-12,17.66,17.66,Processed,EMP023,2,0.0,0.0,False
INV003851,SUP003,ST124,2016-01-05,2016-01-09,2016-01-14,3011.84,3011.84,Processed Late,EMP029,5,0.0,0.0,True
INV003852,SUP015,ST571,2016-01-05,2016-01-13,2016-01-15,554.61,554.61,Processed,EMP028,2,0.0,0.0,False
INV003853,SUP014,ST287,2016-01-05,2016-01-08,2016-01-13,53.13,53.13,Processed Late,EMP008,5,0.0,0.0,True
INV003854,SUP005,ST274,2016-01-05,2016-01-10,2016-01-13,120.96,120.96,Processed,EMP029,3,0.0,0.0,False
INV003855,SUP011,ST168,2016-01-05,2016-01-13,2016-01-16,537.95,537.95,Processed,EMP002,3,0.0,0.0,False
INV003856,SUP006,ST152,2016-01-05,2016-01-13,2016-01-16,154.8,154.8,Processed,EMP004,3,0.0,0.0,False
INV003857,SUP010,ST441,2016-01-05,2016-01-13,2016-01-17,29.28,29.28,Processed Late,EMP028,4,0.0,0.0,True
INV003858,SUP004,ST480,2016-01-05,2016-01-09,2016-01-11,525.84,525.84,Processed,EMP023,2,0.0,0.0,False
INV003859,SUP011,ST048,2016-01-05,2016-01-08,2016-01-11,90.4,90.4,Processed,EMP019,3,0.0,0.0,False
INV003860,SUP015,ST550,2016-01-05,2016-01-08,2016-01-11,365.16,365.16,Processed,EMP008,3,0.0,0.0,False
INV003861,SUP009,ST047,2016-01-05,2016-01-13,2016-01-19,1466.92,1466.92,Processed Late,EMP022,6,0.0,0.0,True
INV003862,SUP011,ST183,2016-01-05,2016-01-13,2016-01-15,18.18,18.18,Processed,EMP019,2,0.0,0.0,False
INV003863,SUP008,ST200,2016-01-05,2016-01-13,2016-01-15,68.42,68.42,Processed,EMP013,2,0.0,0.0,False
INV003864,SUP004,ST588,2016-01-05,2016-01-12,2016-01-15,4.8,4.8,Processed,EMP023,3,0.0,0.0,False
INV003865,SUP009,ST089,2016-01-05,2016-01-10,2016-01-14,3002.64,3002.64,Processed Late,EMP017,4,0.0,0.0,True
INV003866,SUP004,ST388,2016-01-05,2016-01-09,2016-01-12,1235.31,1235.31,Processed,EMP017,3,0.0,0.0,False
INV003867,SUP009,ST401,2016-01-05,2016-01-09,2016-01-15,203.06,203.06,Processed Late,EMP018,6,0.0,0.0,True
INV003868,SUP003,ST590,2016-01-05,2016-01-08,2016-01-20,73.86,73.86,Pending / Delayed,EMP012,12,0.0,0.0,True
INV003869,SUP012,ST383,2016-01-05,2016-01-10,2016-01-11,94.41,94.41,Processed,EMP012,1,0.0,0.0,False
INV003870,SUP003,ST174,2016-01-05,2016-01-12,2016-01-20,17.36,17.36,Pending / Delayed,EMP015,8,0.0,0.0,True
INV003871,SUP010,ST195,2016-01-05,2016-01-08,2016-01-11,92.55,95.68,Processed,EMP001,3,-3.13,3.13,False
INV003872,SUP006,ST486,2016-01-05,2016-01-08,2016-01-10,17.16,17.29,Processed,EMP008,2,-0.13,0.13,False
INV003873,SUP004,ST434,2016-01-05,2016-01-13,2016-01-18,82.94,82.94,Processed Late,EMP010,5,0.0,0.0,True
INV003874,SUP001,ST481,2016-01-05,2016-01-10,2016-01-12,749.34,749.34,Processed,EMP025,2,0.0,0.0,False
INV003875,SUP008,ST047,2016-01-05,2016-01-12,2016-01-15,31.5,31.5,Processed,EMP018,3,0.0,0.0,False
INV003876,SUP013,ST124,2016-01-05,2016-01-12,2016-01-14,908.6,909.86,Processed,EMP013,2,-1.26,1.26,False
INV003877,SUP004,ST391,2016-01-05,2016-01-10,2016-01-15,1073.23,1039.85,Processed Late,EMP030,5,33.38,33.38,True
INV003878,SUP003,ST406,2016-01-05,2016-01-12,2016-01-15,6.4,6.4,Processed,EMP007,3,0.0,0.0,False
INV003879,SUP009,ST574,2016-01-05,2016-01-12,2016-01-24,798.19,798.19,Pending / Delayed,EMP008,12,0.0,0.0,True
INV003880,SUP008,ST446,2016-01-05,2016-01-11,2016-01-13,132.52,132.52,Processed,EMP016,2,0.0,0.0,False
INV003881,SUP008,ST206,2016-01-05,2016-01-08,2016-01-09,1458.6,1458.6,Processed,EMP016,1,0.0,0.0,False
INV003882,SUP004,ST222,2016-01-05,2016-01-09,2016-01-13,4133.6,4133.6,Processed Late,EMP008,4,0.0,0.0,True
INV003883,SUP009,ST018,2016-01-05,2016-01-11,2016-01-14,24.99,24.99,Processed,EMP011,3,0.0,0.0,False
INV003884,SUP003,ST355,2016-01-05,2016-01-11,2016-01-16,292.55,301.73,Processed Late,EMP012,5,-9.18,9.18,True
INV003885,SUP014,ST189,2016-01-05,2016-01-09,2016-01-12,1342.6,1342.6,Processed,EMP004,3,0.0,0.0,False
INV003886,SUP007,ST188,2016-01-05,2016-01-09,2016-01-13,210.21,210.21,Processed Late,EMP008,4,0.0,0.0,True
INV003887,SUP001,ST399,2016-01-05,2016-01-12,2016-01-14,63.2,63.2,Processed,EMP017,2,0.0,0.0,False
INV003888,SUP004,ST069,2016-01-05,2016-01-10,2016-01-13,4306.95,4306.95,Processed,EMP015,3,0.0,0.0,False
INV003889,SUP011,ST504,2016-01-05,2016-01-13,2016-01-14,20.88,20.88,Processed,EMP010,1,0.0,0.0,False
INV003890,SUP011,ST323,2016-01-05,2016-01-13,2016-01-15,1128.69,1128.69,Processed,EMP002,2,0.0,0.0,False
INV003891,SUP013,ST125,2016-01-05,2016-01-10,2016-01-13,429.59,429.59,Processed,EMP017,3,0.0,0.0,False
INV003892,SUP011,ST074,2016-01-05,2016-01-10,2016-01-14,10.14,10.14,Processed Late,EMP014,4,0.0,0.0,True
INV003893,SUP011,ST059,2016-01-05,2016-01-09,2016-01-11,408.24,408.24,Processed,EMP019,2,0.0,0.0,False
INV003894,SUP004,ST585,2016-01-05,2016-01-13,2016-01-23,104.72,104.72,Pending / Delayed,EMP010,10,0.0,0.0,True
INV003895,SUP006,ST284,2016-01-05,2016-01-08,2016-01-11,1016.99,1016.99,Processed,EMP016,3,0.0,0.0,False
INV003896,SUP010,ST075,2016-01-05,2016-01-12,2016-01-14,2256.28,2256.28,Processed,EMP015,2,0.0,0.0,False
INV003897,SUP007,ST275,2016-01-05,2016-01-13,2016-01-14,146.44,146.44,Processed,EMP011,1,0.0,0.0,False
INV003898,SUP011,ST351,2016-01-05,2016-01-09,2016-01-20,524.0,524.0,Pending / Delayed,EMP017,11,0.0,0.0,True
INV003899,SUP015,ST094,2016-01-05,2016-01-12,2016-01-17,447.82,448.1,Processed Late,EMP023,5,-0.28,0.28,True
INV003900,SUP004,ST606,2016-01-05,2016-01-08,2016-01-13,267.82,267.82,Processed Late,EMP014,5,0.0,0.0,True
INV003901,SUP013,ST190,2016-01-05,2016-01-13,2016-01-14,64.03,64.03,Processed,EMP022,1,0.0,0.0,False
INV003902,SUP001,ST260,2016-01-05,2016-01-10,2016-01-14,841.28,841.28,Processed Late,EMP011,4,0.0,0.0,True
INV003903,SUP002,ST509,2016-01-05,2016-01-08,2016-01-13,2774.91,2616.74,Processed Late,EMP002,5,158.17,158.17,True
INV003904,SUP002,ST207,2016-01-05,2016-01-11,2016-01-12,45.4,45.4,Processed,EMP013,1,0.0,0.0,False
INV003905,SUP010,ST414,2016-01-05,2016-01-08,2016-01-09,24.23,25.95,Processed,EMP005,1,-1.72,1.72,False
INV003906,SUP007,ST038,2016-01-05,2016-01-11,2016-01-14,1286.0,1286.0,Processed,EMP003,3,0.0,0.0,False
INV003907,SUP003,ST437,2016-01-05,2016-01-10,2016-01-22,71.23,71.23,Pending / Delayed,EMP013,12,0.0,0.0,True
INV003908,SUP010,ST190,2016-01-05,2016-01-09,2016-01-10,2370.24,2370.24,Processed,EMP009,1,0.0,0.0,False
INV003909,SUP001,ST472,2016-01-05,2016-01-09,2016-01-12,77.98,77.98,Processed,EMP022,3,0.0,0.0,False
INV003910,SUP009,ST487,2016-01-05,2016-01-13,2016-01-16,451.2,451.2,Processed,EMP011,3,0.0,0.0,False
INV003911,SUP011,ST213,2016-01-05,2016-01-08,2016-01-14,472.55,472.55,Processed Late,EMP028,6,0.0,0.0,True
INV003912,SUP010,ST094,2016-01-05,2016-01-12,2016-01-13,77.37,72.93,Processed,EMP010,1,4.44,4.44,False
INV003913,SUP009,ST593,2016-01-05,2016-01-11,2016-01-13,28.82,28.82,Processed,EMP015,2,0.0,0.0,False
INV003914,SUP001,ST163,2016-01-05,2016-01-11,2016-01-13,28.71,28.71,Processed,EMP025,2,0.0,0.0,False
INV003915,SUP001,ST358,2016-01-05,2016-01-12,2016-01-13,7.6,7.6,Processed,EMP007,1,0.0,0.0,False
INV003916,SUP005,ST577,2016-01-05,2016-01-09,2016-01-13,52.08,52.08,Processed Late,EMP008,4,0.0,0.0,True
INV003917,SUP012,ST052,2016-01-05,2016-01-08,2016-01-15,28.16,28.16,Pending / Delayed,EMP001,7,0.0,0.0,True
INV003918,SUP008,ST406,2016-01-05,2016-01-12,2016-01-14,49.8,49.8,Processed,EMP014,2,0.0,0.0,False
INV003919,SUP007,ST509,2016-01-05,2016-01-13,2016-01-15,242.06,242.06,Processed,EMP028,2,0.0,0.0,False
INV003920,SUP008,ST317,2016-01-05,2016-01-11,2016-01-16,155.09,156.8,Processed Late,EMP007,5,-1.71,1.71,True
INV003921,SUP006,ST437,2016-01-20,2016-01-23,2016-01-28,170.08,170.08,Processed Late,EMP010,5,0.0,0.0,True
INV003922,SUP007,ST251,2016-01-20,2016-01-26,2016-01-30,13.44,13.44,Processed Late,EMP027,4,0.0,0.0,True
INV003923,SUP001,ST603,2016-01-20,2016-01-28,2016-01-31,2446.92,2446.92,Processed,EMP014,3,0.0,0.0,False
INV003924,SUP003,ST476,2016-01-20,2016-01-26,2016-01-30,24.8,24.8,Processed Late,EMP014,4,0.0,0.0,True
INV003925,SUP010,ST367,2016-01-20,2016-01-24,2016-01-25,11.85,11.85,Processed,EMP009,1,0.0,0.0,False
INV003926,SUP004,ST051,2016-01-20,2016-01-26,2016-01-29,588.28,588.28,Processed,EMP011,3,0.0,0.0,False
INV003927,SUP003,ST377,2016-01-20,2016-01-23,2016-01-29,32.64,32.64,Processed Late,EMP010,6,0.0,0.0,True
INV003928,SUP008,ST424,2016-01-20,2016-01-23,2016-01-25,7.7,7.7,Processed,EMP019,2,0.0,0.0,False
INV003929,SUP002,ST322,2016-01-20,2016-01-28,2016-02-06,69.19,69.19,Pending / Delayed,EMP003,9,0.0,0.0,True
INV003930,SUP009,ST584,2016-01-20,2016-01-27,2016-02-06,62.1,62.1,Pending / Delayed,EMP004,10,0.0,0.0,True
INV003931,SUP005,ST424,2016-01-20,2016-01-27,2016-02-02,310.1,310.1,Processed Late,EMP009,6,0.0,0.0,True
INV003932,SUP013,ST269,2016-01-20,2016-01-27,2016-02-07,77.44,77.44,Pending / Delayed,EMP029,11,0.0,0.0,True
INV003933,SUP005,ST075,2016-01-20,2016-01-27,2016-01-29,37.53,37.53,Processed,EMP008,2,0.0,0.0,False
INV003934,SUP015,ST618,2016-01-20,2016-01-25,2016-01-28,131.28,131.5,Processed,EMP021,3,-0.22,0.22,False
INV003935,SUP014,ST265,2016-01-20,2016-01-27,2016-01-29,1123.2,1123.2,Processed,EMP005,2,0.0,0.0,False
INV003936,SUP010,ST277,2016-01-20,2016-01-25,2016-01-26,4758.88,4758.88,Processed,EMP023,1,0.0,0.0,False
INV003937,SUP011,ST575,2016-01-20,2016-01-25,2016-01-26,2.5,2.5,Processed,EMP007,1,0.0,0.0,False
INV003938,SUP006,ST513,2016-01-20,2016-01-27,2016-02-04,353.88,353.88,Pending / Delayed,EMP019,8,0.0,0.0,True
INV003939,SUP004,ST590,2016-01-20,2016-01-25,2016-01-27,541.62,541.62,Processed,EMP023,2,0.0,0.0,False
INV003940,SUP015,ST277,2016-01-20,2016-01-27,2016-02-02,28.08,28.08,Processed Late,EMP007,6,0.0,0.0,True
INV003941,SUP001,ST585,2016-01-20,2016-01-24,2016-01-28,29.33,29.33,Processed Late,EMP030,4,0.0,0.0,True
INV003942,SUP002,ST491,2016-01-20,2016-01-28,2016-02-03,6.6,6.6,Processed Late,EMP010,6,0.0,0.0,True
INV003943,SUP014,ST532,2016-01-20,2016-01-25,2016-01-28,1177.32,1177.32,Processed,EMP013,3,0.0,0.0,False
INV003944,SUP013,ST423,2016-01-20,2016-01-24,2016-01-29,255.2,255.2,Processed Late,EMP002,5,0.0,0.0,True
INV003945,SUP003,ST129,2016-01-20,2016-01-28,2016-01-31,2829.65,2829.65,Processed,EMP020,3,0.0,0.0,False
INV003946,SUP005,ST581,2016-01-20,2016-01-25,2016-01-27,6.06,6.06,Processed,EMP011,2,0.0,0.0,False
INV003947,SUP002,ST152,2016-01-20,2016-01-25,2016-01-27,82.72,82.72,Processed,EMP003,2,0.0,0.0,False
INV003948,SUP001,ST145,2016-01-20,2016-01-27,2016-01-29,179.8,179.8,Processed,EMP015,2,0.0,0.0,False
INV003949,SUP004,ST473,2016-01-20,2016-01-27,2016-01-30,438.58,466.62,Processed,EMP003,3,-28.04,28.04,False
INV003950,SUP009,ST610,2016-01-20,2016-01-26,2016-02-05,166.29,175.0,Pending / Delayed,EMP025,10,-8.71,8.71,True
INV003951,SUP011,ST483,2016-01-20,2016-01-26,2016-01-28,478.44,478.44,Processed,EMP002,2,0.0,0.0,False
INV003952,SUP002,ST588,2016-01-20,2016-01-27,2016-01-28,2756.55,2756.55,Processed,EMP020,1,0.0,0.0,False
INV003953,SUP006,ST566,2016-01-20,2016-01-26,2016-01-27,27.8,27.8,Processed,EMP030,1,0.0,0.0,False
INV003954,SUP007,ST398,2016-01-20,2016-01-26,2016-01-27,100.4,100.4,Processed,EMP019,1,0.0,0.0,False
INV003955,SUP009,ST564,2016-01-20,2016-01-24,2016-01-28,47.04,47.04,Processed Late,EMP013,4,0.0,0.0,True
INV003956,SUP003,ST196,2016-01-20,2016-01-23,2016-01-26,3648.56,3648.56,Processed,EMP025,3,0.0,0.0,False
INV003957,SUP004,ST200,2016-01-20,2016-01-27,2016-02-02,106.56,106.56,Processed Late,EMP008,6,0.0,0.0,True
INV003958,SUP007,ST213,2016-01-20,2016-01-28,2016-01-31,10.56,10.56,Processed,EMP007,3,0.0,0.0,False
INV003959,SUP008,ST594,2016-01-20,2016-01-27,2016-02-08,960.43,1024.1,Pending / Delayed,EMP026,12,-63.67,63.67,True
INV003960,SUP009,ST029,2016-01-20,2016-01-25,2016-01-26,65.66,65.66,Processed,EMP026,1,0.0,0.0,False
INV003961,SUP015,ST145,2016-01-20,2016-01-27,2016-02-02,23.88,23.88,Processed Late,EMP017,6,0.0,0.0,True
INV003962,SUP010,ST052,2016-01-20,2016-01-25,2016-01-28,415.4,415.4,Processed,EMP024,3,0.0,0.0,False
INV003963,SUP008,ST449,2016-01-20,2016-01-27,2016-01-29,183.24,183.24,Processed,EMP007,2,0.0,0.0,False
INV003964,SUP001,ST310,2016-01-20,2016-01-24,2016-01-25,223.84,223.84,Processed,EMP007,1,0.0,0.0,False
INV003965,SUP004,ST550,2016-01-20,2016-01-23,2016-01-25,108.0,108.0,Processed,EMP007,2,0.0,0.0,False
INV003966,SUP009,ST625,2016-01-20,2016-01-26,2016-01-28,17.57,17.57,Processed,EMP027,2,0.0,0.0,False
INV003967,SUP008,ST345,2016-01-20,2016-01-24,2016-01-25,33.88,33.88,Processed,EMP003,1,0.0,0.0,False
INV003968,SUP003,ST240,2016-01-20,2016-01-24,2016-01-27,270.56,270.56,Processed,EMP013,3,0.0,0.0,False
INV003969,SUP007,ST588,2016-01-20,2016-01-25,2016-01-30,390.56,390.56,Processed Late,EMP025,5,0.0,0.0,True
INV003970,SUP004,ST023,2016-01-20,2016-01-26,2016-01-27,29.92,29.92,Processed,EMP023,1,0.0,0.0,False
INV003971,SUP008,ST070,2016-01-20,2016-01-26,2016-01-29,678.2,678.2,Processed,EMP022,3,0.0,0.0,False
INV003972,SUP006,ST011,2016-01-20,2016-01-26,2016-01-30,114.6,114.6,Processed Late,EMP014,4,0.0,0.0,True
INV003973,SUP008,ST625,2016-01-20,2016-01-27,2016-01-30,32.1,32.1,Processed,EMP014,3,0.0,0.0,False
INV003974,SUP012,ST059,2016-01-20,2016-01-26,2016-01-31,8376.72,8376.72,Processed Late,EMP025,5,0.0,0.0,True
INV003975,SUP002,ST178,2016-01-20,2016-01-25,2016-01-27,89.42,89.31,Processed,EMP023,2,0.11,0.11,False
INV003976,SUP005,ST500,2016-01-20,2016-01-27,2016-01-28,3140.4,3140.4,Processed,EMP030,1,0.0,0.0,False
INV003977,SUP012,ST135,2016-01-20,2016-01-27,2016-01-31,72.7,72.7,Processed Late,EMP005,4,0.0,0.0,True
INV003978,SUP002,ST596,2016-01-20,2016-01-26,2016-01-28,35.91,35.91,Processed,EMP017,2,0.0,0.0,False
INV003979,SUP003,ST136,2016-01-20,2016-01-25,2016-01-26,1514.56,1514.56,Processed,EMP005,1,0.0,0.0,False
INV003980,SUP014,ST424,2016-01-20,2016-01-26,2016-01-27,2271.1,2271.1,Processed,EMP004,1,0.0,0.0,False
INV003981,SUP013,ST105,2016-01-20,2016-01-28,2016-01-31,2218.63,2218.63,Processed,EMP027,3,0.0,0.0,False
INV003982,SUP005,ST424,2016-01-20,2016-01-23,2016-01-28,227.63,227.63,Processed Late,EMP015,5,0.0,0.0,True
INV003983,SUP001,ST396,2016-01-20,2016-01-27,2016-01-29,19.74,19.74,Processed,EMP021,2,0.0,0.0,False
INV003984,SUP014,ST452,2016-01-20,2016-01-26,2016-02-02,470.63,470.63,Pending / Delayed,EMP013,7,0.0,0.0,True
INV003985,SUP006,ST518,2016-01-20,2016-01-26,2016-01-28,99.11,99.11,Processed,EMP021,2,0.0,0.0,False
INV003986,SUP001,ST599,2016-01-20,2016-01-25,2016-01-28,212.1,212.1,Processed,EMP027,3,0.0,0.0,False
INV003987,SUP005,ST261,2016-01-20,2016-01-28,2016-01-29,33.46,33.46,Processed,EMP020,1,0.0,0.0,False
INV003988,SUP008,ST256,2016-01-20,2016-01-23,2016-01-24,11.82,11.82,Processed,EMP017,1,0.0,0.0,False
INV003989,SUP002,ST191,2016-01-20,2016-01-23,2016-01-26,343.4,343.4,Processed,EMP008,3,0.0,0.0,False
INV003990,SUP001,ST123,2016-01-20,2016-01-28,2016-01-31,2057.4,2057.4,Processed,EMP011,3,0.0,0.0,False
INV003991,SUP012,ST355,2016-01-20,2016-01-25,2016-01-27,125.28,125.28,Processed,EMP029,2,0.0,0.0,False
INV003992,SUP015,ST076,2016-01-20,2016-01-25,2016-01-27,159.69,159.69,Processed,EMP030,2,0.0,0.0,False
INV003993,SUP008,ST299,2016-01-20,2016-01-25,2016-01-26,11.94,11.94,Processed,EMP010,1,0.0,0.0,False
INV003994,SUP006,ST107,2016-01-20,2016-01-27,2016-02-02,31.73,30.96,Processed Late,EMP028,6,0.77,0.77,True
INV003995,SUP003,ST613,2016-01-20,2016-01-24,2016-01-26,216.0,216.0,Processed,EMP019,2,0.0,0.0,False
INV003996,SUP003,ST180,2016-01-20,2016-01-24,2016-01-28,527.8,527.8,Processed Late,EMP013,4,0.0,0.0,True
INV003997,SUP004,ST226,2016-01-20,2016-01-27,2016-01-28,56.7,56.7,Processed,EMP015,1,0.0,0.0,False
INV003998,SUP006,ST297,2016-01-20,2016-01-25,2016-01-26,7.7,7.7,Processed,EMP002,1,0.0,0.0,False
INV003999,SUP007,ST329,2016-01-20,2016-01-26,2016-01-27,248.6,248.6,Processed,EMP015,1,0.0,0.0,False
INV004000,SUP004,ST200,2016-01-20,2016-01-24,2016-01-25,60.06,60.06,Processed,EMP014,1,0.0,0.0,False
INV004001,SUP004,ST297,2016-02-05,2016-02-10,2016-02-16,319.58,319.58,Processed Late,EMP006,6,0.0,0.0,True
INV004002,SUP014,ST019,2016-02-05,2016-02-08,2016-02-13,936.0,936.0,Processed Late,EMP010,5,0.0,0.0,True
INV004003,SUP010,ST595,2016-02-05,2016-02-09,2016-02-10,1070.64,1070.64,Processed,EMP013,1,0.0,0.0,False
INV004004,SUP013,ST171,2016-02-05,2016-02-09,2016-02-15,21.3,21.3,Processed Late,EMP003,6,0.0,0.0,True
INV004005,SUP007,ST520,2016-02-05,2016-02-10,2016-02-13,103.22,103.22,Processed,EMP016,3,0.0,0.0,False
INV004006,SUP011,ST459,2016-02-05,2016-02-08,2016-02-11,37.92,37.92,Processed,EMP009,3,0.0,0.0,False
INV004007,SUP011,ST215,2016-02-05,2016-02-08,2016-02-10,21.55,21.98,Processed,EMP028,2,-0.43,0.43,False
INV004008,SUP005,ST190,2016-02-05,2016-02-12,2016-02-17,40.92,40.92,Processed Late,EMP024,5,0.0,0.0,True
INV004009,SUP003,ST164,2016-02-05,2016-02-12,2016-02-15,150.45,150.45,Processed,EMP007,3,0.0,0.0,False
INV004010,SUP002,ST409,2016-02-05,2016-02-11,2016-02-20,12.6,12.6,Pending / Delayed,EMP023,9,0.0,0.0,True
INV004011,SUP010,ST138,2016-02-05,2016-02-12,2016-02-17,340.88,340.88,Processed Late,EMP002,5,0.0,0.0,True
INV004012,SUP015,ST162,2016-02-05,2016-02-10,2016-02-13,48.23,48.23,Processed,EMP026,3,0.0,0.0,False
INV004013,SUP006,ST421,2016-02-05,2016-02-11,2016-02-12,70.73,70.73,Processed,EMP022,1,0.0,0.0,False
INV004014,SUP006,ST596,2016-02-05,2016-02-12,2016-02-16,79.02,79.02,Processed Late,EMP007,4,0.0,0.0,True
INV004015,SUP011,ST158,2016-02-05,2016-02-12,2016-02-14,2867.1,2867.1,Processed,EMP021,2,0.0,0.0,False
INV004016,SUP003,ST044,2016-02-05,2016-02-10,2016-02-14,27.55,27.61,Processed Late,EMP026,4,-0.06,0.06,True
INV004017,SUP005,ST527,2016-02-05,2016-02-11,2016-02-16,8.16,8.16,Processed Late,EMP026,5,0.0,0.0,True
INV004018,SUP004,ST210,2016-02-05,2016-02-12,2016-02-18,21.85,21.85,Processed Late,EMP022,6,0.0,0.0,True
INV004019,SUP001,ST045,2016-02-05,2016-02-10,2016-02-11,417.81,417.81,Processed,EMP027,1,0.0,0.0,False
INV004020,SUP004,ST161,2016-02-05,2016-02-11,2016-02-14,4495.59,4495.59,Processed,EMP011,3,0.0,0.0,False
INV004021,SUP003,ST097,2016-02-05,2016-02-11,2016-02-12,62.84,62.84,Processed,EMP005,1,0.0,0.0,False
INV004022,SUP005,ST524,2016-02-05,2016-02-11,2016-02-12,348.64,348.64,Processed,EMP008,1,0.0,0.0,False
INV004023,SUP014,ST446,2016-02-05,2016-02-13,2016-02-14,2090.27,2090.27,Processed,EMP017,1,0.0,0.0,False
INV004024,SUP007,ST306,2016-02-05,2016-02-10,2016-02-13,49.4,49.4,Processed,EMP017,3,0.0,0.0,False
INV004025,SUP006,ST269,2016-02-05,2016-02-11,2016-02-17,453.15,468.6,Processed Late,EMP028,6,-15.45,15.45,True
INV004026,SUP005,ST137,2016-02-05,2016-02-11,2016-02-15,3.23,3.0,Processed Late,EMP001,4,0.23,0.23,True
INV004027,SUP015,ST515,2016-02-05,2016-02-10,2016-02-13,2712.92,2712.92,Processed,EMP012,3,0.0,0.0,False
INV004028,SUP014,ST322,2016-02-05,2016-02-09,2016-02-15,49.54,52.92,Processed Late,EMP021,6,-3.38,3.38,True
INV004029,SUP005,ST409,2016-02-05,2016-02-10,2016-02-12,3056.22,3051.58,Processed,EMP013,2,4.64,4.64,False
INV004030,SUP012,ST133,2016-02-05,2016-02-08,2016-02-11,15.9,15.9,Processed,EMP007,3,0.0,0.0,False
INV004031,SUP003,ST447,2016-02-05,2016-02-11,2016-02-13,22.89,22.89,Processed,EMP005,2,0.0,0.0,False
INV004032,SUP001,ST313,2016-02-05,2016-02-08,2016-02-10,1781.12,1781.12,Processed,EMP009,2,0.0,0.0,False
INV004033,SUP005,ST545,2016-02-05,2016-02-11,2016-02-14,436.59,436.59,Processed,EMP020,3,0.0,0.0,False
INV004034,SUP008,ST524,2016-02-05,2016-02-12,2016-02-13,129.05,129.05,Processed,EMP021,1,0.0,0.0,False
INV004035,SUP014,ST630,2016-02-05,2016-02-09,2016-02-12,79.85,79.85,Processed,EMP029,3,0.0,0.0,False
INV004036,SUP010,ST628,2016-02-05,2016-02-13,2016-02-18,293.55,293.55,Processed Late,EMP026,5,0.0,0.0,True
INV004037,SUP003,ST527,2016-02-05,2016-02-09,2016-02-16,21.6,21.6,Pending / Delayed,EMP024,7,0.0,0.0,True
INV004038,SUP004,ST443,2016-02-05,2016-02-12,2016-02-13,108.87,108.87,Processed,EMP015,1,0.0,0.0,False
INV004039,SUP012,ST173,2016-02-05,2016-02-08,2016-02-16,134.22,134.22,Pending / Delayed,EMP008,8,0.0,0.0,True
INV004040,SUP004,ST166,2016-02-05,2016-02-11,2016-02-12,64.92,64.92,Processed,EMP020,1,0.0,0.0,False
INV004041,SUP004,ST099,2016-02-05,2016-02-11,2016-02-12,134.24,134.24,Processed,EMP023,1,0.0,0.0,False
INV004042,SUP003,ST277,2016-02-05,2016-02-08,2016-02-09,128.91,128.91,Processed,EMP005,1,0.0,0.0,False
INV004043,SUP001,ST364,2016-02-05,2016-02-10,2016-02-14,688.41,688.41,Processed Late,EMP009,4,0.0,0.0,True
INV004044,SUP014,ST631,2016-02-05,2016-02-11,2016-02-14,1698.55,1698.55,Processed,EMP009,3,0.0,0.0,False
INV004045,SUP001,ST062,2016-02-05,2016-02-11,2016-02-16,39.2,39.2,Processed Late,EMP012,5,0.0,0.0,True
INV004046,SUP003,ST469,2016-02-05,2016-02-12,2016-02-14,172.52,172.52,Processed,EMP010,2,0.0,0.0,False
INV004047,SUP009,ST212,2016-02-05,2016-02-10,2016-02-13,28.35,28.35,Processed,EMP026,3,0.0,0.0,False
INV004048,SUP015,ST209,2016-02-05,2016-02-10,2016-02-11,25.76,25.76,Processed,EMP018,1,0.0,0.0,False
INV004049,SUP012,ST086,2016-02-05,2016-02-13,2016-02-19,284.24,284.24,Processed Late,EMP003,6,0.0,0.0,True
INV004050,SUP009,ST413,2016-02-05,2016-02-13,2016-02-14,17.4,17.4,Processed,EMP019,1,0.0,0.0,False
INV004051,SUP007,ST566,2016-02-05,2016-02-09,2016-02-11,51.2,51.2,Processed,EMP017,2,0.0,0.0,False
INV004052,SUP002,ST195,2016-02-05,2016-02-10,2016-02-13,84.55,84.55,Processed,EMP026,3,0.0,0.0,False
INV004053,SUP004,ST232,2016-02-05,2016-02-11,2016-02-16,238.35,234.9,Processed Late,EMP023,5,3.45,3.45,True
INV004054,SUP014,ST521,2016-02-05,2016-02-08,2016-02-09,17.75,17.75,Processed,EMP009,1,0.0,0.0,False
INV004055,SUP010,ST065,2016-02-05,2016-02-09,2016-02-10,48.93,48.93,Processed,EMP022,1,0.0,0.0,False
INV004056,SUP013,ST021,2016-02-05,2016-02-13,2016-02-16,29.16,29.16,Processed,EMP011,3,0.0,0.0,False
INV004057,SUP011,ST045,2016-02-05,2016-02-11,2016-02-12,103.53,103.53,Processed,EMP008,1,0.0,0.0,False
INV004058,SUP003,ST007,2016-02-05,2016-02-09,2016-02-12,1637.87,1637.87,Processed,EMP004,3,0.0,0.0,False
INV004059,SUP014,ST273,2016-02-05,2016-02-08,2016-02-15,604.1,604.1,Pending / Delayed,EMP008,7,0.0,0.0,True
INV004060,SUP008,ST622,2016-02-05,2016-02-11,2016-02-13,176.52,176.52,Processed,EMP024,2,0.0,0.0,False
INV004061,SUP009,ST114,2016-02-05,2016-02-11,2016-02-13,16.7,16.7,Processed,EMP008,2,0.0,0.0,False
INV004062,SUP009,ST253,2016-02-05,2016-02-08,2016-02-10,689.1,689.1,Processed,EMP006,2,0.0,0.0,False
INV004063,SUP008,ST183,2016-02-05,2016-02-11,2016-02-12,17.16,17.16,Processed,EMP022,1,0.0,0.0,False
INV004064,SUP007,ST378,2016-02-05,2016-02-10,2016-02-15,299.52,299.52,Processed Late,EMP027,5,0.0,0.0,True
INV004065,SUP010,ST363,2016-02-05,2016-02-09,2016-02-10,27.58,27.58,Processed,EMP030,1,0.0,0.0,False
INV004066,SUP008,ST210,2016-02-05,2016-02-08,2016-02-11,32.84,31.35,Processed,EMP018,3,1.49,1.49,False
INV004067,SUP015,ST167,2016-02-05,2016-02-11,2016-02-14,58.14,58.14,Processed,EMP008,3,0.0,0.0,False
INV004068,SUP011,ST446,2016-02-05,2016-02-13,2016-02-15,564.03,564.03,Processed,EMP023,2,0.0,0.0,False
INV004069,SUP015,ST140,2016-02-05,2016-02-09,2016-02-15,461.35,477.28,Processed Late,EMP021,6,-15.93,15.93,True
INV004070,SUP011,ST487,2016-02-05,2016-02-13,2016-02-19,4.24,4.24,Processed Late,EMP011,6,0.0,0.0,True
INV004071,SUP005,ST065,2016-02-05,2016-02-12,2016-02-13,77.94,82.35,Processed,EMP026,1,-4.41,4.41,False
INV004072,SUP009,ST004,2016-02-05,2016-02-08,2016-02-09,22.26,22.26,Processed,EMP003,1,0.0,0.0,False
INV004073,SUP011,ST510,2016-02-05,2016-02-12,2016-02-17,441.22,413.28,Processed Late,EMP015,5,27.94,27.94,True
INV004074,SUP014,ST585,2016-02-05,2016-02-11,2016-02-14,649.48,649.48,Processed,EMP004,3,0.0,0.0,False
INV004075,SUP009,ST199,2016-02-05,2016-02-12,2016-02-14,52.53,51.6,Processed,EMP012,2,0.93,0.93,False
INV004076,SUP002,ST421,2016-02-05,2016-02-12,2016-02-15,170.28,170.28,Processed,EMP009,3,0.0,0.0,False
INV004077,SUP009,ST352,2016-02-05,2016-02-12,2016-02-16,40.61,39.93,Processed Late,EMP007,4,0.68,0.68,True
INV004078,SUP009,ST110,2016-02-05,2016-02-11,2016-02-17,405.6,405.6,Processed Late,EMP022,6,0.0,0.0,True
INV004079,SUP005,ST297,2016-02-05,2016-02-11,2016-02-14,592.8,592.8,Processed,EMP016,3,0.0,0.0,False
INV004080,SUP009,ST404,2016-02-05,2016-02-10,2016-02-15,17.01,17.01,Processed Late,EMP023,5,0.0,0.0,True
INV004081,SUP015,ST033,2016-02-20,2016-02-26,2016-02-28,69.72,69.72,Processed,EMP013,2,0.0,0.0,False
INV004082,SUP001,ST407,2016-02-20,2016-02-28,2016-02-29,8.76,8.76,Processed,EMP014,1,0.0,0.0,False
INV004083,SUP001,ST019,2016-02-20,2016-02-28,2016-03-02,1148.36,1148.36,Processed,EMP019,3,0.0,0.0,False
INV004084,SUP005,ST368,2016-02-20,2016-02-23,2016-03-02,17.4,17.4,Pending / Delayed,EMP002,8,0.0,0.0,True
INV004085,SUP015,ST553,2016-02-20,2016-02-24,2016-02-26,34.38,34.38,Processed,EMP025,2,0.0,0.0,False
INV004086,SUP013,ST043,2016-02-20,2016-02-28,2016-03-01,1337.44,1337.44,Processed,EMP006,2,0.0,0.0,False
INV004087,SUP009,ST565,2016-02-20,2016-02-26,2016-03-09,31.24,31.24,Pending / Delayed,EMP008,12,0.0,0.0,True
INV004088,SUP014,ST109,2016-02-20,2016-02-28,2016-03-02,67.49,67.49,Processed,EMP030,3,0.0,0.0,False
INV004089,SUP004,ST015,2016-02-20,2016-02-24,2016-02-29,2079.0,2079.0,Processed Late,EMP001,5,0.0,0.0,True
INV004090,SUP001,ST001,2016-02-20,2016-02-24,2016-02-25,28.21,28.21,Processed,EMP020,1,0.0,0.0,False
INV004091,SUP013,ST413,2016-02-20,2016-02-23,2016-02-28,332.41,332.41,Processed Late,EMP009,5,0.0,0.0,True
INV004092,SUP001,ST367,2016-02-20,2016-02-24,2016-02-26,196.43,196.43,Processed,EMP010,2,0.0,0.0,False
INV004093,SUP013,ST579,2016-02-20,2016-02-28,2016-03-01,840.25,840.25,Processed,EMP004,2,0.0,0.0,False
INV004094,SUP011,ST302,2016-02-20,2016-02-28,2016-03-01,1182.24,1182.24,Processed,EMP008,2,0.0,0.0,False
INV004095,SUP013,ST492,2016-02-20,2016-02-27,2016-02-28,2512.0,2512.0,Processed,EMP014,1,0.0,0.0,False
INV004096,SUP003,ST425,2016-02-20,2016-02-25,2016-02-27,4.9,4.9,Processed,EMP015,2,0.0,0.0,False
INV004097,SUP004,ST438,2016-02-20,2016-02-24,2016-02-26,3073.11,3260.75,Processed,EMP025,2,-187.64,187.64,False
INV004098,SUP005,ST303,2016-02-20,2016-02-25,2016-03-01,25.85,25.85,Processed Late,EMP024,5,0.0,0.0,True
INV004099,SUP001,ST403,2016-02-20,2016-02-23,2016-02-26,160.32,160.32,Processed,EMP010,3,0.0,0.0,False
INV004100,SUP009,ST411,2016-02-20,2016-02-25,2016-02-26,198.0,198.0,Processed,EMP030,1,0.0,0.0,False
INV004101,SUP007,ST146,2016-02-20,2016-02-23,2016-02-29,9767.78,9767.78,Processed Late,EMP028,6,0.0,0.0,True
INV004102,SUP010,ST612,2016-02-20,2016-02-24,2016-02-27,38.04,38.04,Processed,EMP012,3,0.0,0.0,False
INV004103,SUP015,ST436,2016-02-20,2016-02-28,2016-03-01,14.45,14.45,Processed,EMP006,2,0.0,0.0,False
INV004104,SUP001,ST340,2016-02-20,2016-02-27,2016-03-01,34.16,34.16,Processed,EMP018,3,0.0,0.0,False
INV004105,SUP001,ST265,2016-02-20,2016-02-24,2016-03-02,9.13,9.13,Pending / Delayed,EMP008,7,0.0,0.0,True
INV004106,SUP005,ST555,2016-02-20,2016-02-26,2016-02-28,3138.03,3138.03,Processed,EMP002,2,0.0,0.0,False
INV004107,SUP004,ST616,2016-02-20,2016-02-27,2016-02-29,1593.0,1593.0,Processed,EMP004,2,0.0,0.0,False
INV004108,SUP014,ST238,2016-02-20,2016-02-25,2016-03-03,19.6,19.32,Pending / Delayed,EMP005,7,0.28,0.28,True
INV004109,SUP014,ST084,2016-02-20,2016-02-26,2016-02-28,46.32,46.32,Processed,EMP002,2,0.0,0.0,False
INV004110,SUP004,ST105,2016-02-20,2016-02-27,2016-03-09,48.6,48.6,Pending / Delayed,EMP023,11,0.0,0.0,True
INV004111,SUP004,ST404,2016-02-20,2016-02-24,2016-02-27,22.71,22.71,Processed,EMP007,3,0.0,0.0,False
INV004112,SUP015,ST070,2016-02-20,2016-02-23,2016-02-29,25.69,25.69,Processed Late,EMP018,6,0.0,0.0,True
INV004113,SUP008,ST507,2016-02-20,2016-02-25,2016-02-26,506.1,506.1,Processed,EMP007,1,0.0,0.0,False
INV004114,SUP009,ST253,2016-02-20,2016-02-23,2016-02-27,33.9,33.9,Processed Late,EMP005,4,0.0,0.0,True
INV004115,SUP011,ST329,2016-02-20,2016-02-26,2016-02-28,77.73,83.79,Processed,EMP025,2,-6.06,6.06,False
INV004116,SUP011,ST313,2016-02-20,2016-02-27,2016-02-29,10.57,10.57,Processed,EMP009,2,0.0,0.0,False
INV004117,SUP014,ST321,2016-02-20,2016-02-23,2016-03-06,1275.04,1275.04,Pending / Delayed,EMP016,12,0.0,0.0,True
INV004118,SUP006,ST501,2016-02-20,2016-02-25,2016-03-01,54.55,54.55,Processed Late,EMP012,5,0.0,0.0,True
INV004119,SUP001,ST345,2016-02-20,2016-02-27,2016-03-03,397.52,397.52,Processed Late,EMP030,5,0.0,0.0,True
INV004120,SUP010,ST095,2016-02-20,2016-02-23,2016-03-04,9.84,9.84,Pending / Delayed,EMP015,10,0.0,0.0,True
INV004121,SUP008,ST236,2016-02-20,2016-02-27,2016-03-01,37.44,37.44,Processed,EMP022,3,0.0,0.0,False
INV004122,SUP003,ST305,2016-02-20,2016-02-24,2016-02-25,25.39,25.68,Processed,EMP021,1,-0.29,0.29,False
INV004123,SUP014,ST303,2016-02-20,2016-02-26,2016-03-02,1682.23,1788.12,Processed Late,EMP015,5,-105.89,105.89,True
INV004124,SUP010,ST308,2016-02-20,2016-02-24,2016-02-29,147.52,147.52,Processed Late,EMP007,5,0.0,0.0,True
INV004125,SUP014,ST618,2016-02-20,2016-02-24,2016-02-25,10.72,10.72,Processed,EMP021,1,0.0,0.0,False
INV004126,SUP009,ST548,2016-02-20,2016-02-25,2016-02-28,28.74,26.88,Processed,EMP029,3,1.86,1.86,False
INV004127,SUP004,ST432,2016-02-20,2016-02-28,2016-02-29,2344.8,2344.8,Processed,EMP012,1,0.0,0.0,False
INV004128,SUP004,ST534,2016-02-20,2016-02-23,2016-02-24,14.0,14.0,Processed,EMP014,1,0.0,0.0,False
INV004129,SUP009,ST486,2016-02-20,2016-02-23,2016-02-28,41.7,41.7,Processed Late,EMP009,5,0.0,0.0,True
INV004130,SUP009,ST070,2016-02-20,2016-02-24,2016-02-25,155.47,155.47,Processed,EMP021,1,0.0,0.0,False
INV004131,SUP008,ST202,2016-02-20,2016-02-27,2016-03-03,72.45,72.45,Processed Late,EMP030,5,0.0,0.0,True
INV004132,SUP006,ST065,2016-02-20,2016-02-27,2016-03-03,1980.18,1980.18,Processed Late,EMP005,5,0.0,0.0,True
INV004133,SUP005,ST419,2016-02-20,2016-02-23,2016-02-24,20.4,20.4,Processed,EMP010,1,0.0,0.0,False
INV004134,SUP012,ST232,2016-02-20,2016-02-26,2016-02-28,1214.24,1214.24,Processed,EMP012,2,0.0,0.0,False
INV004135,SUP009,ST579,2016-02-20,2016-02-28,2016-03-03,172.54,161.82,Processed Late,EMP016,4,10.72,10.72,True
INV004136,SUP004,ST300,2016-02-20,2016-02-23,2016-02-26,32.55,32.55,Processed,EMP014,3,0.0,0.0,False
INV004137,SUP012,ST491,2016-02-20,2016-02-28,2016-03-02,25.9,25.9,Processed,EMP011,3,0.0,0.0,False
INV004138,SUP010,ST408,2016-02-20,2016-02-25,2016-03-01,810.15,766.78,Processed Late,EMP012,5,43.37,43.37,True
INV004139,SUP014,ST406,2016-02-20,2016-02-23,2016-02-28,1238.82,1238.82,Processed Late,EMP013,5,0.0,0.0,True
INV004140,SUP007,ST441,2016-02-20,2016-02-24,2016-02-26,970.2,970.2,Processed,EMP015,2,0.0,0.0,False
INV004141,SUP010,ST600,2016-02-20,2016-02-27,2016-03-01,9.24,9.24,Processed,EMP009,3,0.0,0.0,False
INV004142,SUP009,ST610,2016-02-20,2016-02-24,2016-03-05,370.62,370.62,Pending / Delayed,EMP010,10,0.0,0.0,True
INV004143,SUP001,ST545,2016-02-20,2016-02-27,2016-03-01,4050.76,4050.76,Processed,EMP002,3,0.0,0.0,False
INV004144,SUP012,ST088,2016-02-20,2016-02-25,2016-02-27,116.4,116.4,Processed,EMP017,2,0.0,0.0,False
INV004145,SUP005,ST295,2016-02-20,2016-02-24,2016-03-04,67.4,69.0,Pending / Delayed,EMP020,9,-1.6,1.6,True
INV004146,SUP012,ST527,2016-02-20,2016-02-28,2016-03-03,128.59,128.59,Processed Late,EMP011,4,0.0,0.0,True
INV004147,SUP008,ST175,2016-02-20,2016-02-25,2016-02-26,33.44,33.44,Processed,EMP009,1,0.0,0.0,False
INV004148,SUP012,ST585,2016-02-20,2016-02-27,2016-03-04,367.37,367.37,Processed Late,EMP020,6,0.0,0.0,True
INV004149,SUP009,ST114,2016-02-20,2016-02-24,2016-02-27,54.72,54.72,Processed,EMP020,3,0.0,0.0,False
INV004150,SUP008,ST598,2016-02-20,2016-02-28,2016-02-29,73.71,73.71,Processed,EMP002,1,0.0,0.0,False
INV004151,SUP015,ST076,2016-02-20,2016-02-28,2016-03-01,626.81,626.81,Processed,EMP016,2,0.0,0.0,False
INV004152,SUP011,ST624,2016-02-20,2016-02-25,2016-03-08,39.81,42.48,Pending / Delayed,EMP008,12,-2.67,2.67,True
INV004153,SUP006,ST595,2016-02-20,2016-02-24,2016-02-28,38.08,38.08,Processed Late,EMP013,4,0.0,0.0,True
INV004154,SUP013,ST102,2016-02-20,2016-02-25,2016-02-26,107.5,107.5,Processed,EMP028,1,0.0,0.0,False
INV004155,SUP013,ST164,2016-02-20,2016-02-27,2016-03-01,706.96,706.96,Processed,EMP005,3,0.0,0.0,False
INV004156,SUP003,ST223,2016-02-20,2016-02-25,2016-02-27,236.16,236.16,Processed,EMP009,2,0.0,0.0,False
INV004157,SUP013,ST445,2016-02-20,2016-02-25,2016-02-26,6264.9,6264.9,Processed,EMP005,1,0.0,0.0,False
INV004158,SUP010,ST504,2016-02-20,2016-02-27,2016-03-03,12.96,12.96,Processed Late,EMP017,5,0.0,0.0,True
INV004159,SUP006,ST591,2016-02-20,2016-02-23,2016-02-24,2127.87,2211.3,Processed,EMP009,1,-83.43,83.43,False
INV004160,SUP010,ST587,2016-02-20,2016-02-24,2016-02-25,430.7,430.7,Processed,EMP014,1,0.0,0.0,False
INV004161,SUP010,ST049,2016-03-05,2016-03-09,2016-03-15,1519.83,1567.1,Processed Late,EMP013,6,-47.27,47.27,True
INV004162,SUP007,ST434,2016-03-05,2016-03-08,2016-03-11,100.08,100.08,Processed,EMP009,3,0.0,0.0,False
INV004163,SUP006,ST092,2016-03-05,2016-03-13,2016-03-25,25.29,25.29,Pending / Delayed,EMP024,12,0.0,0.0,True
INV004164,SUP001,ST476,2016-03-05,2016-03-10,2016-03-11,50.22,50.22,Processed,EMP029,1,0.0,0.0,False
INV004165,SUP011,ST405,2016-03-05,2016-03-10,2016-03-13,51.72,51.72,Processed,EMP030,3,0.0,0.0,False
INV004166,SUP004,ST599,2016-03-05,2016-03-10,2016-03-11,136.35,136.35,Processed,EMP024,1,0.0,0.0,False
INV004167,SUP009,ST129,2016-03-05,2016-03-08,2016-03-09,21.6,21.6,Processed,EMP019,1,0.0,0.0,False
INV004168,SUP014,ST323,2016-03-05,2016-03-11,2016-03-12,2884.1,2748.02,Processed,EMP005,1,136.08,136.08,False
INV004169,SUP001,ST588,2016-03-05,2016-03-10,2016-03-18,255.06,255.06,Pending / Delayed,EMP011,8,0.0,0.0,True
INV004170,SUP009,ST104,2016-03-05,2016-03-08,2016-03-11,1489.14,1489.14,Processed,EMP004,3,0.0,0.0,False
INV004171,SUP006,ST063,2016-03-05,2016-03-13,2016-03-14,9.5,9.5,Processed,EMP019,1,0.0,0.0,False
INV004172,SUP004,ST411,2016-03-05,2016-03-11,2016-03-15,108.08,108.08,Processed Late,EMP016,4,0.0,0.0,True
INV004173,SUP007,ST412,2016-03-05,2016-03-13,2016-03-19,930.78,930.78,Processed Late,EMP013,6,0.0,0.0,True
INV004174,SUP006,ST522,2016-03-05,2016-03-09,2016-03-12,41.96,41.96,Processed,EMP009,3,0.0,0.0,False
INV004175,SUP006,ST248,2016-03-05,2016-03-10,2016-03-14,330.2,330.2,Processed Late,EMP014,4,0.0,0.0,True
INV004176,SUP009,ST330,2016-03-05,2016-03-11,2016-03-12,111.8,111.8,Processed,EMP016,1,0.0,0.0,False
INV004177,SUP005,ST462,2016-03-05,2016-03-12,2016-03-15,67.73,67.73,Processed,EMP030,3,0.0,0.0,False
INV004178,SUP014,ST385,2016-03-05,2016-03-10,2016-03-13,968.28,968.28,Processed,EMP001,3,0.0,0.0,False
INV004179,SUP006,ST356,2016-03-05,2016-03-11,2016-03-12,553.18,553.18,Processed,EMP014,1,0.0,0.0,False
INV004180,SUP007,ST629,2016-03-05,2016-03-12,2016-03-14,473.06,473.06,Processed,EMP012,2,0.0,0.0,False
INV004181,SUP015,ST246,2016-03-05,2016-03-10,2016-03-11,36.12,36.12,Processed,EMP027,1,0.0,0.0,False
INV004182,SUP014,ST163,2016-03-05,2016-03-11,2016-03-17,811.44,811.44,Processed Late,EMP001,6,0.0,0.0,True
INV004183,SUP011,ST388,2016-03-05,2016-03-09,2016-03-15,326.1,326.1,Processed Late,EMP016,6,0.0,0.0,True
INV004184,SUP005,ST182,2016-03-05,2016-03-08,2016-03-11,2825.4,2825.4,Processed,EMP005,3,0.0,0.0,False
INV004185,SUP005,ST071,2016-03-05,2016-03-08,2016-03-09,224.7,224.7,Processed,EMP029,1,0.0,0.0,False
INV004186,SUP010,ST473,2016-03-05,2016-03-13,2016-03-22,59.96,60.99,Pending / Delayed,EMP025,9,-1.03,1.03,True
INV004187,SUP014,ST307,2016-03-05,2016-03-08,2016-03-14,1590.16,1590.16,Processed Late,EMP026,6,0.0,0.0,True
INV004188,SUP006,ST128,2016-03-05,2016-03-08,2016-03-09,31.2,31.2,Processed,EMP014,1,0.0,0.0,False
INV004189,SUP003,ST503,2016-03-05,2016-03-10,2016-03-13,126.73,126.73,Processed,EMP025,3,0.0,0.0,False
INV004190,SUP007,ST214,2016-03-05,2016-03-13,2016-03-18,473.5,473.5,Processed Late,EMP002,5,0.0,0.0,True
INV004191,SUP005,ST266,2016-03-05,2016-03-11,2016-03-13,268.92,268.92,Processed,EMP009,2,0.0,0.0,False
INV004192,SUP010,ST236,2016-03-05,2016-03-11,2016-03-15,8.1,8.1,Processed Late,EMP012,4,0.0,0.0,True
INV004193,SUP010,ST422,2016-03-05,2016-03-09,2016-03-12,329.68,329.68,Processed,EMP024,3,0.0,0.0,False
INV004194,SUP007,ST267,2016-03-05,2016-03-13,2016-03-15,37.2,37.2,Processed,EMP005,2,0.0,0.0,False
INV004195,SUP003,ST518,2016-03-05,2016-03-11,2016-03-12,3.65,3.96,Processed,EMP015,1,-0.31,0.31,False
INV004196,SUP009,ST466,2016-03-05,2016-03-08,2016-03-09,410.8,410.8,Processed,EMP001,1,0.0,0.0,False
INV004197,SUP006,ST115,2016-03-05,2016-03-11,2016-03-13,1469.76,1469.76,Processed,EMP024,2,0.0,0.0,False
INV004198,SUP015,ST465,2016-03-05,2016-03-10,2016-03-15,73.8,73.8,Processed Late,EMP019,5,0.0,0.0,True
INV004199,SUP005,ST202,2016-03-05,2016-03-12,2016-03-13,655.3,660.11,Processed,EMP006,1,-4.81,4.81,False
INV004200,SUP009,ST123,2016-03-05,2016-03-11,2016-03-16,54.9,54.9,Processed Late,EMP012,5,0.0,0.0,True
INV004201,SUP014,ST278,2016-03-05,2016-03-11,2016-03-13,125.58,125.58,Processed,EMP012,2,0.0,0.0,False
INV004202,SUP010,ST516,2016-03-05,2016-03-09,2016-03-10,1229.99,1284.58,Processed,EMP004,1,-54.59,54.59,False
INV004203,SUP009,ST482,2016-03-05,2016-03-12,2016-03-19,70.38,70.38,Pending / Delayed,EMP011,7,0.0,0.0,True
INV004204,SUP004,ST240,2016-03-05,2016-03-10,2016-03-13,684.06,684.06,Processed,EMP028,3,0.0,0.0,False
INV004205,SUP008,ST015,2016-03-05,2016-03-08,2016-03-13,300.08,300.08,Processed Late,EMP024,5,0.0,0.0,True
INV004206,SUP010,ST013,2016-03-05,2016-03-13,2016-03-14,610.38,610.38,Processed,EMP003,1,0.0,0.0,False
INV004207,SUP014,ST430,2016-03-05,2016-03-09,2016-03-10,324.35,324.35,Processed,EMP024,1,0.0,0.0,False
INV004208,SUP003,ST358,2016-03-05,2016-03-13,2016-03-19,4707.06,4707.06,Processed Late,EMP001,6,0.0,0.0,True
INV004209,SUP015,ST269,2016-03-05,2016-03-12,2016-03-15,22.26,22.26,Processed,EMP024,3,0.0,0.0,False
INV004210,SUP004,ST088,2016-03-05,2016-03-08,2016-03-11,888.02,888.02,Processed,EMP016,3,0.0,0.0,False
INV004211,SUP003,ST008,2016-03-05,2016-03-12,2016-03-14,39.91,39.91,Processed,EMP016,2,0.0,0.0,False
INV004212,SUP001,ST507,2016-03-05,2016-03-09,2016-03-15,1978.2,1978.2,Processed Late,EMP025,6,0.0,0.0,True
INV004213,SUP004,ST164,2016-03-05,2016-03-11,2016-03-17,58.4,58.4,Processed Late,EMP027,6,0.0,0.0,True
INV004214,SUP011,ST078,2016-03-05,2016-03-09,2016-03-15,21.78,21.78,Processed Late,EMP026,6,0.0,0.0,True
INV004215,SUP005,ST102,2016-03-05,2016-03-12,2016-03-14,122.57,122.57,Processed,EMP021,2,0.0,0.0,False
INV004216,SUP008,ST029,2016-03-05,2016-03-12,2016-03-13,215.9,215.9,Processed,EMP027,1,0.0,0.0,False
INV004217,SUP012,ST400,2016-03-05,2016-03-10,2016-03-16,539.79,539.79,Processed Late,EMP020,6,0.0,0.0,True
INV004218,SUP003,ST182,2016-03-05,2016-03-10,2016-03-13,142.2,142.2,Processed,EMP003,3,0.0,0.0,False
INV004219,SUP013,ST148,2016-03-05,2016-03-08,2016-03-09,2824.72,2824.72,Processed,EMP003,1,0.0,0.0,False
INV004220,SUP015,ST220,2016-03-05,2016-03-09,2016-03-11,5.22,5.22,Processed,EMP030,2,0.0,0.0,False
INV004221,SUP014,ST053,2016-03-05,2016-03-11,2016-03-15,186.2,186.2,Processed Late,EMP030,4,0.0,0.0,True
INV004222,SUP007,ST102,2016-03-05,2016-03-13,2016-03-16,86.24,86.24,Processed,EMP009,3,0.0,0.0,False
INV004223,SUP003,ST560,2016-03-05,2016-03-09,2016-03-11,7.14,7.14,Processed,EMP019,2,0.0,0.0,False
INV004224,SUP015,ST156,2016-03-05,2016-03-08,2016-03-09,23.42,25.41,Processed,EMP008,1,-1.99,1.99,False
INV004225,SUP004,ST401,2016-03-05,2016-03-10,2016-03-14,81.48,81.48,Processed Late,EMP006,4,0.0,0.0,True
INV004226,SUP006,ST202,2016-03-05,2016-03-08,2016-03-09,916.62,916.62,Processed,EMP011,1,0.0,0.0,False
INV004227,SUP006,ST477,2016-03-05,2016-03-08,2016-03-14,320.2,320.2,Processed Late,EMP009,6,0.0,0.0,True
INV004228,SUP002,ST507,2016-03-05,2016-03-13,2016-03-17,578.76,578.76,Processed Late,EMP018,4,0.0,0.0,True
INV004229,SUP010,ST013,2016-03-05,2016-03-11,2016-03-14,19.68,19.68,Processed,EMP021,3,0.0,0.0,False
INV004230,SUP008,ST092,2016-03-05,2016-03-13,2016-03-23,166.56,166.56,Pending / Delayed,EMP010,10,0.0,0.0,True
INV004231,SUP003,ST165,2016-03-05,2016-03-09,2016-03-13,160.29,160.29,Processed Late,EMP008,4,0.0,0.0,True
INV004232,SUP007,ST580,2016-03-05,2016-03-08,2016-03-11,557.68,557.68,Processed,EMP027,3,0.0,0.0,False
INV004233,SUP002,ST400,2016-03-05,2016-03-10,2016-03-20,1411.17,1368.18,Pending / Delayed,EMP011,10,42.99,42.99,True
INV004234,SUP013,ST260,2016-03-05,2016-03-12,2016-03-13,453.25,453.25,Processed,EMP018,1,0.0,0.0,False
INV004235,SUP013,ST115,2016-03-05,2016-03-13,2016-03-17,18.8,18.8,Processed Late,EMP030,4,0.0,0.0,True
INV004236,SUP013,ST071,2016-03-05,2016-03-09,2016-03-10,363.8,363.8,Processed,EMP027,1,0.0,0.0,False
INV004237,SUP005,ST251,2016-03-05,2016-03-13,2016-03-17,372.58,372.58,Processed Late,EMP010,4,0.0,0.0,True
INV004238,SUP013,ST309,2016-03-05,2016-03-09,2016-03-11,53.1,53.1,Processed,EMP028,2,0.0,0.0,False
INV004239,SUP003,ST096,2016-03-05,2016-03-09,2016-03-12,33.9,33.9,Processed,EMP010,3,0.0,0.0,False
INV004240,SUP004,ST602,2016-03-05,2016-03-13,2016-03-15,1060.2,1060.2,Processed,EMP028,2,0.0,0.0,False
INV004241,SUP012,ST018,2016-03-20,2016-03-28,2016-04-01,7.44,7.44,Processed Late,EMP005,4,0.0,0.0,True
INV004242,SUP008,ST486,2016-03-20,2016-03-26,2016-03-27,708.29,708.29,Processed,EMP009,1,0.0,0.0,False
INV004243,SUP003,ST431,2016-03-20,2016-03-27,2016-04-01,202.74,202.74,Processed Late,EMP008,5,0.0,0.0,True
INV004244,SUP003,ST482,2016-03-20,2016-03-23,2016-03-25,88.0,93.1,Processed,EMP019,2,-5.1,5.1,False
INV004245,SUP005,ST571,2016-03-20,2016-03-23,2016-03-27,423.2,423.2,Processed Late,EMP005,4,0.0,0.0,True
INV004246,SUP006,ST368,2016-03-20,2016-03-25,2016-03-31,85.8,85.8,Processed Late,EMP024,6,0.0,0.0,True
INV004247,SUP001,ST135,2016-03-20,2016-03-27,2016-04-07,54.99,54.99,Pending / Delayed,EMP027,11,0.0,0.0,True
INV004248,SUP006,ST550,2016-03-20,2016-03-25,2016-03-28,51.0,51.0,Processed,EMP014,3,0.0,0.0,False
INV004249,SUP007,ST554,2016-03-20,2016-03-27,2016-03-29,548.2,548.2,Processed,EMP008,2,0.0,0.0,False
INV004250,SUP013,ST549,2016-03-20,2016-03-26,2016-03-31,113.63,113.63,Processed Late,EMP022,5,0.0,0.0,True
INV004251,SUP013,ST527,2016-03-20,2016-03-25,2016-03-28,575.45,575.45,Processed,EMP029,3,0.0,0.0,False
INV004252,SUP001,ST010,2016-03-20,2016-03-23,2016-03-26,12.72,12.72,Processed,EMP018,3,0.0,0.0,False
INV004253,SUP005,ST025,2016-03-20,2016-03-26,2016-03-30,244.7,244.7,Processed Late,EMP027,4,0.0,0.0,True
INV004254,SUP011,ST571,2016-03-20,2016-03-28,2016-03-31,63.72,63.72,Processed,EMP017,3,0.0,0.0,False
INV004255,SUP008,ST299,2016-03-20,2016-03-28,2016-04-03,39.35,39.35,Processed Late,EMP002,6,0.0,0.0,True
INV004256,SUP007,ST308,2016-03-20,2016-03-26,2016-03-29,132.4,132.4,Processed,EMP001,3,0.0,0.0,False
INV004257,SUP012,ST542,2016-03-20,2016-03-28,2016-03-29,47.88,47.88,Processed,EMP024,1,0.0,0.0,False
INV004258,SUP013,ST334,2016-03-20,2016-03-27,2016-03-31,16.26,16.26,Processed Late,EMP021,4,0.0,0.0,True
INV004259,SUP007,ST277,2016-03-20,2016-03-23,2016-03-24,41.99,41.99,Processed,EMP010,1,0.0,0.0,False
INV004260,SUP004,ST588,2016-03-20,2016-03-24,2016-03-27,101.16,101.16,Processed,EMP010,3,0.0,0.0,False
INV004261,SUP003,ST152,2016-03-20,2016-03-27,2016-03-28,33.24,34.56,Processed,EMP011,1,-1.32,1.32,False
INV004262,SUP004,ST504,2016-03-20,2016-03-23,2016-03-27,348.12,348.12,Processed Late,EMP005,4,0.0,0.0,True
INV004263,SUP006,ST002,2016-03-20,2016-03-24,2016-03-27,178.4,178.4,Processed,EMP011,3,0.0,0.0,False
INV004264,SUP001,ST019,2016-03-20,2016-03-23,2016-03-24,622.32,622.32,Processed,EMP029,1,0.0,0.0,False
INV004265,SUP005,ST413,2016-03-20,2016-03-26,2016-03-29,75.18,75.18,Processed,EMP004,3,0.0,0.0,False
INV004266,SUP001,ST004,2016-03-20,2016-03-25,2016-03-30,59.6,59.6,Processed Late,EMP006,5,0.0,0.0,True
INV004267,SUP010,ST093,2016-03-20,2016-03-23,2016-03-26,57.34,62.2,Processed,EMP011,3,-4.86,4.86,False
INV004268,SUP001,ST024,2016-03-20,2016-03-28,2016-03-30,27.71,26.4,Processed,EMP029,2,1.31,1.31,False
INV004269,SUP013,ST156,2016-03-20,2016-03-24,2016-03-30,439.6,439.6,Processed Late,EMP026,6,0.0,0.0,True
INV004270,SUP008,ST596,2016-03-20,2016-03-23,2016-03-30,1145.11,1204.79,Pending / Delayed,EMP009,7,-59.68,59.68,True
INV004271,SUP012,ST046,2016-03-20,2016-03-26,2016-03-28,2150.4,2150.4,Processed,EMP009,2,0.0,0.0,False
INV004272,SUP006,ST308,2016-03-20,2016-03-23,2016-03-29,32.3,32.3,Processed Late,EMP002,6,0.0,0.0,True
INV004273,SUP014,ST561,2016-03-20,2016-03-23,2016-04-01,6.12,6.12,Pending / Delayed,EMP001,9,0.0,0.0,True
INV004274,SUP001,ST052,2016-03-20,2016-03-26,2016-04-01,1357.2,1357.2,Processed Late,EMP023,6,0.0,0.0,True
INV004275,SUP011,ST225,2016-03-20,2016-03-28,2016-03-29,661.6,661.6,Processed,EMP022,1,0.0,0.0,False
INV004276,SUP012,ST251,2016-03-20,2016-03-23,2016-03-26,427.8,427.8,Processed,EMP003,3,0.0,0.0,False
INV004277,SUP002,ST326,2016-03-20,2016-03-27,2016-03-30,215.25,215.25,Processed,EMP008,3,0.0,0.0,False
INV004278,SUP012,ST266,2016-03-20,2016-03-23,2016-03-28,1954.53,1954.53,Processed Late,EMP003,5,0.0,0.0,True
INV004279,SUP013,ST317,2016-03-20,2016-03-27,2016-03-29,50.7,50.7,Processed,EMP010,2,0.0,0.0,False
INV004280,SUP013,ST013,2016-03-20,2016-03-26,2016-03-29,26.04,26.32,Processed,EMP026,3,-0.28,0.28,False
INV004281,SUP004,ST285,2016-03-20,2016-03-23,2016-03-25,13.31,13.84,Processed,EMP013,2,-0.53,0.53,False
INV004282,SUP007,ST589,2016-03-20,2016-03-28,2016-03-31,12.32,12.32,Processed,EMP016,3,0.0,0.0,False
INV004283,SUP015,ST280,2016-03-20,2016-03-25,2016-03-28,645.1,645.1,Processed,EMP011,3,0.0,0.0,False
INV004284,SUP001,ST098,2016-03-20,2016-03-23,2016-03-25,910.88,910.88,Processed,EMP002,2,0.0,0.0,False
INV004285,SUP011,ST017,2016-03-20,2016-03-27,2016-03-30,124.5,124.5,Processed,EMP014,3,0.0,0.0,False
INV004286,SUP012,ST520,2016-03-20,2016-03-23,2016-03-29,532.95,532.95,Processed Late,EMP001,6,0.0,0.0,True
INV004287,SUP010,ST296,2016-03-20,2016-03-26,2016-03-27,526.14,526.14,Processed,EMP012,1,0.0,0.0,False
INV004288,SUP009,ST355,2016-03-20,2016-03-28,2016-03-29,32.48,32.48,Processed,EMP022,1,0.0,0.0,False
INV004289,SUP006,ST140,2016-03-20,2016-03-26,2016-03-28,57.29,57.29,Processed,EMP002,2,0.0,0.0,False
INV004290,SUP004,ST422,2016-03-20,2016-03-27,2016-04-07,21.58,21.58,Pending / Delayed,EMP020,11,0.0,0.0,True
INV004291,SUP008,ST018,2016-03-20,2016-03-28,2016-04-03,395.82,395.82,Processed Late,EMP023,6,0.0,0.0,True
INV004292,SUP002,ST574,2016-03-20,2016-03-24,2016-03-25,34.2,34.2,Processed,EMP024,1,0.0,0.0,False
INV004293,SUP002,ST429,2016-03-20,2016-03-23,2016-03-26,105.12,105.12,Processed,EMP021,3,0.0,0.0,False
INV004294,SUP006,ST355,2016-03-20,2016-03-23,2016-04-04,1443.12,1443.12,Pending / Delayed,EMP021,12,0.0,0.0,True
INV004295,SUP015,ST408,2016-03-20,2016-03-23,2016-03-29,143.22,143.22,Processed Late,EMP008,6,0.0,0.0,True
INV004296,SUP003,ST225,2016-03-20,2016-03-24,2016-03-25,372.15,372.15,Processed,EMP025,1,0.0,0.0,False
INV004297,SUP001,ST088,2016-03-20,2016-03-27,2016-03-31,3201.9,3201.9,Processed Late,EMP014,4,0.0,0.0,True
INV004298,SUP008,ST089,2016-03-20,2016-03-27,2016-03-28,954.63,954.63,Processed,EMP028,1,0.0,0.0,False
INV004299,SUP015,ST131,2016-03-20,2016-03-24,2016-03-26,163.73,163.73,Processed,EMP022,2,0.0,0.0,False
INV004300,SUP002,ST129,2016-03-20,2016-03-27,2016-04-02,90.6,90.6,Processed Late,EMP021,6,0.0,0.0,True
INV004301,SUP012,ST384,2016-03-20,2016-03-27,2016-04-01,39.7,39.7,Processed Late,EMP022,5,0.0,0.0,True
INV004302,SUP006,ST230,2016-03-20,2016-03-26,2016-03-28,20.1,20.1,Processed,EMP007,2,0.0,0.0,False
INV004303,SUP015,ST313,2016-03-20,2016-03-28,2016-04-03,4001.76,4001.76,Processed Late,EMP012,6,0.0,0.0,True
INV004304,SUP004,ST308,2016-03-20,2016-03-26,2016-03-28,408.0,408.0,Processed,EMP028,2,0.0,0.0,False
INV004305,SUP002,ST341,2016-03-20,2016-03-23,2016-03-25,286.6,286.6,Processed,EMP010,2,0.0,0.0,False
INV004306,SUP012,ST210,2016-03-20,2016-03-25,2016-03-26,369.59,369.59,Processed,EMP019,1,0.0,0.0,False
INV004307,SUP006,ST572,2016-03-20,2016-03-25,2016-03-27,432.54,432.54,Processed,EMP001,2,0.0,0.0,False
INV004308,SUP009,ST174,2016-03-20,2016-03-23,2016-03-29,955.57,955.57,Processed Late,EMP020,6,0.0,0.0,True
INV004309,SUP003,ST470,2016-03-20,2016-03-28,2016-03-29,509.75,509.75,Processed,EMP019,1,0.0,0.0,False
INV004310,SUP009,ST402,2016-03-20,2016-03-25,2016-03-31,26.88,26.88,Processed Late,EMP002,6,0.0,0.0,True
INV004311,SUP015,ST410,2016-03-20,2016-03-23,2016-03-25,39.62,39.62,Processed,EMP010,2,0.0,0.0,False
INV004312,SUP002,ST453,2016-03-20,2016-03-26,2016-04-01,22.44,22.44,Processed Late,EMP009,6,0.0,0.0,True
INV004313,SUP014,ST277,2016-03-20,2016-03-27,2016-03-28,48.83,48.83,Processed,EMP030,1,0.0,0.0,False
INV004314,SUP002,ST164,2016-03-20,2016-03-24,2016-03-27,12411.7,12411.7,Processed,EMP007,3,0.0,0.0,False
INV004315,SUP001,ST423,2016-03-20,2016-03-28,2016-03-30,174.0,174.0,Processed,EMP018,2,0.0,0.0,False
INV004316,SUP010,ST495,2016-03-20,2016-03-25,2016-03-28,40.68,40.68,Processed,EMP024,3,0.0,0.0,False
INV004317,SUP014,ST279,2016-03-20,2016-03-28,2016-03-31,319.17,309.84,Processed,EMP023,3,9.33,9.33,False
INV004318,SUP007,ST388,2016-03-20,2016-03-28,2016-03-29,22.53,21.33,Processed,EMP026,1,1.2,1.2,False
INV004319,SUP006,ST444,2016-03-20,2016-03-24,2016-03-28,37.2,37.2,Processed Late,EMP009,4,0.0,0.0,True
INV004320,SUP005,ST589,2016-03-20,2016-03-27,2016-03-30,100.88,100.88,Processed,EMP024,3,0.0,0.0,False
INV004321,SUP005,ST290,2016-04-05,2016-04-08,2016-04-09,2933.56,2933.56,Processed,EMP006,1,0.0,0.0,False
INV004322,SUP012,ST628,2016-04-05,2016-04-08,2016-04-10,27.5,26.6,Processed,EMP017,2,0.9,0.9,False
INV004323,SUP002,ST544,2016-04-05,2016-04-13,2016-04-14,87.04,87.04,Processed,EMP015,1,0.0,0.0,False
INV004324,SUP011,ST440,2016-04-05,2016-04-12,2016-04-13,104.94,104.94,Processed,EMP021,1,0.0,0.0,False
INV004325,SUP010,ST295,2016-04-05,2016-04-13,2016-04-14,2409.21,2409.21,Processed,EMP016,1,0.0,0.0,False
INV004326,SUP012,ST067,2016-04-05,2016-04-11,2016-04-18,2284.56,2284.56,Pending / Delayed,EMP030,7,0.0,0.0,True
INV004327,SUP007,ST550,2016-04-05,2016-04-11,2016-04-15,31.9,31.9,Processed Late,EMP017,4,0.0,0.0,True
INV004328,SUP013,ST019,2016-04-05,2016-04-12,2016-04-14,133.0,133.0,Processed,EMP010,2,0.0,0.0,False
INV004329,SUP001,ST187,2016-04-05,2016-04-11,2016-04-17,54.06,50.35,Processed Late,EMP016,6,3.71,3.71,True
INV004330,SUP011,ST286,2016-04-05,2016-04-13,2016-04-17,26.91,26.91,Processed Late,EMP002,4,0.0,0.0,True
INV004331,SUP001,ST122,2016-04-05,2016-04-09,2016-04-10,29.26,29.26,Processed,EMP018,1,0.0,0.0,False
INV004332,SUP009,ST435,2016-04-05,2016-04-12,2016-04-16,2312.31,2312.31,Processed Late,EMP012,4,0.0,0.0,True
INV004333,SUP002,ST518,2016-04-05,2016-04-12,2016-04-13,131.22,131.22,Processed,EMP018,1,0.0,0.0,False
INV004334,SUP001,ST207,2016-04-05,2016-04-09,2016-04-12,5.16,5.16,Processed,EMP010,3,0.0,0.0,False
INV004335,SUP010,ST619,2016-04-05,2016-04-13,2016-04-19,46.88,46.88,Processed Late,EMP017,6,0.0,0.0,True
INV004336,SUP001,ST014,2016-04-05,2016-04-08,2016-04-15,207.36,207.36,Pending / Delayed,EMP030,7,0.0,0.0,True
INV004337,SUP004,ST110,2016-04-05,2016-04-12,2016-04-15,29.92,29.92,Processed,EMP021,3,0.0,0.0,False
INV004338,SUP008,ST569,2016-04-05,2016-04-10,2016-04-12,100.6,100.6,Processed,EMP011,2,0.0,0.0,False
INV004339,SUP013,ST398,2016-04-05,2016-04-12,2016-04-15,94.68,100.75,Processed,EMP015,3,-6.07,6.07,False
INV004340,SUP010,ST053,2016-04-05,2016-04-10,2016-04-11,37.44,37.44,Processed,EMP003,1,0.0,0.0,False
INV004341,SUP005,ST478,2016-04-05,2016-04-11,2016-04-12,109.75,109.75,Processed,EMP025,1,0.0,0.0,False
INV004342,SUP011,ST124,2016-04-05,2016-04-12,2016-04-20,1522.17,1522.17,Pending / Delayed,EMP011,8,0.0,0.0,True
INV004343,SUP006,ST543,2016-04-05,2016-04-09,2016-04-10,3264.8,3264.8,Processed,EMP025,1,0.0,0.0,False
INV004344,SUP015,ST171,2016-04-05,2016-04-12,2016-04-13,15.6,15.6,Processed,EMP026,1,0.0,0.0,False
INV004345,SUP001,ST483,2016-04-05,2016-04-11,2016-04-12,25.6,25.6,Processed,EMP006,1,0.0,0.0,False
INV004346,SUP001,ST233,2016-04-05,2016-04-08,2016-04-11,55.04,55.04,Processed,EMP009,3,0.0,0.0,False
INV004347,SUP001,ST566,2016-04-05,2016-04-13,2016-04-15,3685.65,3685.65,Processed,EMP003,2,0.0,0.0,False
INV004348,SUP003,ST133,2016-04-05,2016-04-13,2016-04-15,257.89,263.5,Processed,EMP015,2,-5.61,5.61,False
INV004349,SUP007,ST258,2016-04-05,2016-04-09,2016-04-11,38.4,38.4,Processed,EMP017,2,0.0,0.0,False
INV004350,SUP008,ST347,2016-04-05,2016-04-13,2016-04-14,398.07,386.1,Processed,EMP009,1,11.97,11.97,False
INV004351,SUP009,ST109,2016-04-05,2016-04-11,2016-04-12,101.6,101.6,Processed,EMP016,1,0.0,0.0,False
INV004352,SUP011,ST563,2016-04-05,2016-04-09,2016-04-10,14.85,14.85,Processed,EMP026,1,0.0,0.0,False
INV004353,SUP009,ST033,2016-04-05,2016-04-10,2016-04-14,532.74,532.74,Processed Late,EMP013,4,0.0,0.0,True
INV004354,SUP005,ST199,2016-04-05,2016-04-08,2016-04-12,44.1,44.1,Processed Late,EMP012,4,0.0,0.0,True
INV004355,SUP003,ST125,2016-04-05,2016-04-10,2016-04-11,32.9,32.9,Processed,EMP023,1,0.0,0.0,False
INV004356,SUP007,ST617,2016-04-05,2016-04-09,2016-04-10,567.45,567.45,Processed,EMP006,1,0.0,0.0,False
INV004357,SUP005,ST408,2016-04-05,2016-04-11,2016-04-14,861.9,861.9,Processed,EMP018,3,0.0,0.0,False
INV004358,SUP011,ST366,2016-04-05,2016-04-08,2016-04-13,278.74,278.74,Processed Late,EMP025,5,0.0,0.0,True
INV004359,SUP014,ST374,2016-04-05,2016-04-12,2016-04-13,446.0,446.0,Processed,EMP030,1,0.0,0.0,False
INV004360,SUP002,ST417,2016-04-05,2016-04-12,2016-04-13,50.64,50.64,Processed,EMP005,1,0.0,0.0,False
INV004361,SUP001,ST492,2016-04-05,2016-04-08,2016-04-12,37.74,37.74,Processed Late,EMP010,4,0.0,0.0,True
INV004362,SUP014,ST536,2016-04-05,2016-04-12,2016-04-17,112.96,112.96,Processed Late,EMP027,5,0.0,0.0,True
INV004363,SUP004,ST116,2016-04-05,2016-04-10,2016-04-16,23.66,23.66,Processed Late,EMP027,6,0.0,0.0,True
INV004364,SUP005,ST555,2016-04-05,2016-04-13,2016-04-14,80.01,80.01,Processed,EMP009,1,0.0,0.0,False
INV004365,SUP001,ST309,2016-04-05,2016-04-09,2016-04-12,41.56,41.56,Processed,EMP009,3,0.0,0.0,False
INV004366,SUP013,ST077,2016-04-05,2016-04-08,2016-04-11,447.4,435.75,Processed,EMP029,3,11.65,11.65,False
INV004367,SUP002,ST378,2016-04-05,2016-04-08,2016-04-10,76.23,76.23,Processed,EMP024,2,0.0,0.0,False
INV004368,SUP013,ST564,2016-04-05,2016-04-12,2016-04-14,229.84,229.84,Processed,EMP006,2,0.0,0.0,False
INV004369,SUP013,ST251,2016-04-05,2016-04-10,2016-04-22,691.24,691.24,Pending / Delayed,EMP022,12,0.0,0.0,True
INV004370,SUP009,ST093,2016-04-05,2016-04-11,2016-04-12,187.2,187.2,Processed,EMP008,1,0.0,0.0,False
INV004371,SUP002,ST283,2016-04-05,2016-04-11,2016-04-17,1207.44,1207.44,Processed Late,EMP027,6,0.0,0.0,True
INV004372,SUP003,ST503,2016-04-05,2016-04-13,2016-04-15,439.0,439.0,Processed,EMP008,2,0.0,0.0,False
INV004373,SUP014,ST126,2016-04-05,2016-04-13,2016-04-16,26.0,26.0,Processed,EMP027,3,0.0,0.0,False
INV004374,SUP006,ST114,2016-04-05,2016-04-12,2016-04-17,13.95,13.95,Processed Late,EMP030,5,0.0,0.0,True
INV004375,SUP015,ST505,2016-04-05,2016-04-08,2016-04-11,19.76,19.76,Processed,EMP004,3,0.0,0.0,False
INV004376,SUP010,ST382,2016-04-05,2016-04-10,2016-04-13,10.35,10.35,Processed,EMP006,3,0.0,0.0,False
INV004377,SUP006,ST266,2016-04-05,2016-04-09,2016-04-11,1934.28,1934.28,Processed,EMP005,2,0.0,0.0,False
INV004378,SUP013,ST613,2016-04-05,2016-04-08,2016-04-14,7.05,7.05,Processed Late,EMP026,6,0.0,0.0,True
INV004379,SUP001,ST158,2016-04-05,2016-04-12,2016-04-16,114.93,114.93,Processed Late,EMP001,4,0.0,0.0,True
INV004380,SUP012,ST379,2016-04-05,2016-04-09,2016-04-13,211.53,211.53,Processed Late,EMP030,4,0.0,0.0,True
INV004381,SUP001,ST367,2016-04-05,2016-04-10,2016-04-15,54.56,54.56,Processed Late,EMP011,5,0.0,0.0,True
INV004382,SUP004,ST063,2016-04-05,2016-04-11,2016-04-18,312.75,312.75,Pending / Delayed,EMP006,7,0.0,0.0,True
INV004383,SUP013,ST270,2016-04-05,2016-04-11,2016-04-14,29.7,29.7,Processed,EMP013,3,0.0,0.0,False
INV004384,SUP012,ST063,2016-04-05,2016-04-11,2016-04-13,22.5,22.5,Processed,EMP027,2,0.0,0.0,False
INV004385,SUP004,ST543,2016-04-05,2016-04-11,2016-04-13,5698.23,5698.23,Processed,EMP018,2,0.0,0.0,False
INV004386,SUP005,ST075,2016-04-05,2016-04-09,2016-04-12,58.24,58.24,Processed,EMP028,3,0.0,0.0,False
INV004387,SUP011,ST186,2016-04-05,2016-04-09,2016-04-12,149.88,149.88,Processed,EMP003,3,0.0,0.0,False
INV004388,SUP006,ST266,2016-04-05,2016-04-13,2016-04-14,19.6,19.6,Processed,EMP007,1,0.0,0.0,False
INV004389,SUP003,ST462,2016-04-05,2016-04-12,2016-04-16,2829.06,2829.06,Processed Late,EMP019,4,0.0,0.0,True
INV004390,SUP001,ST460,2016-04-05,2016-04-10,2016-04-15,2099.34,2099.34,Processed Late,EMP007,5,0.0,0.0,True
INV004391,SUP008,ST387,2016-04-05,2016-04-13,2016-04-16,240.4,240.4,Processed,EMP012,3,0.0,0.0,False
INV004392,SUP014,ST212,2016-04-05,2016-04-12,2016-04-15,159.46,159.46,Processed,EMP021,3,0.0,0.0,False
INV004393,SUP007,ST488,2016-04-05,2016-04-09,2016-04-15,69.92,69.92,Processed Late,EMP009,6,0.0,0.0,True
INV004394,SUP003,ST224,2016-04-05,2016-04-13,2016-04-17,159.36,159.36,Processed Late,EMP022,4,0.0,0.0,True
INV004395,SUP010,ST054,2016-04-05,2016-04-12,2016-04-14,122.58,122.58,Processed,EMP030,2,0.0,0.0,False
INV004396,SUP009,ST536,2016-04-05,2016-04-13,2016-04-15,243.57,231.38,Processed,EMP010,2,12.19,12.19,False
INV004397,SUP012,ST343,2016-04-05,2016-04-11,2016-04-15,12.98,12.33,Processed Late,EMP004,4,0.65,0.65,True
INV004398,SUP006,ST027,2016-04-05,2016-04-12,2016-04-13,14.04,14.04,Processed,EMP014,1,0.0,0.0,False
INV004399,SUP010,ST429,2016-04-05,2016-04-10,2016-04-15,2381.64,2381.64,Processed Late,EMP022,5,0.0,0.0,True
INV004400,SUP005,ST010,2016-04-05,2016-04-12,2016-04-14,1204.96,1204.96,Processed,EMP004,2,0.0,0.0,False
INV004401,SUP001,ST486,2016-04-20,2016-04-27,2016-05-01,25.92,25.92,Processed Late,EMP010,4,0.0,0.0,True
INV004402,SUP006,ST353,2016-04-20,2016-04-24,2016-04-25,267.84,267.84,Processed,EMP001,1,0.0,0.0,False
INV004403,SUP010,ST029,2016-04-20,2016-04-28,2016-04-30,7630.95,7630.95,Processed,EMP029,2,0.0,0.0,False
INV004404,SUP014,ST186,2016-04-20,2016-04-26,2016-05-01,91.28,98.28,Processed Late,EMP003,5,-7.0,7.0,True
INV004405,SUP003,ST467,2016-04-20,2016-04-27,2016-04-28,209.44,209.44,Processed,EMP029,1,0.0,0.0,False
INV004406,SUP003,ST151,2016-04-20,2016-04-27,2016-05-04,284.19,284.19,Pending / Delayed,EMP029,7,0.0,0.0,True
INV004407,SUP014,ST476,2016-04-20,2016-04-23,2016-04-24,37.25,37.25,Processed,EMP016,1,0.0,0.0,False
INV004408,SUP002,ST504,2016-04-20,2016-04-27,2016-04-30,479.06,479.06,Processed,EMP014,3,0.0,0.0,False
INV004409,SUP005,ST162,2016-04-20,2016-04-27,2016-04-29,820.87,790.79,Processed,EMP024,2,30.08,30.08,False
INV004410,SUP005,ST566,2016-04-20,2016-04-24,2016-04-27,614.12,614.12,Processed,EMP019,3,0.0,0.0,False
INV004411,SUP006,ST180,2016-04-20,2016-04-26,2016-04-27,46.55,46.55,Processed,EMP009,1,0.0,0.0,False
INV004412,SUP001,ST213,2016-04-20,2016-04-28,2016-04-30,135.75,135.75,Processed,EMP002,2,0.0,0.0,False
INV004413,SUP015,ST185,2016-04-20,2016-04-23,2016-04-26,171.08,171.08,Processed,EMP010,3,0.0,0.0,False
INV004414,SUP015,ST273,2016-04-20,2016-04-25,2016-04-27,181.64,181.64,Processed,EMP017,2,0.0,0.0,False
INV004415,SUP014,ST080,2016-04-20,2016-04-24,2016-04-29,192.22,192.22,Processed Late,EMP013,5,0.0,0.0,True
INV004416,SUP002,ST462,2016-04-20,2016-04-28,2016-04-29,24.32,24.32,Processed,EMP029,1,0.0,0.0,False
INV004417,SUP013,ST083,2016-04-20,2016-04-27,2016-05-02,7.16,7.16,Processed Late,EMP005,5,0.0,0.0,True
INV004418,SUP001,ST351,2016-04-20,2016-04-28,2016-04-30,35.68,35.68,Processed,EMP026,2,0.0,0.0,False
INV004419,SUP004,ST190,2016-04-20,2016-04-23,2016-04-26,65.45,65.45,Processed,EMP003,3,0.0,0.0,False
INV004420,SUP015,ST287,2016-04-20,2016-04-23,2016-04-25,58.4,58.4,Processed,EMP017,2,0.0,0.0,False
INV004421,SUP014,ST452,2016-04-20,2016-04-27,2016-04-28,1232.55,1232.55,Processed,EMP003,1,0.0,0.0,False
INV004422,SUP007,ST248,2016-04-20,2016-04-24,2016-04-25,283.8,283.8,Processed,EMP006,1,0.0,0.0,False
INV004423,SUP010,ST034,2016-04-20,2016-04-25,2016-05-03,1609.68,1609.68,Pending / Delayed,EMP013,8,0.0,0.0,True
INV004424,SUP003,ST359,2016-04-20,2016-04-25,2016-04-27,33.72,33.72,Processed,EMP006,2,0.0,0.0,False
INV004425,SUP012,ST619,2016-04-20,2016-04-27,2016-04-28,475.38,475.38,Processed,EMP021,1,0.0,0.0,False
INV004426,SUP012,ST162,2016-04-20,2016-04-24,2016-04-25,39.06,39.06,Processed,EMP002,1,0.0,0.0,False
INV004427,SUP003,ST587,2016-04-20,2016-04-23,2016-04-25,414.96,414.96,Processed,EMP016,2,0.0,0.0,False
INV004428,SUP011,ST049,2016-04-20,2016-04-24,2016-05-03,174.44,174.44,Pending / Delayed,EMP018,9,0.0,0.0,True
INV004429,SUP001,ST129,2016-04-20,2016-04-24,2016-04-26,2729.4,2729.4,Processed,EMP011,2,0.0,0.0,False
INV004430,SUP011,ST340,2016-04-20,2016-04-26,2016-04-27,56.85,56.85,Processed,EMP015,1,0.0,0.0,False
INV004431,SUP005,ST365,2016-04-20,2016-04-28,2016-05-01,34.58,34.58,Processed,EMP024,3,0.0,0.0,False
INV004432,SUP012,ST601,2016-04-20,2016-04-23,2016-04-26,329.46,329.46,Processed,EMP010,3,0.0,0.0,False
INV004433,SUP009,ST560,2016-04-20,2016-04-25,2016-04-26,1933.65,1827.2,Processed,EMP007,1,106.45,106.45,False
INV004434,SUP008,ST373,2016-04-20,2016-04-23,2016-04-24,229.88,229.88,Processed,EMP001,1,0.0,0.0,False
INV004435,SUP009,ST011,2016-04-20,2016-04-24,2016-04-28,26.18,26.18,Processed Late,EMP006,4,0.0,0.0,True
INV004436,SUP003,ST191,2016-04-20,2016-04-26,2016-04-27,36.47,36.47,Processed,EMP012,1,0.0,0.0,False
INV004437,SUP004,ST034,2016-04-20,2016-04-26,2016-04-29,386.65,386.65,Processed,EMP012,3,0.0,0.0,False
INV004438,SUP001,ST599,2016-04-20,2016-04-24,2016-04-25,91.58,91.58,Processed,EMP021,1,0.0,0.0,False
INV004439,SUP004,ST254,2016-04-20,2016-04-28,2016-05-04,355.82,356.3,Processed Late,EMP013,6,-0.48,0.48,True
INV004440,SUP004,ST367,2016-04-20,2016-04-24,2016-04-27,56.58,56.58,Processed,EMP007,3,0.0,0.0,False
INV004441,SUP015,ST340,2016-04-20,2016-04-26,2016-04-29,899.1,899.1,Processed,EMP004,3,0.0,0.0,False
INV004442,SUP015,ST232,2016-04-20,2016-04-26,2016-05-01,18.3,18.3,Processed Late,EMP008,5,0.0,0.0,True
INV004443,SUP011,ST035,2016-04-20,2016-04-24,2016-04-28,29.88,29.88,Processed Late,EMP015,4,0.0,0.0,True
INV004444,SUP014,ST568,2016-04-20,2016-04-27,2016-04-30,2197.86,2197.86,Processed,EMP016,3,0.0,0.0,False
INV004445,SUP013,ST252,2016-04-20,2016-04-24,2016-05-04,47.04,47.04,Pending / Delayed,EMP028,10,0.0,0.0,True
INV004446,SUP007,ST168,2016-04-20,2016-04-23,2016-04-25,1470.37,1470.37,Processed,EMP008,2,0.0,0.0,False
INV004447,SUP009,ST028,2016-04-20,2016-04-28,2016-05-01,1638.06,1566.48,Processed,EMP007,3,71.58,71.58,False
INV004448,SUP004,ST126,2016-04-20,2016-04-28,2016-05-02,2397.99,2397.99,Processed Late,EMP003,4,0.0,0.0,True
INV004449,SUP002,ST166,2016-04-20,2016-04-26,2016-04-28,219.6,219.6,Processed,EMP021,2,0.0,0.0,False
INV004450,SUP013,ST613,2016-04-20,2016-04-24,2016-04-25,293.92,293.92,Processed,EMP016,1,0.0,0.0,False
INV004451,SUP002,ST147,2016-04-20,2016-04-23,2016-04-26,19.98,19.98,Processed,EMP011,3,0.0,0.0,False
INV004452,SUP008,ST471,2016-04-20,2016-04-24,2016-04-27,2157.34,2045.82,Processed,EMP014,3,111.52,111.52,False
INV004453,SUP002,ST016,2016-04-20,2016-04-25,2016-04-27,2077.92,2077.92,Processed,EMP019,2,0.0,0.0,False
INV004454,SUP010,ST209,2016-04-20,2016-04-28,2016-04-30,785.5,785.5,Processed,EMP003,2,0.0,0.0,False
INV004455,SUP003,ST406,2016-04-20,2016-04-27,2016-05-09,75.1,75.1,Pending / Delayed,EMP009,12,0.0,0.0,True
INV004456,SUP006,ST238,2016-04-20,2016-04-25,2016-04-26,1684.89,1684.89,Processed,EMP001,1,0.0,0.0,False
INV004457,SUP005,ST485,2016-04-20,2016-04-27,2016-05-04,817.2,817.2,Pending / Delayed,EMP016,7,0.0,0.0,True
INV004458,SUP007,ST258,2016-04-20,2016-04-27,2016-04-29,2031.66,2031.66,Processed,EMP020,2,0.0,0.0,False
INV004459,SUP015,ST436,2016-04-20,2016-04-27,2016-04-30,20.94,20.94,Processed,EMP015,3,0.0,0.0,False
INV004460,SUP010,ST608,2016-04-20,2016-04-28,2016-05-01,1849.41,1849.41,Processed,EMP030,3,0.0,0.0,False
INV004461,SUP006,ST141,2016-04-20,2016-04-27,2016-04-28,69.16,69.16,Processed,EMP007,1,0.0,0.0,False
INV004462,SUP002,ST065,2016-04-20,2016-04-24,2016-05-03,82.16,82.16,Pending / Delayed,EMP012,9,0.0,0.0,True
INV004463,SUP006,ST011,2016-04-20,2016-04-23,2016-04-27,76.86,76.86,Processed Late,EMP029,4,0.0,0.0,True
INV004464,SUP013,ST143,2016-04-20,2016-04-28,2016-05-01,467.4,467.4,Processed,EMP022,3,0.0,0.0,False
INV004465,SUP011,ST051,2016-04-20,2016-04-27,2016-04-29,72.8,72.8,Processed,EMP010,2,0.0,0.0,False
INV004466,SUP010,ST473,2016-04-20,2016-04-28,2016-05-03,690.56,690.56,Processed Late,EMP026,5,0.0,0.0,True
INV004467,SUP003,ST384,2016-04-20,2016-04-28,2016-04-29,823.36,823.36,Processed,EMP022,1,0.0,0.0,False
INV004468,SUP002,ST514,2016-04-20,2016-04-28,2016-05-01,376.46,385.92,Processed,EMP028,3,-9.46,9.46,False
INV004469,SUP011,ST330,2016-04-20,2016-04-26,2016-04-30,1420.5,1420.5,Processed Late,EMP017,4,0.0,0.0,True
INV004470,SUP012,ST008,2016-04-20,2016-04-28,2016-04-29,8.4,8.4,Processed,EMP001,1,0.0,0.0,False
INV004471,SUP001,ST442,2016-04-20,2016-04-24,2016-04-26,5068.44,5068.44,Processed,EMP025,2,0.0,0.0,False
INV004472,SUP004,ST214,2016-04-20,2016-04-26,2016-05-02,226.52,226.52,Processed Late,EMP009,6,0.0,0.0,True
INV004473,SUP009,ST441,2016-04-20,2016-04-24,2016-04-25,24.45,24.01,Processed,EMP017,1,0.44,0.44,False
INV004474,SUP001,ST170,2016-04-20,2016-04-27,2016-05-07,29.32,28.73,Pending / Delayed,EMP023,10,0.59,0.59,True
INV004475,SUP007,ST282,2016-04-20,2016-04-27,2016-04-28,250.61,250.61,Processed,EMP028,1,0.0,0.0,False
INV004476,SUP013,ST368,2016-04-20,2016-04-27,2016-04-29,113.64,113.64,Processed,EMP012,2,0.0,0.0,False
INV004477,SUP009,ST176,2016-04-20,2016-04-28,2016-05-02,1115.84,1115.84,Processed Late,EMP007,4,0.0,0.0,True
INV004478,SUP008,ST139,2016-04-20,2016-04-25,2016-04-28,2794.95,2794.95,Processed,EMP011,3,0.0,0.0,False
INV004479,SUP009,ST273,2016-04-20,2016-04-23,2016-04-26,538.3,538.3,Processed,EMP002,3,0.0,0.0,False
INV004480,SUP013,ST173,2016-04-20,2016-04-27,2016-05-01,35.72,34.92,Processed Late,EMP007,4,0.8,0.8,True
INV004481,SUP011,ST327,2016-05-05,2016-05-10,2016-05-12,1827.87,1897.92,Processed,EMP024,2,-70.05,70.05,False
INV004482,SUP009,ST163,2016-05-05,2016-05-11,2016-05-14,161.0,161.0,Processed,EMP009,3,0.0,0.0,False
INV004483,SUP002,ST547,2016-05-05,2016-05-11,2016-05-12,246.09,246.09,Processed,EMP017,1,0.0,0.0,False
INV004484,SUP015,ST308,2016-05-05,2016-05-09,2016-05-12,413.56,413.56,Processed,EMP004,3,0.0,0.0,False
INV004485,SUP010,ST258,2016-05-05,2016-05-10,2016-05-11,164.92,164.92,Processed,EMP020,1,0.0,0.0,False
INV004486,SUP003,ST167,2016-05-05,2016-05-12,2016-05-13,29.7,29.7,Processed,EMP008,1,0.0,0.0,False
INV004487,SUP010,ST180,2016-05-05,2016-05-09,2016-05-14,613.88,613.88,Processed Late,EMP012,5,0.0,0.0,True
INV004488,SUP011,ST428,2016-05-05,2016-05-09,2016-05-10,34.8,34.8,Processed,EMP016,1,0.0,0.0,False
INV004489,SUP007,ST409,2016-05-05,2016-05-13,2016-05-15,1323.68,1323.68,Processed,EMP016,2,0.0,0.0,False
INV004490,SUP001,ST595,2016-05-05,2016-05-11,2016-05-12,2403.96,2403.96,Processed,EMP010,1,0.0,0.0,False
INV004491,SUP008,ST292,2016-05-05,2016-05-12,2016-05-19,53.84,53.84,Pending / Delayed,EMP027,7,0.0,0.0,True
INV004492,SUP001,ST087,2016-05-05,2016-05-10,2016-05-13,8.37,8.37,Processed,EMP001,3,0.0,0.0,False
INV004493,SUP004,ST552,2016-05-05,2016-05-13,2016-05-15,591.21,591.21,Processed,EMP012,2,0.0,0.0,False
INV004494,SUP014,ST475,2016-05-05,2016-05-13,2016-05-15,139.92,139.92,Processed,EMP026,2,0.0,0.0,False
INV004495,SUP014,ST006,2016-05-05,2016-05-11,2016-05-13,51.8,51.8,Processed,EMP019,2,0.0,0.0,False
INV004496,SUP003,ST473,2016-05-05,2016-05-12,2016-05-17,45.42,45.42,Processed Late,EMP020,5,0.0,0.0,True
INV004497,SUP005,ST410,2016-05-05,2016-05-12,2016-05-16,9.75,9.75,Processed Late,EMP013,4,0.0,0.0,True
INV004498,SUP001,ST486,2016-05-05,2016-05-09,2016-05-16,461.4,461.4,Pending / Delayed,EMP022,7,0.0,0.0,True
INV004499,SUP004,ST539,2016-05-05,2016-05-12,2016-05-13,49.02,49.02,Processed,EMP029,1,0.0,0.0,False
INV004500,SUP004,ST475,2016-05-05,2016-05-13,2016-05-15,53.14,53.14,Processed,EMP018,2,0.0,0.0,False
INV004501,SUP008,ST436,2016-05-05,2016-05-12,2016-05-14,14.3,14.3,Processed,EMP011,2,0.0,0.0,False
INV004502,SUP004,ST203,2016-05-05,2016-05-13,2016-05-14,19.62,19.62,Processed,EMP014,1,0.0,0.0,False
INV004503,SUP013,ST266,2016-05-05,2016-05-09,2016-05-12,17.14,17.14,Processed,EMP018,3,0.0,0.0,False
INV004504,SUP005,ST141,2016-05-05,2016-05-12,2016-05-13,23.52,23.52,Processed,EMP019,1,0.0,0.0,False
INV004505,SUP005,ST295,2016-05-05,2016-05-11,2016-05-12,1246.7,1246.7,Processed,EMP013,1,0.0,0.0,False
INV004506,SUP008,ST482,2016-05-05,2016-05-12,2016-05-13,576.96,576.96,Processed,EMP025,1,0.0,0.0,False
INV004507,SUP007,ST033,2016-05-05,2016-05-10,2016-05-12,28.21,28.21,Processed,EMP029,2,0.0,0.0,False
INV004508,SUP010,ST300,2016-05-05,2016-05-09,2016-05-11,28.56,28.56,Processed,EMP006,2,0.0,0.0,False
INV004509,SUP015,ST439,2016-05-05,2016-05-11,2016-05-15,6.0,6.0,Processed Late,EMP023,4,0.0,0.0,True
INV004510,SUP002,ST524,2016-05-05,2016-05-08,2016-05-11,43.44,43.44,Processed,EMP007,3,0.0,0.0,False
INV004511,SUP014,ST507,2016-05-05,2016-05-09,2016-05-12,853.7,853.7,Processed,EMP019,3,0.0,0.0,False
INV004512,SUP005,ST188,2016-05-05,2016-05-08,2016-05-10,3115.8,3115.8,Processed,EMP021,2,0.0,0.0,False
INV004513,SUP008,ST316,2016-05-05,2016-05-08,2016-05-16,1484.99,1456.84,Pending / Delayed,EMP014,8,28.15,28.15,True
INV004514,SUP008,ST173,2016-05-05,2016-05-13,2016-05-18,14.8,14.8,Processed Late,EMP017,5,0.0,0.0,True
INV004515,SUP006,ST202,2016-05-05,2016-05-08,2016-05-11,732.69,750.23,Processed,EMP005,3,-17.54,17.54,False
INV004516,SUP008,ST584,2016-05-05,2016-05-12,2016-05-15,76.44,76.44,Processed,EMP020,3,0.0,0.0,False
INV004517,SUP013,ST549,2016-05-05,2016-05-12,2016-05-15,61.88,61.88,Processed,EMP022,3,0.0,0.0,False
INV004518,SUP013,ST141,2016-05-05,2016-05-09,2016-05-11,14.22,14.22,Processed,EMP024,2,0.0,0.0,False
INV004519,SUP012,ST479,2016-05-05,2016-05-09,2016-05-12,258.8,258.8,Processed,EMP012,3,0.0,0.0,False
INV004520,SUP012,ST273,2016-05-05,2016-05-10,2016-05-15,496.08,496.08,Processed Late,EMP020,5,0.0,0.0,True
INV004521,SUP001,ST610,2016-05-05,2016-05-12,2016-05-17,17.92,17.92,Processed Late,EMP025,5,0.0,0.0,True
INV004522,SUP011,ST321,2016-05-05,2016-05-11,2016-05-17,707.12,727.56,Processed Late,EMP002,6,-20.44,20.44,True
INV004523,SUP007,ST286,2016-05-05,2016-05-11,2016-05-13,31.5,31.5,Processed,EMP004,2,0.0,0.0,False
INV004524,SUP014,ST034,2016-05-05,2016-05-10,2016-05-12,66.0,66.0,Processed,EMP016,2,0.0,0.0,False
INV004525,SUP002,ST269,2016-05-05,2016-05-13,2016-05-16,16.2,16.2,Processed,EMP019,3,0.0,0.0,False
INV004526,SUP011,ST421,2016-05-05,2016-05-13,2016-05-16,159.28,159.28,Processed,EMP001,3,0.0,0.0,False
INV004527,SUP015,ST536,2016-05-05,2016-05-12,2016-05-14,157.68,157.68,Processed,EMP014,2,0.0,0.0,False
INV004528,SUP007,ST385,2016-05-05,2016-05-13,2016-05-16,23.92,23.92,Processed,EMP013,3,0.0,0.0,False
INV004529,SUP014,ST360,2016-05-05,2016-05-09,2016-05-10,104.32,104.32,Processed,EMP007,1,0.0,0.0,False
INV004530,SUP003,ST398,2016-05-05,2016-05-08,2016-05-10,1792.95,1792.95,Processed,EMP014,2,0.0,0.0,False
INV004531,SUP015,ST069,2016-05-05,2016-05-08,2016-05-12,32.87,32.87,Processed Late,EMP023,4,0.0,0.0,True
INV004532,SUP002,ST532,2016-05-05,2016-05-08,2016-05-11,62.48,62.48,Processed,EMP005,3,0.0,0.0,False
INV004533,SUP010,ST035,2016-05-05,2016-05-09,2016-05-13,133.38,133.38,Processed Late,EMP017,4,0.0,0.0,True
INV004534,SUP012,ST171,2016-05-05,2016-05-09,2016-05-13,221.12,221.12,Processed Late,EMP007,4,0.0,0.0,True
INV004535,SUP009,ST316,2016-05-05,2016-05-10,2016-05-11,2866.8,2866.8,Processed,EMP003,1,0.0,0.0,False
INV004536,SUP014,ST576,2016-05-05,2016-05-10,2016-05-11,300.8,300.8,Processed,EMP025,1,0.0,0.0,False
INV004537,SUP006,ST422,2016-05-05,2016-05-13,2016-05-14,1123.21,1123.21,Processed,EMP004,1,0.0,0.0,False
INV004538,SUP004,ST254,2016-05-05,2016-05-13,2016-05-16,366.72,366.72,Processed,EMP027,3,0.0,0.0,False
INV004539,SUP004,ST217,2016-05-05,2016-05-12,2016-05-15,2045.85,2045.85,Processed,EMP005,3,0.0,0.0,False
INV004540,SUP011,ST217,2016-05-05,2016-05-13,2016-05-16,53.21,53.21,Processed,EMP013,3,0.0,0.0,False
INV004541,SUP013,ST124,2016-05-05,2016-05-09,2016-05-14,1302.7,1302.7,Processed Late,EMP007,5,0.0,0.0,True
INV004542,SUP007,ST421,2016-05-05,2016-05-13,2016-05-14,73.78,73.78,Processed,EMP014,1,0.0,0.0,False
INV004543,SUP010,ST017,2016-05-05,2016-05-13,2016-05-16,444.29,454.0,Processed,EMP003,3,-9.71,9.71,False
INV004544,SUP007,ST337,2016-05-05,2016-05-13,2016-05-14,639.18,639.18,Processed,EMP028,1,0.0,0.0,False
INV004545,SUP013,ST048,2016-05-05,2016-05-08,2016-05-12,196.32,196.32,Processed Late,EMP004,4,0.0,0.0,True
INV004546,SUP004,ST312,2016-05-05,2016-05-13,2016-05-19,189.6,189.6,Processed Late,EMP021,6,0.0,0.0,True
INV004547,SUP014,ST516,2016-05-05,2016-05-09,2016-05-10,303.84,303.84,Processed,EMP010,1,0.0,0.0,False
INV004548,SUP006,ST331,2016-05-05,2016-05-12,2016-05-16,7.06,7.06,Processed Late,EMP027,4,0.0,0.0,True
INV004549,SUP003,ST121,2016-05-05,2016-05-13,2016-05-15,844.91,844.91,Processed,EMP012,2,0.0,0.0,False
INV004550,SUP009,ST433,2016-05-05,2016-05-13,2016-05-15,283.86,303.8,Processed,EMP029,2,-19.94,19.94,False
INV004551,SUP008,ST031,2016-05-05,2016-05-11,2016-05-16,3448.06,3448.06,Processed Late,EMP030,5,0.0,0.0,True
INV004552,SUP001,ST072,2016-05-05,2016-05-10,2016-05-13,411.57,434.88,Processed,EMP024,3,-23.31,23.31,False
INV004553,SUP011,ST016,2016-05-05,2016-05-13,2016-05-18,118.58,119.42,Processed Late,EMP018,5,-0.84,0.84,True
INV004554,SUP013,ST522,2016-05-05,2016-05-11,2016-05-13,39.6,39.6,Processed,EMP005,2,0.0,0.0,False
INV004555,SUP015,ST164,2016-05-05,2016-05-12,2016-05-14,362.4,362.4,Processed,EMP027,2,0.0,0.0,False
INV004556,SUP012,ST331,2016-05-05,2016-05-09,2016-05-18,5121.83,5121.83,Pending / Delayed,EMP028,9,0.0,0.0,True
INV004557,SUP008,ST007,2016-05-05,2016-05-09,2016-05-12,617.76,617.76,Processed,EMP003,3,0.0,0.0,False
INV004558,SUP003,ST415,2016-05-05,2016-05-13,2016-05-19,26.73,26.73,Processed Late,EMP028,6,0.0,0.0,True
INV004559,SUP012,ST606,2016-05-05,2016-05-09,2016-05-12,23.1,23.1,Processed,EMP004,3,0.0,0.0,False
INV004560,SUP002,ST244,2016-05-05,2016-05-09,2016-05-21,16.92,16.92,Pending / Delayed,EMP003,12,0.0,0.0,True
INV004561,SUP006,ST580,2016-05-20,2016-05-26,2016-05-27,36.48,36.48,Processed,EMP016,1,0.0,0.0,False
INV004562,SUP007,ST614,2016-05-20,2016-05-24,2016-05-28,153.92,153.92,Processed Late,EMP028,4,0.0,0.0,True
INV004563,SUP008,ST195,2016-05-20,2016-05-27,2016-06-03,45.24,45.24,Pending / Delayed,EMP012,7,0.0,0.0,True
INV004564,SUP009,ST167,2016-05-20,2016-05-25,2016-05-28,50.2,50.2,Processed,EMP020,3,0.0,0.0,False
INV004565,SUP012,ST285,2016-05-20,2016-05-27,2016-05-28,292.98,292.98,Processed,EMP021,1,0.0,0.0,False
INV004566,SUP013,ST078,2016-05-20,2016-05-23,2016-05-29,37.05,37.05,Processed Late,EMP009,6,0.0,0.0,True
INV004567,SUP008,ST515,2016-05-20,2016-05-27,2016-05-28,3360.52,3469.78,Processed,EMP029,1,-109.26,109.26,False
INV004568,SUP005,ST228,2016-05-20,2016-05-24,2016-05-26,1907.78,1907.78,Processed,EMP022,2,0.0,0.0,False
INV004569,SUP013,ST054,2016-05-20,2016-05-28,2016-06-03,59.22,59.22,Processed Late,EMP023,6,0.0,0.0,True
INV004570,SUP010,ST146,2016-05-20,2016-05-24,2016-06-02,158.9,158.9,Pending / Delayed,EMP016,9,0.0,0.0,True
INV004571,SUP008,ST048,2016-05-20,2016-05-26,2016-05-31,399.72,399.72,Processed Late,EMP025,5,0.0,0.0,True
INV004572,SUP003,ST423,2016-05-20,2016-05-28,2016-05-29,88.14,88.14,Processed,EMP027,1,0.0,0.0,False
INV004573,SUP004,ST032,2016-05-20,2016-05-26,2016-06-06,609.44,609.44,Pending / Delayed,EMP005,11,0.0,0.0,True
INV004574,SUP011,ST068,2016-05-20,2016-05-25,2016-05-27,50.92,50.92,Processed,EMP002,2,0.0,0.0,False
INV004575,SUP003,ST616,2016-05-20,2016-05-27,2016-05-29,5290.32,5290.32,Processed,EMP024,2,0.0,0.0,False
INV004576,SUP013,ST304,2016-05-20,2016-05-27,2016-06-01,28.07,28.07,Processed Late,EMP010,5,0.0,0.0,True
INV004577,SUP001,ST020,2016-05-20,2016-05-23,2016-05-24,871.2,871.2,Processed,EMP002,1,0.0,0.0,False
INV004578,SUP010,ST348,2016-05-20,2016-05-24,2016-06-03,137.12,142.92,Pending / Delayed,EMP016,10,-5.8,5.8,True
INV004579,SUP002,ST078,2016-05-20,2016-05-27,2016-05-31,446.56,446.56,Processed Late,EMP029,4,0.0,0.0,True
INV004580,SUP010,ST116,2016-05-20,2016-05-26,2016-05-30,10.6,10.6,Processed Late,EMP029,4,0.0,0.0,True
INV004581,SUP008,ST416,2016-05-20,2016-05-27,2016-06-07,7.65,7.65,Pending / Delayed,EMP023,11,0.0,0.0,True
INV004582,SUP009,ST137,2016-05-20,2016-05-24,2016-05-27,3.86,3.86,Processed,EMP006,3,0.0,0.0,False
INV004583,SUP011,ST180,2016-05-20,2016-05-23,2016-05-26,68.9,68.9,Processed,EMP003,3,0.0,0.0,False
INV004584,SUP004,ST334,2016-05-20,2016-05-28,2016-05-29,82.8,82.8,Processed,EMP023,1,0.0,0.0,False
INV004585,SUP006,ST535,2016-05-20,2016-05-23,2016-05-26,32.76,32.76,Processed,EMP018,3,0.0,0.0,False
INV004586,SUP012,ST303,2016-05-20,2016-05-26,2016-06-05,262.28,262.28,Pending / Delayed,EMP029,10,0.0,0.0,True
INV004587,SUP006,ST221,2016-05-20,2016-05-27,2016-06-01,312.55,312.55,Processed Late,EMP028,5,0.0,0.0,True
INV004588,SUP015,ST160,2016-05-20,2016-05-25,2016-05-31,11.72,11.72,Processed Late,EMP015,6,0.0,0.0,True
INV004589,SUP003,ST565,2016-05-20,2016-05-28,2016-06-02,825.5,825.5,Processed Late,EMP027,5,0.0,0.0,True
INV004590,SUP014,ST061,2016-05-20,2016-05-24,2016-05-25,154.88,154.88,Processed,EMP001,1,0.0,0.0,False
INV004591,SUP008,ST001,2016-05-20,2016-05-23,2016-05-25,143.78,143.78,Processed,EMP024,2,0.0,0.0,False
INV004592,SUP006,ST137,2016-05-20,2016-05-24,2016-05-27,29.48,29.48,Processed,EMP021,3,0.0,0.0,False
INV004593,SUP012,ST436,2016-05-20,2016-05-27,2016-05-29,1596.66,1596.66,Processed,EMP021,2,0.0,0.0,False
INV004594,SUP014,ST451,2016-05-20,2016-05-24,2016-05-30,25.28,25.28,Processed Late,EMP003,6,0.0,0.0,True
INV004595,SUP004,ST410,2016-05-20,2016-05-23,2016-05-26,747.36,791.8,Processed,EMP008,3,-44.44,44.44,False
INV004596,SUP002,ST361,2016-05-20,2016-05-27,2016-05-31,29.34,29.34,Processed Late,EMP018,4,0.0,0.0,True
INV004597,SUP006,ST284,2016-05-20,2016-05-25,2016-05-28,200.26,200.26,Processed,EMP027,3,0.0,0.0,False
INV004598,SUP003,ST237,2016-05-20,2016-05-27,2016-05-28,42.6,42.6,Processed,EMP020,1,0.0,0.0,False
INV004599,SUP008,ST619,2016-05-20,2016-05-23,2016-05-30,2612.82,2612.82,Pending / Delayed,EMP001,7,0.0,0.0,True
INV004600,SUP002,ST133,2016-05-20,2016-05-24,2016-05-27,840.3,840.3,Processed,EMP009,3,0.0,0.0,False
INV004601,SUP008,ST179,2016-05-20,2016-05-23,2016-05-24,7084.0,7084.0,Processed,EMP027,1,0.0,0.0,False
INV004602,SUP003,ST620,2016-05-20,2016-05-28,2016-05-29,10.59,10.59,Processed,EMP022,1,0.0,0.0,False
INV004603,SUP007,ST578,2016-05-20,2016-05-28,2016-06-07,438.06,438.06,Pending / Delayed,EMP016,10,0.0,0.0,True
INV004604,SUP007,ST075,2016-05-20,2016-05-26,2016-05-27,417.46,417.46,Processed,EMP003,1,0.0,0.0,False
INV004605,SUP004,ST354,2016-05-20,2016-05-27,2016-05-31,410.4,410.4,Processed Late,EMP008,4,0.0,0.0,True
INV004606,SUP010,ST159,2016-05-20,2016-05-23,2016-05-24,355.2,355.2,Processed,EMP022,1,0.0,0.0,False
INV004607,SUP006,ST567,2016-05-20,2016-05-23,2016-05-28,123.5,123.5,Processed Late,EMP028,5,0.0,0.0,True
INV004608,SUP008,ST508,2016-05-20,2016-05-24,2016-05-30,173.74,173.74,Processed Late,EMP006,6,0.0,0.0,True
INV004609,SUP013,ST445,2016-05-20,2016-05-26,2016-05-29,1468.67,1468.67,Processed,EMP008,3,0.0,0.0,False
INV004610,SUP009,ST177,2016-05-20,2016-05-28,2016-05-31,16.0,16.0,Processed,EMP004,3,0.0,0.0,False
INV004611,SUP014,ST253,2016-05-20,2016-05-24,2016-05-27,149.0,149.0,Processed,EMP028,3,0.0,0.0,False
INV004612,SUP012,ST195,2016-05-20,2016-05-23,2016-05-26,15.36,15.36,Processed,EMP004,3,0.0,0.0,False
INV004613,SUP007,ST011,2016-05-20,2016-05-25,2016-05-27,65.04,65.04,Processed,EMP008,2,0.0,0.0,False
INV004614,SUP001,ST478,2016-05-20,2016-05-24,2016-05-27,9.6,9.6,Processed,EMP017,3,0.0,0.0,False
INV004615,SUP005,ST233,2016-05-20,2016-05-28,2016-05-30,824.44,824.44,Processed,EMP004,2,0.0,0.0,False
INV004616,SUP010,ST073,2016-05-20,2016-05-23,2016-05-24,706.86,706.86,Processed,EMP006,1,0.0,0.0,False
INV004617,SUP009,ST589,2016-05-20,2016-05-24,2016-05-25,272.7,272.7,Processed,EMP009,1,0.0,0.0,False
INV004618,SUP014,ST557,2016-05-20,2016-05-27,2016-06-01,126.48,126.48,Processed Late,EMP016,5,0.0,0.0,True
INV004619,SUP009,ST446,2016-05-20,2016-05-28,2016-06-03,154.62,154.62,Processed Late,EMP030,6,0.0,0.0,True
INV004620,SUP012,ST139,2016-05-20,2016-05-28,2016-06-01,335.58,335.58,Processed Late,EMP018,4,0.0,0.0,True
INV004621,SUP012,ST155,2016-05-20,2016-05-28,2016-05-29,130.2,130.2,Processed,EMP021,1,0.0,0.0,False
INV004622,SUP014,ST238,2016-05-20,2016-05-28,2016-06-01,79.17,79.17,Processed Late,EMP016,4,0.0,0.0,True
INV004623,SUP007,ST624,2016-05-20,2016-05-24,2016-05-26,64.94,64.94,Processed,EMP006,2,0.0,0.0,False
INV004624,SUP010,ST411,2016-05-20,2016-05-24,2016-05-26,23.4,23.4,Processed,EMP002,2,0.0,0.0,False
INV004625,SUP014,ST035,2016-05-20,2016-05-27,2016-05-28,164.73,164.73,Processed,EMP030,1,0.0,0.0,False
INV004626,SUP001,ST088,2016-05-20,2016-05-24,2016-05-25,3853.96,3853.96,Processed,EMP014,1,0.0,0.0,False
INV004627,SUP015,ST003,2016-05-20,2016-05-28,2016-05-30,121.68,121.68,Processed,EMP030,2,0.0,0.0,False
INV004628,SUP015,ST539,2016-05-20,2016-05-23,2016-05-24,35.7,35.7,Processed,EMP019,1,0.0,0.0,False
INV004629,SUP003,ST298,2016-05-20,2016-05-26,2016-05-27,1629.72,1629.72,Processed,EMP006,1,0.0,0.0,False
INV004630,SUP005,ST503,2016-05-20,2016-05-24,2016-05-27,153.18,153.18,Processed,EMP004,3,0.0,0.0,False
INV004631,SUP002,ST199,2016-05-20,2016-05-28,2016-05-31,70.14,70.14,Processed,EMP013,3,0.0,0.0,False
INV004632,SUP002,ST014,2016-05-20,2016-05-23,2016-05-25,22.08,22.08,Processed,EMP021,2,0.0,0.0,False
INV004633,SUP011,ST174,2016-05-20,2016-05-27,2016-06-05,1854.7,1854.7,Pending / Delayed,EMP025,9,0.0,0.0,True
INV004634,SUP007,ST089,2016-05-20,2016-05-25,2016-05-31,770.9,770.9,Processed Late,EMP010,6,0.0,0.0,True
INV004635,SUP003,ST342,2016-05-20,2016-05-28,2016-05-31,33.74,33.74,Processed,EMP024,3,0.0,0.0,False
INV004636,SUP002,ST605,2016-05-20,2016-05-25,2016-05-27,42.19,45.4,Processed,EMP006,2,-3.21,3.21,False
INV004637,SUP008,ST042,2016-05-20,2016-05-26,2016-05-29,48.62,48.62,Processed,EMP026,3,0.0,0.0,False
INV004638,SUP014,ST318,2016-05-20,2016-05-26,2016-05-31,32.62,32.62,Processed Late,EMP020,5,0.0,0.0,True
INV004639,SUP010,ST001,2016-05-20,2016-05-27,2016-06-01,58.66,59.2,Processed Late,EMP008,5,-0.54,0.54,True
INV004640,SUP012,ST548,2016-05-20,2016-05-25,2016-05-29,29.7,29.7,Processed Late,EMP009,4,0.0,0.0,True
INV004641,SUP006,ST068,2016-06-05,2016-06-10,2016-06-12,2999.1,2999.1,Processed,EMP016,2,0.0,0.0,False
INV004642,SUP002,ST623,2016-06-05,2016-06-11,2016-06-14,31.11,31.11,Processed,EMP024,3,0.0,0.0,False
INV004643,SUP015,ST571,2016-06-05,2016-06-08,2016-06-14,40.97,40.97,Processed Late,EMP018,6,0.0,0.0,True
INV004644,SUP011,ST171,2016-06-05,2016-06-08,2016-06-18,54.99,59.5,Pending / Delayed,EMP017,10,-4.51,4.51,True
INV004645,SUP006,ST393,2016-06-05,2016-06-12,2016-06-14,102.7,102.7,Processed,EMP010,2,0.0,0.0,False
INV004646,SUP002,ST572,2016-06-05,2016-06-08,2016-06-09,55.02,55.02,Processed,EMP012,1,0.0,0.0,False
INV004647,SUP009,ST081,2016-06-05,2016-06-12,2016-06-17,46.26,49.44,Processed Late,EMP016,5,-3.18,3.18,True
INV004648,SUP012,ST402,2016-06-05,2016-06-11,2016-06-14,33.12,33.12,Processed,EMP026,3,0.0,0.0,False
INV004649,SUP001,ST504,2016-06-05,2016-06-08,2016-06-13,21.4,21.4,Processed Late,EMP028,5,0.0,0.0,True
INV004650,SUP010,ST252,2016-06-05,2016-06-08,2016-06-10,1092.39,1092.39,Processed,EMP030,2,0.0,0.0,False
INV004651,SUP005,ST121,2016-06-05,2016-06-08,2016-06-09,23.21,23.21,Processed,EMP022,1,0.0,0.0,False
INV004652,SUP004,ST619,2016-06-05,2016-06-10,2016-06-15,6.86,7.4,Processed Late,EMP005,5,-0.54,0.54,True
INV004653,SUP009,ST025,2016-06-05,2016-06-12,2016-06-13,2409.96,2409.96,Processed,EMP020,1,0.0,0.0,False
INV004654,SUP003,ST041,2016-06-05,2016-06-11,2016-06-15,39.62,39.62,Processed Late,EMP028,4,0.0,0.0,True
INV004655,SUP009,ST568,2016-06-05,2016-06-08,2016-06-11,200.59,200.59,Processed,EMP016,3,0.0,0.0,False
INV004656,SUP012,ST022,2016-06-05,2016-06-12,2016-06-15,175.4,175.4,Processed,EMP010,3,0.0,0.0,False
INV004657,SUP007,ST330,2016-06-05,2016-06-11,2016-06-12,113.81,113.81,Processed,EMP004,1,0.0,0.0,False
INV004658,SUP015,ST392,2016-06-05,2016-06-08,2016-06-11,135.96,135.96,Processed,EMP021,3,0.0,0.0,False
INV004659,SUP004,ST209,2016-06-05,2016-06-09,2016-06-11,90.0,90.0,Processed,EMP021,2,0.0,0.0,False
INV004660,SUP001,ST195,2016-06-05,2016-06-10,2016-06-15,1429.35,1429.35,Processed Late,EMP030,5,0.0,0.0,True
INV004661,SUP001,ST516,2016-06-05,2016-06-09,2016-06-10,1218.9,1202.52,Processed,EMP028,1,16.38,16.38,False
INV004662,SUP009,ST620,2016-06-05,2016-06-13,2016-06-14,45.6,45.6,Processed,EMP011,1,0.0,0.0,False
INV004663,SUP001,ST121,2016-06-05,2016-06-10,2016-06-12,683.91,683.91,Processed,EMP007,2,0.0,0.0,False
INV004664,SUP012,ST289,2016-06-05,2016-06-10,2016-06-11,22.88,22.88,Processed,EMP007,1,0.0,0.0,False
INV004665,SUP014,ST149,2016-06-05,2016-06-08,2016-06-12,4537.44,4474.08,Processed Late,EMP002,4,63.36,63.36,True
INV004666,SUP009,ST283,2016-06-05,2016-06-10,2016-06-11,118.91,114.35,Processed,EMP007,1,4.56,4.56,False
INV004667,SUP003,ST409,2016-06-05,2016-06-12,2016-06-15,170.62,170.62,Processed,EMP029,3,0.0,0.0,False
INV004668,SUP011,ST413,2016-06-05,2016-06-12,2016-06-18,83.85,83.85,Processed Late,EMP001,6,0.0,0.0,True
INV004669,SUP011,ST163,2016-06-05,2016-06-13,2016-06-14,74.4,74.4,Processed,EMP010,1,0.0,0.0,False
INV004670,SUP015,ST482,2016-06-05,2016-06-13,2016-06-14,60.0,60.0,Processed,EMP029,1,0.0,0.0,False
INV004671,SUP006,ST286,2016-06-05,2016-06-08,2016-06-09,938.23,938.23,Processed,EMP029,1,0.0,0.0,False
INV004672,SUP011,ST141,2016-06-05,2016-06-12,2016-06-17,220.47,220.47,Processed Late,EMP009,5,0.0,0.0,True
INV004673,SUP005,ST400,2016-06-05,2016-06-11,2016-06-13,50.56,50.56,Processed,EMP021,2,0.0,0.0,False
INV004674,SUP004,ST591,2016-06-05,2016-06-13,2016-06-15,222.2,222.2,Processed,EMP013,2,0.0,0.0,False
INV004675,SUP007,ST136,2016-06-05,2016-06-12,2016-06-14,256.87,256.87,Processed,EMP026,2,0.0,0.0,False
INV004676,SUP013,ST591,2016-06-05,2016-06-11,2016-06-15,127.53,127.53,Processed Late,EMP010,4,0.0,0.0,True
INV004677,SUP001,ST142,2016-06-05,2016-06-11,2016-06-19,132.08,132.08,Pending / Delayed,EMP018,8,0.0,0.0,True
INV004678,SUP003,ST383,2016-06-05,2016-06-09,2016-06-19,310.84,310.84,Pending / Delayed,EMP021,10,0.0,0.0,True
INV004679,SUP001,ST222,2016-06-05,2016-06-11,2016-06-12,40.09,40.09,Processed,EMP008,1,0.0,0.0,False
INV004680,SUP015,ST054,2016-06-05,2016-06-10,2016-06-13,26.18,26.18,Processed,EMP008,3,0.0,0.0,False
INV004681,SUP004,ST445,2016-06-05,2016-06-12,2016-06-15,110.97,110.97,Processed,EMP016,3,0.0,0.0,False
INV004682,SUP009,ST090,2016-06-05,2016-06-12,2016-06-22,313.26,313.26,Pending / Delayed,EMP011,10,0.0,0.0,True
INV004683,SUP010,ST124,2016-06-05,2016-06-08,2016-06-10,18.0,17.12,Processed,EMP022,2,0.88,0.88,False
INV004684,SUP010,ST122,2016-06-05,2016-06-13,2016-06-14,128.56,128.56,Processed,EMP030,1,0.0,0.0,False
INV004685,SUP003,ST374,2016-06-05,2016-06-12,2016-06-20,242.28,242.28,Pending / Delayed,EMP017,8,0.0,0.0,True
INV004686,SUP012,ST205,2016-06-05,2016-06-08,2016-06-11,66.5,71.6,Processed,EMP007,3,-5.1,5.1,False
INV004687,SUP012,ST612,2016-06-05,2016-06-13,2016-06-14,977.87,932.62,Processed,EMP026,1,45.25,45.25,False
INV004688,SUP014,ST192,2016-06-05,2016-06-12,2016-06-16,474.95,474.95,Processed Late,EMP002,4,0.0,0.0,True
INV004689,SUP009,ST441,2016-06-05,2016-06-10,2016-06-16,45.99,45.99,Processed Late,EMP004,6,0.0,0.0,True
INV004690,SUP014,ST505,2016-06-05,2016-06-12,2016-06-18,402.24,402.24,Processed Late,EMP010,6,0.0,0.0,True
INV004691,SUP005,ST605,2016-06-05,2016-06-11,2016-06-15,1133.52,1133.52,Processed Late,EMP023,4,0.0,0.0,True
INV004692,SUP009,ST620,2016-06-05,2016-06-11,2016-06-17,91.44,91.44,Processed Late,EMP005,6,0.0,0.0,True
INV004693,SUP004,ST527,2016-06-05,2016-06-12,2016-06-24,16.83,16.83,Pending / Delayed,EMP012,12,0.0,0.0,True
INV004694,SUP009,ST124,2016-06-05,2016-06-12,2016-06-15,221.31,210.52,Processed,EMP016,3,10.79,10.79,False
INV004695,SUP006,ST543,2016-06-05,2016-06-11,2016-06-12,1605.66,1605.66,Processed,EMP001,1,0.0,0.0,False
INV004696,SUP007,ST416,2016-06-05,2016-06-09,2016-06-11,126.28,126.28,Processed,EMP022,2,0.0,0.0,False
INV004697,SUP011,ST380,2016-06-05,2016-06-12,2016-06-23,74.97,74.97,Pending / Delayed,EMP026,11,0.0,0.0,True
INV004698,SUP001,ST323,2016-06-05,2016-06-11,2016-06-12,277.44,277.44,Processed,EMP004,1,0.0,0.0,False
INV004699,SUP013,ST419,2016-06-05,2016-06-12,2016-06-17,7.64,7.64,Processed Late,EMP021,5,0.0,0.0,True
INV004700,SUP005,ST555,2016-06-05,2016-06-12,2016-06-13,436.2,438.0,Processed,EMP028,1,-1.8,1.8,False
INV004701,SUP008,ST158,2016-06-05,2016-06-09,2016-06-10,1924.64,1924.64,Processed,EMP005,1,0.0,0.0,False
INV004702,SUP006,ST065,2016-06-05,2016-06-10,2016-06-13,26.68,26.68,Processed,EMP001,3,0.0,0.0,False
INV004703,SUP006,ST204,2016-06-05,2016-06-13,2016-06-19,22.36,23.66,Processed Late,EMP007,6,-1.3,1.3,True
INV004704,SUP012,ST093,2016-06-05,2016-06-12,2016-06-15,2561.12,2561.12,Processed,EMP029,3,0.0,0.0,False
INV004705,SUP001,ST356,2016-06-05,2016-06-11,2016-06-13,667.0,667.0,Processed,EMP006,2,0.0,0.0,False
INV004706,SUP003,ST184,2016-06-05,2016-06-13,2016-06-16,4100.0,4100.0,Processed,EMP018,3,0.0,0.0,False
INV004707,SUP010,ST335,2016-06-05,2016-06-11,2016-06-12,41.48,41.48,Processed,EMP025,1,0.0,0.0,False
INV004708,SUP012,ST385,2016-06-05,2016-06-12,2016-06-17,94.6,94.6,Processed Late,EMP021,5,0.0,0.0,True
INV004709,SUP011,ST328,2016-06-05,2016-06-08,2016-06-10,529.23,529.23,Processed,EMP013,2,0.0,0.0,False
INV004710,SUP008,ST127,2016-06-05,2016-06-11,2016-06-12,3.77,3.54,Processed,EMP016,1,0.23,0.23,False
INV004711,SUP015,ST538,2016-06-05,2016-06-11,2016-06-17,34.96,34.96,Processed Late,EMP021,6,0.0,0.0,True
INV004712,SUP012,ST308,2016-06-05,2016-06-12,2016-06-14,954.52,954.52,Processed,EMP010,2,0.0,0.0,False
INV004713,SUP007,ST127,2016-06-05,2016-06-10,2016-06-21,31.44,31.44,Pending / Delayed,EMP021,11,0.0,0.0,True
INV004714,SUP012,ST622,2016-06-05,2016-06-13,2016-06-15,120.64,120.64,Processed,EMP017,2,0.0,0.0,False
INV004715,SUP009,ST008,2016-06-05,2016-06-13,2016-06-16,439.3,432.06,Processed,EMP010,3,7.24,7.24,False
INV004716,SUP003,ST249,2016-06-05,2016-06-10,2016-06-13,39.2,39.2,Processed,EMP028,3,0.0,0.0,False
INV004717,SUP002,ST556,2016-06-05,2016-06-09,2016-06-19,133.45,133.45,Pending / Delayed,EMP027,10,0.0,0.0,True
INV004718,SUP002,ST578,2016-06-05,2016-06-08,2016-06-09,224.3,224.3,Processed,EMP023,1,0.0,0.0,False
INV004719,SUP007,ST501,2016-06-05,2016-06-08,2016-06-10,298.56,298.56,Processed,EMP018,2,0.0,0.0,False
INV004720,SUP003,ST619,2016-06-05,2016-06-08,2016-06-10,5807.04,5807.04,Processed,EMP017,2,0.0,0.0,False
INV004721,SUP014,ST415,2016-06-20,2016-06-27,2016-07-02,151.92,151.92,Processed Late,EMP012,5,0.0,0.0,True
INV004722,SUP009,ST137,2016-06-20,2016-06-25,2016-06-28,553.02,553.02,Processed,EMP026,3,0.0,0.0,False
INV004723,SUP015,ST472,2016-06-20,2016-06-27,2016-07-02,113.05,113.05,Processed Late,EMP022,5,0.0,0.0,True
INV004724,SUP005,ST170,2016-06-20,2016-06-27,2016-07-01,131.4,131.4,Processed Late,EMP023,4,0.0,0.0,True
INV004725,SUP012,ST164,2016-06-20,2016-06-27,2016-07-07,197.04,199.08,Pending / Delayed,EMP026,10,-2.04,2.04,True
INV004726,SUP011,ST145,2016-06-20,2016-06-26,2016-07-07,89.49,89.49,Pending / Delayed,EMP021,11,0.0,0.0,True
INV004727,SUP001,ST590,2016-06-20,2016-06-26,2016-06-27,24.3,24.3,Processed,EMP023,1,0.0,0.0,False
INV004728,SUP010,ST194,2016-06-20,2016-06-27,2016-06-28,40.16,40.16,Processed,EMP023,1,0.0,0.0,False
INV004729,SUP005,ST142,2016-06-20,2016-06-24,2016-06-27,76.37,76.37,Processed,EMP010,3,0.0,0.0,False
INV004730,SUP010,ST606,2016-06-20,2016-06-24,2016-06-30,1017.45,1017.45,Processed Late,EMP025,6,0.0,0.0,True
INV004731,SUP008,ST340,2016-06-20,2016-06-28,2016-07-06,8.62,8.62,Pending / Delayed,EMP012,8,0.0,0.0,True
INV004732,SUP005,ST351,2016-06-20,2016-06-28,2016-06-30,19.4,19.4,Processed,EMP015,2,0.0,0.0,False
INV004733,SUP008,ST332,2016-06-20,2016-06-28,2016-06-29,2.49,2.49,Processed,EMP007,1,0.0,0.0,False
INV004734,SUP004,ST128,2016-06-20,2016-06-24,2016-06-25,192.37,200.24,Processed,EMP029,1,-7.87,7.87,False
INV004735,SUP004,ST219,2016-06-20,2016-06-26,2016-06-30,153.58,153.58,Processed Late,EMP003,4,0.0,0.0,True
INV004736,SUP012,ST155,2016-06-20,2016-06-24,2016-07-03,45.3,45.3,Pending / Delayed,EMP006,9,0.0,0.0,True
INV004737,SUP004,ST209,2016-06-20,2016-06-26,2016-06-27,53.6,53.6,Processed,EMP008,1,0.0,0.0,False
INV004738,SUP001,ST408,2016-06-20,2016-06-26,2016-06-27,487.98,487.98,Processed,EMP018,1,0.0,0.0,False
INV004739,SUP013,ST454,2016-06-20,2016-06-28,2016-07-01,751.91,751.91,Processed,EMP010,3,0.0,0.0,False
INV004740,SUP004,ST388,2016-06-20,2016-06-26,2016-06-29,6426.18,6426.18,Processed,EMP024,3,0.0,0.0,False
INV004741,SUP009,ST312,2016-06-20,2016-06-26,2016-07-03,989.64,989.64,Pending / Delayed,EMP027,7,0.0,0.0,True
INV004742,SUP014,ST039,2016-06-20,2016-06-27,2016-06-30,64.02,64.02,Processed,EMP024,3,0.0,0.0,False
INV004743,SUP003,ST508,2016-06-20,2016-06-27,2016-06-30,30.36,30.36,Processed,EMP025,3,0.0,0.0,False
INV004744,SUP013,ST376,2016-06-20,2016-06-27,2016-07-02,178.8,178.8,Processed Late,EMP003,5,0.0,0.0,True
INV004745,SUP003,ST381,2016-06-20,2016-06-26,2016-06-28,72.6,72.6,Processed,EMP030,2,0.0,0.0,False
INV004746,SUP001,ST041,2016-06-20,2016-06-23,2016-06-24,25.8,25.8,Processed,EMP009,1,0.0,0.0,False
INV004747,SUP009,ST366,2016-06-20,2016-06-24,2016-06-26,36.68,36.68,Processed,EMP013,2,0.0,0.0,False
INV004748,SUP012,ST073,2016-06-20,2016-06-28,2016-06-30,463.5,463.5,Processed,EMP007,2,0.0,0.0,False
INV004749,SUP010,ST498,2016-06-20,2016-06-27,2016-06-28,252.96,252.96,Processed,EMP023,1,0.0,0.0,False
INV004750,SUP004,ST602,2016-06-20,2016-06-28,2016-07-01,7.7,7.7,Processed,EMP024,3,0.0,0.0,False
INV004751,SUP014,ST555,2016-06-20,2016-06-27,2016-07-07,242.08,242.08,Pending / Delayed,EMP016,10,0.0,0.0,True
INV004752,SUP015,ST519,2016-06-20,2016-06-27,2016-07-01,11.8,11.8,Processed Late,EMP004,4,0.0,0.0,True
INV004753,SUP015,ST323,2016-06-20,2016-06-25,2016-06-27,769.2,769.2,Processed,EMP006,2,0.0,0.0,False
INV004754,SUP013,ST213,2016-06-20,2016-06-28,2016-07-01,35.46,37.73,Processed,EMP029,3,-2.27,2.27,False
INV004755,SUP007,ST304,2016-06-20,2016-06-28,2016-07-03,1944.6,1944.6,Processed Late,EMP013,5,0.0,0.0,True
INV004756,SUP010,ST264,2016-06-20,2016-06-25,2016-07-07,503.94,503.94,Pending / Delayed,EMP015,12,0.0,0.0,True
INV004757,SUP012,ST562,2016-06-20,2016-06-23,2016-06-24,78.66,78.66,Processed,EMP011,1,0.0,0.0,False
INV004758,SUP002,ST107,2016-06-20,2016-06-26,2016-06-29,108.49,108.49,Processed,EMP026,3,0.0,0.0,False
INV004759,SUP006,ST234,2016-06-20,2016-06-27,2016-06-29,126.28,126.28,Processed,EMP028,2,0.0,0.0,False
INV004760,SUP003,ST462,2016-06-20,2016-06-24,2016-06-27,54.48,54.48,Processed,EMP028,3,0.0,0.0,False
INV004761,SUP004,ST606,2016-06-20,2016-06-28,2016-06-30,86.66,86.66,Processed,EMP028,2,0.0,0.0,False
INV004762,SUP005,ST177,2016-06-20,2016-06-25,2016-06-27,224.73,224.73,Processed,EMP005,2,0.0,0.0,False
INV004763,SUP012,ST517,2016-06-20,2016-06-23,2016-06-28,23.73,23.38,Processed Late,EMP009,5,0.35,0.35,True
INV004764,SUP009,ST145,2016-06-20,2016-06-24,2016-07-03,2065.14,2065.14,Pending / Delayed,EMP017,9,0.0,0.0,True
INV004765,SUP009,ST495,2016-06-20,2016-06-24,2016-07-06,33.64,31.52,Pending / Delayed,EMP013,12,2.12,2.12,True
INV004766,SUP005,ST070,2016-06-20,2016-06-25,2016-07-01,23.37,23.37,Processed Late,EMP015,6,0.0,0.0,True
INV004767,SUP002,ST205,2016-06-20,2016-06-27,2016-06-28,550.95,550.95,Processed,EMP010,1,0.0,0.0,False
INV004768,SUP008,ST589,2016-06-20,2016-06-25,2016-06-26,322.14,322.14,Processed,EMP020,1,0.0,0.0,False
INV004769,SUP013,ST333,2016-06-20,2016-06-25,2016-06-30,39.3,39.3,Processed Late,EMP012,5,0.0,0.0,True
INV004770,SUP010,ST397,2016-06-20,2016-06-26,2016-07-02,17.44,17.44,Processed Late,EMP004,6,0.0,0.0,True
INV004771,SUP001,ST456,2016-06-20,2016-06-26,2016-06-28,1653.95,1653.95,Processed,EMP013,2,0.0,0.0,False
INV004772,SUP001,ST557,2016-06-20,2016-06-24,2016-06-27,14.84,14.84,Processed,EMP019,3,0.0,0.0,False
INV004773,SUP007,ST411,2016-06-20,2016-06-23,2016-06-25,45.54,45.54,Processed,EMP018,2,0.0,0.0,False
INV004774,SUP006,ST327,2016-06-20,2016-06-25,2016-06-29,521.35,521.35,Processed Late,EMP007,4,0.0,0.0,True
INV004775,SUP005,ST339,2016-06-20,2016-06-28,2016-07-01,27.0,27.0,Processed,EMP027,3,0.0,0.0,False
INV004776,SUP006,ST336,2016-06-20,2016-06-25,2016-06-28,111.52,113.4,Processed,EMP027,3,-1.88,1.88,False
INV004777,SUP003,ST261,2016-06-20,2016-06-25,2016-06-28,26.65,26.65,Processed,EMP010,3,0.0,0.0,False
INV004778,SUP001,ST396,2016-06-20,2016-06-28,2016-07-02,1003.6,1003.6,Processed Late,EMP014,4,0.0,0.0,True
INV004779,SUP013,ST425,2016-06-20,2016-06-24,2016-06-26,27.36,27.36,Processed,EMP023,2,0.0,0.0,False
INV004780,SUP001,ST366,2016-06-20,2016-06-26,2016-06-29,204.6,204.6,Processed,EMP021,3,0.0,0.0,False
INV004781,SUP006,ST110,2016-06-20,2016-06-26,2016-06-28,56.0,56.0,Processed,EMP005,2,0.0,0.0,False
INV004782,SUP005,ST071,2016-06-20,2016-06-27,2016-06-29,3534.69,3823.6,Processed,EMP020,2,-288.91,288.91,False
INV004783,SUP001,ST148,2016-06-20,2016-06-28,2016-07-01,62.9,62.9,Processed,EMP011,3,0.0,0.0,False
INV004784,SUP009,ST437,2016-06-20,2016-06-25,2016-06-27,2189.52,2189.52,Processed,EMP009,2,0.0,0.0,False
INV004785,SUP014,ST482,2016-06-20,2016-06-23,2016-06-24,279.42,262.44,Processed,EMP024,1,16.98,16.98,False
INV004786,SUP004,ST419,2016-06-20,2016-06-26,2016-07-06,7.92,7.92,Pending / Delayed,EMP022,10,0.0,0.0,True
INV004787,SUP005,ST158,2016-06-20,2016-06-28,2016-06-29,1584.77,1584.77,Processed,EMP025,1,0.0,0.0,False
INV004788,SUP001,ST341,2016-06-20,2016-06-23,2016-06-25,2309.85,2309.85,Processed,EMP023,2,0.0,0.0,False
INV004789,SUP010,ST285,2016-06-20,2016-06-26,2016-07-01,46.55,46.55,Processed Late,EMP014,5,0.0,0.0,True
INV004790,SUP001,ST598,2016-06-20,2016-06-26,2016-07-01,93.5,93.5,Processed Late,EMP025,5,0.0,0.0,True
INV004791,SUP008,ST611,2016-06-20,2016-06-24,2016-06-25,715.32,715.32,Processed,EMP021,1,0.0,0.0,False
INV004792,SUP003,ST280,2016-06-20,2016-06-28,2016-06-29,83.4,83.4,Processed,EMP030,1,0.0,0.0,False
INV004793,SUP004,ST372,2016-06-20,2016-06-27,2016-07-02,450.87,450.87,Processed Late,EMP016,5,0.0,0.0,True
INV004794,SUP005,ST326,2016-06-20,2016-06-25,2016-06-28,1131.0,1131.0,Processed,EMP005,3,0.0,0.0,False
INV004795,SUP013,ST387,2016-06-20,2016-06-28,2016-07-02,42.16,42.16,Processed Late,EMP014,4,0.0,0.0,True
INV004796,SUP001,ST587,2016-06-20,2016-06-26,2016-07-08,1792.8,1792.8,Pending / Delayed,EMP012,12,0.0,0.0,True
INV004797,SUP011,ST020,2016-06-20,2016-06-24,2016-06-27,73.8,73.8,Processed,EMP029,3,0.0,0.0,False
INV004798,SUP011,ST443,2016-06-20,2016-06-24,2016-06-27,170.81,170.81,Processed,EMP030,3,0.0,0.0,False
INV004799,SUP011,ST046,2016-06-20,2016-06-28,2016-06-30,179.2,179.2,Processed,EMP004,2,0.0,0.0,False
INV004800,SUP010,ST144,2016-06-20,2016-06-25,2016-07-04,1540.11,1540.11,Pending / Delayed,EMP020,9,0.0,0.0,True
INV004801,SUP014,ST018,2016-07-05,2016-07-08,2016-07-11,1192.06,1112.9,Processed,EMP024,3,79.16,79.16,False
INV004802,SUP004,ST099,2016-07-05,2016-07-10,2016-07-13,2083.29,2083.29,Processed,EMP027,3,0.0,0.0,False
INV004803,SUP008,ST293,2016-07-05,2016-07-09,2016-07-13,565.6,565.6,Processed Late,EMP009,4,0.0,0.0,True
INV004804,SUP006,ST117,2016-07-05,2016-07-08,2016-07-11,33.92,33.92,Processed,EMP023,3,0.0,0.0,False
INV004805,SUP012,ST274,2016-07-05,2016-07-11,2016-07-14,879.12,879.12,Processed,EMP011,3,0.0,0.0,False
INV004806,SUP009,ST535,2016-07-05,2016-07-13,2016-07-19,211.33,211.33,Processed Late,EMP025,6,0.0,0.0,True
INV004807,SUP009,ST406,2016-07-05,2016-07-13,2016-07-15,25.92,25.92,Processed,EMP009,2,0.0,0.0,False
INV004808,SUP007,ST163,2016-07-05,2016-07-11,2016-07-13,74.8,74.8,Processed,EMP023,2,0.0,0.0,False
INV004809,SUP015,ST440,2016-07-05,2016-07-13,2016-07-18,28.35,28.35,Processed Late,EMP012,5,0.0,0.0,True
INV004810,SUP007,ST287,2016-07-05,2016-07-09,2016-07-11,47.49,44.85,Processed,EMP011,2,2.64,2.64,False
INV004811,SUP005,ST529,2016-07-05,2016-07-13,2016-07-15,24.75,24.75,Processed,EMP027,2,0.0,0.0,False
INV004812,SUP001,ST394,2016-07-05,2016-07-10,2016-07-14,665.12,665.12,Processed Late,EMP015,4,0.0,0.0,True
INV004813,SUP011,ST089,2016-07-05,2016-07-08,2016-07-09,1441.0,1441.0,Processed,EMP007,1,0.0,0.0,False
INV004814,SUP013,ST093,2016-07-05,2016-07-08,2016-07-12,240.84,240.84,Processed Late,EMP003,4,0.0,0.0,True
INV004815,SUP013,ST151,2016-07-05,2016-07-08,2016-07-16,43.02,43.02,Pending / Delayed,EMP027,8,0.0,0.0,True
INV004816,SUP010,ST320,2016-07-05,2016-07-10,2016-07-11,30.03,30.03,Processed,EMP028,1,0.0,0.0,False
INV004817,SUP001,ST431,2016-07-05,2016-07-10,2016-07-11,1802.34,1802.34,Processed,EMP021,1,0.0,0.0,False
INV004818,SUP003,ST226,2016-07-05,2016-07-10,2016-07-16,1495.23,1414.26,Processed Late,EMP010,6,80.97,80.97,True
INV004819,SUP010,ST028,2016-07-05,2016-07-13,2016-07-15,242.08,242.08,Processed,EMP019,2,0.0,0.0,False
INV004820,SUP014,ST587,2016-07-05,2016-07-11,2016-07-12,1099.62,1099.62,Processed,EMP009,1,0.0,0.0,False
INV004821,SUP005,ST556,2016-07-05,2016-07-11,2016-07-13,346.2,346.2,Processed,EMP002,2,0.0,0.0,False
INV004822,SUP008,ST458,2016-07-05,2016-07-10,2016-07-19,953.8,953.8,Pending / Delayed,EMP029,9,0.0,0.0,True
INV004823,SUP013,ST456,2016-07-05,2016-07-10,2016-07-14,20.4,20.4,Processed Late,EMP021,4,0.0,0.0,True
INV004824,SUP010,ST538,2016-07-05,2016-07-12,2016-07-17,18.96,18.96,Processed Late,EMP015,5,0.0,0.0,True
INV004825,SUP011,ST041,2016-07-05,2016-07-12,2016-07-15,365.37,365.37,Processed,EMP007,3,0.0,0.0,False
INV004826,SUP002,ST362,2016-07-05,2016-07-08,2016-07-14,817.74,794.08,Processed Late,EMP015,6,23.66,23.66,True
INV004827,SUP001,ST572,2016-07-05,2016-07-13,2016-07-14,1650.36,1650.36,Processed,EMP019,1,0.0,0.0,False
INV004828,SUP010,ST400,2016-07-05,2016-07-09,2016-07-20,136.63,136.63,Pending / Delayed,EMP020,11,0.0,0.0,True
INV004829,SUP005,ST564,2016-07-05,2016-07-13,2016-07-15,1099.34,1099.34,Processed,EMP020,2,0.0,0.0,False
INV004830,SUP001,ST160,2016-07-05,2016-07-12,2016-07-15,95.7,95.7,Processed,EMP020,3,0.0,0.0,False
INV004831,SUP003,ST244,2016-07-05,2016-07-12,2016-07-15,436.22,436.22,Processed,EMP022,3,0.0,0.0,False
INV004832,SUP015,ST618,2016-07-05,2016-07-12,2016-07-15,46.45,43.05,Processed,EMP015,3,3.4,3.4,False
INV004833,SUP009,ST560,2016-07-05,2016-07-13,2016-07-15,736.08,736.08,Processed,EMP012,2,0.0,0.0,False
INV004834,SUP009,ST536,2016-07-05,2016-07-11,2016-07-12,5789.8,5789.8,Processed,EMP019,1,0.0,0.0,False
INV004835,SUP003,ST028,2016-07-05,2016-07-08,2016-07-14,425.05,425.05,Processed Late,EMP007,6,0.0,0.0,True
INV004836,SUP013,ST611,2016-07-05,2016-07-12,2016-07-14,56.42,56.42,Processed,EMP019,2,0.0,0.0,False
INV004837,SUP010,ST136,2016-07-05,2016-07-09,2016-07-20,979.1,979.1,Pending / Delayed,EMP022,11,0.0,0.0,True
INV004838,SUP003,ST397,2016-07-05,2016-07-13,2016-07-16,409.56,409.56,Processed,EMP019,3,0.0,0.0,False
INV004839,SUP015,ST524,2016-07-05,2016-07-09,2016-07-13,134.55,134.55,Processed Late,EMP020,4,0.0,0.0,True
INV004840,SUP008,ST048,2016-07-05,2016-07-08,2016-07-13,100.1,100.1,Processed Late,EMP017,5,0.0,0.0,True
INV004841,SUP008,ST336,2016-07-05,2016-07-08,2016-07-14,24.84,24.84,Processed Late,EMP006,6,0.0,0.0,True
INV004842,SUP013,ST231,2016-07-05,2016-07-09,2016-07-12,36.9,36.9,Processed,EMP003,3,0.0,0.0,False
INV004843,SUP001,ST499,2016-07-05,2016-07-08,2016-07-09,262.99,262.99,Processed,EMP027,1,0.0,0.0,False
INV004844,SUP014,ST224,2016-07-05,2016-07-09,2016-07-10,104.0,104.0,Processed,EMP029,1,0.0,0.0,False
INV004845,SUP001,ST326,2016-07-05,2016-07-08,2016-07-09,23.28,23.28,Processed,EMP026,1,0.0,0.0,False
INV004846,SUP011,ST096,2016-07-05,2016-07-08,2016-07-10,7.1,7.08,Processed,EMP012,2,0.02,0.02,False
INV004847,SUP012,ST287,2016-07-05,2016-07-08,2016-07-14,142.32,153.9,Processed Late,EMP019,6,-11.58,11.58,True
INV004848,SUP009,ST551,2016-07-05,2016-07-13,2016-07-25,3261.83,3261.83,Pending / Delayed,EMP012,12,0.0,0.0,True
INV004849,SUP005,ST495,2016-07-05,2016-07-11,2016-07-14,12.72,12.72,Processed,EMP012,3,0.0,0.0,False
INV004850,SUP015,ST233,2016-07-05,2016-07-08,2016-07-10,173.3,173.3,Processed,EMP015,2,0.0,0.0,False
INV004851,SUP009,ST455,2016-07-05,2016-07-08,2016-07-16,144.33,144.33,Pending / Delayed,EMP010,8,0.0,0.0,True
INV004852,SUP013,ST547,2016-07-05,2016-07-12,2016-07-13,60.62,60.62,Processed,EMP021,1,0.0,0.0,False
INV004853,SUP008,ST462,2016-07-05,2016-07-13,2016-07-14,36.45,36.45,Processed,EMP014,1,0.0,0.0,False
INV004854,SUP015,ST146,2016-07-05,2016-07-11,2016-07-17,705.85,705.85,Processed Late,EMP002,6,0.0,0.0,True
INV004855,SUP011,ST274,2016-07-05,2016-07-13,2016-07-15,380.05,380.05,Processed,EMP025,2,0.0,0.0,False
INV004856,SUP007,ST485,2016-07-05,2016-07-12,2016-07-16,210.6,210.6,Processed Late,EMP003,4,0.0,0.0,True
INV004857,SUP013,ST238,2016-07-05,2016-07-08,2016-07-18,16.55,15.95,Pending / Delayed,EMP020,10,0.6,0.6,True
INV004858,SUP014,ST023,2016-07-05,2016-07-11,2016-07-13,84.6,84.6,Processed,EMP024,2,0.0,0.0,False
INV004859,SUP010,ST327,2016-07-05,2016-07-10,2016-07-12,774.72,774.72,Processed,EMP010,2,0.0,0.0,False
INV004860,SUP004,ST122,2016-07-05,2016-07-08,2016-07-15,125.97,125.97,Pending / Delayed,EMP005,7,0.0,0.0,True
INV004861,SUP012,ST165,2016-07-05,2016-07-11,2016-07-16,161.16,161.16,Processed Late,EMP027,5,0.0,0.0,True
INV004862,SUP004,ST107,2016-07-05,2016-07-11,2016-07-14,20.88,20.88,Processed,EMP016,3,0.0,0.0,False
INV004863,SUP004,ST039,2016-07-05,2016-07-11,2016-07-12,56.05,56.05,Processed,EMP005,1,0.0,0.0,False
INV004864,SUP006,ST312,2016-07-05,2016-07-13,2016-07-21,27.97,26.52,Pending / Delayed,EMP018,8,1.45,1.45,True
INV004865,SUP005,ST093,2016-07-05,2016-07-10,2016-07-12,70.05,70.65,Processed,EMP017,2,-0.6,0.6,False
INV004866,SUP006,ST261,2016-07-05,2016-07-12,2016-07-21,6.63,6.63,Pending / Delayed,EMP026,9,0.0,0.0,True
INV004867,SUP007,ST025,2016-07-05,2016-07-12,2016-07-13,615.6,615.6,Processed,EMP010,1,0.0,0.0,False
INV004868,SUP007,ST483,2016-07-05,2016-07-10,2016-07-15,74.47,74.47,Processed Late,EMP026,5,0.0,0.0,True
INV004869,SUP006,ST587,2016-07-05,2016-07-11,2016-07-12,121.8,121.8,Processed,EMP003,1,0.0,0.0,False
INV004870,SUP015,ST499,2016-07-05,2016-07-11,2016-07-14,511.28,511.28,Processed,EMP006,3,0.0,0.0,False
INV004871,SUP008,ST004,2016-07-05,2016-07-11,2016-07-12,13.25,13.25,Processed,EMP027,1,0.0,0.0,False
INV004872,SUP002,ST526,2016-07-05,2016-07-12,2016-07-15,880.88,880.88,Processed,EMP020,3,0.0,0.0,False
INV004873,SUP011,ST294,2016-07-05,2016-07-12,2016-07-14,2603.4,2603.4,Processed,EMP025,2,0.0,0.0,False
INV004874,SUP011,ST492,2016-07-05,2016-07-12,2016-07-17,27.39,27.39,Processed Late,EMP027,5,0.0,0.0,True
INV004875,SUP005,ST576,2016-07-05,2016-07-12,2016-07-17,82.24,88.92,Processed Late,EMP006,5,-6.68,6.68,True
INV004876,SUP005,ST027,2016-07-05,2016-07-09,2016-07-15,519.69,519.69,Processed Late,EMP022,6,0.0,0.0,True
INV004877,SUP005,ST248,2016-07-05,2016-07-11,2016-07-14,11.04,11.04,Processed,EMP016,3,0.0,0.0,False
INV004878,SUP007,ST357,2016-07-05,2016-07-09,2016-07-17,139.38,139.38,Pending / Delayed,EMP023,8,0.0,0.0,True
INV004879,SUP014,ST192,2016-07-05,2016-07-11,2016-07-16,65.8,65.8,Processed Late,EMP026,5,0.0,0.0,True
INV004880,SUP008,ST471,2016-07-05,2016-07-11,2016-07-14,263.28,263.28,Processed,EMP015,3,0.0,0.0,False
INV004881,SUP007,ST446,2016-07-20,2016-07-27,2016-07-28,900.06,900.06,Processed,EMP008,1,0.0,0.0,False
INV004882,SUP012,ST404,2016-07-20,2016-07-25,2016-07-26,1475.4,1475.4,Processed,EMP020,1,0.0,0.0,False
INV004883,SUP015,ST033,2016-07-20,2016-07-27,2016-07-28,32.9,32.9,Processed,EMP016,1,0.0,0.0,False
INV004884,SUP012,ST226,2016-07-20,2016-07-26,2016-07-27,42.6,42.6,Processed,EMP024,1,0.0,0.0,False
INV004885,SUP002,ST214,2016-07-20,2016-07-26,2016-07-27,919.6,919.6,Processed,EMP030,1,0.0,0.0,False
INV004886,SUP007,ST500,2016-07-20,2016-07-28,2016-07-30,25.27,25.27,Processed,EMP025,2,0.0,0.0,False
INV004887,SUP014,ST464,2016-07-20,2016-07-27,2016-07-30,392.74,392.74,Processed,EMP006,3,0.0,0.0,False
INV004888,SUP005,ST283,2016-07-20,2016-07-28,2016-07-29,26.52,26.52,Processed,EMP020,1,0.0,0.0,False
INV004889,SUP010,ST169,2016-07-20,2016-07-25,2016-07-26,71.87,69.5,Processed,EMP026,1,2.37,2.37,False
INV004890,SUP005,ST405,2016-07-20,2016-07-26,2016-07-29,85.02,85.02,Processed,EMP029,3,0.0,0.0,False
INV004891,SUP013,ST386,2016-07-20,2016-07-26,2016-07-28,120.23,120.23,Processed,EMP007,2,0.0,0.0,False
INV004892,SUP008,ST132,2016-07-20,2016-07-23,2016-07-28,64.03,64.03,Processed Late,EMP007,5,0.0,0.0,True
INV004893,SUP013,ST366,2016-07-20,2016-07-28,2016-07-29,35.84,35.84,Processed,EMP013,1,0.0,0.0,False
INV004894,SUP013,ST162,2016-07-20,2016-07-23,2016-07-25,138.48,138.48,Processed,EMP007,2,0.0,0.0,False
INV004895,SUP015,ST270,2016-07-20,2016-07-25,2016-07-30,608.48,608.48,Processed Late,EMP016,5,0.0,0.0,True
INV004896,SUP015,ST561,2016-07-20,2016-07-26,2016-07-29,58.65,58.65,Processed,EMP011,3,0.0,0.0,False
INV004897,SUP006,ST352,2016-07-20,2016-07-24,2016-07-29,31.85,31.85,Processed Late,EMP011,5,0.0,0.0,True
INV004898,SUP013,ST278,2016-07-20,2016-07-23,2016-07-26,1347.12,1347.12,Processed,EMP017,3,0.0,0.0,False
INV004899,SUP007,ST493,2016-07-20,2016-07-23,2016-08-01,1057.29,1074.6,Pending / Delayed,EMP013,9,-17.31,17.31,True
INV004900,SUP004,ST587,2016-07-20,2016-07-26,2016-07-27,61.37,61.37,Processed,EMP002,1,0.0,0.0,False
INV004901,SUP004,ST068,2016-07-20,2016-07-24,2016-07-26,448.97,448.97,Processed,EMP022,2,0.0,0.0,False
INV004902,SUP012,ST086,2016-07-20,2016-07-24,2016-08-04,33.5,33.5,Pending / Delayed,EMP015,11,0.0,0.0,True
INV004903,SUP014,ST203,2016-07-20,2016-07-25,2016-07-30,54.4,54.4,Processed Late,EMP022,5,0.0,0.0,True
INV004904,SUP012,ST603,2016-07-20,2016-07-23,2016-07-29,262.47,263.08,Processed Late,EMP019,6,-0.61,0.61,True
INV004905,SUP014,ST325,2016-07-20,2016-07-24,2016-07-26,62.1,62.1,Processed,EMP026,2,0.0,0.0,False
INV004906,SUP001,ST297,2016-07-20,2016-07-24,2016-07-27,1343.99,1245.6,Processed,EMP028,3,98.39,98.39,False
INV004907,SUP008,ST508,2016-07-20,2016-07-25,2016-07-31,809.35,869.76,Processed Late,EMP008,6,-60.41,60.41,True
INV004908,SUP001,ST542,2016-07-20,2016-07-28,2016-08-04,282.45,282.45,Pending / Delayed,EMP002,7,0.0,0.0,True
INV004909,SUP012,ST549,2016-07-20,2016-07-23,2016-08-03,4.41,4.41,Pending / Delayed,EMP002,11,0.0,0.0,True
INV004910,SUP010,ST087,2016-07-20,2016-07-24,2016-07-28,42.96,42.96,Processed Late,EMP005,4,0.0,0.0,True
INV004911,SUP007,ST493,2016-07-20,2016-07-28,2016-07-29,106.49,112.12,Processed,EMP019,1,-5.63,5.63,False
INV004912,SUP013,ST016,2016-07-20,2016-07-28,2016-08-07,8.96,8.96,Pending / Delayed,EMP017,10,0.0,0.0,True
INV004913,SUP008,ST100,2016-07-20,2016-07-23,2016-07-24,135.66,135.66,Processed,EMP021,1,0.0,0.0,False
INV004914,SUP006,ST434,2016-07-20,2016-07-23,2016-07-29,115.36,115.36,Processed Late,EMP003,6,0.0,0.0,True
INV004915,SUP014,ST055,2016-07-20,2016-07-25,2016-07-27,576.24,576.24,Processed,EMP019,2,0.0,0.0,False
INV004916,SUP001,ST147,2016-07-20,2016-07-25,2016-07-31,65.93,65.93,Processed Late,EMP007,6,0.0,0.0,True
INV004917,SUP004,ST074,2016-07-20,2016-07-23,2016-07-25,38.6,38.6,Processed,EMP029,2,0.0,0.0,False
INV004918,SUP004,ST013,2016-07-20,2016-07-27,2016-07-31,33.46,33.46,Processed Late,EMP015,4,0.0,0.0,True
INV004919,SUP001,ST190,2016-07-20,2016-07-28,2016-07-30,7.44,7.44,Processed,EMP011,2,0.0,0.0,False
INV004920,SUP012,ST344,2016-07-20,2016-07-26,2016-07-28,25.68,25.68,Processed,EMP006,2,0.0,0.0,False
INV004921,SUP003,ST173,2016-07-20,2016-07-25,2016-07-27,27.6,27.6,Processed,EMP030,2,0.0,0.0,False
INV004922,SUP013,ST158,2016-07-20,2016-07-23,2016-07-29,543.65,543.65,Processed Late,EMP028,6,0.0,0.0,True
INV004923,SUP002,ST323,2016-07-20,2016-07-28,2016-07-30,166.8,166.8,Processed,EMP016,2,0.0,0.0,False
INV004924,SUP010,ST146,2016-07-20,2016-07-24,2016-07-28,352.44,352.44,Processed Late,EMP002,4,0.0,0.0,True
INV004925,SUP004,ST211,2016-07-20,2016-07-24,2016-07-28,1722.56,1722.56,Processed Late,EMP007,4,0.0,0.0,True
INV004926,SUP003,ST285,2016-07-20,2016-07-23,2016-07-25,271.62,271.62,Processed,EMP003,2,0.0,0.0,False
INV004927,SUP010,ST134,2016-07-20,2016-07-27,2016-07-30,4321.2,4321.2,Processed,EMP026,3,0.0,0.0,False
INV004928,SUP007,ST144,2016-07-20,2016-07-24,2016-07-27,13.17,12.39,Processed,EMP029,3,0.78,0.78,False
INV004929,SUP002,ST213,2016-07-20,2016-07-25,2016-07-26,3.54,3.54,Processed,EMP007,1,0.0,0.0,False
INV004930,SUP010,ST104,2016-07-20,2016-07-25,2016-07-28,1212.09,1212.09,Processed,EMP015,3,0.0,0.0,False
INV004931,SUP009,ST388,2016-07-20,2016-07-23,2016-07-26,786.38,786.38,Processed,EMP026,3,0.0,0.0,False
INV004932,SUP012,ST613,2016-07-20,2016-07-26,2016-07-29,24.84,25.12,Processed,EMP009,3,-0.28,0.28,False
INV004933,SUP006,ST130,2016-07-20,2016-07-24,2016-08-02,4298.55,4298.55,Pending / Delayed,EMP003,9,0.0,0.0,True
INV004934,SUP005,ST306,2016-07-20,2016-07-27,2016-07-28,141.89,141.89,Processed,EMP013,1,0.0,0.0,False
INV004935,SUP003,ST271,2016-07-20,2016-07-25,2016-07-28,87.0,87.0,Processed,EMP006,3,0.0,0.0,False
INV004936,SUP005,ST179,2016-07-20,2016-07-25,2016-07-26,22.95,22.95,Processed,EMP002,1,0.0,0.0,False
INV004937,SUP004,ST448,2016-07-20,2016-07-25,2016-07-27,430.6,430.6,Processed,EMP001,2,0.0,0.0,False
INV004938,SUP014,ST249,2016-07-20,2016-07-25,2016-07-27,4391.1,4391.1,Processed,EMP025,2,0.0,0.0,False
INV004939,SUP011,ST370,2016-07-20,2016-07-27,2016-07-29,195.2,195.2,Processed,EMP019,2,0.0,0.0,False
INV004940,SUP006,ST415,2016-07-20,2016-07-24,2016-07-25,90.27,90.27,Processed,EMP013,1,0.0,0.0,False
INV004941,SUP007,ST380,2016-07-20,2016-07-27,2016-08-05,1671.92,1562.68,Pending / Delayed,EMP017,9,109.24,109.24,True
INV004942,SUP013,ST400,2016-07-20,2016-07-23,2016-07-24,434.09,425.32,Processed,EMP027,1,8.77,8.77,False
INV004943,SUP009,ST063,2016-07-20,2016-07-28,2016-07-29,21.6,21.6,Processed,EMP017,1,0.0,0.0,False
INV004944,SUP005,ST485,2016-07-20,2016-07-23,2016-08-02,109.05,109.05,Pending / Delayed,EMP026,10,0.0,0.0,True
INV004945,SUP010,ST380,2016-07-20,2016-07-27,2016-07-30,108.09,108.09,Processed,EMP010,3,0.0,0.0,False
INV004946,SUP005,ST404,2016-07-20,2016-07-23,2016-07-29,625.28,625.28,Processed Late,EMP025,6,0.0,0.0,True
INV004947,SUP006,ST214,2016-07-20,2016-07-26,2016-07-29,41.76,41.76,Processed,EMP022,3,0.0,0.0,False
INV004948,SUP011,ST591,2016-07-20,2016-07-24,2016-07-27,41.85,41.85,Processed,EMP021,3,0.0,0.0,False
INV004949,SUP004,ST398,2016-07-20,2016-07-27,2016-07-29,140.22,140.22,Processed,EMP008,2,0.0,0.0,False
INV004950,SUP006,ST487,2016-07-20,2016-07-28,2016-08-01,8.46,8.46,Processed Late,EMP016,4,0.0,0.0,True
INV004951,SUP012,ST429,2016-07-20,2016-07-23,2016-07-25,1455.2,1455.2,Processed,EMP022,2,0.0,0.0,False
INV004952,SUP006,ST278,2016-07-20,2016-07-27,2016-08-03,387.6,387.6,Pending / Delayed,EMP028,7,0.0,0.0,True
INV004953,SUP006,ST513,2016-07-20,2016-07-24,2016-07-30,72.93,72.93,Processed Late,EMP028,6,0.0,0.0,True
INV004954,SUP013,ST104,2016-07-20,2016-07-23,2016-07-26,2291.88,2444.0,Processed,EMP006,3,-152.12,152.12,False
INV004955,SUP010,ST482,2016-07-20,2016-07-24,2016-07-27,2058.08,2058.08,Processed,EMP007,3,0.0,0.0,False
INV004956,SUP013,ST560,2016-07-20,2016-07-28,2016-07-31,192.51,192.51,Processed,EMP006,3,0.0,0.0,False
INV004957,SUP004,ST513,2016-07-20,2016-07-27,2016-07-28,19.6,19.6,Processed,EMP021,1,0.0,0.0,False
INV004958,SUP009,ST202,2016-07-20,2016-07-26,2016-07-27,374.69,378.14,Processed,EMP024,1,-3.45,3.45,False
INV004959,SUP008,ST214,2016-07-20,2016-07-26,2016-07-28,22.0,22.0,Processed,EMP014,2,0.0,0.0,False
INV004960,SUP012,ST171,2016-07-20,2016-07-28,2016-08-03,3335.64,3335.64,Processed Late,EMP019,6,0.0,0.0,True
INV004961,SUP007,ST494,2016-08-05,2016-08-08,2016-08-12,1592.5,1592.5,Processed Late,EMP013,4,0.0,0.0,True
INV004962,SUP003,ST396,2016-08-05,2016-08-08,2016-08-19,163.29,166.14,Pending / Delayed,EMP020,11,-2.85,2.85,True
INV004963,SUP002,ST293,2016-08-05,2016-08-09,2016-08-13,63.04,63.04,Processed Late,EMP019,4,0.0,0.0,True
INV004964,SUP005,ST453,2016-08-05,2016-08-09,2016-08-10,119.84,119.84,Processed,EMP015,1,0.0,0.0,False
INV004965,SUP014,ST148,2016-08-05,2016-08-10,2016-08-18,18.0,18.0,Pending / Delayed,EMP024,8,0.0,0.0,True
INV004966,SUP012,ST304,2016-08-05,2016-08-11,2016-08-20,636.83,625.66,Pending / Delayed,EMP026,9,11.17,11.17,True
INV004967,SUP014,ST196,2016-08-05,2016-08-08,2016-08-09,248.54,256.76,Processed,EMP003,1,-8.22,8.22,False
INV004968,SUP015,ST600,2016-08-05,2016-08-09,2016-08-12,62.4,62.4,Processed,EMP007,3,0.0,0.0,False
INV004969,SUP007,ST587,2016-08-05,2016-08-12,2016-08-21,36.19,36.19,Pending / Delayed,EMP005,9,0.0,0.0,True
INV004970,SUP002,ST186,2016-08-05,2016-08-10,2016-08-12,59.12,59.12,Processed,EMP025,2,0.0,0.0,False
INV004971,SUP010,ST472,2016-08-05,2016-08-13,2016-08-15,23.38,23.38,Processed,EMP019,2,0.0,0.0,False
INV004972,SUP011,ST027,2016-08-05,2016-08-11,2016-08-22,3565.76,3836.25,Pending / Delayed,EMP029,11,-270.49,270.49,True
INV004973,SUP006,ST226,2016-08-05,2016-08-12,2016-08-15,65.59,71.06,Processed,EMP014,3,-5.47,5.47,False
INV004974,SUP007,ST111,2016-08-05,2016-08-08,2016-08-10,3.98,4.05,Processed,EMP017,2,-0.07,0.07,False
INV004975,SUP007,ST253,2016-08-05,2016-08-08,2016-08-13,777.4,777.4,Processed Late,EMP027,5,0.0,0.0,True
INV004976,SUP001,ST084,2016-08-05,2016-08-12,2016-08-18,830.3,830.3,Processed Late,EMP012,6,0.0,0.0,True
INV004977,SUP005,ST221,2016-08-05,2016-08-09,2016-08-11,10.35,10.35,Processed,EMP030,2,0.0,0.0,False
INV004978,SUP011,ST211,2016-08-05,2016-08-10,2016-08-19,34.95,34.95,Pending / Delayed,EMP002,9,0.0,0.0,True
INV004979,SUP014,ST577,2016-08-05,2016-08-09,2016-08-10,14.15,14.4,Processed,EMP029,1,-0.25,0.25,False
INV004980,SUP001,ST073,2016-08-05,2016-08-10,2016-08-13,53.6,53.6,Processed,EMP005,3,0.0,0.0,False
INV004981,SUP005,ST558,2016-08-05,2016-08-10,2016-08-11,48.24,48.24,Processed,EMP026,1,0.0,0.0,False
INV004982,SUP005,ST593,2016-08-05,2016-08-11,2016-08-13,25.48,25.48,Processed,EMP016,2,0.0,0.0,False
INV004983,SUP001,ST320,2016-08-05,2016-08-09,2016-08-11,44.84,44.84,Processed,EMP023,2,0.0,0.0,False
INV004984,SUP014,ST428,2016-08-05,2016-08-09,2016-08-12,20.82,20.82,Processed,EMP002,3,0.0,0.0,False
INV004985,SUP001,ST075,2016-08-05,2016-08-12,2016-08-13,62.58,62.58,Processed,EMP029,1,0.0,0.0,False
INV004986,SUP003,ST125,2016-08-05,2016-08-10,2016-08-11,21.06,21.06,Processed,EMP017,1,0.0,0.0,False
INV004987,SUP015,ST338,2016-08-05,2016-08-13,2016-08-16,425.16,425.16,Processed,EMP018,3,0.0,0.0,False
INV004988,SUP001,ST215,2016-08-05,2016-08-11,2016-08-12,570.5,570.5,Processed,EMP001,1,0.0,0.0,False
INV004989,SUP012,ST490,2016-08-05,2016-08-08,2016-08-19,12.52,12.52,Pending / Delayed,EMP005,11,0.0,0.0,True
INV004990,SUP015,ST606,2016-08-05,2016-08-11,2016-08-12,14.1,14.1,Processed,EMP014,1,0.0,0.0,False
INV004991,SUP002,ST332,2016-08-05,2016-08-08,2016-08-09,55.46,56.43,Processed,EMP011,1,-0.97,0.97,False
INV004992,SUP002,ST209,2016-08-05,2016-08-12,2016-08-15,576.56,576.56,Processed,EMP013,3,0.0,0.0,False
INV004993,SUP005,ST017,2016-08-05,2016-08-10,2016-08-20,852.6,852.6,Pending / Delayed,EMP014,10,0.0,0.0,True
INV004994,SUP001,ST166,2016-08-05,2016-08-10,2016-08-21,136.0,136.0,Pending / Delayed,EMP009,11,0.0,0.0,True
INV004995,SUP002,ST136,2016-08-05,2016-08-12,2016-08-16,77.16,77.16,Processed Late,EMP018,4,0.0,0.0,True
INV004996,SUP015,ST497,2016-08-05,2016-08-08,2016-08-13,987.91,987.91,Processed Late,EMP013,5,0.0,0.0,True
INV004997,SUP008,ST523,2016-08-05,2016-08-10,2016-08-11,172.96,172.96,Processed,EMP005,1,0.0,0.0,False
INV004998,SUP007,ST193,2016-08-05,2016-08-11,2016-08-15,280.7,280.7,Processed Late,EMP028,4,0.0,0.0,True
INV004999,SUP002,ST039,2016-08-05,2016-08-13,2016-08-16,543.69,543.69,Processed,EMP020,3,0.0,0.0,False
INV005000,SUP007,ST126,2016-08-05,2016-08-09,2016-08-10,21.17,21.3,Processed,EMP016,1,-0.13,0.13,False
INV005001,SUP003,ST122,2016-08-05,2016-08-13,2016-08-15,9.8,9.8,Processed,EMP012,2,0.0,0.0,False
INV005002,SUP004,ST085,2016-08-05,2016-08-08,2016-08-11,240.16,246.3,Processed,EMP012,3,-6.14,6.14,False
INV005003,SUP010,ST444,2016-08-05,2016-08-12,2016-08-16,571.63,601.56,Processed Late,EMP011,4,-29.93,29.93,True
INV005004,SUP005,ST353,2016-08-05,2016-08-08,2016-08-11,74.0,74.0,Processed,EMP011,3,0.0,0.0,False
INV005005,SUP011,ST509,2016-08-05,2016-08-09,2016-08-10,141.74,133.08,Processed,EMP009,1,8.66,8.66,False
INV005006,SUP006,ST290,2016-08-05,2016-08-12,2016-08-13,5.2,5.2,Processed,EMP028,1,0.0,0.0,False
INV005007,SUP008,ST598,2016-08-05,2016-08-13,2016-08-14,29.16,29.16,Processed,EMP021,1,0.0,0.0,False
INV005008,SUP015,ST368,2016-08-05,2016-08-08,2016-08-10,2022.7,2022.7,Processed,EMP025,2,0.0,0.0,False
INV005009,SUP010,ST227,2016-08-05,2016-08-10,2016-08-13,160.71,160.71,Processed,EMP017,3,0.0,0.0,False
INV005010,SUP011,ST349,2016-08-05,2016-08-10,2016-08-12,21.71,21.71,Processed,EMP012,2,0.0,0.0,False
INV005011,SUP015,ST412,2016-08-05,2016-08-09,2016-08-12,46.54,46.54,Processed,EMP020,3,0.0,0.0,False
INV005012,SUP005,ST150,2016-08-05,2016-08-12,2016-08-21,754.41,812.89,Pending / Delayed,EMP015,9,-58.48,58.48,True
INV005013,SUP007,ST414,2016-08-05,2016-08-09,2016-08-15,13.36,13.36,Processed Late,EMP007,6,0.0,0.0,True
INV005014,SUP001,ST266,2016-08-05,2016-08-12,2016-08-14,54.47,54.47,Processed,EMP017,2,0.0,0.0,False
INV005015,SUP011,ST044,2016-08-05,2016-08-12,2016-08-15,12.62,12.62,Processed,EMP002,3,0.0,0.0,False
INV005016,SUP004,ST006,2016-08-05,2016-08-11,2016-08-16,1188.2,1188.2,Processed Late,EMP027,5,0.0,0.0,True
INV005017,SUP005,ST042,2016-08-05,2016-08-10,2016-08-11,1218.15,1218.15,Processed,EMP013,1,0.0,0.0,False
INV005018,SUP001,ST422,2016-08-05,2016-08-13,2016-08-15,23.85,23.8,Processed,EMP002,2,0.05,0.05,False
INV005019,SUP013,ST103,2016-08-05,2016-08-09,2016-08-11,48.97,51.63,Processed,EMP027,2,-2.66,2.66,False
INV005020,SUP008,ST418,2016-08-05,2016-08-12,2016-08-20,116.66,116.66,Pending / Delayed,EMP011,8,0.0,0.0,True
INV005021,SUP002,ST360,2016-08-05,2016-08-09,2016-08-11,43.02,43.02,Processed,EMP012,2,0.0,0.0,False
INV005022,SUP003,ST186,2016-08-05,2016-08-08,2016-08-10,254.88,254.88,Processed,EMP016,2,0.0,0.0,False
INV005023,SUP009,ST285,2016-08-05,2016-08-13,2016-08-16,5.76,5.76,Processed,EMP010,3,0.0,0.0,False
INV005024,SUP006,ST621,2016-08-05,2016-08-12,2016-08-14,78.3,78.3,Processed,EMP006,2,0.0,0.0,False
INV005025,SUP005,ST095,2016-08-05,2016-08-12,2016-08-13,10.78,10.78,Processed,EMP028,1,0.0,0.0,False
INV005026,SUP010,ST119,2016-08-05,2016-08-13,2016-08-14,4883.38,4883.38,Processed,EMP010,1,0.0,0.0,False
INV005027,SUP015,ST253,2016-08-05,2016-08-09,2016-08-12,12.25,12.85,Processed,EMP027,3,-0.6,0.6,False
INV005028,SUP013,ST322,2016-08-05,2016-08-13,2016-08-17,4.46,4.46,Processed Late,EMP002,4,0.0,0.0,True
INV005029,SUP003,ST544,2016-08-05,2016-08-13,2016-08-14,48.64,48.64,Processed,EMP007,1,0.0,0.0,False
INV005030,SUP007,ST297,2016-08-05,2016-08-13,2016-08-16,16.64,16.64,Processed,EMP026,3,0.0,0.0,False
INV005031,SUP009,ST042,2016-08-05,2016-08-09,2016-08-10,37.06,35.49,Processed,EMP026,1,1.57,1.57,False
INV005032,SUP001,ST131,2016-08-05,2016-08-11,2016-08-13,30.88,30.88,Processed,EMP006,2,0.0,0.0,False
INV005033,SUP005,ST105,2016-08-05,2016-08-11,2016-08-15,56.96,56.96,Processed Late,EMP004,4,0.0,0.0,True
INV005034,SUP002,ST628,2016-08-05,2016-08-10,2016-08-12,1422.0,1422.0,Processed,EMP021,2,0.0,0.0,False
INV005035,SUP009,ST098,2016-08-05,2016-08-11,2016-08-14,56.1,56.1,Processed,EMP003,3,0.0,0.0,False
INV005036,SUP013,ST466,2016-08-05,2016-08-08,2016-08-09,76.67,76.67,Processed,EMP011,1,0.0,0.0,False
INV005037,SUP003,ST088,2016-08-05,2016-08-13,2016-08-15,22.64,23.94,Processed,EMP023,2,-1.3,1.3,False
INV005038,SUP004,ST024,2016-08-05,2016-08-13,2016-08-19,515.09,515.09,Processed Late,EMP008,6,0.0,0.0,True
INV005039,SUP015,ST573,2016-08-05,2016-08-08,2016-08-11,1143.87,1143.87,Processed,EMP004,3,0.0,0.0,False
INV005040,SUP010,ST119,2016-08-05,2016-08-08,2016-08-11,124.2,124.2,Processed,EMP014,3,0.0,0.0,False
INV005041,SUP010,ST456,2016-08-20,2016-08-27,2016-09-03,48.6,48.6,Pending / Delayed,EMP030,7,0.0,0.0,True
INV005042,SUP001,ST327,2016-08-20,2016-08-25,2016-09-05,1687.98,1687.98,Pending / Delayed,EMP025,11,0.0,0.0,True
INV005043,SUP015,ST505,2016-08-20,2016-08-25,2016-08-28,333.47,339.6,Processed,EMP022,3,-6.13,6.13,False
INV005044,SUP013,ST022,2016-08-20,2016-08-23,2016-08-24,3271.0,3271.0,Processed,EMP028,1,0.0,0.0,False
INV005045,SUP015,ST001,2016-08-20,2016-08-26,2016-08-28,458.8,458.8,Processed,EMP025,2,0.0,0.0,False
INV005046,SUP001,ST306,2016-08-20,2016-08-26,2016-08-28,51.15,51.15,Processed,EMP023,2,0.0,0.0,False
INV005047,SUP009,ST440,2016-08-20,2016-08-26,2016-08-30,61.92,61.92,Processed Late,EMP017,4,0.0,0.0,True
INV005048,SUP007,ST340,2016-08-20,2016-08-26,2016-08-27,239.16,239.16,Processed,EMP005,1,0.0,0.0,False
INV005049,SUP013,ST280,2016-08-20,2016-08-23,2016-08-28,114.66,114.66,Processed Late,EMP027,5,0.0,0.0,True
INV005050,SUP006,ST148,2016-08-20,2016-08-25,2016-08-30,9.15,9.03,Processed Late,EMP021,5,0.12,0.12,True
INV005051,SUP007,ST574,2016-08-20,2016-08-25,2016-08-27,12.56,12.56,Processed,EMP026,2,0.0,0.0,False
INV005052,SUP001,ST144,2016-08-20,2016-08-26,2016-09-01,134.6,134.6,Processed Late,EMP017,6,0.0,0.0,True
INV005053,SUP004,ST491,2016-08-20,2016-08-24,2016-08-26,26.04,26.04,Processed,EMP010,2,0.0,0.0,False
INV005054,SUP014,ST408,2016-08-20,2016-08-23,2016-08-24,19.74,19.74,Processed,EMP018,1,0.0,0.0,False
INV005055,SUP014,ST511,2016-08-20,2016-08-26,2016-08-31,15.51,15.51,Processed Late,EMP006,5,0.0,0.0,True
INV005056,SUP011,ST189,2016-08-20,2016-08-24,2016-08-28,39.26,39.26,Processed Late,EMP003,4,0.0,0.0,True
INV005057,SUP003,ST218,2016-08-20,2016-08-25,2016-08-27,15.12,15.12,Processed,EMP009,2,0.0,0.0,False
INV005058,SUP005,ST082,2016-08-20,2016-08-28,2016-09-02,8.76,8.76,Processed Late,EMP015,5,0.0,0.0,True
INV005059,SUP012,ST339,2016-08-20,2016-08-28,2016-08-31,966.18,966.18,Processed,EMP013,3,0.0,0.0,False
INV005060,SUP006,ST548,2016-08-20,2016-08-24,2016-08-27,43.54,43.54,Processed,EMP028,3,0.0,0.0,False
INV005061,SUP010,ST030,2016-08-20,2016-08-28,2016-08-31,117.12,117.12,Processed,EMP018,3,0.0,0.0,False
INV005062,SUP007,ST016,2016-08-20,2016-08-26,2016-08-29,1179.46,1179.46,Processed,EMP003,3,0.0,0.0,False
INV005063,SUP001,ST245,2016-08-20,2016-08-27,2016-08-30,16.27,15.96,Processed,EMP004,3,0.31,0.31,False
INV005064,SUP006,ST615,2016-08-20,2016-08-24,2016-09-05,2914.92,2914.92,Pending / Delayed,EMP004,12,0.0,0.0,True
INV005065,SUP014,ST085,2016-08-20,2016-08-23,2016-08-25,626.15,626.15,Processed,EMP013,2,0.0,0.0,False
INV005066,SUP003,ST538,2016-08-20,2016-08-25,2016-08-26,3234.94,3234.94,Processed,EMP018,1,0.0,0.0,False
INV005067,SUP015,ST144,2016-08-20,2016-08-24,2016-09-02,594.72,594.72,Pending / Delayed,EMP006,9,0.0,0.0,True
INV005068,SUP015,ST615,2016-08-20,2016-08-26,2016-08-28,27.16,27.16,Processed,EMP013,2,0.0,0.0,False
INV005069,SUP005,ST161,2016-08-20,2016-08-28,2016-08-30,862.89,858.55,Processed,EMP014,2,4.34,4.34,False
INV005070,SUP002,ST418,2016-08-20,2016-08-24,2016-08-27,912.42,912.42,Processed,EMP027,3,0.0,0.0,False
INV005071,SUP006,ST247,2016-08-20,2016-08-24,2016-08-27,734.62,711.13,Processed,EMP027,3,23.49,23.49,False
INV005072,SUP004,ST487,2016-08-20,2016-08-27,2016-08-30,270.34,270.34,Processed,EMP008,3,0.0,0.0,False
INV005073,SUP014,ST364,2016-08-20,2016-08-25,2016-08-28,40.41,40.41,Processed,EMP023,3,0.0,0.0,False
INV005074,SUP010,ST161,2016-08-20,2016-08-26,2016-08-28,533.9,533.9,Processed,EMP007,2,0.0,0.0,False
INV005075,SUP014,ST367,2016-08-20,2016-08-26,2016-08-29,13.09,13.09,Processed,EMP028,3,0.0,0.0,False
INV005076,SUP002,ST600,2016-08-20,2016-08-28,2016-09-02,2584.38,2584.38,Processed Late,EMP005,5,0.0,0.0,True
INV005077,SUP004,ST217,2016-08-20,2016-08-28,2016-09-09,855.4,855.4,Pending / Delayed,EMP022,12,0.0,0.0,True
INV005078,SUP008,ST087,2016-08-20,2016-08-25,2016-08-26,58.41,58.41,Processed,EMP002,1,0.0,0.0,False
INV005079,SUP001,ST189,2016-08-20,2016-08-26,2016-08-28,3.8,3.8,Processed,EMP010,2,0.0,0.0,False
INV005080,SUP007,ST150,2016-08-20,2016-08-26,2016-09-01,1273.8,1273.8,Processed Late,EMP014,6,0.0,0.0,True
INV005081,SUP012,ST288,2016-08-20,2016-08-26,2016-08-27,1760.04,1760.04,Processed,EMP019,1,0.0,0.0,False
INV005082,SUP006,ST615,2016-08-20,2016-08-25,2016-08-27,964.08,964.08,Processed,EMP025,2,0.0,0.0,False
INV005083,SUP010,ST147,2016-08-20,2016-08-25,2016-08-27,26.08,25.28,Processed,EMP014,2,0.8,0.8,False
INV005084,SUP006,ST223,2016-08-20,2016-08-27,2016-08-28,1608.86,1608.86,Processed,EMP007,1,0.0,0.0,False
INV005085,SUP007,ST480,2016-08-20,2016-08-25,2016-08-26,418.59,418.59,Processed,EMP008,1,0.0,0.0,False
INV005086,SUP005,ST340,2016-08-20,2016-08-25,2016-08-27,67.45,67.45,Processed,EMP005,2,0.0,0.0,False
INV005087,SUP014,ST251,2016-08-20,2016-08-26,2016-08-27,83.2,83.2,Processed,EMP015,1,0.0,0.0,False
INV005088,SUP013,ST362,2016-08-20,2016-08-24,2016-08-25,505.14,476.9,Processed,EMP005,1,28.24,28.24,False
INV005089,SUP011,ST463,2016-08-20,2016-08-25,2016-08-26,85.8,85.8,Processed,EMP025,1,0.0,0.0,False
INV005090,SUP006,ST060,2016-08-20,2016-08-25,2016-08-27,1711.35,1711.35,Processed,EMP013,2,0.0,0.0,False
INV005091,SUP013,ST429,2016-08-20,2016-08-23,2016-09-04,341.02,341.02,Pending / Delayed,EMP003,12,0.0,0.0,True
INV005092,SUP003,ST568,2016-08-20,2016-08-27,2016-08-28,35.06,35.06,Processed,EMP007,1,0.0,0.0,False
INV005093,SUP001,ST417,2016-08-20,2016-08-26,2016-08-28,765.24,765.24,Processed,EMP007,2,0.0,0.0,False
INV005094,SUP004,ST071,2016-08-20,2016-08-25,2016-08-30,158.43,158.43,Processed Late,EMP025,5,0.0,0.0,True
INV005095,SUP011,ST453,2016-08-20,2016-08-27,2016-09-01,214.88,214.88,Processed Late,EMP007,5,0.0,0.0,True
INV005096,SUP004,ST344,2016-08-20,2016-08-24,2016-08-31,502.35,502.35,Pending / Delayed,EMP022,7,0.0,0.0,True
INV005097,SUP008,ST127,2016-08-20,2016-08-23,2016-08-27,46.44,46.44,Processed Late,EMP030,4,0.0,0.0,True
INV005098,SUP014,ST142,2016-08-20,2016-08-26,2016-08-30,154.8,154.8,Processed Late,EMP022,4,0.0,0.0,True
INV005099,SUP011,ST525,2016-08-20,2016-08-24,2016-08-27,5955.3,5955.3,Processed,EMP009,3,0.0,0.0,False
INV005100,SUP002,ST086,2016-08-20,2016-08-27,2016-09-07,18.99,18.99,Pending / Delayed,EMP019,11,0.0,0.0,True
INV005101,SUP004,ST023,2016-08-20,2016-08-25,2016-08-28,23.7,23.7,Processed,EMP009,3,0.0,0.0,False
INV005102,SUP006,ST252,2016-08-20,2016-08-25,2016-08-28,63.0,63.0,Processed,EMP005,3,0.0,0.0,False
INV005103,SUP012,ST153,2016-08-20,2016-08-26,2016-09-01,55.86,55.86,Processed Late,EMP002,6,0.0,0.0,True
INV005104,SUP005,ST448,2016-08-20,2016-08-28,2016-08-29,30.96,30.96,Processed,EMP009,1,0.0,0.0,False
INV005105,SUP007,ST628,2016-08-20,2016-08-28,2016-09-03,284.4,284.4,Processed Late,EMP029,6,0.0,0.0,True
INV005106,SUP009,ST265,2016-08-20,2016-08-23,2016-08-25,218.11,218.11,Processed,EMP016,2,0.0,0.0,False
INV005107,SUP011,ST509,2016-08-20,2016-08-28,2016-08-30,1037.4,1037.4,Processed,EMP020,2,0.0,0.0,False
INV005108,SUP006,ST216,2016-08-20,2016-08-26,2016-08-28,243.0,243.0,Processed,EMP011,2,0.0,0.0,False
INV005109,SUP013,ST282,2016-08-20,2016-08-28,2016-08-30,17.49,17.49,Processed,EMP007,2,0.0,0.0,False
INV005110,SUP003,ST439,2016-08-20,2016-08-23,2016-09-04,63.0,63.0,Pending / Delayed,EMP002,12,0.0,0.0,True
INV005111,SUP014,ST226,2016-08-20,2016-08-23,2016-08-25,7.35,7.35,Processed,EMP012,2,0.0,0.0,False
INV005112,SUP005,ST324,2016-08-20,2016-08-24,2016-08-31,473.76,473.76,Pending / Delayed,EMP030,7,0.0,0.0,True
INV005113,SUP014,ST375,2016-08-20,2016-08-23,2016-08-26,150.39,150.39,Processed,EMP005,3,0.0,0.0,False
INV005114,SUP007,ST267,2016-08-20,2016-08-27,2016-08-28,1207.64,1207.64,Processed,EMP025,1,0.0,0.0,False
INV005115,SUP007,ST164,2016-08-20,2016-08-24,2016-08-30,404.46,404.46,Processed Late,EMP010,6,0.0,0.0,True
INV005116,SUP006,ST124,2016-08-20,2016-08-24,2016-08-25,27.92,29.4,Processed,EMP002,1,-1.48,1.48,False
INV005117,SUP006,ST006,2016-08-20,2016-08-23,2016-08-24,167.7,167.7,Processed,EMP026,1,0.0,0.0,False
INV005118,SUP007,ST335,2016-08-20,2016-08-27,2016-08-28,137.22,137.22,Processed,EMP022,1,0.0,0.0,False
INV005119,SUP003,ST056,2016-08-20,2016-08-26,2016-08-27,84.96,84.96,Processed,EMP004,1,0.0,0.0,False
INV005120,SUP015,ST428,2016-08-20,2016-08-26,2016-09-03,362.94,362.94,Pending / Delayed,EMP007,8,0.0,0.0,True
INV005121,SUP012,ST023,2016-09-05,2016-09-08,2016-09-10,38.07,38.07,Processed,EMP003,2,0.0,0.0,False
INV005122,SUP005,ST276,2016-09-05,2016-09-13,2016-09-17,567.4,567.4,Processed Late,EMP028,4,0.0,0.0,True
INV005123,SUP005,ST448,2016-09-05,2016-09-13,2016-09-16,68.08,66.54,Processed,EMP014,3,1.54,1.54,False
INV005124,SUP004,ST300,2016-09-05,2016-09-11,2016-09-14,15.47,15.47,Processed,EMP003,3,0.0,0.0,False
INV005125,SUP012,ST007,2016-09-05,2016-09-10,2016-09-13,85.12,85.12,Processed,EMP024,3,0.0,0.0,False
INV005126,SUP008,ST141,2016-09-05,2016-09-13,2016-09-14,163.37,163.37,Processed,EMP011,1,0.0,0.0,False
INV005127,SUP011,ST054,2016-09-05,2016-09-09,2016-09-14,2179.62,2179.62,Processed Late,EMP014,5,0.0,0.0,True
INV005128,SUP010,ST543,2016-09-05,2016-09-09,2016-09-12,96.8,96.8,Processed,EMP012,3,0.0,0.0,False
INV005129,SUP011,ST148,2016-09-05,2016-09-12,2016-09-14,37.84,37.84,Processed,EMP005,2,0.0,0.0,False
INV005130,SUP015,ST160,2016-09-05,2016-09-11,2016-09-15,1540.96,1540.96,Processed Late,EMP005,4,0.0,0.0,True
INV005131,SUP012,ST405,2016-09-05,2016-09-10,2016-09-12,161.8,161.8,Processed,EMP008,2,0.0,0.0,False
INV005132,SUP004,ST417,2016-09-05,2016-09-08,2016-09-18,285.44,285.44,Pending / Delayed,EMP019,10,0.0,0.0,True
INV005133,SUP013,ST533,2016-09-05,2016-09-11,2016-09-18,25.27,27.24,Pending / Delayed,EMP017,7,-1.97,1.97,True
INV005134,SUP003,ST156,2016-09-05,2016-09-12,2016-09-13,45.9,45.9,Processed,EMP026,1,0.0,0.0,False
INV005135,SUP012,ST531,2016-09-05,2016-09-12,2016-09-16,11.01,11.01,Processed Late,EMP020,4,0.0,0.0,True
INV005136,SUP014,ST260,2016-09-05,2016-09-11,2016-09-13,35.6,38.6,Processed,EMP027,2,-3.0,3.0,False
INV005137,SUP004,ST434,2016-09-05,2016-09-08,2016-09-14,49.04,49.04,Processed Late,EMP014,6,0.0,0.0,True
INV005138,SUP013,ST522,2016-09-05,2016-09-09,2016-09-12,43.0,43.0,Processed,EMP023,3,0.0,0.0,False
INV005139,SUP008,ST088,2016-09-05,2016-09-13,2016-09-18,284.81,284.81,Processed Late,EMP004,5,0.0,0.0,True
INV005140,SUP011,ST260,2016-09-05,2016-09-13,2016-09-16,3.02,3.02,Processed,EMP016,3,0.0,0.0,False
INV005141,SUP010,ST137,2016-09-05,2016-09-10,2016-09-12,23.7,23.7,Processed,EMP029,2,0.0,0.0,False
INV005142,SUP005,ST582,2016-09-05,2016-09-11,2016-09-13,37.83,37.83,Processed,EMP029,2,0.0,0.0,False
INV005143,SUP010,ST379,2016-09-05,2016-09-09,2016-09-17,23.6,23.6,Pending / Delayed,EMP015,8,0.0,0.0,True
INV005144,SUP014,ST001,2016-09-05,2016-09-13,2016-09-14,26.24,26.24,Processed,EMP021,1,0.0,0.0,False
INV005145,SUP002,ST487,2016-09-05,2016-09-13,2016-09-16,260.04,260.04,Processed,EMP015,3,0.0,0.0,False
INV005146,SUP015,ST062,2016-09-05,2016-09-10,2016-09-13,3705.84,3705.84,Processed,EMP003,3,0.0,0.0,False
INV005147,SUP012,ST522,2016-09-05,2016-09-13,2016-09-16,37.92,37.92,Processed,EMP004,3,0.0,0.0,False
INV005148,SUP011,ST070,2016-09-05,2016-09-13,2016-09-14,5.13,5.13,Processed,EMP009,1,0.0,0.0,False
INV005149,SUP002,ST357,2016-09-05,2016-09-09,2016-09-10,152.43,152.43,Processed,EMP004,1,0.0,0.0,False
INV005150,SUP011,ST219,2016-09-05,2016-09-11,2016-09-16,269.1,269.1,Processed Late,EMP017,5,0.0,0.0,True
INV005151,SUP002,ST282,2016-09-05,2016-09-09,2016-09-11,62.28,62.28,Processed,EMP016,2,0.0,0.0,False
INV005152,SUP008,ST328,2016-09-05,2016-09-09,2016-09-12,119.04,119.04,Processed,EMP023,3,0.0,0.0,False
INV005153,SUP010,ST013,2016-09-05,2016-09-11,2016-09-14,141.6,141.6,Processed,EMP008,3,0.0,0.0,False
INV005154,SUP007,ST289,2016-09-05,2016-09-08,2016-09-11,6006.42,6006.42,Processed,EMP012,3,0.0,0.0,False
INV005155,SUP008,ST563,2016-09-05,2016-09-11,2016-09-15,82.62,82.62,Processed Late,EMP015,4,0.0,0.0,True
INV005156,SUP010,ST039,2016-09-05,2016-09-11,2016-09-14,18.6,18.6,Processed,EMP013,3,0.0,0.0,False
INV005157,SUP010,ST540,2016-09-05,2016-09-10,2016-09-15,63.8,63.8,Processed Late,EMP014,5,0.0,0.0,True
INV005158,SUP002,ST447,2016-09-05,2016-09-09,2016-09-11,38.89,37.92,Processed,EMP005,2,0.97,0.97,False
INV005159,SUP007,ST435,2016-09-05,2016-09-09,2016-09-11,45.24,45.24,Processed,EMP008,2,0.0,0.0,False
INV005160,SUP010,ST482,2016-09-05,2016-09-13,2016-09-16,2009.2,2009.2,Processed,EMP017,3,0.0,0.0,False
INV005161,SUP012,ST534,2016-09-05,2016-09-11,2016-09-13,3043.43,3043.43,Processed,EMP023,2,0.0,0.0,False
INV005162,SUP002,ST488,2016-09-05,2016-09-13,2016-09-15,18.4,18.4,Processed,EMP022,2,0.0,0.0,False
INV005163,SUP006,ST550,2016-09-05,2016-09-10,2016-09-11,871.32,871.32,Processed,EMP018,1,0.0,0.0,False
INV005164,SUP011,ST553,2016-09-05,2016-09-13,2016-09-15,16.64,16.64,Processed,EMP013,2,0.0,0.0,False
INV005165,SUP008,ST154,2016-09-05,2016-09-13,2016-09-16,319.67,319.67,Processed,EMP020,3,0.0,0.0,False
INV005166,SUP004,ST254,2016-09-05,2016-09-10,2016-09-13,17.1,17.1,Processed,EMP014,3,0.0,0.0,False
INV005167,SUP009,ST168,2016-09-05,2016-09-13,2016-09-14,30.85,29.8,Processed,EMP006,1,1.05,1.05,False
INV005168,SUP003,ST097,2016-09-05,2016-09-12,2016-09-14,702.38,702.38,Processed,EMP016,2,0.0,0.0,False
INV005169,SUP001,ST069,2016-09-05,2016-09-09,2016-09-13,2205.17,2103.07,Processed Late,EMP006,4,102.1,102.1,True
INV005170,SUP007,ST562,2016-09-05,2016-09-10,2016-09-22,276.1,276.1,Pending / Delayed,EMP028,12,0.0,0.0,True
INV005171,SUP014,ST208,2016-09-05,2016-09-08,2016-09-09,897.69,847.92,Processed,EMP020,1,49.77,49.77,False
INV005172,SUP003,ST474,2016-09-05,2016-09-13,2016-09-14,65.16,65.16,Processed,EMP014,1,0.0,0.0,False
INV005173,SUP009,ST228,2016-09-05,2016-09-09,2016-09-14,36.96,36.96,Processed Late,EMP028,5,0.0,0.0,True
INV005174,SUP013,ST063,2016-09-05,2016-09-12,2016-09-15,980.32,980.32,Processed,EMP005,3,0.0,0.0,False
INV005175,SUP006,ST308,2016-09-05,2016-09-11,2016-09-14,28.74,28.74,Processed,EMP017,3,0.0,0.0,False
INV005176,SUP009,ST479,2016-09-05,2016-09-11,2016-09-13,54.36,54.36,Processed,EMP023,2,0.0,0.0,False
INV005177,SUP015,ST484,2016-09-05,2016-09-11,2016-09-15,6668.24,6668.24,Processed Late,EMP023,4,0.0,0.0,True
INV005178,SUP013,ST230,2016-09-05,2016-09-09,2016-09-10,10.24,10.24,Processed,EMP021,1,0.0,0.0,False
INV005179,SUP013,ST487,2016-09-05,2016-09-11,2016-09-17,94.08,94.08,Processed Late,EMP018,6,0.0,0.0,True
INV005180,SUP013,ST514,2016-09-05,2016-09-12,2016-09-14,11.55,11.55,Processed,EMP015,2,0.0,0.0,False
INV005181,SUP012,ST493,2016-09-05,2016-09-10,2016-09-11,19.2,19.2,Processed,EMP009,1,0.0,0.0,False
INV005182,SUP010,ST063,2016-09-05,2016-09-13,2016-09-25,165.12,165.12,Pending / Delayed,EMP027,12,0.0,0.0,True
INV005183,SUP001,ST145,2016-09-05,2016-09-13,2016-09-14,6.12,6.12,Processed,EMP018,1,0.0,0.0,False
INV005184,SUP005,ST501,2016-09-05,2016-09-13,2016-09-14,7.68,7.68,Processed,EMP022,1,0.0,0.0,False
INV005185,SUP011,ST496,2016-09-05,2016-09-08,2016-09-14,7.83,7.83,Processed Late,EMP014,6,0.0,0.0,True
INV005186,SUP014,ST438,2016-09-05,2016-09-13,2016-09-14,1067.5,1067.5,Processed,EMP008,1,0.0,0.0,False
INV005187,SUP008,ST111,2016-09-05,2016-09-08,2016-09-10,12919.8,12919.8,Processed,EMP003,2,0.0,0.0,False
INV005188,SUP007,ST413,2016-09-05,2016-09-08,2016-09-10,103.05,103.05,Processed,EMP015,2,0.0,0.0,False
INV005189,SUP010,ST387,2016-09-05,2016-09-10,2016-09-12,63.69,63.69,Processed,EMP024,2,0.0,0.0,False
INV005190,SUP013,ST273,2016-09-05,2016-09-10,2016-09-14,48.51,48.51,Processed Late,EMP019,4,0.0,0.0,True
INV005191,SUP015,ST289,2016-09-05,2016-09-09,2016-09-11,377.39,377.39,Processed,EMP006,2,0.0,0.0,False
INV005192,SUP006,ST201,2016-09-05,2016-09-10,2016-09-15,240.66,240.66,Processed Late,EMP010,5,0.0,0.0,True
INV005193,SUP003,ST131,2016-09-05,2016-09-11,2016-09-14,148.8,148.8,Processed,EMP028,3,0.0,0.0,False
INV005194,SUP004,ST014,2016-09-05,2016-09-11,2016-09-15,1586.4,1586.4,Processed Late,EMP002,4,0.0,0.0,True
INV005195,SUP008,ST250,2016-09-05,2016-09-11,2016-09-13,829.27,829.27,Processed,EMP022,2,0.0,0.0,False
INV005196,SUP013,ST601,2016-09-05,2016-09-11,2016-09-13,1001.05,1001.05,Processed,EMP020,2,0.0,0.0,False
INV005197,SUP012,ST099,2016-09-05,2016-09-08,2016-09-09,1127.88,1176.0,Processed,EMP002,1,-48.12,48.12,False
INV005198,SUP015,ST156,2016-09-05,2016-09-11,2016-09-13,548.38,548.38,Processed,EMP007,2,0.0,0.0,False
INV005199,SUP003,ST411,2016-09-05,2016-09-10,2016-09-12,537.16,537.16,Processed,EMP025,2,0.0,0.0,False
INV005200,SUP011,ST268,2016-09-05,2016-09-11,2016-09-13,241.54,227.6,Processed,EMP004,2,13.94,13.94,False
INV005201,SUP015,ST209,2016-09-20,2016-09-24,2016-09-26,97.12,97.12,Processed,EMP013,2,0.0,0.0,False
INV005202,SUP012,ST212,2016-09-20,2016-09-24,2016-09-25,218.47,223.08,Processed,EMP016,1,-4.61,4.61,False
INV005203,SUP002,ST291,2016-09-20,2016-09-24,2016-09-27,233.32,233.32,Processed,EMP019,3,0.0,0.0,False
INV005204,SUP014,ST259,2016-09-20,2016-09-24,2016-09-29,51.34,51.34,Processed Late,EMP024,5,0.0,0.0,True
INV005205,SUP011,ST397,2016-09-20,2016-09-25,2016-09-27,238.5,238.5,Processed,EMP019,2,0.0,0.0,False
INV005206,SUP001,ST213,2016-09-20,2016-09-27,2016-09-30,99.36,99.36,Processed,EMP030,3,0.0,0.0,False
INV005207,SUP007,ST434,2016-09-20,2016-09-27,2016-09-29,489.24,489.24,Processed,EMP030,2,0.0,0.0,False
INV005208,SUP007,ST552,2016-09-20,2016-09-25,2016-09-27,1043.82,1043.82,Processed,EMP010,2,0.0,0.0,False
INV005209,SUP012,ST511,2016-09-20,2016-09-25,2016-09-30,166.8,166.8,Processed Late,EMP013,5,0.0,0.0,True
INV005210,SUP001,ST145,2016-09-20,2016-09-28,2016-10-02,49.36,49.36,Processed Late,EMP018,4,0.0,0.0,True
INV005211,SUP002,ST312,2016-09-20,2016-09-25,2016-09-28,101.64,101.64,Processed,EMP006,3,0.0,0.0,False
INV005212,SUP010,ST025,2016-09-20,2016-09-27,2016-09-30,4.48,4.48,Processed,EMP020,3,0.0,0.0,False
INV005213,SUP014,ST147,2016-09-20,2016-09-25,2016-09-26,23.64,23.64,Processed,EMP023,1,0.0,0.0,False
INV005214,SUP004,ST059,2016-09-20,2016-09-27,2016-10-02,1187.48,1187.48,Processed Late,EMP028,5,0.0,0.0,True
INV005215,SUP014,ST223,2016-09-20,2016-09-23,2016-09-29,306.96,306.96,Processed Late,EMP010,6,0.0,0.0,True
INV005216,SUP002,ST060,2016-09-20,2016-09-28,2016-09-29,28.64,28.64,Processed,EMP004,1,0.0,0.0,False
INV005217,SUP009,ST610,2016-09-20,2016-09-27,2016-09-30,233.4,233.4,Processed,EMP015,3,0.0,0.0,False
INV005218,SUP009,ST117,2016-09-20,2016-09-28,2016-10-09,791.36,791.36,Pending / Delayed,EMP001,11,0.0,0.0,True
INV005219,SUP009,ST046,2016-09-20,2016-09-28,2016-10-01,204.82,204.82,Processed,EMP004,3,0.0,0.0,False
INV005220,SUP005,ST067,2016-09-20,2016-09-27,2016-09-28,110.79,110.79,Processed,EMP028,1,0.0,0.0,False
INV005221,SUP001,ST236,2016-09-20,2016-09-24,2016-09-27,20.65,20.65,Processed,EMP002,3,0.0,0.0,False
INV005222,SUP007,ST435,2016-09-20,2016-09-26,2016-09-30,76.86,76.86,Processed Late,EMP027,4,0.0,0.0,True
INV005223,SUP009,ST026,2016-09-20,2016-09-26,2016-09-28,3936.45,3936.45,Processed,EMP023,2,0.0,0.0,False
INV005224,SUP003,ST440,2016-09-20,2016-09-27,2016-09-30,12.88,12.88,Processed,EMP009,3,0.0,0.0,False
INV005225,SUP014,ST586,2016-09-20,2016-09-26,2016-09-29,220.35,220.35,Processed,EMP001,3,0.0,0.0,False
INV005226,SUP005,ST469,2016-09-20,2016-09-24,2016-09-25,53.6,53.6,Processed,EMP016,1,0.0,0.0,False
INV005227,SUP004,ST076,2016-09-20,2016-09-23,2016-09-25,454.27,470.99,Processed,EMP025,2,-16.72,16.72,False
INV005228,SUP004,ST251,2016-09-20,2016-09-26,2016-09-29,27.95,27.95,Processed,EMP015,3,0.0,0.0,False
INV005229,SUP004,ST620,2016-09-20,2016-09-24,2016-09-28,3541.95,3541.95,Processed Late,EMP020,4,0.0,0.0,True
INV005230,SUP003,ST097,2016-09-20,2016-09-28,2016-09-29,37.44,37.44,Processed,EMP028,1,0.0,0.0,False
INV005231,SUP003,ST433,2016-09-20,2016-09-24,2016-09-26,87.0,87.0,Processed,EMP016,2,0.0,0.0,False
INV005232,SUP012,ST365,2016-09-20,2016-09-25,2016-09-26,607.41,607.41,Processed,EMP019,1,0.0,0.0,False
INV005233,SUP008,ST438,2016-09-20,2016-09-25,2016-09-27,19.45,19.45,Processed,EMP017,2,0.0,0.0,False
INV005234,SUP008,ST408,2016-09-20,2016-09-23,2016-09-24,19.4,19.4,Processed,EMP029,1,0.0,0.0,False
INV005235,SUP004,ST419,2016-09-20,2016-09-27,2016-10-06,966.42,966.42,Pending / Delayed,EMP025,9,0.0,0.0,True
INV005236,SUP011,ST367,2016-09-20,2016-09-28,2016-09-30,5531.28,5531.28,Processed,EMP022,2,0.0,0.0,False
INV005237,SUP013,ST166,2016-09-20,2016-09-28,2016-09-29,101.78,101.78,Processed,EMP030,1,0.0,0.0,False
INV005238,SUP003,ST436,2016-09-20,2016-09-23,2016-09-25,51.8,51.8,Processed,EMP024,2,0.0,0.0,False
INV005239,SUP012,ST528,2016-09-20,2016-09-23,2016-09-24,103.68,103.68,Processed,EMP028,1,0.0,0.0,False
INV005240,SUP007,ST088,2016-09-20,2016-09-24,2016-09-27,26.64,26.64,Processed,EMP018,3,0.0,0.0,False
INV005241,SUP009,ST617,2016-09-20,2016-09-28,2016-10-02,74.4,74.4,Processed Late,EMP019,4,0.0,0.0,True
INV005242,SUP010,ST598,2016-09-20,2016-09-25,2016-09-27,280.56,280.56,Processed,EMP018,2,0.0,0.0,False
INV005243,SUP002,ST139,2016-09-20,2016-09-24,2016-09-25,40.92,40.92,Processed,EMP024,1,0.0,0.0,False
INV005244,SUP003,ST445,2016-09-20,2016-09-28,2016-10-01,2226.66,2226.66,Processed,EMP013,3,0.0,0.0,False
INV005245,SUP001,ST563,2016-09-20,2016-09-28,2016-10-03,3119.33,3119.33,Processed Late,EMP027,5,0.0,0.0,True
INV005246,SUP009,ST026,2016-09-20,2016-09-27,2016-09-30,603.98,603.98,Processed,EMP008,3,0.0,0.0,False
INV005247,SUP015,ST298,2016-09-20,2016-09-25,2016-10-01,8.92,8.92,Processed Late,EMP018,6,0.0,0.0,True
INV005248,SUP013,ST397,2016-09-20,2016-09-25,2016-09-26,49.76,49.76,Processed,EMP019,1,0.0,0.0,False
INV005249,SUP010,ST072,2016-09-20,2016-09-24,2016-09-30,38.19,38.19,Processed Late,EMP003,6,0.0,0.0,True
INV005250,SUP006,ST096,2016-09-20,2016-09-28,2016-09-30,381.29,381.29,Processed,EMP002,2,0.0,0.0,False
INV005251,SUP002,ST316,2016-09-20,2016-09-23,2016-09-24,1043.52,1043.52,Processed,EMP015,1,0.0,0.0,False
INV005252,SUP011,ST370,2016-09-20,2016-09-25,2016-09-26,366.18,366.18,Processed,EMP014,1,0.0,0.0,False
INV005253,SUP010,ST186,2016-09-20,2016-09-24,2016-09-29,8.54,8.54,Processed Late,EMP028,5,0.0,0.0,True
INV005254,SUP008,ST358,2016-09-20,2016-09-23,2016-09-29,2311.16,2311.16,Processed Late,EMP021,6,0.0,0.0,True
INV005255,SUP013,ST145,2016-09-20,2016-09-25,2016-09-27,1603.53,1603.53,Processed,EMP025,2,0.0,0.0,False
INV005256,SUP012,ST154,2016-09-20,2016-09-25,2016-09-29,52.34,52.34,Processed Late,EMP023,4,0.0,0.0,True
INV005257,SUP009,ST401,2016-09-20,2016-09-24,2016-09-25,3.56,3.56,Processed,EMP021,1,0.0,0.0,False
INV005258,SUP013,ST024,2016-09-20,2016-09-27,2016-09-28,555.8,555.8,Processed,EMP007,1,0.0,0.0,False
INV005259,SUP003,ST166,2016-09-20,2016-09-24,2016-09-25,11.05,11.05,Processed,EMP028,1,0.0,0.0,False
INV005260,SUP004,ST122,2016-09-20,2016-09-24,2016-09-25,26.48,26.48,Processed,EMP010,1,0.0,0.0,False
INV005261,SUP001,ST014,2016-09-20,2016-09-24,2016-09-26,2052.4,2052.4,Processed,EMP026,2,0.0,0.0,False
INV005262,SUP003,ST268,2016-09-20,2016-09-23,2016-09-25,11.92,11.92,Processed,EMP023,2,0.0,0.0,False
INV005263,SUP012,ST588,2016-09-20,2016-09-26,2016-10-01,2164.35,2164.35,Processed Late,EMP013,5,0.0,0.0,True
INV005264,SUP013,ST296,2016-09-20,2016-09-26,2016-09-29,29.43,29.43,Processed,EMP004,3,0.0,0.0,False
INV005265,SUP013,ST095,2016-09-20,2016-09-25,2016-09-28,1284.96,1284.96,Processed,EMP029,3,0.0,0.0,False
INV005266,SUP010,ST377,2016-09-20,2016-09-23,2016-09-24,167.86,167.86,Processed,EMP012,1,0.0,0.0,False
INV005267,SUP012,ST390,2016-09-20,2016-09-23,2016-10-05,348.92,327.76,Pending / Delayed,EMP009,12,21.16,21.16,True
INV005268,SUP005,ST260,2016-09-20,2016-09-27,2016-09-29,521.68,521.68,Processed,EMP024,2,0.0,0.0,False
INV005269,SUP002,ST288,2016-09-20,2016-09-24,2016-09-27,152.6,152.6,Processed,EMP007,3,0.0,0.0,False
INV005270,SUP009,ST429,2016-09-20,2016-09-24,2016-09-27,16.3,16.2,Processed,EMP030,3,0.1,0.1,False
INV005271,SUP012,ST275,2016-09-20,2016-09-28,2016-10-05,316.62,316.62,Pending / Delayed,EMP023,7,0.0,0.0,True
INV005272,SUP014,ST235,2016-09-20,2016-09-23,2016-09-24,66.44,66.44,Processed,EMP001,1,0.0,0.0,False
INV005273,SUP011,ST164,2016-09-20,2016-09-28,2016-09-30,45.03,45.03,Processed,EMP016,2,0.0,0.0,False
INV005274,SUP007,ST307,2016-09-20,2016-09-23,2016-09-28,457.81,457.81,Processed Late,EMP018,5,0.0,0.0,True
INV005275,SUP014,ST472,2016-09-20,2016-09-25,2016-09-28,22.5,22.5,Processed,EMP003,3,0.0,0.0,False
INV005276,SUP015,ST521,2016-09-20,2016-09-23,2016-09-26,10035.54,10035.54,Processed,EMP023,3,0.0,0.0,False
INV005277,SUP015,ST419,2016-09-20,2016-09-28,2016-10-03,62.1,62.1,Processed Late,EMP011,5,0.0,0.0,True
INV005278,SUP011,ST258,2016-09-20,2016-09-23,2016-09-27,47.36,47.36,Processed Late,EMP021,4,0.0,0.0,True
INV005279,SUP012,ST346,2016-09-20,2016-09-25,2016-09-28,3044.57,3114.45,Processed,EMP003,3,-69.88,69.88,False
INV005280,SUP012,ST313,2016-09-20,2016-09-26,2016-10-02,44.59,44.59,Processed Late,EMP001,6,0.0,0.0,True
INV005281,SUP012,ST033,2016-10-05,2016-10-09,2016-10-13,22.38,22.38,Processed Late,EMP015,4,0.0,0.0,True
INV005282,SUP008,ST170,2016-10-05,2016-10-09,2016-10-12,18.62,18.62,Processed,EMP011,3,0.0,0.0,False
INV005283,SUP003,ST618,2016-10-05,2016-10-13,2016-10-16,503.2,503.2,Processed,EMP029,3,0.0,0.0,False
INV005284,SUP008,ST233,2016-10-05,2016-10-10,2016-10-22,25.14,25.14,Pending / Delayed,EMP030,12,0.0,0.0,True
INV005285,SUP011,ST354,2016-10-05,2016-10-13,2016-10-14,1778.2,1778.2,Processed,EMP024,1,0.0,0.0,False
INV005286,SUP002,ST432,2016-10-05,2016-10-13,2016-10-14,1311.76,1311.76,Processed,EMP007,1,0.0,0.0,False
INV005287,SUP002,ST363,2016-10-05,2016-10-09,2016-10-16,553.93,593.37,Pending / Delayed,EMP009,7,-39.44,39.44,True
INV005288,SUP011,ST005,2016-10-05,2016-10-12,2016-10-13,585.18,585.18,Processed,EMP006,1,0.0,0.0,False
INV005289,SUP009,ST097,2016-10-05,2016-10-13,2016-10-18,124.56,124.56,Processed Late,EMP028,5,0.0,0.0,True
INV005290,SUP002,ST143,2016-10-05,2016-10-13,2016-10-17,37.44,37.44,Processed Late,EMP013,4,0.0,0.0,True
INV005291,SUP011,ST239,2016-10-05,2016-10-11,2016-10-16,476.8,476.8,Processed Late,EMP020,5,0.0,0.0,True
INV005292,SUP014,ST339,2016-10-05,2016-10-10,2016-10-14,50.15,50.15,Processed Late,EMP016,4,0.0,0.0,True
INV005293,SUP004,ST362,2016-10-05,2016-10-12,2016-10-15,35.55,35.55,Processed,EMP020,3,0.0,0.0,False
INV005294,SUP003,ST411,2016-10-05,2016-10-12,2016-10-15,500.5,500.5,Processed,EMP022,3,0.0,0.0,False
INV005295,SUP003,ST565,2016-10-05,2016-10-10,2016-10-14,38.72,38.72,Processed Late,EMP025,4,0.0,0.0,True
INV005296,SUP013,ST353,2016-10-05,2016-10-11,2016-10-13,73.92,73.92,Processed,EMP002,2,0.0,0.0,False
INV005297,SUP008,ST229,2016-10-05,2016-10-11,2016-10-14,15.72,15.72,Processed,EMP019,3,0.0,0.0,False
INV005298,SUP006,ST357,2016-10-05,2016-10-11,2016-10-13,169.48,169.48,Processed,EMP021,2,0.0,0.0,False
INV005299,SUP013,ST442,2016-10-05,2016-10-09,2016-10-11,257.68,257.68,Processed,EMP023,2,0.0,0.0,False
INV005300,SUP006,ST097,2016-10-05,2016-10-13,2016-10-19,285.04,285.04,Processed Late,EMP012,6,0.0,0.0,True
INV005301,SUP006,ST321,2016-10-05,2016-10-13,2016-10-21,1230.79,1230.79,Pending / Delayed,EMP023,8,0.0,0.0,True
INV005302,SUP015,ST428,2016-10-05,2016-10-13,2016-10-17,283.52,283.52,Processed Late,EMP006,4,0.0,0.0,True
INV005303,SUP002,ST426,2016-10-05,2016-10-09,2016-10-11,31.5,31.5,Processed,EMP020,2,0.0,0.0,False
INV005304,SUP007,ST098,2016-10-05,2016-10-08,2016-10-13,31.5,31.5,Processed Late,EMP005,5,0.0,0.0,True
INV005305,SUP014,ST488,2016-10-05,2016-10-12,2016-10-19,436.04,436.04,Pending / Delayed,EMP007,7,0.0,0.0,True
INV005306,SUP005,ST104,2016-10-05,2016-10-10,2016-10-14,531.16,531.16,Processed Late,EMP005,4,0.0,0.0,True
INV005307,SUP005,ST539,2016-10-05,2016-10-10,2016-10-13,45.75,45.75,Processed,EMP029,3,0.0,0.0,False
INV005308,SUP001,ST604,2016-10-05,2016-10-13,2016-10-15,2673.76,2673.76,Processed,EMP004,2,0.0,0.0,False
INV005309,SUP002,ST618,2016-10-05,2016-10-09,2016-10-11,151.5,151.5,Processed,EMP007,2,0.0,0.0,False
INV005310,SUP004,ST613,2016-10-05,2016-10-12,2016-10-14,260.02,260.02,Processed,EMP019,2,0.0,0.0,False
INV005311,SUP001,ST319,2016-10-05,2016-10-13,2016-10-16,25.8,25.8,Processed,EMP013,3,0.0,0.0,False
INV005312,SUP014,ST605,2016-10-05,2016-10-13,2016-10-14,51.36,51.36,Processed,EMP022,1,0.0,0.0,False
INV005313,SUP012,ST429,2016-10-05,2016-10-11,2016-10-12,837.06,837.06,Processed,EMP016,1,0.0,0.0,False
INV005314,SUP013,ST221,2016-10-05,2016-10-09,2016-10-10,635.05,635.05,Processed,EMP027,1,0.0,0.0,False
INV005315,SUP009,ST570,2016-10-05,2016-10-11,2016-10-12,44.81,45.54,Processed,EMP028,1,-0.73,0.73,False
INV005316,SUP014,ST093,2016-10-05,2016-10-12,2016-10-18,186.45,186.45,Processed Late,EMP028,6,0.0,0.0,True
INV005317,SUP006,ST623,2016-10-05,2016-10-13,2016-10-15,51.96,51.96,Processed,EMP014,2,0.0,0.0,False
INV005318,SUP014,ST149,2016-10-05,2016-10-08,2016-10-18,48.86,45.76,Pending / Delayed,EMP024,10,3.1,3.1,True
INV005319,SUP005,ST136,2016-10-05,2016-10-09,2016-10-12,576.48,568.17,Processed,EMP018,3,8.31,8.31,False
INV005320,SUP008,ST190,2016-10-05,2016-10-13,2016-10-14,23.92,23.92,Processed,EMP014,1,0.0,0.0,False
INV005321,SUP006,ST300,2016-10-05,2016-10-11,2016-10-17,27.28,27.28,Processed Late,EMP010,6,0.0,0.0,True
INV005322,SUP004,ST088,2016-10-05,2016-10-11,2016-10-13,156.53,156.53,Processed,EMP027,2,0.0,0.0,False
INV005323,SUP004,ST447,2016-10-05,2016-10-13,2016-10-15,2748.0,2748.0,Processed,EMP024,2,0.0,0.0,False
INV005324,SUP002,ST040,2016-10-05,2016-10-11,2016-10-12,33.06,32.22,Processed,EMP017,1,0.84,0.84,False
INV005325,SUP002,ST110,2016-10-05,2016-10-13,2016-10-14,52.4,52.4,Processed,EMP026,1,0.0,0.0,False
INV005326,SUP010,ST118,2016-10-05,2016-10-09,2016-10-12,19.65,19.65,Processed,EMP021,3,0.0,0.0,False
INV005327,SUP013,ST348,2016-10-05,2016-10-08,2016-10-12,140.66,139.02,Processed Late,EMP015,4,1.64,1.64,True
INV005328,SUP009,ST115,2016-10-05,2016-10-13,2016-10-16,227.28,227.28,Processed,EMP020,3,0.0,0.0,False
INV005329,SUP012,ST516,2016-10-05,2016-10-08,2016-10-09,4.72,4.72,Processed,EMP005,1,0.0,0.0,False
INV005330,SUP010,ST564,2016-10-05,2016-10-08,2016-10-11,10.92,10.92,Processed,EMP009,3,0.0,0.0,False
INV005331,SUP013,ST330,2016-10-05,2016-10-08,2016-10-10,22.2,22.2,Processed,EMP019,2,0.0,0.0,False
INV005332,SUP008,ST117,2016-10-05,2016-10-12,2016-10-14,4192.96,4192.96,Processed,EMP016,2,0.0,0.0,False
INV005333,SUP011,ST463,2016-10-05,2016-10-10,2016-10-13,37.86,37.86,Processed,EMP013,3,0.0,0.0,False
INV005334,SUP006,ST610,2016-10-05,2016-10-08,2016-10-11,1744.64,1744.64,Processed,EMP029,3,0.0,0.0,False
INV005335,SUP004,ST058,2016-10-05,2016-10-08,2016-10-16,56.12,56.12,Pending / Delayed,EMP025,8,0.0,0.0,True
INV005336,SUP013,ST182,2016-10-05,2016-10-13,2016-10-16,29.78,28.44,Processed,EMP003,3,1.34,1.34,False
INV005337,SUP009,ST250,2016-10-05,2016-10-11,2016-10-12,128.52,128.52,Processed,EMP004,1,0.0,0.0,False
INV005338,SUP015,ST219,2016-10-05,2016-10-10,2016-10-15,61.75,61.75,Processed Late,EMP002,5,0.0,0.0,True
INV005339,SUP003,ST609,2016-10-05,2016-10-13,2016-10-23,62.14,62.14,Pending / Delayed,EMP021,10,0.0,0.0,True
INV005340,SUP007,ST049,2016-10-05,2016-10-13,2016-10-19,282.52,282.52,Processed Late,EMP004,6,0.0,0.0,True
INV005341,SUP010,ST211,2016-10-05,2016-10-11,2016-10-14,208.71,208.71,Processed,EMP020,3,0.0,0.0,False
INV005342,SUP005,ST071,2016-10-05,2016-10-09,2016-10-11,1789.92,1789.92,Processed,EMP008,2,0.0,0.0,False
INV005343,SUP007,ST555,2016-10-05,2016-10-09,2016-10-10,291.18,291.18,Processed,EMP018,1,0.0,0.0,False
INV005344,SUP004,ST563,2016-10-05,2016-10-10,2016-10-11,5.52,5.52,Processed,EMP019,1,0.0,0.0,False
INV005345,SUP014,ST322,2016-10-05,2016-10-12,2016-10-13,37.31,37.31,Processed,EMP008,1,0.0,0.0,False
INV005346,SUP001,ST103,2016-10-05,2016-10-10,2016-10-21,106.11,106.11,Pending / Delayed,EMP003,11,0.0,0.0,True
INV005347,SUP002,ST241,2016-10-05,2016-10-13,2016-10-16,1552.95,1552.95,Processed,EMP016,3,0.0,0.0,False
INV005348,SUP013,ST242,2016-10-05,2016-10-11,2016-10-17,2975.97,2975.97,Processed Late,EMP004,6,0.0,0.0,True
INV005349,SUP011,ST079,2016-10-05,2016-10-12,2016-10-15,100.32,100.32,Processed,EMP003,3,0.0,0.0,False
INV005350,SUP011,ST421,2016-10-05,2016-10-13,2016-10-19,44.2,44.2,Processed Late,EMP004,6,0.0,0.0,True
INV005351,SUP010,ST089,2016-10-05,2016-10-13,2016-10-17,50.9,50.9,Processed Late,EMP006,4,0.0,0.0,True
INV005352,SUP008,ST523,2016-10-05,2016-10-08,2016-10-10,2534.7,2534.7,Processed,EMP013,2,0.0,0.0,False
INV005353,SUP007,ST494,2016-10-05,2016-10-08,2016-10-14,121.55,121.55,Processed Late,EMP004,6,0.0,0.0,True
INV005354,SUP003,ST083,2016-10-05,2016-10-08,2016-10-09,144.36,147.96,Processed,EMP029,1,-3.6,3.6,False
INV005355,SUP008,ST010,2016-10-05,2016-10-12,2016-10-13,32.25,32.25,Processed,EMP018,1,0.0,0.0,False
INV005356,SUP009,ST374,2016-10-05,2016-10-08,2016-10-09,74.74,73.2,Processed,EMP023,1,1.54,1.54,False
INV005357,SUP006,ST107,2016-10-05,2016-10-10,2016-10-11,33.25,33.25,Processed,EMP008,1,0.0,0.0,False
INV005358,SUP006,ST083,2016-10-05,2016-10-12,2016-10-23,173.76,173.76,Pending / Delayed,EMP028,11,0.0,0.0,True
INV005359,SUP010,ST272,2016-10-05,2016-10-13,2016-10-16,43.2,43.2,Processed,EMP011,3,0.0,0.0,False
INV005360,SUP007,ST621,2016-10-05,2016-10-09,2016-10-12,563.4,563.4,Processed,EMP013,3,0.0,0.0,False
INV005361,SUP007,ST118,2016-10-20,2016-10-23,2016-10-27,1436.26,1460.06,Processed Late,EMP002,4,-23.8,23.8,True
INV005362,SUP002,ST242,2016-10-20,2016-10-26,2016-11-03,286.72,286.72,Pending / Delayed,EMP008,8,0.0,0.0,True
INV005363,SUP011,ST514,2016-10-20,2016-10-24,2016-11-01,358.4,358.4,Pending / Delayed,EMP022,8,0.0,0.0,True
INV005364,SUP004,ST599,2016-10-20,2016-10-27,2016-10-28,71.64,71.64,Processed,EMP026,1,0.0,0.0,False
INV005365,SUP007,ST391,2016-10-20,2016-10-24,2016-10-27,198.55,198.55,Processed,EMP001,3,0.0,0.0,False
INV005366,SUP006,ST373,2016-10-20,2016-10-23,2016-10-26,96.66,96.66,Processed,EMP019,3,0.0,0.0,False
INV005367,SUP009,ST538,2016-10-20,2016-10-27,2016-11-01,303.84,303.84,Processed Late,EMP020,5,0.0,0.0,True
INV005368,SUP001,ST170,2016-10-20,2016-10-24,2016-10-26,39.49,39.49,Processed,EMP006,2,0.0,0.0,False
INV005369,SUP002,ST310,2016-10-20,2016-10-27,2016-10-31,245.41,245.41,Processed Late,EMP023,4,0.0,0.0,True
INV005370,SUP003,ST507,2016-10-20,2016-10-23,2016-10-27,283.22,283.22,Processed Late,EMP015,4,0.0,0.0,True
INV005371,SUP011,ST114,2016-10-20,2016-10-24,2016-10-28,723.12,723.12,Processed Late,EMP007,4,0.0,0.0,True
INV005372,SUP002,ST306,2016-10-20,2016-10-23,2016-10-29,1769.92,1769.92,Processed Late,EMP007,6,0.0,0.0,True
INV005373,SUP005,ST524,2016-10-20,2016-10-24,2016-10-27,15.75,15.75,Processed,EMP011,3,0.0,0.0,False
INV005374,SUP012,ST432,2016-10-20,2016-10-27,2016-10-29,2574.46,2574.46,Processed,EMP027,2,0.0,0.0,False
INV005375,SUP014,ST257,2016-10-20,2016-10-25,2016-10-31,23.2,23.2,Processed Late,EMP012,6,0.0,0.0,True
INV005376,SUP010,ST397,2016-10-20,2016-10-23,2016-10-28,28.98,28.98,Processed Late,EMP016,5,0.0,0.0,True
INV005377,SUP004,ST387,2016-10-20,2016-10-26,2016-11-01,248.19,267.75,Processed Late,EMP010,6,-19.56,19.56,True
INV005378,SUP005,ST555,2016-10-20,2016-10-25,2016-10-28,27.9,27.9,Processed,EMP007,3,0.0,0.0,False
INV005379,SUP004,ST081,2016-10-20,2016-10-27,2016-11-01,38.97,38.97,Processed Late,EMP003,5,0.0,0.0,True
INV005380,SUP003,ST609,2016-10-20,2016-10-24,2016-10-26,413.98,413.98,Processed,EMP008,2,0.0,0.0,False
INV005381,SUP001,ST393,2016-10-20,2016-10-27,2016-10-29,18.06,18.06,Processed,EMP013,2,0.0,0.0,False
INV005382,SUP001,ST271,2016-10-20,2016-10-27,2016-10-30,37.89,37.89,Processed,EMP029,3,0.0,0.0,False
INV005383,SUP002,ST557,2016-10-20,2016-10-26,2016-10-27,8.88,8.88,Processed,EMP001,1,0.0,0.0,False
INV005384,SUP005,ST492,2016-10-20,2016-10-27,2016-10-29,463.2,463.2,Processed,EMP020,2,0.0,0.0,False
INV005385,SUP009,ST117,2016-10-20,2016-10-24,2016-10-27,303.76,303.76,Processed,EMP010,3,0.0,0.0,False
INV005386,SUP007,ST055,2016-10-20,2016-10-28,2016-10-30,369.2,369.2,Processed,EMP024,2,0.0,0.0,False
INV005387,SUP012,ST534,2016-10-20,2016-10-28,2016-10-30,53.12,53.12,Processed,EMP002,2,0.0,0.0,False
INV005388,SUP005,ST596,2016-10-20,2016-10-24,2016-10-25,37.2,37.2,Processed,EMP018,1,0.0,0.0,False
INV005389,SUP015,ST139,2016-10-20,2016-10-24,2016-10-27,18.0,18.0,Processed,EMP002,3,0.0,0.0,False
INV005390,SUP009,ST420,2016-10-20,2016-10-27,2016-10-31,258.3,258.3,Processed Late,EMP024,4,0.0,0.0,True
INV005391,SUP002,ST567,2016-10-20,2016-10-25,2016-10-28,730.34,730.34,Processed,EMP008,3,0.0,0.0,False
INV005392,SUP015,ST010,2016-10-20,2016-10-26,2016-10-28,17.8,17.8,Processed,EMP015,2,0.0,0.0,False
INV005393,SUP013,ST321,2016-10-20,2016-10-28,2016-10-31,175.1,175.1,Processed,EMP024,3,0.0,0.0,False
INV005394,SUP007,ST205,2016-10-20,2016-10-23,2016-10-24,180.54,180.54,Processed,EMP005,1,0.0,0.0,False
INV005395,SUP006,ST361,2016-10-20,2016-10-27,2016-10-29,4852.32,4852.32,Processed,EMP009,2,0.0,0.0,False
INV005396,SUP013,ST425,2016-10-20,2016-10-23,2016-10-25,24.71,24.71,Processed,EMP004,2,0.0,0.0,False
INV005397,SUP004,ST500,2016-10-20,2016-10-26,2016-10-31,114.13,123.97,Processed Late,EMP007,5,-9.84,9.84,True
INV005398,SUP014,ST217,2016-10-20,2016-10-25,2016-10-28,12.36,12.36,Processed,EMP030,3,0.0,0.0,False
INV005399,SUP015,ST600,2016-10-20,2016-10-25,2016-10-30,66.6,66.6,Processed Late,EMP009,5,0.0,0.0,True
INV005400,SUP003,ST049,2016-10-20,2016-10-26,2016-11-03,5315.22,5315.22,Pending / Delayed,EMP018,8,0.0,0.0,True
INV005401,SUP001,ST512,2016-10-20,2016-10-27,2016-10-31,374.88,374.88,Processed Late,EMP001,4,0.0,0.0,True
INV005402,SUP013,ST176,2016-10-20,2016-10-26,2016-10-28,48.62,48.62,Processed,EMP019,2,0.0,0.0,False
INV005403,SUP012,ST200,2016-10-20,2016-10-27,2016-10-29,179.28,179.28,Processed,EMP001,2,0.0,0.0,False
INV005404,SUP010,ST540,2016-10-20,2016-10-28,2016-11-01,1021.14,1021.14,Processed Late,EMP018,4,0.0,0.0,True
INV005405,SUP014,ST047,2016-10-20,2016-10-26,2016-10-27,3581.8,3581.8,Processed,EMP014,1,0.0,0.0,False
INV005406,SUP011,ST168,2016-10-20,2016-10-25,2016-10-28,261.75,261.75,Processed,EMP007,3,0.0,0.0,False
INV005407,SUP013,ST341,2016-10-20,2016-10-24,2016-10-26,52.69,52.69,Processed,EMP029,2,0.0,0.0,False
INV005408,SUP015,ST241,2016-10-20,2016-10-23,2016-10-24,33.48,33.48,Processed,EMP014,1,0.0,0.0,False
INV005409,SUP002,ST157,2016-10-20,2016-10-24,2016-10-31,134.9,134.9,Pending / Delayed,EMP002,7,0.0,0.0,True
INV005410,SUP004,ST619,2016-10-20,2016-10-26,2016-10-27,745.4,745.4,Processed,EMP029,1,0.0,0.0,False
INV005411,SUP015,ST351,2016-10-20,2016-10-23,2016-10-26,66.36,66.36,Processed,EMP017,3,0.0,0.0,False
INV005412,SUP010,ST189,2016-10-20,2016-10-25,2016-10-26,25.1,25.1,Processed,EMP025,1,0.0,0.0,False
INV005413,SUP014,ST261,2016-10-20,2016-10-23,2016-10-26,210.08,210.08,Processed,EMP030,3,0.0,0.0,False
INV005414,SUP015,ST109,2016-10-20,2016-10-24,2016-10-29,327.9,327.9,Processed Late,EMP003,5,0.0,0.0,True
INV005415,SUP001,ST125,2016-10-20,2016-10-26,2016-11-01,894.8,894.8,Processed Late,EMP022,6,0.0,0.0,True
INV005416,SUP005,ST367,2016-10-20,2016-10-24,2016-10-29,525.78,525.78,Processed Late,EMP014,5,0.0,0.0,True
INV005417,SUP009,ST258,2016-10-20,2016-10-28,2016-10-30,32.08,32.08,Processed,EMP017,2,0.0,0.0,False
INV005418,SUP004,ST054,2016-10-20,2016-10-24,2016-10-26,63.39,59.35,Processed,EMP013,2,4.04,4.04,False
INV005419,SUP013,ST482,2016-10-20,2016-10-23,2016-10-29,491.22,514.88,Processed Late,EMP006,6,-23.66,23.66,True
INV005420,SUP006,ST048,2016-10-20,2016-10-26,2016-10-29,302.58,302.58,Processed,EMP019,3,0.0,0.0,False
INV005421,SUP013,ST594,2016-10-20,2016-10-27,2016-10-29,553.63,553.63,Processed,EMP024,2,0.0,0.0,False
INV005422,SUP015,ST033,2016-10-20,2016-10-26,2016-10-29,90.36,90.36,Processed,EMP018,3,0.0,0.0,False
INV005423,SUP008,ST496,2016-10-20,2016-10-24,2016-11-05,23.94,23.94,Pending / Delayed,EMP003,12,0.0,0.0,True
INV005424,SUP009,ST066,2016-10-20,2016-10-25,2016-10-28,4.16,4.16,Processed,EMP010,3,0.0,0.0,False
INV005425,SUP008,ST197,2016-10-20,2016-10-26,2016-11-07,1594.8,1594.8,Pending / Delayed,EMP012,12,0.0,0.0,True
INV005426,SUP003,ST124,2016-10-20,2016-10-23,2016-10-26,7.3,7.3,Processed,EMP016,3,0.0,0.0,False
INV005427,SUP001,ST185,2016-10-20,2016-10-23,2016-10-25,32.25,31.59,Processed,EMP025,2,0.66,0.66,False
INV005428,SUP012,ST277,2016-10-20,2016-10-28,2016-10-30,14.56,14.56,Processed,EMP008,2,0.0,0.0,False
INV005429,SUP014,ST236,2016-10-20,2016-10-25,2016-10-28,1648.26,1648.26,Processed,EMP012,3,0.0,0.0,False
INV005430,SUP004,ST445,2016-10-20,2016-10-27,2016-10-29,37.8,37.8,Processed,EMP016,2,0.0,0.0,False
INV005431,SUP009,ST103,2016-10-20,2016-10-28,2016-10-30,6.2,6.2,Processed,EMP025,2,0.0,0.0,False
INV005432,SUP013,ST567,2016-10-20,2016-10-25,2016-11-04,28.5,28.5,Pending / Delayed,EMP007,10,0.0,0.0,True
INV005433,SUP005,ST251,2016-10-20,2016-10-24,2016-10-26,6.48,6.48,Processed,EMP022,2,0.0,0.0,False
INV005434,SUP006,ST094,2016-10-20,2016-10-25,2016-10-27,1031.47,1031.47,Processed,EMP024,2,0.0,0.0,False
INV005435,SUP002,ST345,2016-10-20,2016-10-24,2016-10-25,55.44,55.44,Processed,EMP001,1,0.0,0.0,False
INV005436,SUP010,ST292,2016-10-20,2016-10-24,2016-10-27,182.1,182.1,Processed,EMP020,3,0.0,0.0,False
INV005437,SUP010,ST553,2016-10-20,2016-10-23,2016-10-26,1249.33,1249.33,Processed,EMP028,3,0.0,0.0,False
INV005438,SUP008,ST040,2016-10-20,2016-10-28,2016-10-29,15.6,15.6,Processed,EMP005,1,0.0,0.0,False
INV005439,SUP006,ST096,2016-10-20,2016-10-25,2016-10-27,117.18,117.18,Processed,EMP030,2,0.0,0.0,False
INV005440,SUP003,ST395,2016-10-20,2016-10-25,2016-10-30,396.72,396.72,Processed Late,EMP027,5,0.0,0.0,True
INV005441,SUP004,ST326,2016-11-05,2016-11-10,2016-11-12,710.24,710.24,Processed,EMP027,2,0.0,0.0,False
INV005442,SUP010,ST608,2016-11-05,2016-11-09,2016-11-10,29.45,28.0,Processed,EMP013,1,1.45,1.45,False
INV005443,SUP007,ST391,2016-11-05,2016-11-10,2016-11-19,21.23,20.16,Pending / Delayed,EMP029,9,1.07,1.07,True
INV005444,SUP013,ST172,2016-11-05,2016-11-10,2016-11-11,411.75,411.75,Processed,EMP025,1,0.0,0.0,False
INV005445,SUP007,ST096,2016-11-05,2016-11-13,2016-11-17,41.58,41.58,Processed Late,EMP028,4,0.0,0.0,True
INV005446,SUP011,ST555,2016-11-05,2016-11-08,2016-11-11,23.92,23.92,Processed,EMP010,3,0.0,0.0,False
INV005447,SUP013,ST237,2016-11-05,2016-11-09,2016-11-16,3.52,3.52,Pending / Delayed,EMP023,7,0.0,0.0,True
INV005448,SUP014,ST153,2016-11-05,2016-11-13,2016-11-16,110.6,110.6,Processed,EMP001,3,0.0,0.0,False
INV005449,SUP003,ST525,2016-11-05,2016-11-09,2016-11-10,3177.86,3177.86,Processed,EMP018,1,0.0,0.0,False
INV005450,SUP013,ST308,2016-11-05,2016-11-11,2016-11-14,32.1,32.1,Processed,EMP003,3,0.0,0.0,False
INV005451,SUP005,ST214,2016-11-05,2016-11-13,2016-11-15,1260.9,1260.9,Processed,EMP019,2,0.0,0.0,False
INV005452,SUP012,ST540,2016-11-05,2016-11-13,2016-11-14,86.65,86.65,Processed,EMP010,1,0.0,0.0,False
INV005453,SUP009,ST446,2016-11-05,2016-11-09,2016-11-12,36.1,36.1,Processed,EMP011,3,0.0,0.0,False
INV005454,SUP004,ST576,2016-11-05,2016-11-10,2016-11-14,1416.36,1416.36,Processed Late,EMP016,4,0.0,0.0,True
INV005455,SUP006,ST022,2016-11-05,2016-11-11,2016-11-13,19.8,19.8,Processed,EMP001,2,0.0,0.0,False
INV005456,SUP014,ST023,2016-11-05,2016-11-10,2016-11-11,113.68,113.68,Processed,EMP018,1,0.0,0.0,False
INV005457,SUP013,ST573,2016-11-05,2016-11-10,2016-11-13,2492.23,2492.23,Processed,EMP024,3,0.0,0.0,False
INV005458,SUP015,ST492,2016-11-05,2016-11-08,2016-11-10,38.87,38.87,Processed,EMP024,2,0.0,0.0,False
INV005459,SUP015,ST620,2016-11-05,2016-11-11,2016-11-12,149.0,149.0,Processed,EMP027,1,0.0,0.0,False
INV005460,SUP010,ST099,2016-11-05,2016-11-10,2016-11-11,39.0,39.0,Processed,EMP008,1,0.0,0.0,False
INV005461,SUP008,ST128,2016-11-05,2016-11-10,2016-11-13,21.72,21.72,Processed,EMP008,3,0.0,0.0,False
INV005462,SUP013,ST607,2016-11-05,2016-11-13,2016-11-18,109.36,109.36,Processed Late,EMP027,5,0.0,0.0,True
INV005463,SUP009,ST467,2016-11-05,2016-11-08,2016-11-11,233.0,233.0,Processed,EMP018,3,0.0,0.0,False
INV005464,SUP010,ST412,2016-11-05,2016-11-11,2016-11-14,19.03,19.03,Processed,EMP029,3,0.0,0.0,False
INV005465,SUP010,ST552,2016-11-05,2016-11-09,2016-11-10,62.88,65.7,Processed,EMP022,1,-2.82,2.82,False
INV005466,SUP007,ST110,2016-11-05,2016-11-09,2016-11-11,3212.1,3212.1,Processed,EMP010,2,0.0,0.0,False
INV005467,SUP014,ST444,2016-11-05,2016-11-08,2016-11-09,16.56,16.56,Processed,EMP002,1,0.0,0.0,False
INV005468,SUP010,ST451,2016-11-05,2016-11-09,2016-11-12,35.48,35.48,Processed,EMP003,3,0.0,0.0,False
INV005469,SUP004,ST537,2016-11-05,2016-11-09,2016-11-11,614.58,614.58,Processed,EMP007,2,0.0,0.0,False
INV005470,SUP007,ST492,2016-11-05,2016-11-12,2016-11-15,166.88,166.88,Processed,EMP007,3,0.0,0.0,False
INV005471,SUP001,ST347,2016-11-05,2016-11-08,2016-11-11,58.2,58.2,Processed,EMP001,3,0.0,0.0,False
INV005472,SUP001,ST099,2016-11-05,2016-11-11,2016-11-14,650.34,650.34,Processed,EMP008,3,0.0,0.0,False
INV005473,SUP015,ST186,2016-11-05,2016-11-11,2016-11-16,173.69,173.69,Processed Late,EMP007,5,0.0,0.0,True
INV005474,SUP006,ST626,2016-11-05,2016-11-09,2016-11-14,145.36,145.36,Processed Late,EMP027,5,0.0,0.0,True
INV005475,SUP015,ST285,2016-11-05,2016-11-10,2016-11-12,280.8,280.8,Processed,EMP005,2,0.0,0.0,False
INV005476,SUP013,ST419,2016-11-05,2016-11-13,2016-11-19,15.6,15.6,Processed Late,EMP004,6,0.0,0.0,True
INV005477,SUP004,ST497,2016-11-05,2016-11-08,2016-11-09,437.0,437.0,Processed,EMP026,1,0.0,0.0,False
INV005478,SUP012,ST271,2016-11-05,2016-11-10,2016-11-12,176.97,176.97,Processed,EMP011,2,0.0,0.0,False
INV005479,SUP008,ST550,2016-11-05,2016-11-10,2016-11-13,55.29,55.29,Processed,EMP006,3,0.0,0.0,False
INV005480,SUP002,ST308,2016-11-05,2016-11-11,2016-11-12,4898.52,4898.52,Processed,EMP004,1,0.0,0.0,False
INV005481,SUP014,ST247,2016-11-05,2016-11-12,2016-11-13,44.22,44.22,Processed,EMP018,1,0.0,0.0,False
INV005482,SUP003,ST386,2016-11-05,2016-11-10,2016-11-14,74.46,74.46,Processed Late,EMP024,4,0.0,0.0,True
INV005483,SUP013,ST256,2016-11-05,2016-11-12,2016-11-14,6.56,6.56,Processed,EMP006,2,0.0,0.0,False
INV005484,SUP013,ST417,2016-11-05,2016-11-13,2016-11-15,48.51,48.51,Processed,EMP020,2,0.0,0.0,False
INV005485,SUP004,ST331,2016-11-05,2016-11-08,2016-11-09,371.07,371.07,Processed,EMP015,1,0.0,0.0,False
INV005486,SUP014,ST087,2016-11-05,2016-11-13,2016-11-15,2354.38,2537.82,Processed,EMP018,2,-183.44,183.44,False
INV005487,SUP003,ST450,2016-11-05,2016-11-11,2016-11-12,34.08,34.08,Processed,EMP005,1,0.0,0.0,False
INV005488,SUP002,ST626,2016-11-05,2016-11-13,2016-11-16,3849.58,3849.58,Processed,EMP001,3,0.0,0.0,False
INV005489,SUP009,ST378,2016-11-05,2016-11-08,2016-11-11,822.58,822.58,Processed,EMP016,3,0.0,0.0,False
INV005490,SUP009,ST386,2016-11-05,2016-11-10,2016-11-12,3328.43,3328.43,Processed,EMP016,2,0.0,0.0,False
INV005491,SUP007,ST151,2016-11-05,2016-11-11,2016-11-22,26.32,26.32,Pending / Delayed,EMP030,11,0.0,0.0,True
INV005492,SUP005,ST289,2016-11-05,2016-11-10,2016-11-22,462.0,462.0,Pending / Delayed,EMP003,12,0.0,0.0,True
INV005493,SUP013,ST613,2016-11-05,2016-11-12,2016-11-14,34.1,34.1,Processed,EMP019,2,0.0,0.0,False
INV005494,SUP009,ST074,2016-11-05,2016-11-09,2016-11-14,35.37,35.37,Processed Late,EMP014,5,0.0,0.0,True
INV005495,SUP011,ST432,2016-11-05,2016-11-10,2016-11-13,2520.72,2520.72,Processed,EMP026,3,0.0,0.0,False
INV005496,SUP004,ST128,2016-11-05,2016-11-09,2016-11-15,22.92,22.92,Processed Late,EMP008,6,0.0,0.0,True
INV005497,SUP008,ST473,2016-11-05,2016-11-08,2016-11-11,14.1,14.1,Processed,EMP009,3,0.0,0.0,False
INV005498,SUP007,ST251,2016-11-05,2016-11-12,2016-11-15,100.2,100.2,Processed,EMP020,3,0.0,0.0,False
INV005499,SUP001,ST522,2016-11-05,2016-11-13,2016-11-17,57.57,57.57,Processed Late,EMP015,4,0.0,0.0,True
INV005500,SUP005,ST508,2016-11-05,2016-11-10,2016-11-13,80.58,80.58,Processed,EMP014,3,0.0,0.0,False
INV005501,SUP011,ST246,2016-11-05,2016-11-11,2016-11-13,30.1,30.1,Processed,EMP013,2,0.0,0.0,False
INV005502,SUP003,ST602,2016-11-05,2016-11-12,2016-11-21,105.84,105.84,Pending / Delayed,EMP009,9,0.0,0.0,True
INV005503,SUP008,ST260,2016-11-05,2016-11-10,2016-11-14,2292.0,2292.0,Processed Late,EMP008,4,0.0,0.0,True
INV005504,SUP008,ST430,2016-11-05,2016-11-11,2016-11-17,135.45,135.45,Processed Late,EMP008,6,0.0,0.0,True
INV005505,SUP014,ST154,2016-11-05,2016-11-11,2016-11-12,46.64,46.64,Processed,EMP009,1,0.0,0.0,False
INV005506,SUP006,ST083,2016-11-05,2016-11-13,2016-11-16,99.96,99.96,Processed,EMP007,3,0.0,0.0,False
INV005507,SUP005,ST091,2016-11-05,2016-11-12,2016-11-15,225.12,225.12,Processed,EMP004,3,0.0,0.0,False
INV005508,SUP011,ST213,2016-11-05,2016-11-08,2016-11-11,374.34,374.34,Processed,EMP004,3,0.0,0.0,False
INV005509,SUP001,ST048,2016-11-05,2016-11-11,2016-11-13,347.8,347.8,Processed,EMP019,2,0.0,0.0,False
INV005510,SUP013,ST419,2016-11-05,2016-11-12,2016-11-18,1435.33,1365.2,Processed Late,EMP004,6,70.13,70.13,True
INV005511,SUP003,ST248,2016-11-05,2016-11-13,2016-11-25,4534.01,4534.01,Pending / Delayed,EMP016,12,0.0,0.0,True
INV005512,SUP009,ST342,2016-11-05,2016-11-12,2016-11-13,22.0,22.0,Processed,EMP008,1,0.0,0.0,False
INV005513,SUP003,ST206,2016-11-05,2016-11-11,2016-11-13,140.04,140.04,Processed,EMP030,2,0.0,0.0,False
INV005514,SUP011,ST014,2016-11-05,2016-11-09,2016-11-11,444.6,444.6,Processed,EMP015,2,0.0,0.0,False
INV005515,SUP010,ST081,2016-11-05,2016-11-12,2016-11-17,1455.2,1455.2,Processed Late,EMP021,5,0.0,0.0,True
INV005516,SUP010,ST371,2016-11-05,2016-11-08,2016-11-14,2560.77,2560.77,Processed Late,EMP023,6,0.0,0.0,True
INV005517,SUP013,ST613,2016-11-05,2016-11-12,2016-11-15,6.6,6.6,Processed,EMP015,3,0.0,0.0,False
INV005518,SUP014,ST322,2016-11-05,2016-11-11,2016-11-14,25.4,25.4,Processed,EMP024,3,0.0,0.0,False
INV005519,SUP015,ST326,2016-11-05,2016-11-10,2016-11-14,172.52,172.52,Processed Late,EMP019,4,0.0,0.0,True
INV005520,SUP005,ST412,2016-11-05,2016-11-13,2016-11-14,1451.68,1451.68,Processed,EMP018,1,0.0,0.0,False
INV005521,SUP008,ST460,2016-11-20,2016-11-27,2016-12-01,1013.74,1056.22,Processed Late,EMP021,4,-42.48,42.48,True
INV005522,SUP011,ST419,2016-11-20,2016-11-27,2016-11-30,21.96,21.96,Processed,EMP025,3,0.0,0.0,False
INV005523,SUP008,ST598,2016-11-20,2016-11-25,2016-11-27,15.88,15.88,Processed,EMP013,2,0.0,0.0,False
INV005524,SUP003,ST629,2016-11-20,2016-11-23,2016-11-28,37.94,37.94,Processed Late,EMP005,5,0.0,0.0,True
INV005525,SUP006,ST414,2016-11-20,2016-11-27,2016-12-03,148.98,148.98,Processed Late,EMP020,6,0.0,0.0,True
INV005526,SUP009,ST070,2016-11-20,2016-11-23,2016-11-28,1226.44,1261.2,Processed Late,EMP007,5,-34.76,34.76,True
INV005527,SUP012,ST238,2016-11-20,2016-11-24,2016-11-25,1161.93,1161.93,Processed,EMP002,1,0.0,0.0,False
INV005528,SUP003,ST509,2016-11-20,2016-11-25,2016-12-01,228.06,228.06,Processed Late,EMP001,6,0.0,0.0,True
INV005529,SUP014,ST493,2016-11-20,2016-11-26,2016-11-30,97.74,97.74,Processed Late,EMP012,4,0.0,0.0,True
INV005530,SUP015,ST160,2016-11-20,2016-11-26,2016-11-29,518.82,503.5,Processed,EMP026,3,15.32,15.32,False
INV005531,SUP004,ST091,2016-11-20,2016-11-26,2016-11-27,1633.41,1633.41,Processed,EMP004,1,0.0,0.0,False
INV005532,SUP008,ST315,2016-11-20,2016-11-27,2016-11-29,120.83,131.18,Processed,EMP025,2,-10.35,10.35,False
INV005533,SUP010,ST093,2016-11-20,2016-11-26,2016-11-29,994.13,973.44,Processed,EMP014,3,20.69,20.69,False
INV005534,SUP005,ST467,2016-11-20,2016-11-24,2016-11-26,1976.75,2030.58,Processed,EMP022,2,-53.83,53.83,False
INV005535,SUP001,ST193,2016-11-20,2016-11-24,2016-11-26,14.41,14.41,Processed,EMP014,2,0.0,0.0,False
INV005536,SUP001,ST171,2016-11-20,2016-11-25,2016-11-27,31.5,31.5,Processed,EMP027,2,0.0,0.0,False
INV005537,SUP004,ST366,2016-11-20,2016-11-25,2016-12-06,221.4,221.4,Pending / Delayed,EMP023,11,0.0,0.0,True
INV005538,SUP015,ST509,2016-11-20,2016-11-23,2016-11-27,37.5,37.5,Processed Late,EMP024,4,0.0,0.0,True
INV005539,SUP004,ST376,2016-11-20,2016-11-26,2016-11-27,10.5,10.5,Processed,EMP011,1,0.0,0.0,False
INV005540,SUP006,ST527,2016-11-20,2016-11-27,2016-12-09,51.84,51.84,Pending / Delayed,EMP003,12,0.0,0.0,True
INV005541,SUP007,ST326,2016-11-20,2016-11-26,2016-11-27,20.4,20.4,Processed,EMP012,1,0.0,0.0,False
INV005542,SUP010,ST540,2016-11-20,2016-11-25,2016-11-27,424.16,424.16,Processed,EMP019,2,0.0,0.0,False
INV005543,SUP008,ST564,2016-11-20,2016-11-25,2016-11-26,373.69,361.83,Processed,EMP021,1,11.86,11.86,False
INV005544,SUP013,ST060,2016-11-20,2016-11-23,2016-11-28,109.2,109.2,Processed Late,EMP011,5,0.0,0.0,True
INV005545,SUP011,ST078,2016-11-20,2016-11-28,2016-12-01,141.24,141.24,Processed,EMP015,3,0.0,0.0,False
INV005546,SUP013,ST532,2016-11-20,2016-11-25,2016-11-27,2660.14,2660.14,Processed,EMP019,2,0.0,0.0,False
INV005547,SUP010,ST183,2016-11-20,2016-11-23,2016-11-24,459.48,447.36,Processed,EMP015,1,12.12,12.12,False
INV005548,SUP002,ST602,2016-11-20,2016-11-26,2016-11-27,12.8,12.8,Processed,EMP004,1,0.0,0.0,False
INV005549,SUP010,ST094,2016-11-20,2016-11-26,2016-11-29,57.95,57.95,Processed,EMP001,3,0.0,0.0,False
INV005550,SUP004,ST546,2016-11-20,2016-11-23,2016-11-25,42.6,42.6,Processed,EMP007,2,0.0,0.0,False
INV005551,SUP004,ST266,2016-11-20,2016-11-26,2016-11-30,20.2,20.2,Processed Late,EMP026,4,0.0,0.0,True
INV005552,SUP003,ST106,2016-11-20,2016-11-27,2016-11-28,49.14,49.14,Processed,EMP010,1,0.0,0.0,False
INV005553,SUP014,ST248,2016-11-20,2016-11-27,2016-12-02,66.8,66.8,Processed Late,EMP011,5,0.0,0.0,True
INV005554,SUP002,ST178,2016-11-20,2016-11-26,2016-12-02,173.8,173.8,Processed Late,EMP004,6,0.0,0.0,True
INV005555,SUP015,ST198,2016-11-20,2016-11-27,2016-12-01,130.08,130.08,Processed Late,EMP013,4,0.0,0.0,True
INV005556,SUP007,ST091,2016-11-20,2016-11-27,2016-11-29,28.0,28.0,Processed,EMP026,2,0.0,0.0,False
INV005557,SUP011,ST365,2016-11-20,2016-11-27,2016-12-02,23.6,23.6,Processed Late,EMP003,5,0.0,0.0,True
INV005558,SUP006,ST229,2016-11-20,2016-11-25,2016-11-30,20.76,20.76,Processed Late,EMP006,5,0.0,0.0,True
INV005559,SUP005,ST011,2016-11-20,2016-11-27,2016-11-29,7.5,7.5,Processed,EMP022,2,0.0,0.0,False
INV005560,SUP012,ST103,2016-11-20,2016-11-23,2016-11-27,1744.77,1744.77,Processed Late,EMP019,4,0.0,0.0,True
INV005561,SUP009,ST311,2016-11-20,2016-11-28,2016-12-04,37.95,37.95,Processed Late,EMP024,6,0.0,0.0,True
INV005562,SUP014,ST443,2016-11-20,2016-11-23,2016-11-28,123.36,123.36,Processed Late,EMP006,5,0.0,0.0,True
INV005563,SUP015,ST311,2016-11-20,2016-11-28,2016-11-30,594.88,594.88,Processed,EMP017,2,0.0,0.0,False
INV005564,SUP003,ST612,2016-11-20,2016-11-24,2016-11-28,61.75,61.75,Processed Late,EMP030,4,0.0,0.0,True
INV005565,SUP010,ST613,2016-11-20,2016-11-27,2016-11-29,46.86,46.86,Processed,EMP023,2,0.0,0.0,False
INV005566,SUP005,ST085,2016-11-20,2016-11-28,2016-12-06,524.4,524.4,Pending / Delayed,EMP004,8,0.0,0.0,True
INV005567,SUP002,ST392,2016-11-20,2016-11-28,2016-11-30,321.6,321.6,Processed,EMP006,2,0.0,0.0,False
INV005568,SUP015,ST540,2016-11-20,2016-11-26,2016-11-27,7.6,7.92,Processed,EMP030,1,-0.32,0.32,False
INV005569,SUP012,ST127,2016-11-20,2016-11-27,2016-12-06,1044.25,979.5,Pending / Delayed,EMP005,9,64.75,64.75,True
INV005570,SUP009,ST129,2016-11-20,2016-11-24,2016-11-26,18.0,18.0,Processed,EMP012,2,0.0,0.0,False
INV005571,SUP008,ST365,2016-11-20,2016-11-23,2016-11-24,44.8,44.8,Processed,EMP024,1,0.0,0.0,False
INV005572,SUP010,ST391,2016-11-20,2016-11-25,2016-11-26,1227.38,1227.38,Processed,EMP026,1,0.0,0.0,False
INV005573,SUP005,ST509,2016-11-20,2016-11-25,2016-11-29,3224.95,3055.14,Processed Late,EMP029,4,169.81,169.81,True
INV005574,SUP001,ST354,2016-11-20,2016-11-23,2016-11-28,181.44,181.44,Processed Late,EMP002,5,0.0,0.0,True
INV005575,SUP011,ST361,2016-11-20,2016-11-26,2016-11-28,20.4,20.4,Processed,EMP007,2,0.0,0.0,False
INV005576,SUP008,ST051,2016-11-20,2016-11-23,2016-11-26,68.93,66.72,Processed,EMP002,3,2.21,2.21,False
INV005577,SUP011,ST475,2016-11-20,2016-11-28,2016-11-29,1459.02,1459.02,Processed,EMP010,1,0.0,0.0,False
INV005578,SUP012,ST132,2016-11-20,2016-11-25,2016-12-01,1262.76,1262.76,Processed Late,EMP005,6,0.0,0.0,True
INV005579,SUP002,ST149,2016-11-20,2016-11-28,2016-12-03,1592.83,1562.48,Processed Late,EMP026,5,30.35,30.35,True
INV005580,SUP003,ST046,2016-11-20,2016-11-23,2016-12-01,2315.88,2315.88,Pending / Delayed,EMP027,8,0.0,0.0,True
INV005581,SUP013,ST024,2016-11-20,2016-11-25,2016-11-28,1569.96,1569.96,Processed,EMP021,3,0.0,0.0,False
INV005582,SUP013,ST390,2016-11-20,2016-11-28,2016-12-01,32.22,32.22,Processed,EMP008,3,0.0,0.0,False
INV005583,SUP013,ST187,2016-11-20,2016-11-26,2016-12-02,1160.33,1160.33,Processed Late,EMP016,6,0.0,0.0,True
INV005584,SUP014,ST308,2016-11-20,2016-11-26,2016-11-27,29.7,29.7,Processed,EMP018,1,0.0,0.0,False
INV005585,SUP007,ST622,2016-11-20,2016-11-26,2016-11-30,15.84,15.84,Processed Late,EMP006,4,0.0,0.0,True
INV005586,SUP014,ST086,2016-11-20,2016-11-25,2016-12-01,283.73,269.4,Processed Late,EMP014,6,14.33,14.33,True
INV005587,SUP007,ST402,2016-11-20,2016-11-24,2016-11-27,409.8,409.8,Processed,EMP003,3,0.0,0.0,False
INV005588,SUP007,ST338,2016-11-20,2016-11-27,2016-11-29,569.82,599.31,Processed,EMP021,2,-29.49,29.49,False
INV005589,SUP009,ST504,2016-11-20,2016-11-23,2016-11-25,1150.2,1150.2,Processed,EMP001,2,0.0,0.0,False
INV005590,SUP015,ST391,2016-11-20,2016-11-23,2016-11-26,159.3,159.3,Processed,EMP022,3,0.0,0.0,False
INV005591,SUP007,ST054,2016-11-20,2016-11-28,2016-12-06,13.23,13.23,Pending / Delayed,EMP023,8,0.0,0.0,True
INV005592,SUP003,ST606,2016-11-20,2016-11-23,2016-11-28,122.56,125.88,Processed Late,EMP011,5,-3.32,3.32,True
INV005593,SUP014,ST199,2016-11-20,2016-11-26,2016-11-28,16.25,16.25,Processed,EMP008,2,0.0,0.0,False
INV005594,SUP008,ST604,2016-11-20,2016-11-24,2016-11-25,79.14,79.14,Processed,EMP003,1,0.0,0.0,False
INV005595,SUP002,ST592,2016-11-20,2016-11-23,2016-11-25,347.68,347.68,Processed,EMP014,2,0.0,0.0,False
INV005596,SUP004,ST338,2016-11-20,2016-11-23,2016-11-26,27.02,27.04,Processed,EMP029,3,-0.02,0.02,False
INV005597,SUP009,ST601,2016-11-20,2016-11-23,2016-11-24,3703.78,3726.8,Processed,EMP005,1,-23.02,23.02,False
INV005598,SUP012,ST584,2016-11-20,2016-11-24,2016-11-26,884.43,884.43,Processed,EMP012,2,0.0,0.0,False
INV005599,SUP013,ST125,2016-11-20,2016-11-24,2016-11-27,6.56,6.56,Processed,EMP008,3,0.0,0.0,False
INV005600,SUP006,ST239,2016-11-20,2016-11-26,2016-12-01,21.4,21.4,Processed Late,EMP019,5,0.0,0.0,True
INV005601,SUP010,ST368,2016-12-05,2016-12-08,2016-12-09,17.88,17.88,Processed,EMP011,1,0.0,0.0,False
INV005602,SUP011,ST058,2016-12-05,2016-12-08,2016-12-11,155.24,147.6,Processed,EMP013,3,7.64,7.64,False
INV005603,SUP012,ST404,2016-12-05,2016-12-10,2016-12-15,782.01,782.01,Processed Late,EMP030,5,0.0,0.0,True
INV005604,SUP009,ST530,2016-12-05,2016-12-08,2016-12-09,2161.25,2161.25,Processed,EMP006,1,0.0,0.0,False
INV005605,SUP007,ST340,2016-12-05,2016-12-11,2016-12-13,963.36,963.36,Processed,EMP012,2,0.0,0.0,False
INV005606,SUP003,ST377,2016-12-05,2016-12-09,2016-12-17,89.22,89.22,Pending / Delayed,EMP015,8,0.0,0.0,True
INV005607,SUP003,ST539,2016-12-05,2016-12-09,2016-12-10,24.29,24.29,Processed,EMP025,1,0.0,0.0,False
INV005608,SUP013,ST114,2016-12-05,2016-12-09,2016-12-11,4063.72,4063.72,Processed,EMP027,2,0.0,0.0,False
INV005609,SUP004,ST043,2016-12-05,2016-12-08,2016-12-11,64.08,64.08,Processed,EMP018,3,0.0,0.0,False
INV005610,SUP009,ST306,2016-12-05,2016-12-10,2016-12-13,56.16,56.16,Processed,EMP014,3,0.0,0.0,False
INV005611,SUP009,ST019,2016-12-05,2016-12-13,2016-12-15,350.55,350.55,Processed,EMP014,2,0.0,0.0,False
INV005612,SUP009,ST225,2016-12-05,2016-12-13,2016-12-18,21.5,21.5,Processed Late,EMP029,5,0.0,0.0,True
INV005613,SUP014,ST589,2016-12-05,2016-12-09,2016-12-12,144.6,144.6,Processed,EMP017,3,0.0,0.0,False
INV005614,SUP006,ST206,2016-12-05,2016-12-09,2016-12-11,14.52,14.52,Processed,EMP013,2,0.0,0.0,False
INV005615,SUP011,ST338,2016-12-05,2016-12-08,2016-12-10,20.88,20.88,Processed,EMP028,2,0.0,0.0,False
INV005616,SUP012,ST501,2016-12-05,2016-12-08,2016-12-10,53.55,53.55,Processed,EMP007,2,0.0,0.0,False
INV005617,SUP002,ST066,2016-12-05,2016-12-13,2016-12-25,65.76,65.76,Pending / Delayed,EMP015,12,0.0,0.0,True
INV005618,SUP015,ST161,2016-12-05,2016-12-09,2016-12-12,751.1,751.1,Processed,EMP010,3,0.0,0.0,False
INV005619,SUP014,ST121,2016-12-05,2016-12-10,2016-12-12,416.52,416.52,Processed,EMP016,2,0.0,0.0,False
INV005620,SUP006,ST230,2016-12-05,2016-12-08,2016-12-11,60.52,60.52,Processed,EMP005,3,0.0,0.0,False
INV005621,SUP006,ST074,2016-12-05,2016-12-08,2016-12-19,194.4,194.4,Pending / Delayed,EMP025,11,0.0,0.0,True
INV005622,SUP002,ST627,2016-12-05,2016-12-08,2016-12-10,1076.55,1076.55,Processed,EMP013,2,0.0,0.0,False
INV005623,SUP004,ST009,2016-12-05,2016-12-13,2016-12-16,61.56,61.56,Processed,EMP017,3,0.0,0.0,False
INV005624,SUP009,ST189,2016-12-05,2016-12-11,2016-12-14,16.24,16.24,Processed,EMP029,3,0.0,0.0,False
INV005625,SUP004,ST039,2016-12-05,2016-12-13,2016-12-15,82.25,82.25,Processed,EMP029,2,0.0,0.0,False
INV005626,SUP011,ST159,2016-12-05,2016-12-08,2016-12-10,301.8,301.8,Processed,EMP014,2,0.0,0.0,False
INV005627,SUP005,ST555,2016-12-05,2016-12-10,2016-12-13,279.78,279.78,Processed,EMP009,3,0.0,0.0,False
INV005628,SUP007,ST567,2016-12-05,2016-12-09,2016-12-13,6706.49,6706.49,Processed Late,EMP029,4,0.0,0.0,True
INV005629,SUP007,ST051,2016-12-05,2016-12-12,2016-12-14,315.54,315.54,Processed,EMP013,2,0.0,0.0,False
INV005630,SUP005,ST009,2016-12-05,2016-12-12,2016-12-14,36.9,36.9,Processed,EMP007,2,0.0,0.0,False
INV005631,SUP002,ST342,2016-12-05,2016-12-10,2016-12-16,1971.47,2002.33,Processed Late,EMP009,6,-30.86,30.86,True
INV005632,SUP015,ST540,2016-12-05,2016-12-09,2016-12-21,108.18,108.18,Pending / Delayed,EMP029,12,0.0,0.0,True
INV005633,SUP006,ST335,2016-12-05,2016-12-09,2016-12-13,367.03,367.03,Processed Late,EMP002,4,0.0,0.0,True
INV005634,SUP006,ST251,2016-12-05,2016-12-10,2016-12-12,74.1,74.1,Processed,EMP022,2,0.0,0.0,False
INV005635,SUP015,ST448,2016-12-05,2016-12-11,2016-12-12,84.42,84.42,Processed,EMP030,1,0.0,0.0,False
INV005636,SUP014,ST413,2016-12-05,2016-12-08,2016-12-18,626.9,626.9,Pending / Delayed,EMP029,10,0.0,0.0,True
INV005637,SUP006,ST212,2016-12-05,2016-12-10,2016-12-13,18.42,18.42,Processed,EMP014,3,0.0,0.0,False
INV005638,SUP002,ST110,2016-12-05,2016-12-08,2016-12-16,192.06,192.06,Pending / Delayed,EMP010,8,0.0,0.0,True
INV005639,SUP014,ST358,2016-12-05,2016-12-13,2016-12-19,47.82,47.82,Processed Late,EMP030,6,0.0,0.0,True
INV005640,SUP006,ST044,2016-12-05,2016-12-09,2016-12-11,645.18,645.18,Processed,EMP011,2,0.0,0.0,False
INV005641,SUP012,ST223,2016-12-05,2016-12-08,2016-12-12,25.22,25.22,Processed Late,EMP007,4,0.0,0.0,True
INV005642,SUP008,ST349,2016-12-05,2016-12-08,2016-12-10,69.82,69.28,Processed,EMP026,2,0.54,0.54,False
INV005643,SUP003,ST396,2016-12-05,2016-12-13,2016-12-14,10.8,10.8,Processed,EMP009,1,0.0,0.0,False
INV005644,SUP010,ST380,2016-12-05,2016-12-12,2016-12-15,54.6,54.6,Processed,EMP002,3,0.0,0.0,False
INV005645,SUP012,ST405,2016-12-05,2016-12-12,2016-12-16,1091.88,1091.88,Processed Late,EMP022,4,0.0,0.0,True
INV005646,SUP014,ST023,2016-12-05,2016-12-08,2016-12-09,3316.07,3316.07,Processed,EMP019,1,0.0,0.0,False
INV005647,SUP013,ST577,2016-12-05,2016-12-08,2016-12-12,24.0,24.0,Processed Late,EMP020,4,0.0,0.0,True
INV005648,SUP008,ST384,2016-12-05,2016-12-11,2016-12-15,441.36,441.36,Processed Late,EMP027,4,0.0,0.0,True
INV005649,SUP012,ST284,2016-12-05,2016-12-09,2016-12-11,18.54,18.54,Processed,EMP005,2,0.0,0.0,False
INV005650,SUP003,ST348,2016-12-05,2016-12-13,2016-12-19,668.69,668.69,Processed Late,EMP006,6,0.0,0.0,True
INV005651,SUP005,ST555,2016-12-05,2016-12-13,2016-12-17,43.95,43.95,Processed Late,EMP029,4,0.0,0.0,True
INV005652,SUP011,ST345,2016-12-05,2016-12-11,2016-12-14,250.71,239.4,Processed,EMP027,3,11.31,11.31,False
INV005653,SUP007,ST359,2016-12-05,2016-12-08,2016-12-14,55.7,55.7,Processed Late,EMP030,6,0.0,0.0,True
INV005654,SUP001,ST493,2016-12-05,2016-12-11,2016-12-12,47.28,47.28,Processed,EMP029,1,0.0,0.0,False
INV005655,SUP010,ST270,2016-12-05,2016-12-08,2016-12-14,262.2,245.64,Processed Late,EMP006,6,16.56,16.56,True
INV005656,SUP013,ST443,2016-12-05,2016-12-12,2016-12-14,36.08,36.08,Processed,EMP030,2,0.0,0.0,False
INV005657,SUP014,ST421,2016-12-05,2016-12-08,2016-12-12,34.85,34.85,Processed Late,EMP004,4,0.0,0.0,True
INV005658,SUP014,ST597,2016-12-05,2016-12-11,2016-12-16,8.64,9.24,Processed Late,EMP017,5,-0.6,0.6,True
INV005659,SUP012,ST247,2016-12-05,2016-12-08,2016-12-10,22.89,22.89,Processed,EMP018,2,0.0,0.0,False
INV005660,SUP006,ST608,2016-12-05,2016-12-13,2016-12-16,339.55,339.55,Processed,EMP015,3,0.0,0.0,False
INV005661,SUP011,ST049,2016-12-05,2016-12-10,2016-12-13,53.5,53.5,Processed,EMP023,3,0.0,0.0,False
INV005662,SUP008,ST466,2016-12-05,2016-12-10,2016-12-14,232.68,232.68,Processed Late,EMP029,4,0.0,0.0,True
INV005663,SUP005,ST247,2016-12-05,2016-12-10,2016-12-15,36.08,36.08,Processed Late,EMP014,5,0.0,0.0,True
INV005664,SUP008,ST137,2016-12-05,2016-12-11,2016-12-13,20.3,20.3,Processed,EMP024,2,0.0,0.0,False
INV005665,SUP009,ST345,2016-12-05,2016-12-12,2016-12-15,87.23,87.23,Processed,EMP008,3,0.0,0.0,False
INV005666,SUP005,ST500,2016-12-05,2016-12-13,2016-12-15,433.55,433.55,Processed,EMP022,2,0.0,0.0,False
INV005667,SUP015,ST384,2016-12-05,2016-12-09,2016-12-12,59.64,59.64,Processed,EMP003,3,0.0,0.0,False
INV005668,SUP014,ST149,2016-12-05,2016-12-09,2016-12-10,57.36,57.36,Processed,EMP006,1,0.0,0.0,False
INV005669,SUP001,ST597,2016-12-05,2016-12-09,2016-12-10,310.05,310.05,Processed,EMP021,1,0.0,0.0,False
INV005670,SUP006,ST514,2016-12-05,2016-12-13,2016-12-25,1571.57,1571.57,Pending / Delayed,EMP020,12,0.0,0.0,True
INV005671,SUP003,ST544,2016-12-05,2016-12-09,2016-12-11,168.15,168.15,Processed,EMP014,2,0.0,0.0,False
INV005672,SUP007,ST172,2016-12-05,2016-12-08,2016-12-12,17.8,17.8,Processed Late,EMP020,4,0.0,0.0,True
INV005673,SUP005,ST019,2016-12-05,2016-12-08,2016-12-09,43.56,43.56,Processed,EMP014,1,0.0,0.0,False
INV005674,SUP010,ST456,2016-12-05,2016-12-11,2016-12-12,316.4,316.4,Processed,EMP023,1,0.0,0.0,False
INV005675,SUP008,ST252,2016-12-05,2016-12-11,2016-12-23,2643.16,2643.16,Pending / Delayed,EMP017,12,0.0,0.0,True
INV005676,SUP006,ST586,2016-12-05,2016-12-09,2016-12-10,1112.64,1112.64,Processed,EMP014,1,0.0,0.0,False
INV005677,SUP008,ST291,2016-12-05,2016-12-10,2016-12-12,155.88,155.88,Processed,EMP014,2,0.0,0.0,False
INV005678,SUP008,ST027,2016-12-05,2016-12-08,2016-12-11,38.78,38.78,Processed,EMP001,3,0.0,0.0,False
INV005679,SUP002,ST472,2016-12-05,2016-12-09,2016-12-12,127.12,127.12,Processed,EMP018,3,0.0,0.0,False
INV005680,SUP001,ST108,2016-12-05,2016-12-08,2016-12-20,9.12,9.12,Pending / Delayed,EMP005,12,0.0,0.0,True
INV005681,SUP008,ST587,2016-12-20,2016-12-24,2017-01-02,13.02,13.02,Pending / Delayed,EMP025,9,0.0,0.0,True
INV005682,SUP007,ST612,2016-12-20,2016-12-27,2016-12-31,7.08,6.9,Processed Late,EMP027,4,0.18,0.18,True
INV005683,SUP002,ST408,2016-12-20,2016-12-23,2016-12-25,168.54,165.84,Processed,EMP014,2,2.7,2.7,False
INV005684,SUP013,ST243,2016-12-20,2016-12-26,2016-12-27,51.48,51.48,Processed,EMP026,1,0.0,0.0,False
INV005685,SUP007,ST256,2016-12-20,2016-12-27,2016-12-28,25.4,25.4,Processed,EMP012,1,0.0,0.0,False
INV005686,SUP004,ST377,2016-12-20,2016-12-23,2016-12-31,42.64,40.2,Pending / Delayed,EMP007,8,2.44,2.44,True
INV005687,SUP001,ST501,2016-12-20,2016-12-24,2017-01-05,663.84,663.84,Pending / Delayed,EMP018,12,0.0,0.0,True
INV005688,SUP009,ST220,2016-12-20,2016-12-26,2016-12-28,871.28,932.52,Processed,EMP023,2,-61.24,61.24,False
INV005689,SUP004,ST354,2016-12-20,2016-12-27,2016-12-30,54.44,54.44,Processed,EMP029,3,0.0,0.0,False
INV005690,SUP002,ST279,2016-12-20,2016-12-26,2016-12-29,471.12,471.12,Processed,EMP026,3,0.0,0.0,False
INV005691,SUP005,ST169,2016-12-20,2016-12-25,2016-12-30,558.88,558.88,Processed Late,EMP004,5,0.0,0.0,True
INV005692,SUP004,ST443,2016-12-20,2016-12-28,2016-12-30,40.59,40.59,Processed,EMP003,2,0.0,0.0,False
INV005693,SUP012,ST582,2016-12-20,2016-12-26,2016-12-31,441.0,441.0,Processed Late,EMP023,5,0.0,0.0,True
INV005694,SUP005,ST533,2016-12-20,2016-12-26,2016-12-29,2.64,2.64,Processed,EMP023,3,0.0,0.0,False
INV005695,SUP015,ST468,2016-12-20,2016-12-23,2016-12-25,25.98,25.98,Processed,EMP006,2,0.0,0.0,False
INV005696,SUP007,ST374,2016-12-20,2016-12-28,2016-12-29,665.08,665.08,Processed,EMP008,1,0.0,0.0,False
INV005697,SUP001,ST526,2016-12-20,2016-12-28,2017-01-02,86.16,86.16,Processed Late,EMP016,5,0.0,0.0,True
INV005698,SUP011,ST426,2016-12-20,2016-12-24,2016-12-31,163.32,163.32,Pending / Delayed,EMP004,7,0.0,0.0,True
INV005699,SUP005,ST070,2016-12-20,2016-12-26,2016-12-27,1656.99,1656.99,Processed,EMP017,1,0.0,0.0,False
INV005700,SUP010,ST107,2016-12-20,2016-12-25,2016-12-29,4600.98,4600.98,Processed Late,EMP012,4,0.0,0.0,True
INV005701,SUP004,ST171,2016-12-20,2016-12-26,2016-12-28,20.1,20.1,Processed,EMP006,2,0.0,0.0,False
INV005702,SUP003,ST387,2016-12-20,2016-12-23,2016-12-29,249.9,249.9,Processed Late,EMP003,6,0.0,0.0,True
INV005703,SUP011,ST560,2016-12-20,2016-12-26,2017-01-05,171.8,171.8,Pending / Delayed,EMP024,10,0.0,0.0,True
INV005704,SUP013,ST314,2016-12-20,2016-12-24,2016-12-25,42.36,42.36,Processed,EMP014,1,0.0,0.0,False
INV005705,SUP005,ST280,2016-12-20,2016-12-27,2017-01-01,499.08,499.08,Processed Late,EMP029,5,0.0,0.0,True
INV005706,SUP011,ST325,2016-12-20,2016-12-27,2017-01-01,24.24,24.24,Processed Late,EMP011,5,0.0,0.0,True
INV005707,SUP002,ST546,2016-12-20,2016-12-27,2016-12-28,45.08,45.08,Processed,EMP025,1,0.0,0.0,False
INV005708,SUP008,ST193,2016-12-20,2016-12-28,2016-12-29,26.32,26.32,Processed,EMP009,1,0.0,0.0,False
INV005709,SUP004,ST566,2016-12-20,2016-12-25,2017-01-05,24.02,24.36,Pending / Delayed,EMP026,11,-0.34,0.34,True
INV005710,SUP014,ST440,2016-12-20,2016-12-25,2016-12-27,231.4,231.4,Processed,EMP028,2,0.0,0.0,False
INV005711,SUP015,ST287,2016-12-20,2016-12-24,2016-12-26,5.05,5.05,Processed,EMP022,2,0.0,0.0,False
INV005712,SUP003,ST170,2016-12-20,2016-12-24,2016-12-26,885.7,885.7,Processed,EMP024,2,0.0,0.0,False
INV005713,SUP004,ST204,2016-12-20,2016-12-28,2016-12-29,51.2,51.2,Processed,EMP014,1,0.0,0.0,False
INV005714,SUP015,ST100,2016-12-20,2016-12-24,2016-12-26,664.53,635.0,Processed,EMP027,2,29.53,29.53,False
INV005715,SUP004,ST399,2016-12-20,2016-12-27,2016-12-29,212.8,212.8,Processed,EMP018,2,0.0,0.0,False
INV005716,SUP015,ST405,2016-12-20,2016-12-25,2016-12-27,142.22,142.22,Processed,EMP024,2,0.0,0.0,False
INV005717,SUP010,ST011,2016-12-20,2016-12-28,2017-01-03,559.47,559.47,Processed Late,EMP021,6,0.0,0.0,True
INV005718,SUP009,ST243,2016-12-20,2016-12-23,2016-12-26,418.03,418.03,Processed,EMP014,3,0.0,0.0,False
INV005719,SUP006,ST003,2016-12-20,2016-12-27,2016-12-30,62.04,62.04,Processed,EMP013,3,0.0,0.0,False
INV005720,SUP002,ST427,2016-12-20,2016-12-23,2016-12-24,961.86,961.86,Processed,EMP008,1,0.0,0.0,False
INV005721,SUP005,ST559,2016-12-20,2016-12-28,2016-12-30,40.46,40.46,Processed,EMP006,2,0.0,0.0,False
INV005722,SUP001,ST307,2016-12-20,2016-12-28,2016-12-31,48.78,48.78,Processed,EMP024,3,0.0,0.0,False
INV005723,SUP004,ST046,2016-12-20,2016-12-24,2016-12-26,98.84,98.84,Processed,EMP016,2,0.0,0.0,False
INV005724,SUP005,ST337,2016-12-20,2016-12-27,2016-12-29,112.35,112.35,Processed,EMP025,2,0.0,0.0,False
INV005725,SUP002,ST603,2016-12-20,2016-12-26,2016-12-31,336.75,336.75,Processed Late,EMP022,5,0.0,0.0,True
INV005726,SUP012,ST237,2016-12-20,2016-12-23,2016-12-31,549.22,549.22,Pending / Delayed,EMP008,8,0.0,0.0,True
INV005727,SUP015,ST257,2016-12-20,2016-12-23,2016-12-28,56.44,56.44,Processed Late,EMP012,5,0.0,0.0,True
INV005728,SUP013,ST499,2016-12-20,2016-12-24,2016-12-27,45.8,45.8,Processed,EMP001,3,0.0,0.0,False
INV005729,SUP014,ST118,2016-12-20,2016-12-24,2016-12-27,227.92,227.92,Processed,EMP019,3,0.0,0.0,False
INV005730,SUP002,ST383,2016-12-20,2016-12-26,2017-01-05,8.58,8.43,Pending / Delayed,EMP005,10,0.15,0.15,True
INV005731,SUP009,ST146,2016-12-20,2016-12-23,2016-12-24,268.05,268.05,Processed,EMP015,1,0.0,0.0,False
INV005732,SUP008,ST284,2016-12-20,2016-12-23,2016-12-26,85.28,85.28,Processed,EMP028,3,0.0,0.0,False
INV005733,SUP002,ST613,2016-12-20,2016-12-26,2016-12-29,2025.36,2179.32,Processed,EMP006,3,-153.96,153.96,False
INV005734,SUP013,ST350,2016-12-20,2016-12-24,2016-12-27,45.78,45.78,Processed,EMP016,3,0.0,0.0,False
INV005735,SUP002,ST434,2016-12-20,2016-12-27,2017-01-03,25.0,25.0,Pending / Delayed,EMP026,7,0.0,0.0,True
INV005736,SUP009,ST467,2016-12-20,2016-12-23,2016-12-24,496.34,496.34,Processed,EMP015,1,0.0,0.0,False
INV005737,SUP003,ST618,2016-12-20,2016-12-24,2016-12-31,98.9,98.9,Pending / Delayed,EMP013,7,0.0,0.0,True
INV005738,SUP013,ST516,2016-12-20,2016-12-24,2016-12-30,92.43,92.43,Processed Late,EMP030,6,0.0,0.0,True
INV005739,SUP006,ST460,2016-12-20,2016-12-23,2016-12-26,1167.48,1167.48,Processed,EMP019,3,0.0,0.0,False
INV005740,SUP008,ST319,2016-12-20,2016-12-27,2016-12-31,1093.08,1093.08,Processed Late,EMP021,4,0.0,0.0,True
INV005741,SUP013,ST354,2016-12-20,2016-12-28,2017-01-01,258.3,258.3,Processed Late,EMP020,4,0.0,0.0,True
INV005742,SUP005,ST049,2016-12-20,2016-12-25,2016-12-26,560.07,560.07,Processed,EMP027,1,0.0,0.0,False
INV005743,SUP002,ST586,2016-12-20,2016-12-28,2016-12-31,297.16,297.16,Processed,EMP018,3,0.0,0.0,False
INV005744,SUP010,ST494,2016-12-20,2016-12-25,2016-12-28,118.44,118.44,Processed,EMP009,3,0.0,0.0,False
INV005745,SUP006,ST618,2016-12-20,2016-12-25,2017-01-06,32.78,32.78,Pending / Delayed,EMP015,12,0.0,0.0,True
INV005746,SUP002,ST498,2016-12-20,2016-12-23,2016-12-25,4992.37,4651.37,Processed,EMP002,2,341.0,341.0,False
INV005747,SUP009,ST463,2016-12-20,2016-12-27,2016-12-29,299.01,299.01,Processed,EMP018,2,0.0,0.0,False
INV005748,SUP005,ST392,2016-12-20,2016-12-24,2016-12-29,125.95,125.95,Processed Late,EMP009,5,0.0,0.0,True
INV005749,SUP005,ST554,2016-12-20,2016-12-27,2016-12-29,13.28,13.28,Processed,EMP013,2,0.0,0.0,False
INV005750,SUP004,ST245,2016-12-20,2016-12-27,2017-01-01,404.32,404.32,Processed Late,EMP011,5,0.0,0.0,True
INV005751,SUP013,ST571,2016-12-20,2016-12-23,2016-12-24,53.39,53.39,Processed,EMP012,1,0.0,0.0,False
INV005752,SUP014,ST447,2016-12-20,2016-12-27,2016-12-30,147.0,147.0,Processed,EMP003,3,0.0,0.0,False
INV005753,SUP005,ST333,2016-12-20,2016-12-26,2016-12-27,5045.18,5045.18,Processed,EMP030,1,0.0,0.0,False
INV005754,SUP011,ST239,2016-12-20,2016-12-28,2017-01-03,953.92,953.92,Processed Late,EMP015,6,0.0,0.0,True
INV005755,SUP001,ST234,2016-12-20,2016-12-26,2016-12-27,104.38,104.38,Processed,EMP001,1,0.0,0.0,False
INV005756,SUP007,ST463,2016-12-20,2016-12-27,2016-12-28,452.0,452.0,Processed,EMP029,1,0.0,0.0,False
INV005757,SUP005,ST349,2016-12-20,2016-12-23,2016-12-24,4277.71,4277.71,Processed,EMP004,1,0.0,0.0,False
INV005758,SUP005,ST547,2016-12-20,2016-12-23,2016-12-24,49.8,49.8,Processed,EMP002,1,0.0,0.0,False
INV005759,SUP008,ST223,2016-12-20,2016-12-28,2016-12-30,10.01,10.01,Processed,EMP019,2,0.0,0.0,False
INV005760,SUP007,ST021,2016-12-20,2016-12-26,2016-12-27,54.68,54.68,Processed,EMP030,1,0.0,0.0,False
INV005761,SUP001,ST466,2017-01-05,2017-01-09,2017-01-14,418.44,418.44,Processed Late,EMP024,5,0.0,0.0,True
INV005762,SUP006,ST594,2017-01-05,2017-01-09,2017-01-11,50.8,50.8,Processed,EMP013,2,0.0,0.0,False
INV005763,SUP002,ST108,2017-01-05,2017-01-09,2017-01-14,57.97,57.97,Processed Late,EMP016,5,0.0,0.0,True
INV005764,SUP010,ST485,2017-01-05,2017-01-12,2017-01-14,46.22,42.84,Processed,EMP021,2,3.38,3.38,False
INV005765,SUP011,ST360,2017-01-05,2017-01-12,2017-01-14,105.12,105.12,Processed,EMP019,2,0.0,0.0,False
INV005766,SUP010,ST467,2017-01-05,2017-01-13,2017-01-15,253.6,253.6,Processed,EMP012,2,0.0,0.0,False
INV005767,SUP004,ST304,2017-01-05,2017-01-13,2017-01-16,2873.5,2873.5,Processed,EMP004,3,0.0,0.0,False
INV005768,SUP011,ST026,2017-01-05,2017-01-13,2017-01-15,359.1,359.1,Processed,EMP014,2,0.0,0.0,False
INV005769,SUP005,ST390,2017-01-05,2017-01-13,2017-01-17,148.58,148.58,Processed Late,EMP010,4,0.0,0.0,True
INV005770,SUP001,ST445,2017-01-05,2017-01-08,2017-01-13,504.27,504.27,Processed Late,EMP001,5,0.0,0.0,True
INV005771,SUP003,ST418,2017-01-05,2017-01-10,2017-01-11,252.0,252.0,Processed,EMP019,1,0.0,0.0,False
INV005772,SUP007,ST562,2017-01-05,2017-01-11,2017-01-13,164.88,164.88,Processed,EMP022,2,0.0,0.0,False
INV005773,SUP015,ST468,2017-01-05,2017-01-08,2017-01-20,3388.16,3388.16,Pending / Delayed,EMP024,12,0.0,0.0,True
INV005774,SUP013,ST211,2017-01-05,2017-01-12,2017-01-16,24.05,24.05,Processed Late,EMP017,4,0.0,0.0,True
INV005775,SUP004,ST509,2017-01-05,2017-01-10,2017-01-16,380.7,380.7,Processed Late,EMP012,6,0.0,0.0,True
INV005776,SUP013,ST455,2017-01-05,2017-01-08,2017-01-14,234.85,234.85,Processed Late,EMP006,6,0.0,0.0,True
INV005777,SUP008,ST245,2017-01-05,2017-01-09,2017-01-15,12.28,12.28,Processed Late,EMP013,6,0.0,0.0,True
INV005778,SUP007,ST177,2017-01-05,2017-01-08,2017-01-09,18.3,18.3,Processed,EMP011,1,0.0,0.0,False
INV005779,SUP015,ST172,2017-01-05,2017-01-13,2017-01-17,147.6,147.6,Processed Late,EMP005,4,0.0,0.0,True
INV005780,SUP011,ST248,2017-01-05,2017-01-08,2017-01-09,14.07,14.07,Processed,EMP027,1,0.0,0.0,False
INV005781,SUP010,ST236,2017-01-05,2017-01-08,2017-01-10,18.72,18.72,Processed,EMP012,2,0.0,0.0,False
INV005782,SUP007,ST029,2017-01-05,2017-01-13,2017-01-19,360.5,360.5,Processed Late,EMP012,6,0.0,0.0,True
INV005783,SUP011,ST003,2017-01-05,2017-01-11,2017-01-12,297.4,297.4,Processed,EMP009,1,0.0,0.0,False
INV005784,SUP004,ST350,2017-01-05,2017-01-09,2017-01-18,1851.2,1851.2,Pending / Delayed,EMP013,9,0.0,0.0,True
INV005785,SUP003,ST614,2017-01-05,2017-01-09,2017-01-10,106.82,106.82,Processed,EMP028,1,0.0,0.0,False
INV005786,SUP004,ST494,2017-01-05,2017-01-10,2017-01-15,300.28,319.8,Processed Late,EMP023,5,-19.52,19.52,True
INV005787,SUP005,ST260,2017-01-05,2017-01-11,2017-01-21,273.98,273.98,Pending / Delayed,EMP027,10,0.0,0.0,True
INV005788,SUP009,ST491,2017-01-05,2017-01-12,2017-01-14,3805.32,3805.32,Processed,EMP012,2,0.0,0.0,False
INV005789,SUP010,ST533,2017-01-05,2017-01-08,2017-01-10,136.2,136.2,Processed,EMP018,2,0.0,0.0,False
INV005790,SUP005,ST147,2017-01-05,2017-01-10,2017-01-17,240.1,240.1,Pending / Delayed,EMP028,7,0.0,0.0,True
INV005791,SUP008,ST421,2017-01-05,2017-01-09,2017-01-11,145.94,145.94,Processed,EMP029,2,0.0,0.0,False
INV005792,SUP001,ST492,2017-01-05,2017-01-11,2017-01-12,49.01,49.01,Processed,EMP005,1,0.0,0.0,False
INV005793,SUP011,ST458,2017-01-05,2017-01-12,2017-01-15,22.2,22.2,Processed,EMP023,3,0.0,0.0,False
INV005794,SUP001,ST235,2017-01-05,2017-01-08,2017-01-10,408.88,408.88,Processed,EMP030,2,0.0,0.0,False
INV005795,SUP015,ST077,2017-01-05,2017-01-13,2017-01-14,189.29,184.24,Processed,EMP010,1,5.05,5.05,False
INV005796,SUP012,ST334,2017-01-05,2017-01-09,2017-01-11,9.64,9.64,Processed,EMP010,2,0.0,0.0,False
INV005797,SUP010,ST591,2017-01-05,2017-01-10,2017-01-15,601.8,601.8,Processed Late,EMP023,5,0.0,0.0,True
INV005798,SUP013,ST496,2017-01-05,2017-01-10,2017-01-11,609.79,609.79,Processed,EMP025,1,0.0,0.0,False
INV005799,SUP013,ST079,2017-01-05,2017-01-08,2017-01-09,268.43,268.43,Processed,EMP022,1,0.0,0.0,False
INV005800,SUP010,ST371,2017-01-05,2017-01-11,2017-01-16,1716.61,1716.61,Processed Late,EMP027,5,0.0,0.0,True
INV005801,SUP008,ST592,2017-01-05,2017-01-08,2017-01-14,88.6,88.6,Processed Late,EMP006,6,0.0,0.0,True
INV005802,SUP001,ST241,2017-01-05,2017-01-11,2017-01-12,621.72,621.72,Processed,EMP006,1,0.0,0.0,False
INV005803,SUP009,ST007,2017-01-05,2017-01-11,2017-01-12,22.75,22.75,Processed,EMP030,1,0.0,0.0,False
INV005804,SUP012,ST043,2017-01-05,2017-01-11,2017-01-22,12.22,12.22,Pending / Delayed,EMP008,11,0.0,0.0,True
INV005805,SUP011,ST082,2017-01-05,2017-01-08,2017-01-13,75.82,75.82,Processed Late,EMP028,5,0.0,0.0,True
INV005806,SUP012,ST004,2017-01-05,2017-01-08,2017-01-10,67.32,67.32,Processed,EMP023,2,0.0,0.0,False
INV005807,SUP006,ST279,2017-01-05,2017-01-13,2017-01-14,89.08,89.08,Processed,EMP014,1,0.0,0.0,False
INV005808,SUP010,ST141,2017-01-05,2017-01-09,2017-01-11,51.7,51.7,Processed,EMP017,2,0.0,0.0,False
INV005809,SUP003,ST478,2017-01-05,2017-01-13,2017-01-23,55.3,55.3,Pending / Delayed,EMP012,10,0.0,0.0,True
INV005810,SUP006,ST176,2017-01-05,2017-01-09,2017-01-13,28.2,28.2,Processed Late,EMP019,4,0.0,0.0,True
INV005811,SUP005,ST175,2017-01-05,2017-01-11,2017-01-12,57.4,57.4,Processed,EMP022,1,0.0,0.0,False
INV005812,SUP009,ST350,2017-01-05,2017-01-11,2017-01-12,472.22,472.22,Processed,EMP030,1,0.0,0.0,False
INV005813,SUP013,ST194,2017-01-05,2017-01-09,2017-01-12,312.17,312.17,Processed,EMP028,3,0.0,0.0,False
INV005814,SUP009,ST506,2017-01-05,2017-01-09,2017-01-12,51.4,51.4,Processed,EMP008,3,0.0,0.0,False
INV005815,SUP009,ST011,2017-01-05,2017-01-11,2017-01-16,354.35,354.35,Processed Late,EMP008,5,0.0,0.0,True
INV005816,SUP006,ST457,2017-01-05,2017-01-12,2017-01-17,71.12,71.12,Processed Late,EMP026,5,0.0,0.0,True
INV005817,SUP008,ST078,2017-01-05,2017-01-13,2017-01-14,82.35,82.35,Processed,EMP005,1,0.0,0.0,False
INV005818,SUP012,ST103,2017-01-05,2017-01-11,2017-01-16,1377.69,1377.69,Processed Late,EMP002,5,0.0,0.0,True
INV005819,SUP006,ST046,2017-01-05,2017-01-12,2017-01-14,1368.96,1368.96,Processed,EMP027,2,0.0,0.0,False
INV005820,SUP014,ST495,2017-01-05,2017-01-12,2017-01-15,69.45,69.45,Processed,EMP017,3,0.0,0.0,False
INV005821,SUP010,ST134,2017-01-05,2017-01-10,2017-01-15,80.94,80.94,Processed Late,EMP029,5,0.0,0.0,True
INV005822,SUP012,ST362,2017-01-05,2017-01-08,2017-01-11,72.96,72.96,Processed,EMP010,3,0.0,0.0,False
INV005823,SUP010,ST461,2017-01-05,2017-01-12,2017-01-15,211.86,211.86,Processed,EMP019,3,0.0,0.0,False
INV005824,SUP014,ST203,2017-01-05,2017-01-11,2017-01-20,56.9,56.9,Pending / Delayed,EMP001,9,0.0,0.0,True
INV005825,SUP010,ST106,2017-01-05,2017-01-12,2017-01-14,516.84,516.84,Processed,EMP023,2,0.0,0.0,False
INV005826,SUP013,ST128,2017-01-05,2017-01-08,2017-01-14,415.35,415.35,Processed Late,EMP016,6,0.0,0.0,True
INV005827,SUP011,ST455,2017-01-05,2017-01-10,2017-01-12,140.0,140.0,Processed,EMP002,2,0.0,0.0,False
INV005828,SUP015,ST478,2017-01-05,2017-01-12,2017-01-15,29.68,29.68,Processed,EMP022,3,0.0,0.0,False
INV005829,SUP014,ST114,2017-01-05,2017-01-10,2017-01-11,468.8,468.8,Processed,EMP029,1,0.0,0.0,False
INV005830,SUP008,ST244,2017-01-05,2017-01-12,2017-01-15,2289.76,2289.76,Processed,EMP001,3,0.0,0.0,False
INV005831,SUP006,ST616,2017-01-05,2017-01-10,2017-01-11,627.83,627.83,Processed,EMP009,1,0.0,0.0,False
INV005832,SUP002,ST183,2017-01-05,2017-01-11,2017-01-14,76.95,76.95,Processed,EMP013,3,0.0,0.0,False
INV005833,SUP013,ST482,2017-01-05,2017-01-09,2017-01-13,773.8,773.8,Processed Late,EMP030,4,0.0,0.0,True
INV005834,SUP008,ST492,2017-01-05,2017-01-13,2017-01-14,4083.0,4083.0,Processed,EMP007,1,0.0,0.0,False
INV005835,SUP011,ST314,2017-01-05,2017-01-11,2017-01-16,180.8,180.8,Processed Late,EMP021,5,0.0,0.0,True
INV005836,SUP010,ST474,2017-01-05,2017-01-11,2017-01-18,44.64,44.64,Pending / Delayed,EMP007,7,0.0,0.0,True
INV005837,SUP014,ST386,2017-01-05,2017-01-11,2017-01-15,364.35,364.35,Processed Late,EMP011,4,0.0,0.0,True
INV005838,SUP007,ST315,2017-01-05,2017-01-12,2017-01-14,80.25,80.25,Processed,EMP020,2,0.0,0.0,False
INV005839,SUP010,ST586,2017-01-05,2017-01-10,2017-01-13,244.65,244.65,Processed,EMP008,3,0.0,0.0,False
INV005840,SUP009,ST020,2017-01-05,2017-01-09,2017-01-11,21.84,23.04,Processed,EMP028,2,-1.2,1.2,False
INV005841,SUP014,ST429,2017-01-20,2017-01-27,2017-01-31,95.43,94.16,Processed Late,EMP005,4,1.27,1.27,True
INV005842,SUP010,ST294,2017-01-20,2017-01-23,2017-01-29,3.2,3.2,Processed Late,EMP009,6,0.0,0.0,True
INV005843,SUP006,ST495,2017-01-20,2017-01-27,2017-01-31,122.29,113.28,Processed Late,EMP003,4,9.01,9.01,True
INV005844,SUP015,ST172,2017-01-20,2017-01-28,2017-01-29,139.8,139.8,Processed,EMP011,1,0.0,0.0,False
INV005845,SUP005,ST609,2017-01-20,2017-01-23,2017-01-24,25.68,25.68,Processed,EMP024,1,0.0,0.0,False
INV005846,SUP010,ST237,2017-01-20,2017-01-26,2017-01-30,10522.71,10522.71,Processed Late,EMP013,4,0.0,0.0,True
INV005847,SUP005,ST061,2017-01-20,2017-01-24,2017-01-25,8.96,8.96,Processed,EMP007,1,0.0,0.0,False
INV005848,SUP004,ST112,2017-01-20,2017-01-26,2017-01-28,166.2,166.2,Processed,EMP006,2,0.0,0.0,False
INV005849,SUP003,ST406,2017-01-20,2017-01-28,2017-01-29,222.95,240.96,Processed,EMP010,1,-18.01,18.01,False
INV005850,SUP014,ST337,2017-01-20,2017-01-24,2017-01-26,531.4,531.4,Processed,EMP024,2,0.0,0.0,False
INV005851,SUP011,ST068,2017-01-20,2017-01-25,2017-01-26,2013.8,2013.8,Processed,EMP009,1,0.0,0.0,False
INV005852,SUP013,ST229,2017-01-20,2017-01-26,2017-01-28,212.16,212.16,Processed,EMP005,2,0.0,0.0,False
INV005853,SUP005,ST460,2017-01-20,2017-01-26,2017-02-02,327.42,327.42,Pending / Delayed,EMP030,7,0.0,0.0,True
INV005854,SUP011,ST249,2017-01-20,2017-01-27,2017-01-30,70.28,70.28,Processed,EMP027,3,0.0,0.0,False
INV005855,SUP015,ST493,2017-01-20,2017-01-26,2017-01-27,368.55,368.55,Processed,EMP029,1,0.0,0.0,False
INV005856,SUP004,ST610,2017-01-20,2017-01-24,2017-01-27,12.32,12.32,Processed,EMP023,3,0.0,0.0,False
INV005857,SUP013,ST168,2017-01-20,2017-01-27,2017-01-31,1273.79,1273.79,Processed Late,EMP001,4,0.0,0.0,True
INV005858,SUP001,ST044,2017-01-20,2017-01-28,2017-01-31,842.31,842.31,Processed,EMP015,3,0.0,0.0,False
INV005859,SUP001,ST057,2017-01-20,2017-01-24,2017-01-27,50.6,50.6,Processed,EMP010,3,0.0,0.0,False
INV005860,SUP014,ST320,2017-01-20,2017-01-23,2017-01-25,2656.48,2656.48,Processed,EMP018,2,0.0,0.0,False
INV005861,SUP004,ST333,2017-01-20,2017-01-24,2017-01-27,91.04,91.04,Processed,EMP010,3,0.0,0.0,False
INV005862,SUP005,ST181,2017-01-20,2017-01-26,2017-01-31,10.87,10.32,Processed Late,EMP008,5,0.55,0.55,True
INV005863,SUP010,ST148,2017-01-20,2017-01-26,2017-01-31,128.38,128.38,Processed Late,EMP028,5,0.0,0.0,True
INV005864,SUP006,ST275,2017-01-20,2017-01-24,2017-01-25,224.85,224.85,Processed,EMP009,1,0.0,0.0,False
INV005865,SUP004,ST589,2017-01-20,2017-01-27,2017-01-30,210.08,210.08,Processed,EMP002,3,0.0,0.0,False
INV005866,SUP014,ST218,2017-01-20,2017-01-27,2017-01-28,32.0,32.0,Processed,EMP015,1,0.0,0.0,False
INV005867,SUP012,ST356,2017-01-20,2017-01-27,2017-01-28,40.25,40.25,Processed,EMP030,1,0.0,0.0,False
INV005868,SUP004,ST343,2017-01-20,2017-01-26,2017-02-05,31.79,31.79,Pending / Delayed,EMP004,10,0.0,0.0,True
INV005869,SUP014,ST524,2017-01-20,2017-01-23,2017-01-26,2119.77,2119.77,Processed,EMP010,3,0.0,0.0,False
INV005870,SUP008,ST239,2017-01-20,2017-01-28,2017-01-29,25.11,25.11,Processed,EMP030,1,0.0,0.0,False
INV005871,SUP014,ST214,2017-01-20,2017-01-27,2017-01-29,111.64,117.54,Processed,EMP006,2,-5.9,5.9,False
INV005872,SUP002,ST184,2017-01-20,2017-01-25,2017-01-26,185.22,185.22,Processed,EMP007,1,0.0,0.0,False
INV005873,SUP001,ST584,2017-01-20,2017-01-25,2017-01-26,2060.06,2060.06,Processed,EMP018,1,0.0,0.0,False
INV005874,SUP008,ST162,2017-01-20,2017-01-27,2017-02-01,1606.0,1606.0,Processed Late,EMP011,5,0.0,0.0,True
INV005875,SUP006,ST075,2017-01-20,2017-01-24,2017-01-25,29.43,29.43,Processed,EMP024,1,0.0,0.0,False
INV005876,SUP003,ST335,2017-01-20,2017-01-24,2017-01-26,162.0,162.0,Processed,EMP001,2,0.0,0.0,False
INV005877,SUP002,ST375,2017-01-20,2017-01-28,2017-01-29,7.46,7.46,Processed,EMP005,1,0.0,0.0,False
INV005878,SUP001,ST602,2017-01-20,2017-01-23,2017-01-28,54.72,54.72,Processed Late,EMP015,5,0.0,0.0,True
INV005879,SUP003,ST307,2017-01-20,2017-01-25,2017-01-29,22.05,22.05,Processed Late,EMP016,4,0.0,0.0,True
INV005880,SUP010,ST161,2017-01-20,2017-01-24,2017-01-27,104.5,104.5,Processed,EMP015,3,0.0,0.0,False
INV005881,SUP003,ST329,2017-01-20,2017-01-27,2017-02-02,6598.41,6598.41,Processed Late,EMP002,6,0.0,0.0,True
INV005882,SUP013,ST530,2017-01-20,2017-01-24,2017-01-25,159.42,159.42,Processed,EMP024,1,0.0,0.0,False
INV005883,SUP014,ST354,2017-01-20,2017-01-25,2017-01-26,362.68,362.68,Processed,EMP017,1,0.0,0.0,False
INV005884,SUP005,ST626,2017-01-20,2017-01-27,2017-01-30,2236.41,2236.41,Processed,EMP003,3,0.0,0.0,False
INV005885,SUP014,ST482,2017-01-20,2017-01-23,2017-01-29,525.88,525.88,Processed Late,EMP019,6,0.0,0.0,True
INV005886,SUP006,ST367,2017-01-20,2017-01-28,2017-01-30,463.08,463.08,Processed,EMP001,2,0.0,0.0,False
INV005887,SUP004,ST178,2017-01-20,2017-01-25,2017-01-27,398.29,375.48,Processed,EMP014,2,22.81,22.81,False
INV005888,SUP007,ST252,2017-01-20,2017-01-27,2017-02-07,98.58,98.58,Pending / Delayed,EMP013,11,0.0,0.0,True
INV005889,SUP007,ST138,2017-01-20,2017-01-27,2017-02-03,521.25,521.25,Pending / Delayed,EMP007,7,0.0,0.0,True
INV005890,SUP015,ST443,2017-01-20,2017-01-24,2017-01-25,56.62,56.62,Processed,EMP013,1,0.0,0.0,False
INV005891,SUP013,ST001,2017-01-20,2017-01-23,2017-01-25,18.06,18.06,Processed,EMP025,2,0.0,0.0,False
INV005892,SUP005,ST158,2017-01-20,2017-01-25,2017-02-04,16.04,16.04,Pending / Delayed,EMP005,10,0.0,0.0,True
INV005893,SUP009,ST368,2017-01-20,2017-01-24,2017-01-30,1587.64,1587.64,Processed Late,EMP002,6,0.0,0.0,True
INV005894,SUP002,ST314,2017-01-20,2017-01-23,2017-02-01,292.96,292.96,Pending / Delayed,EMP010,9,0.0,0.0,True
INV005895,SUP007,ST025,2017-01-20,2017-01-27,2017-01-28,10.72,10.72,Processed,EMP022,1,0.0,0.0,False
INV005896,SUP001,ST081,2017-01-20,2017-01-24,2017-01-25,42.8,42.8,Processed,EMP024,1,0.0,0.0,False
INV005897,SUP014,ST052,2017-01-20,2017-01-23,2017-01-25,384.15,384.15,Processed,EMP028,2,0.0,0.0,False
INV005898,SUP009,ST538,2017-01-20,2017-01-24,2017-01-29,318.48,318.48,Processed Late,EMP002,5,0.0,0.0,True
INV005899,SUP004,ST040,2017-01-20,2017-01-26,2017-02-01,27.1,27.1,Processed Late,EMP021,6,0.0,0.0,True
INV005900,SUP007,ST249,2017-01-20,2017-01-28,2017-01-29,949.2,949.2,Processed,EMP001,1,0.0,0.0,False
INV005901,SUP009,ST485,2017-01-20,2017-01-24,2017-01-29,10.1,10.1,Processed Late,EMP024,5,0.0,0.0,True
INV005902,SUP014,ST362,2017-01-20,2017-01-23,2017-01-27,23.27,23.27,Processed Late,EMP019,4,0.0,0.0,True
INV005903,SUP011,ST037,2017-01-20,2017-01-23,2017-01-26,6.15,6.15,Processed,EMP008,3,0.0,0.0,False
INV005904,SUP013,ST571,2017-01-20,2017-01-27,2017-01-28,58.32,58.32,Processed,EMP009,1,0.0,0.0,False
INV005905,SUP003,ST537,2017-01-20,2017-01-25,2017-01-27,52.41,55.37,Processed,EMP021,2,-2.96,2.96,False
INV005906,SUP012,ST500,2017-01-20,2017-01-28,2017-01-29,336.94,336.94,Processed,EMP020,1,0.0,0.0,False
INV005907,SUP009,ST115,2017-01-20,2017-01-25,2017-01-29,12.17,12.76,Processed Late,EMP002,4,-0.59,0.59,True
INV005908,SUP008,ST216,2017-01-20,2017-01-27,2017-01-30,161.64,161.64,Processed,EMP012,3,0.0,0.0,False
INV005909,SUP009,ST229,2017-01-20,2017-01-23,2017-01-26,610.39,610.39,Processed,EMP029,3,0.0,0.0,False
INV005910,SUP007,ST619,2017-01-20,2017-01-26,2017-01-29,167.58,167.58,Processed,EMP027,3,0.0,0.0,False
INV005911,SUP010,ST381,2017-01-20,2017-01-24,2017-01-28,686.8,686.8,Processed Late,EMP030,4,0.0,0.0,True
INV005912,SUP005,ST623,2017-01-20,2017-01-24,2017-01-25,120.2,120.2,Processed,EMP028,1,0.0,0.0,False
INV005913,SUP002,ST267,2017-01-20,2017-01-28,2017-01-31,36.15,36.15,Processed,EMP019,3,0.0,0.0,False
INV005914,SUP007,ST389,2017-01-20,2017-01-25,2017-01-26,1299.8,1299.8,Processed,EMP022,1,0.0,0.0,False
INV005915,SUP002,ST575,2017-01-20,2017-01-27,2017-02-03,114.45,114.45,Pending / Delayed,EMP003,7,0.0,0.0,True
INV005916,SUP002,ST436,2017-01-20,2017-01-25,2017-01-26,240.21,240.21,Processed,EMP015,1,0.0,0.0,False
INV005917,SUP011,ST623,2017-01-20,2017-01-26,2017-01-29,167.25,167.25,Processed,EMP015,3,0.0,0.0,False
INV005918,SUP005,ST255,2017-01-20,2017-01-24,2017-01-28,61.88,61.88,Processed Late,EMP008,4,0.0,0.0,True
INV005919,SUP011,ST450,2017-01-20,2017-01-27,2017-01-29,423.45,423.45,Processed,EMP014,2,0.0,0.0,False
INV005920,SUP001,ST138,2017-01-20,2017-01-23,2017-01-24,145.56,145.56,Processed,EMP004,1,0.0,0.0,False
INV005921,SUP013,ST220,2017-02-05,2017-02-09,2017-02-15,167.83,167.83,Processed Late,EMP005,6,0.0,0.0,True
INV005922,SUP008,ST248,2017-02-05,2017-02-10,2017-02-13,218.28,218.28,Processed,EMP017,3,0.0,0.0,False
INV005923,SUP008,ST571,2017-02-05,2017-02-10,2017-02-15,484.88,484.88,Processed Late,EMP029,5,0.0,0.0,True
INV005924,SUP014,ST426,2017-02-05,2017-02-13,2017-02-16,806.4,806.4,Processed,EMP020,3,0.0,0.0,False
INV005925,SUP011,ST158,2017-02-05,2017-02-12,2017-02-18,287.87,287.87,Processed Late,EMP023,6,0.0,0.0,True
INV005926,SUP011,ST059,2017-02-05,2017-02-11,2017-02-13,142.3,142.3,Processed,EMP029,2,0.0,0.0,False
INV005927,SUP001,ST060,2017-02-05,2017-02-09,2017-02-10,285.48,285.12,Processed,EMP020,1,0.36,0.36,False
INV005928,SUP009,ST038,2017-02-05,2017-02-13,2017-02-15,2399.0,2399.0,Processed,EMP005,2,0.0,0.0,False
INV005929,SUP010,ST508,2017-02-05,2017-02-09,2017-02-11,1892.78,1892.78,Processed,EMP024,2,0.0,0.0,False
INV005930,SUP009,ST490,2017-02-05,2017-02-13,2017-02-18,1135.04,1135.04,Processed Late,EMP005,5,0.0,0.0,True
INV005931,SUP004,ST014,2017-02-05,2017-02-09,2017-02-11,367.5,367.5,Processed,EMP019,2,0.0,0.0,False
INV005932,SUP004,ST061,2017-02-05,2017-02-08,2017-02-10,117.59,117.59,Processed,EMP011,2,0.0,0.0,False
INV005933,SUP004,ST321,2017-02-05,2017-02-13,2017-02-23,121.6,121.6,Pending / Delayed,EMP017,10,0.0,0.0,True
INV005934,SUP004,ST019,2017-02-05,2017-02-09,2017-02-19,343.64,343.64,Pending / Delayed,EMP008,10,0.0,0.0,True
INV005935,SUP010,ST580,2017-02-05,2017-02-09,2017-02-11,90.9,90.9,Processed,EMP015,2,0.0,0.0,False
INV005936,SUP007,ST157,2017-02-05,2017-02-09,2017-02-10,2071.1,2071.1,Processed,EMP011,1,0.0,0.0,False
INV005937,SUP006,ST103,2017-02-05,2017-02-09,2017-02-11,344.59,344.59,Processed,EMP010,2,0.0,0.0,False
INV005938,SUP006,ST159,2017-02-05,2017-02-12,2017-02-13,284.62,284.62,Processed,EMP019,1,0.0,0.0,False
INV005939,SUP001,ST005,2017-02-05,2017-02-12,2017-02-13,37.08,37.08,Processed,EMP011,1,0.0,0.0,False
INV005940,SUP004,ST294,2017-02-05,2017-02-13,2017-02-15,12.24,12.24,Processed,EMP003,2,0.0,0.0,False
INV005941,SUP008,ST105,2017-02-05,2017-02-08,2017-02-13,1886.36,1886.36,Processed Late,EMP019,5,0.0,0.0,True
INV005942,SUP009,ST578,2017-02-05,2017-02-08,2017-02-09,53.68,53.68,Processed,EMP020,1,0.0,0.0,False
INV005943,SUP009,ST170,2017-02-05,2017-02-09,2017-02-10,2979.49,2827.5,Processed,EMP002,1,151.99,151.99,False
INV005944,SUP007,ST442,2017-02-05,2017-02-13,2017-02-16,779.76,779.76,Processed,EMP012,3,0.0,0.0,False
INV005945,SUP014,ST185,2017-02-05,2017-02-08,2017-02-09,161.5,161.5,Processed,EMP015,1,0.0,0.0,False
INV005946,SUP009,ST301,2017-02-05,2017-02-12,2017-02-14,900.12,900.12,Processed,EMP020,2,0.0,0.0,False
INV005947,SUP007,ST199,2017-02-05,2017-02-11,2017-02-12,14.99,13.98,Processed,EMP024,1,1.01,1.01,False
INV005948,SUP007,ST627,2017-02-05,2017-02-13,2017-02-21,113.72,105.84,Pending / Delayed,EMP008,8,7.88,7.88,True
INV005949,SUP014,ST289,2017-02-05,2017-02-11,2017-02-13,168.53,168.53,Processed,EMP020,2,0.0,0.0,False
INV005950,SUP003,ST266,2017-02-05,2017-02-10,2017-02-22,19.74,19.74,Pending / Delayed,EMP005,12,0.0,0.0,True
INV005951,SUP014,ST403,2017-02-05,2017-02-11,2017-02-13,52.5,52.5,Processed,EMP021,2,0.0,0.0,False
INV005952,SUP008,ST241,2017-02-05,2017-02-09,2017-02-12,1600.88,1600.88,Processed,EMP005,3,0.0,0.0,False
INV005953,SUP004,ST076,2017-02-05,2017-02-13,2017-02-16,144.76,144.76,Processed,EMP008,3,0.0,0.0,False
INV005954,SUP007,ST390,2017-02-05,2017-02-10,2017-02-12,7.26,7.26,Processed,EMP021,2,0.0,0.0,False
INV005955,SUP013,ST125,2017-02-05,2017-02-11,2017-02-15,2213.8,2104.0,Processed Late,EMP004,4,109.8,109.8,True
INV005956,SUP007,ST007,2017-02-05,2017-02-13,2017-02-21,454.41,454.41,Pending / Delayed,EMP022,8,0.0,0.0,True
INV005957,SUP015,ST095,2017-02-05,2017-02-11,2017-02-14,217.22,217.22,Processed,EMP025,3,0.0,0.0,False
INV005958,SUP014,ST595,2017-02-05,2017-02-10,2017-02-12,24.7,24.7,Processed,EMP002,2,0.0,0.0,False
INV005959,SUP007,ST614,2017-02-05,2017-02-10,2017-02-11,733.8,733.8,Processed,EMP029,1,0.0,0.0,False
INV005960,SUP009,ST217,2017-02-05,2017-02-11,2017-02-16,93.16,93.16,Processed Late,EMP015,5,0.0,0.0,True
INV005961,SUP002,ST288,2017-02-05,2017-02-08,2017-02-09,324.99,324.99,Processed,EMP014,1,0.0,0.0,False
INV005962,SUP002,ST576,2017-02-05,2017-02-11,2017-02-17,14.68,14.68,Processed Late,EMP009,6,0.0,0.0,True
INV005963,SUP006,ST088,2017-02-05,2017-02-10,2017-02-11,829.28,829.28,Processed,EMP021,1,0.0,0.0,False
INV005964,SUP008,ST602,2017-02-05,2017-02-11,2017-02-13,3845.88,3845.88,Processed,EMP030,2,0.0,0.0,False
INV005965,SUP009,ST370,2017-02-05,2017-02-12,2017-02-13,185.57,185.57,Processed,EMP022,1,0.0,0.0,False
INV005966,SUP013,ST049,2017-02-05,2017-02-10,2017-02-15,2692.4,2692.4,Processed Late,EMP003,5,0.0,0.0,True
INV005967,SUP014,ST516,2017-02-05,2017-02-10,2017-02-13,164.15,164.15,Processed,EMP013,3,0.0,0.0,False
INV005968,SUP004,ST108,2017-02-05,2017-02-11,2017-02-17,19.8,21.2,Processed Late,EMP008,6,-1.4,1.4,True
INV005969,SUP007,ST279,2017-02-05,2017-02-12,2017-02-15,226.98,226.98,Processed,EMP026,3,0.0,0.0,False
INV005970,SUP003,ST469,2017-02-05,2017-02-09,2017-02-11,48.24,50.94,Processed,EMP007,2,-2.7,2.7,False
INV005971,SUP013,ST056,2017-02-05,2017-02-10,2017-02-12,57.12,57.12,Processed,EMP002,2,0.0,0.0,False
INV005972,SUP004,ST461,2017-02-05,2017-02-09,2017-02-11,204.0,204.0,Processed,EMP010,2,0.0,0.0,False
INV005973,SUP009,ST461,2017-02-05,2017-02-09,2017-02-11,25.0,25.0,Processed,EMP013,2,0.0,0.0,False
INV005974,SUP002,ST235,2017-02-05,2017-02-11,2017-02-19,39.6,39.6,Pending / Delayed,EMP015,8,0.0,0.0,True
INV005975,SUP014,ST415,2017-02-05,2017-02-10,2017-02-15,586.19,586.19,Processed Late,EMP005,5,0.0,0.0,True
INV005976,SUP001,ST230,2017-02-05,2017-02-13,2017-02-17,17.44,17.44,Processed Late,EMP018,4,0.0,0.0,True
INV005977,SUP002,ST570,2017-02-05,2017-02-11,2017-02-14,23.52,23.52,Processed,EMP021,3,0.0,0.0,False
INV005978,SUP007,ST248,2017-02-05,2017-02-11,2017-02-14,262.82,262.82,Processed,EMP014,3,0.0,0.0,False
INV005979,SUP009,ST618,2017-02-05,2017-02-13,2017-02-17,33.57,33.57,Processed Late,EMP019,4,0.0,0.0,True
INV005980,SUP013,ST097,2017-02-05,2017-02-12,2017-02-14,644.4,644.4,Processed,EMP018,2,0.0,0.0,False
INV005981,SUP007,ST296,2017-02-05,2017-02-13,2017-02-15,219.51,219.51,Processed,EMP010,2,0.0,0.0,False
INV005982,SUP009,ST410,2017-02-05,2017-02-09,2017-02-12,136.67,131.9,Processed,EMP018,3,4.77,4.77,False
INV005983,SUP007,ST598,2017-02-05,2017-02-12,2017-02-13,83.09,79.31,Processed,EMP024,1,3.78,3.78,False
INV005984,SUP009,ST072,2017-02-05,2017-02-11,2017-02-13,19.1,19.1,Processed,EMP001,2,0.0,0.0,False
INV005985,SUP002,ST026,2017-02-05,2017-02-08,2017-02-14,533.07,533.07,Processed Late,EMP023,6,0.0,0.0,True
INV005986,SUP002,ST456,2017-02-05,2017-02-11,2017-02-13,157.28,157.28,Processed,EMP011,2,0.0,0.0,False
INV005987,SUP006,ST588,2017-02-05,2017-02-12,2017-02-14,267.03,267.03,Processed,EMP009,2,0.0,0.0,False
INV005988,SUP014,ST038,2017-02-05,2017-02-09,2017-02-11,211.36,211.36,Processed,EMP002,2,0.0,0.0,False
INV005989,SUP015,ST076,2017-02-05,2017-02-08,2017-02-11,354.7,354.7,Processed,EMP013,3,0.0,0.0,False
INV005990,SUP007,ST054,2017-02-05,2017-02-10,2017-02-12,134.4,134.4,Processed,EMP018,2,0.0,0.0,False
INV005991,SUP002,ST275,2017-02-05,2017-02-11,2017-02-15,49.02,49.02,Processed Late,EMP009,4,0.0,0.0,True
INV005992,SUP013,ST366,2017-02-05,2017-02-11,2017-02-15,406.12,406.12,Processed Late,EMP018,4,0.0,0.0,True
INV005993,SUP005,ST233,2017-02-05,2017-02-10,2017-02-14,271.8,271.8,Processed Late,EMP023,4,0.0,0.0,True
INV005994,SUP010,ST417,2017-02-05,2017-02-12,2017-02-15,1184.58,1184.58,Processed,EMP030,3,0.0,0.0,False
INV005995,SUP002,ST492,2017-02-05,2017-02-12,2017-02-15,85.37,91.84,Processed,EMP021,3,-6.47,6.47,False
INV005996,SUP006,ST250,2017-02-05,2017-02-09,2017-02-12,19.68,19.68,Processed,EMP001,3,0.0,0.0,False
INV005997,SUP012,ST600,2017-02-05,2017-02-10,2017-02-16,29.85,29.85,Processed Late,EMP030,6,0.0,0.0,True
INV005998,SUP006,ST220,2017-02-05,2017-02-12,2017-02-13,82.46,82.46,Processed,EMP022,1,0.0,0.0,False
INV005999,SUP010,ST490,2017-02-05,2017-02-10,2017-02-14,17.35,17.35,Processed Late,EMP022,4,0.0,0.0,True
INV006000,SUP004,ST582,2017-02-05,2017-02-10,2017-02-11,18.5,18.5,Processed,EMP006,1,0.0,0.0,False
INV006001,SUP003,ST280,2017-02-20,2017-02-26,2017-03-01,153.75,153.75,Processed,EMP002,3,0.0,0.0,False
INV006002,SUP004,ST574,2017-02-20,2017-02-24,2017-02-27,456.48,456.48,Processed,EMP017,3,0.0,0.0,False
INV006003,SUP006,ST250,2017-02-20,2017-02-26,2017-02-28,48.24,48.24,Processed,EMP012,2,0.0,0.0,False
INV006004,SUP007,ST567,2017-02-20,2017-02-26,2017-03-02,50.49,50.49,Processed Late,EMP015,4,0.0,0.0,True
INV006005,SUP002,ST248,2017-02-20,2017-02-27,2017-02-28,10.04,10.04,Processed,EMP029,1,0.0,0.0,False
INV006006,SUP015,ST494,2017-02-20,2017-02-26,2017-03-04,36.0,36.0,Processed Late,EMP016,6,0.0,0.0,True
INV006007,SUP007,ST007,2017-02-20,2017-02-28,2017-03-01,2058.08,2058.08,Processed,EMP010,1,0.0,0.0,False
INV006008,SUP008,ST235,2017-02-20,2017-02-27,2017-03-01,89.3,89.3,Processed,EMP027,2,0.0,0.0,False
INV006009,SUP012,ST125,2017-02-20,2017-02-25,2017-03-03,51.0,51.0,Processed Late,EMP029,6,0.0,0.0,True
INV006010,SUP012,ST602,2017-02-20,2017-02-27,2017-03-01,1334.28,1334.28,Processed,EMP023,2,0.0,0.0,False
INV006011,SUP006,ST270,2017-02-20,2017-02-24,2017-02-27,103.92,103.92,Processed,EMP016,3,0.0,0.0,False
INV006012,SUP010,ST548,2017-02-20,2017-02-24,2017-03-02,628.88,628.88,Processed Late,EMP001,6,0.0,0.0,True
INV006013,SUP005,ST336,2017-02-20,2017-02-26,2017-02-28,18.2,18.2,Processed,EMP012,2,0.0,0.0,False
INV006014,SUP004,ST614,2017-02-20,2017-02-28,2017-03-03,339.68,339.68,Processed,EMP019,3,0.0,0.0,False
INV006015,SUP014,ST102,2017-02-20,2017-02-28,2017-03-01,20.1,20.1,Processed,EMP006,1,0.0,0.0,False
INV006016,SUP010,ST155,2017-02-20,2017-02-28,2017-03-03,123.48,123.48,Processed,EMP012,3,0.0,0.0,False
INV006017,SUP014,ST057,2017-02-20,2017-02-26,2017-03-04,35.4,35.4,Processed Late,EMP025,6,0.0,0.0,True
INV006018,SUP001,ST008,2017-02-20,2017-02-26,2017-02-28,143.08,143.08,Processed,EMP001,2,0.0,0.0,False
INV006019,SUP013,ST114,2017-02-20,2017-02-26,2017-03-02,14.24,14.24,Processed Late,EMP017,4,0.0,0.0,True
INV006020,SUP007,ST073,2017-02-20,2017-02-26,2017-03-01,212.88,212.88,Processed,EMP022,3,0.0,0.0,False
INV006021,SUP013,ST259,2017-02-20,2017-02-23,2017-03-06,101.84,101.84,Pending / Delayed,EMP009,11,0.0,0.0,True
INV006022,SUP002,ST237,2017-02-20,2017-02-27,2017-03-05,532.44,532.44,Processed Late,EMP027,6,0.0,0.0,True
INV006023,SUP011,ST198,2017-02-20,2017-02-23,2017-02-26,247.38,247.38,Processed,EMP004,3,0.0,0.0,False
INV006024,SUP007,ST587,2017-02-20,2017-02-24,2017-02-26,146.96,146.96,Processed,EMP006,2,0.0,0.0,False
INV006025,SUP008,ST131,2017-02-20,2017-02-28,2017-03-04,1163.18,1163.18,Processed Late,EMP027,4,0.0,0.0,True
INV006026,SUP005,ST269,2017-02-20,2017-02-24,2017-02-25,24.56,24.56,Processed,EMP026,1,0.0,0.0,False
INV006027,SUP008,ST251,2017-02-20,2017-02-27,2017-03-05,331.67,331.67,Processed Late,EMP029,6,0.0,0.0,True
INV006028,SUP012,ST430,2017-02-20,2017-02-25,2017-02-26,37.31,37.31,Processed,EMP013,1,0.0,0.0,False
INV006029,SUP002,ST544,2017-02-20,2017-02-23,2017-03-01,16433.1,16433.1,Processed Late,EMP016,6,0.0,0.0,True
INV006030,SUP004,ST084,2017-02-20,2017-02-28,2017-03-01,1367.1,1367.1,Processed,EMP015,1,0.0,0.0,False
INV006031,SUP002,ST493,2017-02-20,2017-02-28,2017-03-09,59.5,59.5,Pending / Delayed,EMP001,9,0.0,0.0,True
INV006032,SUP003,ST195,2017-02-20,2017-02-28,2017-03-01,522.9,522.9,Processed,EMP027,1,0.0,0.0,False
INV006033,SUP007,ST623,2017-02-20,2017-02-23,2017-03-01,484.3,484.3,Processed Late,EMP012,6,0.0,0.0,True
INV006034,SUP015,ST625,2017-02-20,2017-02-26,2017-03-09,17.28,17.28,Pending / Delayed,EMP015,11,0.0,0.0,True
INV006035,SUP007,ST281,2017-02-20,2017-02-24,2017-02-25,1540.37,1580.85,Processed,EMP012,1,-40.48,40.48,False
INV006036,SUP013,ST592,2017-02-20,2017-02-23,2017-03-06,24.66,24.66,Pending / Delayed,EMP018,11,0.0,0.0,True
INV006037,SUP011,ST184,2017-02-20,2017-02-24,2017-02-27,1199.0,1199.0,Processed,EMP027,3,0.0,0.0,False
INV006038,SUP015,ST412,2017-02-20,2017-02-27,2017-02-28,162.83,162.83,Processed,EMP024,1,0.0,0.0,False
INV006039,SUP010,ST247,2017-02-20,2017-02-23,2017-03-01,51.38,51.38,Processed Late,EMP019,6,0.0,0.0,True
INV006040,SUP010,ST582,2017-02-20,2017-02-28,2017-03-03,110.1,110.1,Processed,EMP025,3,0.0,0.0,False
INV006041,SUP006,ST190,2017-02-20,2017-02-27,2017-02-28,42.49,42.49,Processed,EMP004,1,0.0,0.0,False
INV006042,SUP011,ST533,2017-02-20,2017-02-26,2017-03-07,150.4,150.4,Pending / Delayed,EMP005,9,0.0,0.0,True
INV006043,SUP012,ST440,2017-02-20,2017-02-28,2017-03-03,525.51,525.51,Processed,EMP003,3,0.0,0.0,False
INV006044,SUP015,ST119,2017-02-20,2017-02-27,2017-03-03,163.98,163.98,Processed Late,EMP015,4,0.0,0.0,True
INV006045,SUP007,ST264,2017-02-20,2017-02-23,2017-03-01,12.51,12.51,Processed Late,EMP010,6,0.0,0.0,True
INV006046,SUP009,ST512,2017-02-20,2017-02-28,2017-03-12,3455.1,3455.1,Pending / Delayed,EMP016,12,0.0,0.0,True
INV006047,SUP006,ST609,2017-02-20,2017-02-27,2017-03-06,183.75,199.68,Pending / Delayed,EMP016,7,-15.93,15.93,True
INV006048,SUP003,ST494,2017-02-20,2017-02-23,2017-03-03,179.48,179.48,Pending / Delayed,EMP029,8,0.0,0.0,True
INV006049,SUP006,ST591,2017-02-20,2017-02-26,2017-02-27,296.25,296.25,Processed,EMP007,1,0.0,0.0,False
INV006050,SUP012,ST273,2017-02-20,2017-02-24,2017-02-27,239.14,234.3,Processed,EMP010,3,4.84,4.84,False
INV006051,SUP007,ST183,2017-02-20,2017-02-23,2017-02-26,50.4,50.4,Processed,EMP019,3,0.0,0.0,False
INV006052,SUP004,ST332,2017-02-20,2017-02-24,2017-02-25,5.68,5.68,Processed,EMP016,1,0.0,0.0,False
INV006053,SUP001,ST180,2017-02-20,2017-02-28,2017-03-02,440.4,440.4,Processed,EMP027,2,0.0,0.0,False
INV006054,SUP010,ST582,2017-02-20,2017-02-27,2017-03-11,223.21,223.21,Pending / Delayed,EMP023,12,0.0,0.0,True
INV006055,SUP015,ST585,2017-02-20,2017-02-23,2017-02-26,2219.4,2219.4,Processed,EMP028,3,0.0,0.0,False
INV006056,SUP014,ST593,2017-02-20,2017-02-27,2017-03-07,1674.4,1674.4,Pending / Delayed,EMP025,8,0.0,0.0,True
INV006057,SUP011,ST150,2017-02-20,2017-02-28,2017-03-01,1253.98,1253.98,Processed,EMP003,1,0.0,0.0,False
INV006058,SUP002,ST076,2017-02-20,2017-02-23,2017-02-26,724.16,724.16,Processed,EMP021,3,0.0,0.0,False
INV006059,SUP015,ST467,2017-02-20,2017-02-28,2017-03-02,35.44,35.44,Processed,EMP012,2,0.0,0.0,False
INV006060,SUP006,ST403,2017-02-20,2017-02-23,2017-02-25,3170.52,3170.52,Processed,EMP002,2,0.0,0.0,False
INV006061,SUP003,ST374,2017-02-20,2017-02-24,2017-02-25,32.06,34.65,Processed,EMP022,1,-2.59,2.59,False
INV006062,SUP001,ST015,2017-02-20,2017-02-24,2017-02-27,14.14,14.14,Processed,EMP012,3,0.0,0.0,False
INV006063,SUP004,ST033,2017-02-20,2017-02-24,2017-02-27,54.47,54.47,Processed,EMP027,3,0.0,0.0,False
INV006064,SUP003,ST259,2017-02-20,2017-02-25,2017-02-28,278.1,278.1,Processed,EMP007,3,0.0,0.0,False
INV006065,SUP015,ST176,2017-02-20,2017-02-26,2017-02-28,55.26,55.26,Processed,EMP019,2,0.0,0.0,False
INV006066,SUP009,ST538,2017-02-20,2017-02-25,2017-03-02,7159.89,7159.89,Processed Late,EMP029,5,0.0,0.0,True
INV006067,SUP004,ST438,2017-02-20,2017-02-23,2017-03-01,55.68,60.41,Processed Late,EMP008,6,-4.73,4.73,True
INV006068,SUP003,ST189,2017-02-20,2017-02-28,2017-03-02,1059.3,1059.3,Processed,EMP018,2,0.0,0.0,False
INV006069,SUP010,ST460,2017-02-20,2017-02-24,2017-02-25,548.52,548.52,Processed,EMP022,1,0.0,0.0,False
INV006070,SUP008,ST260,2017-02-20,2017-02-24,2017-02-25,180.29,180.29,Processed,EMP018,1,0.0,0.0,False
INV006071,SUP012,ST441,2017-02-20,2017-02-23,2017-03-06,114.66,114.66,Pending / Delayed,EMP025,11,0.0,0.0,True
INV006072,SUP003,ST336,2017-02-20,2017-02-26,2017-03-04,4199.86,4199.86,Processed Late,EMP026,6,0.0,0.0,True
INV006073,SUP001,ST019,2017-02-20,2017-02-23,2017-02-25,13.96,13.96,Processed,EMP012,2,0.0,0.0,False
INV006074,SUP010,ST311,2017-02-20,2017-02-23,2017-02-27,22.23,22.23,Processed Late,EMP011,4,0.0,0.0,True
INV006075,SUP003,ST440,2017-02-20,2017-02-26,2017-03-04,35.1,35.1,Processed Late,EMP030,6,0.0,0.0,True
INV006076,SUP007,ST011,2017-02-20,2017-02-25,2017-03-02,246.59,252.45,Processed Late,EMP025,5,-5.86,5.86,True
INV006077,SUP001,ST158,2017-02-20,2017-02-25,2017-02-28,153.72,153.72,Processed,EMP012,3,0.0,0.0,False
INV006078,SUP004,ST279,2017-02-20,2017-02-26,2017-03-03,62.66,62.66,Processed Late,EMP001,5,0.0,0.0,True
INV006079,SUP008,ST339,2017-02-20,2017-02-28,2017-03-03,85.34,89.0,Processed,EMP027,3,-3.66,3.66,False
INV006080,SUP013,ST587,2017-02-20,2017-02-25,2017-03-03,18.45,18.45,Processed Late,EMP005,6,0.0,0.0,True
INV006081,SUP010,ST115,2017-03-05,2017-03-09,2017-03-15,195.13,195.13,Processed Late,EMP013,6,0.0,0.0,True
INV006082,SUP007,ST437,2017-03-05,2017-03-11,2017-03-13,35.0,35.0,Processed,EMP026,2,0.0,0.0,False
INV006083,SUP011,ST313,2017-03-05,2017-03-10,2017-03-11,97.85,97.85,Processed,EMP020,1,0.0,0.0,False
INV006084,SUP005,ST383,2017-03-05,2017-03-09,2017-03-10,1232.64,1232.64,Processed,EMP020,1,0.0,0.0,False
INV006085,SUP007,ST102,2017-03-05,2017-03-11,2017-03-14,4.8,4.8,Processed,EMP003,3,0.0,0.0,False
INV006086,SUP001,ST032,2017-03-05,2017-03-12,2017-03-13,30.6,30.6,Processed,EMP024,1,0.0,0.0,False
INV006087,SUP006,ST566,2017-03-05,2017-03-10,2017-03-12,189.53,189.53,Processed,EMP014,2,0.0,0.0,False
INV006088,SUP002,ST502,2017-03-05,2017-03-13,2017-03-14,350.52,350.52,Processed,EMP008,1,0.0,0.0,False
INV006089,SUP007,ST175,2017-03-05,2017-03-10,2017-03-11,160.02,160.02,Processed,EMP029,1,0.0,0.0,False
INV006090,SUP002,ST122,2017-03-05,2017-03-09,2017-03-10,26.0,26.0,Processed,EMP013,1,0.0,0.0,False
INV006091,SUP011,ST625,2017-03-05,2017-03-08,2017-03-10,99.12,99.12,Processed,EMP011,2,0.0,0.0,False
INV006092,SUP007,ST102,2017-03-05,2017-03-12,2017-03-14,60.6,60.6,Processed,EMP026,2,0.0,0.0,False
INV006093,SUP012,ST340,2017-03-05,2017-03-11,2017-03-14,422.4,422.4,Processed,EMP011,3,0.0,0.0,False
INV006094,SUP003,ST566,2017-03-05,2017-03-13,2017-03-16,102.51,102.51,Processed,EMP024,3,0.0,0.0,False
INV006095,SUP004,ST467,2017-03-05,2017-03-12,2017-03-16,70.38,70.38,Processed Late,EMP021,4,0.0,0.0,True
INV006096,SUP015,ST278,2017-03-05,2017-03-09,2017-03-11,15.29,15.29,Processed,EMP001,2,0.0,0.0,False
INV006097,SUP007,ST179,2017-03-05,2017-03-11,2017-03-13,49.61,49.61,Processed,EMP030,2,0.0,0.0,False
INV006098,SUP001,ST110,2017-03-05,2017-03-11,2017-03-13,125.52,125.52,Processed,EMP017,2,0.0,0.0,False
INV006099,SUP014,ST333,2017-03-05,2017-03-08,2017-03-11,127.68,127.68,Processed,EMP002,3,0.0,0.0,False
INV006100,SUP008,ST457,2017-03-05,2017-03-09,2017-03-15,1279.33,1193.85,Processed Late,EMP008,6,85.48,85.48,True
INV006101,SUP001,ST227,2017-03-05,2017-03-09,2017-03-10,53.72,56.43,Processed,EMP016,1,-2.71,2.71,False
INV006102,SUP001,ST244,2017-03-05,2017-03-12,2017-03-13,1392.86,1291.4,Processed,EMP018,1,101.46,101.46,False
INV006103,SUP009,ST520,2017-03-05,2017-03-08,2017-03-09,69.03,69.03,Processed,EMP006,1,0.0,0.0,False
INV006104,SUP014,ST557,2017-03-05,2017-03-13,2017-03-18,112.8,112.8,Processed Late,EMP010,5,0.0,0.0,True
INV006105,SUP003,ST183,2017-03-05,2017-03-09,2017-03-13,40.26,40.26,Processed Late,EMP013,4,0.0,0.0,True
INV006106,SUP006,ST303,2017-03-05,2017-03-10,2017-03-14,1359.93,1359.93,Processed Late,EMP005,4,0.0,0.0,True
INV006107,SUP012,ST362,2017-03-05,2017-03-10,2017-03-11,1749.86,1749.86,Processed,EMP002,1,0.0,0.0,False
INV006108,SUP008,ST614,2017-03-05,2017-03-10,2017-03-13,68.48,68.48,Processed,EMP023,3,0.0,0.0,False
INV006109,SUP004,ST460,2017-03-05,2017-03-11,2017-03-22,13.32,13.32,Pending / Delayed,EMP005,11,0.0,0.0,True
INV006110,SUP012,ST313,2017-03-05,2017-03-11,2017-03-14,364.99,364.99,Processed,EMP005,3,0.0,0.0,False
INV006111,SUP008,ST257,2017-03-05,2017-03-11,2017-03-16,3375.45,3375.45,Processed Late,EMP005,5,0.0,0.0,True
INV006112,SUP007,ST001,2017-03-05,2017-03-10,2017-03-16,40.1,40.1,Processed Late,EMP030,6,0.0,0.0,True
INV006113,SUP010,ST476,2017-03-05,2017-03-09,2017-03-12,163.15,163.15,Processed,EMP024,3,0.0,0.0,False
INV006114,SUP011,ST172,2017-03-05,2017-03-13,2017-03-14,8.6,8.6,Processed,EMP022,1,0.0,0.0,False
INV006115,SUP012,ST535,2017-03-05,2017-03-09,2017-03-12,2178.64,2178.64,Processed,EMP003,3,0.0,0.0,False
INV006116,SUP015,ST527,2017-03-05,2017-03-11,2017-03-12,31.92,31.92,Processed,EMP022,1,0.0,0.0,False
INV006117,SUP012,ST073,2017-03-05,2017-03-12,2017-03-15,1416.0,1416.0,Processed,EMP020,3,0.0,0.0,False
INV006118,SUP015,ST529,2017-03-05,2017-03-11,2017-03-22,55.08,55.08,Pending / Delayed,EMP020,11,0.0,0.0,True
INV006119,SUP015,ST508,2017-03-05,2017-03-08,2017-03-13,620.1,620.1,Processed Late,EMP018,5,0.0,0.0,True
INV006120,SUP012,ST253,2017-03-05,2017-03-12,2017-03-14,25.55,25.55,Processed,EMP013,2,0.0,0.0,False
INV006121,SUP014,ST609,2017-03-05,2017-03-13,2017-03-14,3322.99,3322.99,Processed,EMP029,1,0.0,0.0,False
INV006122,SUP015,ST337,2017-03-05,2017-03-11,2017-03-14,13.55,13.55,Processed,EMP029,3,0.0,0.0,False
INV006123,SUP011,ST498,2017-03-05,2017-03-11,2017-03-19,94.59,94.59,Pending / Delayed,EMP002,8,0.0,0.0,True
INV006124,SUP003,ST526,2017-03-05,2017-03-13,2017-03-15,430.17,430.17,Processed,EMP015,2,0.0,0.0,False
INV006125,SUP009,ST407,2017-03-05,2017-03-08,2017-03-13,92.91,92.91,Processed Late,EMP011,5,0.0,0.0,True
INV006126,SUP013,ST265,2017-03-05,2017-03-11,2017-03-16,166.5,166.5,Processed Late,EMP017,5,0.0,0.0,True
INV006127,SUP004,ST053,2017-03-05,2017-03-09,2017-03-14,197.44,197.44,Processed Late,EMP020,5,0.0,0.0,True
INV006128,SUP008,ST602,2017-03-05,2017-03-13,2017-03-17,747.0,747.0,Processed Late,EMP002,4,0.0,0.0,True
INV006129,SUP014,ST305,2017-03-05,2017-03-08,2017-03-09,348.65,349.2,Processed,EMP027,1,-0.55,0.55,False
INV006130,SUP011,ST259,2017-03-05,2017-03-08,2017-03-15,2782.56,2782.56,Pending / Delayed,EMP020,7,0.0,0.0,True
INV006131,SUP001,ST463,2017-03-05,2017-03-09,2017-03-15,16.25,16.25,Processed Late,EMP011,6,0.0,0.0,True
INV006132,SUP003,ST395,2017-03-05,2017-03-09,2017-03-11,17.08,17.08,Processed,EMP005,2,0.0,0.0,False
INV006133,SUP008,ST364,2017-03-05,2017-03-12,2017-03-15,147.15,147.15,Processed,EMP014,3,0.0,0.0,False
INV006134,SUP013,ST266,2017-03-05,2017-03-08,2017-03-09,751.52,751.52,Processed,EMP015,1,0.0,0.0,False
INV006135,SUP009,ST215,2017-03-05,2017-03-09,2017-03-12,1262.0,1262.0,Processed,EMP024,3,0.0,0.0,False
INV006136,SUP011,ST582,2017-03-05,2017-03-09,2017-03-14,1327.32,1327.32,Processed Late,EMP016,5,0.0,0.0,True
INV006137,SUP006,ST519,2017-03-05,2017-03-10,2017-03-13,238.6,238.6,Processed,EMP020,3,0.0,0.0,False
INV006138,SUP015,ST509,2017-03-05,2017-03-08,2017-03-09,286.2,286.2,Processed,EMP026,1,0.0,0.0,False
INV006139,SUP008,ST539,2017-03-05,2017-03-11,2017-03-12,89.3,89.3,Processed,EMP019,1,0.0,0.0,False
INV006140,SUP011,ST040,2017-03-05,2017-03-09,2017-03-10,8.56,8.56,Processed,EMP021,1,0.0,0.0,False
INV006141,SUP008,ST101,2017-03-05,2017-03-13,2017-03-14,53.92,53.92,Processed,EMP005,1,0.0,0.0,False
INV006142,SUP015,ST198,2017-03-05,2017-03-12,2017-03-15,43.2,43.4,Processed,EMP007,3,-0.2,0.2,False
INV006143,SUP001,ST504,2017-03-05,2017-03-12,2017-03-19,16.88,16.88,Pending / Delayed,EMP026,7,0.0,0.0,True
INV006144,SUP003,ST153,2017-03-05,2017-03-11,2017-03-19,119.44,119.44,Pending / Delayed,EMP029,8,0.0,0.0,True
INV006145,SUP001,ST242,2017-03-05,2017-03-12,2017-03-14,50.4,50.4,Processed,EMP019,2,0.0,0.0,False
INV006146,SUP006,ST134,2017-03-05,2017-03-11,2017-03-14,3984.2,3984.2,Processed,EMP019,3,0.0,0.0,False
INV006147,SUP004,ST090,2017-03-05,2017-03-08,2017-03-09,51.99,51.99,Processed,EMP020,1,0.0,0.0,False
INV006148,SUP003,ST470,2017-03-05,2017-03-10,2017-03-16,322.98,322.98,Processed Late,EMP024,6,0.0,0.0,True
INV006149,SUP005,ST462,2017-03-05,2017-03-13,2017-03-15,1420.92,1420.92,Processed,EMP013,2,0.0,0.0,False
INV006150,SUP003,ST252,2017-03-05,2017-03-10,2017-03-15,7.71,7.71,Processed Late,EMP030,5,0.0,0.0,True
INV006151,SUP007,ST628,2017-03-05,2017-03-13,2017-03-14,1277.89,1277.89,Processed,EMP013,1,0.0,0.0,False
INV006152,SUP006,ST322,2017-03-05,2017-03-11,2017-03-12,196.94,197.2,Processed,EMP029,1,-0.26,0.26,False
INV006153,SUP001,ST153,2017-03-05,2017-03-10,2017-03-14,1333.24,1389.76,Processed Late,EMP019,4,-56.52,56.52,True
INV006154,SUP005,ST076,2017-03-05,2017-03-13,2017-03-17,136.5,136.5,Processed Late,EMP010,4,0.0,0.0,True
INV006155,SUP015,ST370,2017-03-05,2017-03-12,2017-03-13,115.06,115.06,Processed,EMP016,1,0.0,0.0,False
INV006156,SUP002,ST164,2017-03-05,2017-03-12,2017-03-16,1512.83,1512.83,Processed Late,EMP023,4,0.0,0.0,True
INV006157,SUP011,ST612,2017-03-05,2017-03-09,2017-03-15,73.66,73.2,Processed Late,EMP028,6,0.46,0.46,True
INV006158,SUP012,ST015,2017-03-05,2017-03-11,2017-03-14,20.1,20.1,Processed,EMP004,3,0.0,0.0,False
INV006159,SUP007,ST106,2017-03-05,2017-03-13,2017-03-24,107.92,107.68,Pending / Delayed,EMP029,11,0.24,0.24,True
INV006160,SUP009,ST243,2017-03-05,2017-03-12,2017-03-24,136.2,136.2,Pending / Delayed,EMP003,12,0.0,0.0,True
INV006161,SUP007,ST571,2017-03-20,2017-03-28,2017-04-03,714.84,714.84,Processed Late,EMP001,6,0.0,0.0,True
INV006162,SUP006,ST379,2017-03-20,2017-03-27,2017-03-30,108.92,110.84,Processed,EMP030,3,-1.92,1.92,False
INV006163,SUP001,ST130,2017-03-20,2017-03-25,2017-03-27,27.33,25.68,Processed,EMP014,2,1.65,1.65,False
INV006164,SUP008,ST511,2017-03-20,2017-03-28,2017-04-03,90.72,90.72,Processed Late,EMP030,6,0.0,0.0,True
INV006165,SUP011,ST320,2017-03-20,2017-03-24,2017-03-25,49.59,49.59,Processed,EMP005,1,0.0,0.0,False
INV006166,SUP014,ST197,2017-03-20,2017-03-23,2017-03-25,387.12,387.12,Processed,EMP022,2,0.0,0.0,False
INV006167,SUP014,ST421,2017-03-20,2017-03-25,2017-03-28,7.68,7.68,Processed,EMP012,3,0.0,0.0,False
INV006168,SUP012,ST251,2017-03-20,2017-03-23,2017-03-28,206.64,206.64,Processed Late,EMP003,5,0.0,0.0,True
INV006169,SUP014,ST146,2017-03-20,2017-03-23,2017-04-03,10743.6,10743.6,Pending / Delayed,EMP024,11,0.0,0.0,True
INV006170,SUP011,ST189,2017-03-20,2017-03-26,2017-03-27,175.34,175.34,Processed,EMP008,1,0.0,0.0,False
INV006171,SUP006,ST024,2017-03-20,2017-03-23,2017-03-29,76.6,76.6,Processed Late,EMP028,6,0.0,0.0,True
INV006172,SUP001,ST443,2017-03-20,2017-03-28,2017-03-31,1996.16,1996.16,Processed,EMP015,3,0.0,0.0,False
INV006173,SUP011,ST111,2017-03-20,2017-03-28,2017-04-05,91.4,91.4,Pending / Delayed,EMP002,8,0.0,0.0,True
INV006174,SUP014,ST214,2017-03-20,2017-03-23,2017-04-02,9.38,9.12,Pending / Delayed,EMP012,10,0.26,0.26,True
INV006175,SUP010,ST488,2017-03-20,2017-03-26,2017-03-28,44.97,44.97,Processed,EMP006,2,0.0,0.0,False
INV006176,SUP002,ST565,2017-03-20,2017-03-27,2017-03-28,25.62,25.62,Processed,EMP027,1,0.0,0.0,False
INV006177,SUP014,ST237,2017-03-20,2017-03-26,2017-03-30,1358.55,1358.55,Processed Late,EMP002,4,0.0,0.0,True
INV006178,SUP003,ST592,2017-03-20,2017-03-27,2017-03-29,112.64,112.64,Processed,EMP025,2,0.0,0.0,False
INV006179,SUP014,ST346,2017-03-20,2017-03-28,2017-03-29,92.1,92.1,Processed,EMP011,1,0.0,0.0,False
INV006180,SUP003,ST428,2017-03-20,2017-03-25,2017-04-06,18.87,18.87,Pending / Delayed,EMP022,12,0.0,0.0,True
INV006181,SUP003,ST149,2017-03-20,2017-03-23,2017-04-01,8.22,8.22,Pending / Delayed,EMP001,9,0.0,0.0,True
INV006182,SUP005,ST187,2017-03-20,2017-03-28,2017-03-31,179.36,179.36,Processed,EMP028,3,0.0,0.0,False
INV006183,SUP010,ST574,2017-03-20,2017-03-23,2017-03-29,24.09,24.09,Processed Late,EMP017,6,0.0,0.0,True
INV006184,SUP008,ST171,2017-03-20,2017-03-24,2017-03-28,47.88,47.88,Processed Late,EMP015,4,0.0,0.0,True
INV006185,SUP003,ST163,2017-03-20,2017-03-26,2017-03-29,34.86,34.86,Processed,EMP001,3,0.0,0.0,False
INV006186,SUP003,ST432,2017-03-20,2017-03-23,2017-03-26,70.96,70.96,Processed,EMP016,3,0.0,0.0,False
INV006187,SUP005,ST426,2017-03-20,2017-03-24,2017-03-26,7.62,7.62,Processed,EMP026,2,0.0,0.0,False
INV006188,SUP003,ST278,2017-03-20,2017-03-26,2017-03-28,2356.02,2356.02,Processed,EMP025,2,0.0,0.0,False
INV006189,SUP007,ST020,2017-03-20,2017-03-24,2017-03-30,538.72,538.72,Processed Late,EMP005,6,0.0,0.0,True
INV006190,SUP012,ST264,2017-03-20,2017-03-26,2017-03-27,165.4,165.4,Processed,EMP004,1,0.0,0.0,False
INV006191,SUP008,ST564,2017-03-20,2017-03-24,2017-03-27,583.31,583.31,Processed,EMP013,3,0.0,0.0,False
INV006192,SUP009,ST550,2017-03-20,2017-03-25,2017-03-30,266.03,271.5,Processed Late,EMP024,5,-5.47,5.47,True
INV006193,SUP012,ST621,2017-03-20,2017-03-23,2017-03-25,1375.52,1375.52,Processed,EMP009,2,0.0,0.0,False
INV006194,SUP008,ST055,2017-03-20,2017-03-23,2017-03-28,2098.92,2098.92,Processed Late,EMP012,5,0.0,0.0,True
INV006195,SUP009,ST513,2017-03-20,2017-03-24,2017-03-25,146.2,148.68,Processed,EMP010,1,-2.48,2.48,False
INV006196,SUP003,ST409,2017-03-20,2017-03-25,2017-03-29,48.03,46.32,Processed Late,EMP005,4,1.71,1.71,True
INV006197,SUP003,ST411,2017-03-20,2017-03-28,2017-03-29,20.7,20.7,Processed,EMP007,1,0.0,0.0,False
INV006198,SUP008,ST028,2017-03-20,2017-03-27,2017-03-28,1219.82,1219.82,Processed,EMP001,1,0.0,0.0,False
INV006199,SUP002,ST529,2017-03-20,2017-03-27,2017-03-30,120.86,128.72,Processed,EMP026,3,-7.86,7.86,False
INV006200,SUP012,ST408,2017-03-20,2017-03-24,2017-03-25,131.04,131.04,Processed,EMP021,1,0.0,0.0,False
INV006201,SUP002,ST412,2017-03-20,2017-03-23,2017-03-26,3.24,3.24,Processed,EMP030,3,0.0,0.0,False
INV006202,SUP010,ST377,2017-03-20,2017-03-24,2017-03-26,59.5,59.5,Processed,EMP022,2,0.0,0.0,False
INV006203,SUP004,ST127,2017-03-20,2017-03-27,2017-03-28,832.64,832.64,Processed,EMP020,1,0.0,0.0,False
INV006204,SUP011,ST370,2017-03-20,2017-03-23,2017-03-28,1045.2,1045.2,Processed Late,EMP012,5,0.0,0.0,True
INV006205,SUP007,ST019,2017-03-20,2017-03-23,2017-03-24,73.25,70.8,Processed,EMP005,1,2.45,2.45,False
INV006206,SUP009,ST268,2017-03-20,2017-03-26,2017-03-31,109.0,109.0,Processed Late,EMP025,5,0.0,0.0,True
INV006207,SUP015,ST122,2017-03-20,2017-03-25,2017-03-27,725.4,725.4,Processed,EMP025,2,0.0,0.0,False
INV006208,SUP011,ST410,2017-03-20,2017-03-28,2017-03-30,2430.0,2430.0,Processed,EMP003,2,0.0,0.0,False
INV006209,SUP001,ST492,2017-03-20,2017-03-25,2017-04-03,38.95,38.95,Pending / Delayed,EMP002,9,0.0,0.0,True
INV006210,SUP001,ST483,2017-03-20,2017-03-28,2017-03-31,43.45,43.45,Processed,EMP028,3,0.0,0.0,False
INV006211,SUP007,ST562,2017-03-20,2017-03-23,2017-03-26,45.65,45.65,Processed,EMP024,3,0.0,0.0,False
INV006212,SUP008,ST156,2017-03-20,2017-03-23,2017-03-25,321.44,321.44,Processed,EMP027,2,0.0,0.0,False
INV006213,SUP006,ST069,2017-03-20,2017-03-28,2017-03-30,28.6,28.6,Processed,EMP024,2,0.0,0.0,False
INV006214,SUP001,ST481,2017-03-20,2017-03-25,2017-03-26,73.2,73.2,Processed,EMP005,1,0.0,0.0,False
INV006215,SUP012,ST371,2017-03-20,2017-03-27,2017-03-28,82.35,82.35,Processed,EMP012,1,0.0,0.0,False
INV006216,SUP001,ST153,2017-03-20,2017-03-26,2017-03-29,179.97,179.97,Processed,EMP014,3,0.0,0.0,False
INV006217,SUP003,ST236,2017-03-20,2017-03-26,2017-03-28,128.59,128.59,Processed,EMP028,2,0.0,0.0,False
INV006218,SUP011,ST177,2017-03-20,2017-03-23,2017-03-28,51.42,51.42,Processed Late,EMP006,5,0.0,0.0,True
INV006219,SUP013,ST618,2017-03-20,2017-03-27,2017-03-29,223.86,223.86,Processed,EMP019,2,0.0,0.0,False
INV006220,SUP011,ST342,2017-03-20,2017-03-26,2017-03-28,60.32,60.32,Processed,EMP004,2,0.0,0.0,False
INV006221,SUP014,ST463,2017-03-20,2017-03-26,2017-03-30,228.21,239.85,Processed Late,EMP001,4,-11.64,11.64,True
INV006222,SUP007,ST631,2017-03-20,2017-03-25,2017-03-27,832.02,832.02,Processed,EMP028,2,0.0,0.0,False
INV006223,SUP002,ST415,2017-03-20,2017-03-24,2017-03-25,19.46,19.46,Processed,EMP028,1,0.0,0.0,False
INV006224,SUP004,ST452,2017-03-20,2017-03-28,2017-04-07,465.4,465.4,Pending / Delayed,EMP013,10,0.0,0.0,True
INV006225,SUP015,ST193,2017-03-20,2017-03-26,2017-03-27,626.86,626.86,Processed,EMP021,1,0.0,0.0,False
INV006226,SUP013,ST434,2017-03-20,2017-03-25,2017-03-27,486.99,486.99,Processed,EMP028,2,0.0,0.0,False
INV006227,SUP011,ST623,2017-03-20,2017-03-24,2017-03-25,530.0,530.0,Processed,EMP024,1,0.0,0.0,False
INV006228,SUP011,ST386,2017-03-20,2017-03-24,2017-03-27,3813.49,3813.49,Processed,EMP029,3,0.0,0.0,False
INV006229,SUP008,ST091,2017-03-20,2017-03-25,2017-03-28,78.86,80.46,Processed,EMP011,3,-1.6,1.6,False
INV006230,SUP009,ST306,2017-03-20,2017-03-25,2017-03-30,161.37,161.37,Processed Late,EMP029,5,0.0,0.0,True
INV006231,SUP002,ST282,2017-03-20,2017-03-28,2017-04-08,1363.88,1363.88,Pending / Delayed,EMP027,11,0.0,0.0,True
INV006232,SUP004,ST346,2017-03-20,2017-03-23,2017-03-26,32.82,32.82,Processed,EMP010,3,0.0,0.0,False
INV006233,SUP001,ST365,2017-03-20,2017-03-28,2017-03-31,410.49,401.31,Processed,EMP030,3,9.18,9.18,False
INV006234,SUP010,ST592,2017-03-20,2017-03-27,2017-04-05,22.7,22.7,Pending / Delayed,EMP001,9,0.0,0.0,True
INV006235,SUP006,ST250,2017-03-20,2017-03-28,2017-03-30,1911.68,1911.68,Processed,EMP002,2,0.0,0.0,False
INV006236,SUP002,ST100,2017-03-20,2017-03-26,2017-03-27,231.04,231.04,Processed,EMP001,1,0.0,0.0,False
INV006237,SUP009,ST381,2017-03-20,2017-03-25,2017-03-28,869.01,869.01,Processed,EMP014,3,0.0,0.0,False
INV006238,SUP007,ST524,2017-03-20,2017-03-28,2017-03-29,167.3,167.3,Processed,EMP015,1,0.0,0.0,False
INV006239,SUP014,ST170,2017-03-20,2017-03-25,2017-03-26,154.08,154.08,Processed,EMP018,1,0.0,0.0,False
INV006240,SUP007,ST121,2017-03-20,2017-03-24,2017-03-29,596.7,596.7,Processed Late,EMP030,5,0.0,0.0,True
INV006241,SUP011,ST465,2017-04-05,2017-04-13,2017-04-19,6.16,6.4,Processed Late,EMP026,6,-0.24,0.24,True
INV006242,SUP014,ST545,2017-04-05,2017-04-08,2017-04-11,23.7,23.7,Processed,EMP023,3,0.0,0.0,False
INV006243,SUP003,ST429,2017-04-05,2017-04-10,2017-04-11,5.97,5.97,Processed,EMP001,1,0.0,0.0,False
INV006244,SUP008,ST138,2017-04-05,2017-04-09,2017-04-11,262.99,262.99,Processed,EMP026,2,0.0,0.0,False
INV006245,SUP014,ST168,2017-04-05,2017-04-09,2017-04-12,85.2,85.2,Processed,EMP007,3,0.0,0.0,False
INV006246,SUP009,ST105,2017-04-05,2017-04-11,2017-04-14,262.65,262.65,Processed,EMP025,3,0.0,0.0,False
INV006247,SUP013,ST289,2017-04-05,2017-04-09,2017-04-14,155.04,155.04,Processed Late,EMP016,5,0.0,0.0,True
INV006248,SUP009,ST287,2017-04-05,2017-04-11,2017-04-17,2100.4,2100.4,Processed Late,EMP014,6,0.0,0.0,True
INV006249,SUP003,ST598,2017-04-05,2017-04-09,2017-04-10,1243.06,1243.06,Processed,EMP001,1,0.0,0.0,False
INV006250,SUP009,ST259,2017-04-05,2017-04-12,2017-04-15,124.45,124.45,Processed,EMP021,3,0.0,0.0,False
INV006251,SUP007,ST081,2017-04-05,2017-04-12,2017-04-16,78.96,78.96,Processed Late,EMP015,4,0.0,0.0,True
INV006252,SUP001,ST278,2017-04-05,2017-04-09,2017-04-12,118.15,118.15,Processed,EMP005,3,0.0,0.0,False
INV006253,SUP015,ST186,2017-04-05,2017-04-08,2017-04-15,50.46,50.46,Pending / Delayed,EMP026,7,0.0,0.0,True
INV006254,SUP009,ST531,2017-04-05,2017-04-11,2017-04-12,118.5,118.5,Processed,EMP015,1,0.0,0.0,False
INV006255,SUP009,ST473,2017-04-05,2017-04-12,2017-04-14,128.4,128.4,Processed,EMP017,2,0.0,0.0,False
INV006256,SUP009,ST265,2017-04-05,2017-04-11,2017-04-14,82.5,82.5,Processed,EMP014,3,0.0,0.0,False
INV006257,SUP004,ST285,2017-04-05,2017-04-09,2017-04-12,612.15,612.15,Processed,EMP016,3,0.0,0.0,False
INV006258,SUP010,ST219,2017-04-05,2017-04-11,2017-04-12,19.14,19.14,Processed,EMP023,1,0.0,0.0,False
INV006259,SUP007,ST187,2017-04-05,2017-04-10,2017-04-14,377.76,377.76,Processed Late,EMP022,4,0.0,0.0,True
INV006260,SUP010,ST214,2017-04-05,2017-04-11,2017-04-14,15.81,14.8,Processed,EMP005,3,1.01,1.01,False
INV006261,SUP001,ST114,2017-04-05,2017-04-13,2017-04-16,401.58,401.58,Processed,EMP004,3,0.0,0.0,False
INV006262,SUP009,ST294,2017-04-05,2017-04-09,2017-04-11,8.2,8.2,Processed,EMP025,2,0.0,0.0,False
INV006263,SUP013,ST358,2017-04-05,2017-04-10,2017-04-11,1016.55,1016.55,Processed,EMP001,1,0.0,0.0,False
INV006264,SUP007,ST568,2017-04-05,2017-04-09,2017-04-12,86.56,86.56,Processed,EMP027,3,0.0,0.0,False
INV006265,SUP004,ST064,2017-04-05,2017-04-13,2017-04-23,36.9,36.9,Pending / Delayed,EMP016,10,0.0,0.0,True
INV006266,SUP005,ST531,2017-04-05,2017-04-11,2017-04-12,1782.45,1782.45,Processed,EMP015,1,0.0,0.0,False
INV006267,SUP002,ST388,2017-04-05,2017-04-11,2017-04-12,16.44,16.44,Processed,EMP029,1,0.0,0.0,False
INV006268,SUP015,ST307,2017-04-05,2017-04-11,2017-04-13,13.92,13.92,Processed,EMP022,2,0.0,0.0,False
INV006269,SUP008,ST181,2017-04-05,2017-04-08,2017-04-09,11.55,11.55,Processed,EMP020,1,0.0,0.0,False
INV006270,SUP011,ST166,2017-04-05,2017-04-12,2017-04-13,2598.44,2598.44,Processed,EMP012,1,0.0,0.0,False
INV006271,SUP006,ST429,2017-04-05,2017-04-10,2017-04-13,815.68,815.68,Processed,EMP006,3,0.0,0.0,False
INV006272,SUP002,ST134,2017-04-05,2017-04-10,2017-04-13,673.36,673.36,Processed,EMP019,3,0.0,0.0,False
INV006273,SUP008,ST558,2017-04-05,2017-04-08,2017-04-13,290.51,290.51,Processed Late,EMP005,5,0.0,0.0,True
INV006274,SUP013,ST049,2017-04-05,2017-04-13,2017-04-16,60.03,56.44,Processed,EMP009,3,3.59,3.59,False
INV006275,SUP015,ST306,2017-04-05,2017-04-13,2017-04-15,110.08,110.08,Processed,EMP008,2,0.0,0.0,False
INV006276,SUP007,ST386,2017-04-05,2017-04-12,2017-04-13,58.68,58.68,Processed,EMP017,1,0.0,0.0,False
INV006277,SUP014,ST304,2017-04-05,2017-04-10,2017-04-12,35.1,35.1,Processed,EMP010,2,0.0,0.0,False
INV006278,SUP014,ST565,2017-04-05,2017-04-09,2017-04-13,4.5,4.86,Processed Late,EMP001,4,-0.36,0.36,True
INV006279,SUP003,ST536,2017-04-05,2017-04-12,2017-04-14,17.04,17.04,Processed,EMP023,2,0.0,0.0,False
INV006280,SUP015,ST324,2017-04-05,2017-04-10,2017-04-15,766.35,766.35,Processed Late,EMP004,5,0.0,0.0,True
INV006281,SUP012,ST621,2017-04-05,2017-04-12,2017-04-14,3824.24,3824.24,Processed,EMP021,2,0.0,0.0,False
INV006282,SUP009,ST161,2017-04-05,2017-04-13,2017-04-14,330.22,330.22,Processed,EMP014,1,0.0,0.0,False
INV006283,SUP006,ST158,2017-04-05,2017-04-12,2017-04-14,48.32,48.32,Processed,EMP012,2,0.0,0.0,False
INV006284,SUP014,ST172,2017-04-05,2017-04-13,2017-04-15,21.32,21.32,Processed,EMP025,2,0.0,0.0,False
INV006285,SUP008,ST094,2017-04-05,2017-04-12,2017-04-15,56.24,56.24,Processed,EMP012,3,0.0,0.0,False
INV006286,SUP004,ST443,2017-04-05,2017-04-12,2017-04-15,16.31,16.31,Processed,EMP024,3,0.0,0.0,False
INV006287,SUP003,ST454,2017-04-05,2017-04-10,2017-04-12,1081.2,1081.2,Processed,EMP007,2,0.0,0.0,False
INV006288,SUP009,ST347,2017-04-05,2017-04-12,2017-04-16,47.32,47.32,Processed Late,EMP011,4,0.0,0.0,True
INV006289,SUP012,ST388,2017-04-05,2017-04-11,2017-04-12,47.46,47.46,Processed,EMP012,1,0.0,0.0,False
INV006290,SUP009,ST495,2017-04-05,2017-04-09,2017-04-12,29.07,29.07,Processed,EMP010,3,0.0,0.0,False
INV006291,SUP008,ST082,2017-04-05,2017-04-10,2017-04-11,158.22,158.22,Processed,EMP023,1,0.0,0.0,False
INV006292,SUP004,ST228,2017-04-05,2017-04-09,2017-04-12,1159.2,1159.2,Processed,EMP008,3,0.0,0.0,False
INV006293,SUP013,ST378,2017-04-05,2017-04-13,2017-04-16,49.27,46.54,Processed,EMP016,3,2.73,2.73,False
INV006294,SUP003,ST198,2017-04-05,2017-04-10,2017-04-12,59.88,59.88,Processed,EMP001,2,0.0,0.0,False
INV006295,SUP012,ST038,2017-04-05,2017-04-08,2017-04-13,28.47,30.56,Processed Late,EMP026,5,-2.09,2.09,True
INV006296,SUP009,ST366,2017-04-05,2017-04-13,2017-04-21,94.08,94.08,Pending / Delayed,EMP007,8,0.0,0.0,True
INV006297,SUP003,ST474,2017-04-05,2017-04-09,2017-04-15,480.8,480.8,Processed Late,EMP005,6,0.0,0.0,True
INV006298,SUP006,ST459,2017-04-05,2017-04-13,2017-04-22,72.9,72.9,Pending / Delayed,EMP017,9,0.0,0.0,True
INV006299,SUP001,ST157,2017-04-05,2017-04-09,2017-04-17,379.05,379.05,Pending / Delayed,EMP001,8,0.0,0.0,True
INV006300,SUP007,ST534,2017-04-05,2017-04-10,2017-04-13,38.04,38.04,Processed,EMP001,3,0.0,0.0,False
INV006301,SUP013,ST461,2017-04-05,2017-04-13,2017-04-19,423.45,423.45,Processed Late,EMP026,6,0.0,0.0,True
INV006302,SUP002,ST426,2017-04-05,2017-04-12,2017-04-20,486.57,486.57,Pending / Delayed,EMP028,8,0.0,0.0,True
INV006303,SUP002,ST369,2017-04-05,2017-04-11,2017-04-13,346.56,346.56,Processed,EMP030,2,0.0,0.0,False
INV006304,SUP011,ST472,2017-04-05,2017-04-08,2017-04-10,35.42,35.42,Processed,EMP025,2,0.0,0.0,False
INV006305,SUP014,ST352,2017-04-05,2017-04-08,2017-04-11,50.4,50.4,Processed,EMP017,3,0.0,0.0,False
INV006306,SUP005,ST528,2017-04-05,2017-04-08,2017-04-11,62.1,62.1,Processed,EMP026,3,0.0,0.0,False
INV006307,SUP004,ST213,2017-04-05,2017-04-10,2017-04-12,110.85,110.85,Processed,EMP024,2,0.0,0.0,False
INV006308,SUP002,ST167,2017-04-05,2017-04-11,2017-04-14,69.86,69.86,Processed,EMP020,3,0.0,0.0,False
INV006309,SUP008,ST449,2017-04-05,2017-04-10,2017-04-15,51.96,51.96,Processed Late,EMP016,5,0.0,0.0,True
INV006310,SUP004,ST630,2017-04-05,2017-04-12,2017-04-14,68.1,68.1,Processed,EMP015,2,0.0,0.0,False
INV006311,SUP011,ST286,2017-04-05,2017-04-12,2017-04-15,2583.8,2583.8,Processed,EMP010,3,0.0,0.0,False
INV006312,SUP007,ST025,2017-04-05,2017-04-12,2017-04-15,94.2,94.2,Processed,EMP011,3,0.0,0.0,False
INV006313,SUP002,ST132,2017-04-05,2017-04-11,2017-04-12,1083.6,1083.6,Processed,EMP002,1,0.0,0.0,False
INV006314,SUP001,ST121,2017-04-05,2017-04-08,2017-04-09,21.24,21.24,Processed,EMP003,1,0.0,0.0,False
INV006315,SUP014,ST385,2017-04-05,2017-04-11,2017-04-13,174.84,177.66,Processed,EMP027,2,-2.82,2.82,False
INV006316,SUP007,ST563,2017-04-05,2017-04-10,2017-04-12,23.94,23.94,Processed,EMP025,2,0.0,0.0,False
INV006317,SUP009,ST078,2017-04-05,2017-04-13,2017-04-22,3381.36,3381.36,Pending / Delayed,EMP004,9,0.0,0.0,True
INV006318,SUP006,ST224,2017-04-05,2017-04-11,2017-04-13,188.22,188.22,Processed,EMP018,2,0.0,0.0,False
INV006319,SUP004,ST334,2017-04-05,2017-04-10,2017-04-15,1550.5,1550.5,Processed Late,EMP016,5,0.0,0.0,True
INV006320,SUP011,ST461,2017-04-05,2017-04-10,2017-04-12,40.73,37.9,Processed,EMP018,2,2.83,2.83,False
INV006321,SUP002,ST327,2017-04-20,2017-04-25,2017-04-27,896.02,965.16,Processed,EMP002,2,-69.14,69.14,False
INV006322,SUP006,ST474,2017-04-20,2017-04-27,2017-04-30,75.45,75.45,Processed,EMP020,3,0.0,0.0,False
INV006323,SUP008,ST349,2017-04-20,2017-04-24,2017-04-25,168.96,168.96,Processed,EMP024,1,0.0,0.0,False
INV006324,SUP006,ST027,2017-04-20,2017-04-26,2017-04-27,212.8,212.8,Processed,EMP007,1,0.0,0.0,False
INV006325,SUP007,ST138,2017-04-20,2017-04-24,2017-04-26,19.08,19.08,Processed,EMP009,2,0.0,0.0,False
INV006326,SUP005,ST527,2017-04-20,2017-04-25,2017-04-27,57.83,57.72,Processed,EMP029,2,0.11,0.11,False
INV006327,SUP009,ST230,2017-04-20,2017-04-23,2017-04-27,339.02,339.02,Processed Late,EMP030,4,0.0,0.0,True
INV006328,SUP003,ST376,2017-04-20,2017-04-24,2017-05-04,56.7,56.7,Pending / Delayed,EMP027,10,0.0,0.0,True
INV006329,SUP015,ST543,2017-04-20,2017-04-23,2017-04-25,7.29,7.29,Processed,EMP003,2,0.0,0.0,False
INV006330,SUP006,ST099,2017-04-20,2017-04-26,2017-05-01,187.92,187.92,Processed Late,EMP023,5,0.0,0.0,True
INV006331,SUP014,ST384,2017-04-20,2017-04-23,2017-04-24,26.18,26.18,Processed,EMP021,1,0.0,0.0,False
INV006332,SUP001,ST210,2017-04-20,2017-04-27,2017-05-05,120.78,120.78,Pending / Delayed,EMP020,8,0.0,0.0,True
INV006333,SUP007,ST269,2017-04-20,2017-04-24,2017-04-25,12.06,12.06,Processed,EMP008,1,0.0,0.0,False
INV006334,SUP013,ST561,2017-04-20,2017-04-23,2017-04-24,67.12,67.12,Processed,EMP001,1,0.0,0.0,False
INV006335,SUP012,ST372,2017-04-20,2017-04-27,2017-04-28,73.83,73.83,Processed,EMP005,1,0.0,0.0,False
INV006336,SUP012,ST292,2017-04-20,2017-04-27,2017-04-28,29.88,29.88,Processed,EMP014,1,0.0,0.0,False
INV006337,SUP013,ST447,2017-04-20,2017-04-24,2017-04-27,11.48,11.48,Processed,EMP011,3,0.0,0.0,False
INV006338,SUP002,ST181,2017-04-20,2017-04-26,2017-05-01,192.72,192.72,Processed Late,EMP025,5,0.0,0.0,True
INV006339,SUP006,ST169,2017-04-20,2017-04-27,2017-05-03,39.52,39.52,Processed Late,EMP010,6,0.0,0.0,True
INV006340,SUP010,ST063,2017-04-20,2017-04-26,2017-04-27,420.6,420.6,Processed,EMP018,1,0.0,0.0,False
INV006341,SUP005,ST091,2017-04-20,2017-04-27,2017-04-29,27.88,27.88,Processed,EMP013,2,0.0,0.0,False
INV006342,SUP006,ST310,2017-04-20,2017-04-27,2017-04-29,495.81,495.81,Processed,EMP029,2,0.0,0.0,False
INV006343,SUP010,ST090,2017-04-20,2017-04-23,2017-04-25,342.92,342.92,Processed,EMP022,2,0.0,0.0,False
INV006344,SUP012,ST239,2017-04-20,2017-04-28,2017-05-05,125.29,125.29,Pending / Delayed,EMP022,7,0.0,0.0,True
INV006345,SUP008,ST071,2017-04-20,2017-04-27,2017-04-28,506.16,506.16,Processed,EMP029,1,0.0,0.0,False
INV006346,SUP015,ST473,2017-04-20,2017-04-27,2017-04-29,70.35,70.35,Processed,EMP006,2,0.0,0.0,False
INV006347,SUP008,ST245,2017-04-20,2017-04-27,2017-05-01,6528.15,6528.15,Processed Late,EMP020,4,0.0,0.0,True
INV006348,SUP002,ST155,2017-04-20,2017-04-24,2017-04-25,25.62,25.62,Processed,EMP009,1,0.0,0.0,False
INV006349,SUP015,ST209,2017-04-20,2017-04-28,2017-05-01,1569.33,1569.33,Processed,EMP018,3,0.0,0.0,False
INV006350,SUP005,ST607,2017-04-20,2017-04-23,2017-05-02,22.86,22.86,Pending / Delayed,EMP030,9,0.0,0.0,True
INV006351,SUP009,ST617,2017-04-20,2017-04-27,2017-05-02,29.64,29.64,Processed Late,EMP010,5,0.0,0.0,True
INV006352,SUP012,ST072,2017-04-20,2017-04-27,2017-05-01,63.84,63.84,Processed Late,EMP025,4,0.0,0.0,True
INV006353,SUP006,ST162,2017-04-20,2017-04-26,2017-04-27,112.35,112.35,Processed,EMP004,1,0.0,0.0,False
INV006354,SUP010,ST605,2017-04-20,2017-04-24,2017-04-29,25.56,24.6,Processed Late,EMP026,5,0.96,0.96,True
INV006355,SUP004,ST197,2017-04-20,2017-04-25,2017-04-28,173.52,173.52,Processed,EMP004,3,0.0,0.0,False
INV006356,SUP012,ST212,2017-04-20,2017-04-25,2017-04-27,38.57,38.57,Processed,EMP016,2,0.0,0.0,False
INV006357,SUP007,ST409,2017-04-20,2017-04-23,2017-04-25,667.92,667.92,Processed,EMP007,2,0.0,0.0,False
INV006358,SUP012,ST071,2017-04-20,2017-04-28,2017-04-29,1870.0,1870.0,Processed,EMP024,1,0.0,0.0,False
INV006359,SUP004,ST562,2017-04-20,2017-04-27,2017-05-03,28.82,28.82,Processed Late,EMP004,6,0.0,0.0,True
INV006360,SUP013,ST491,2017-04-20,2017-04-25,2017-04-27,1560.45,1560.45,Processed,EMP001,2,0.0,0.0,False
INV006361,SUP001,ST115,2017-04-20,2017-04-28,2017-05-05,10.68,10.68,Pending / Delayed,EMP012,7,0.0,0.0,True
INV006362,SUP001,ST255,2017-04-20,2017-04-27,2017-04-28,28.48,28.48,Processed,EMP008,1,0.0,0.0,False
INV006363,SUP007,ST029,2017-04-20,2017-04-24,2017-04-27,1022.7,1022.7,Processed,EMP004,3,0.0,0.0,False
INV006364,SUP008,ST401,2017-04-20,2017-04-28,2017-05-01,35.7,35.7,Processed,EMP018,3,0.0,0.0,False
INV006365,SUP013,ST158,2017-04-20,2017-04-27,2017-04-29,32.98,32.98,Processed,EMP028,2,0.0,0.0,False
INV006366,SUP002,ST387,2017-04-20,2017-04-26,2017-04-27,739.68,739.68,Processed,EMP001,1,0.0,0.0,False
INV006367,SUP004,ST510,2017-04-20,2017-04-26,2017-04-28,497.14,497.14,Processed,EMP021,2,0.0,0.0,False
INV006368,SUP014,ST057,2017-04-20,2017-04-24,2017-04-27,40.2,40.2,Processed,EMP006,3,0.0,0.0,False
INV006369,SUP001,ST193,2017-04-20,2017-04-28,2017-05-02,132.51,141.76,Processed Late,EMP028,4,-9.25,9.25,True
INV006370,SUP004,ST062,2017-04-20,2017-04-26,2017-04-27,90.72,90.72,Processed,EMP002,1,0.0,0.0,False
INV006371,SUP006,ST609,2017-04-20,2017-04-26,2017-05-02,57.28,57.28,Processed Late,EMP012,6,0.0,0.0,True
INV006372,SUP014,ST407,2017-04-20,2017-04-25,2017-04-26,18.62,18.62,Processed,EMP026,1,0.0,0.0,False
INV006373,SUP003,ST254,2017-04-20,2017-04-26,2017-04-28,125.28,125.28,Processed,EMP021,2,0.0,0.0,False
INV006374,SUP008,ST111,2017-04-20,2017-04-28,2017-05-02,304.96,304.96,Processed Late,EMP011,4,0.0,0.0,True
INV006375,SUP010,ST508,2017-04-20,2017-04-26,2017-05-03,7.12,7.12,Pending / Delayed,EMP025,7,0.0,0.0,True
INV006376,SUP004,ST256,2017-04-20,2017-04-24,2017-04-27,75.51,75.51,Processed,EMP024,3,0.0,0.0,False
INV006377,SUP001,ST416,2017-04-20,2017-04-27,2017-05-02,29.44,28.49,Processed Late,EMP001,5,0.95,0.95,True
INV006378,SUP015,ST555,2017-04-20,2017-04-25,2017-05-01,170.34,170.34,Processed Late,EMP002,6,0.0,0.0,True
INV006379,SUP011,ST176,2017-04-20,2017-04-27,2017-04-30,116.8,116.8,Processed,EMP015,3,0.0,0.0,False
INV006380,SUP001,ST592,2017-04-20,2017-04-27,2017-04-29,524.4,524.4,Processed,EMP007,2,0.0,0.0,False
INV006381,SUP015,ST333,2017-04-20,2017-04-27,2017-04-30,40.74,40.74,Processed,EMP022,3,0.0,0.0,False
INV006382,SUP009,ST346,2017-04-20,2017-04-26,2017-04-27,9.9,9.9,Processed,EMP018,1,0.0,0.0,False
INV006383,SUP002,ST217,2017-04-20,2017-04-27,2017-05-08,1635.84,1635.84,Pending / Delayed,EMP005,11,0.0,0.0,True
INV006384,SUP007,ST025,2017-04-20,2017-04-27,2017-04-29,10.1,10.1,Processed,EMP003,2,0.0,0.0,False
INV006385,SUP013,ST241,2017-04-20,2017-04-28,2017-04-30,53.46,53.46,Processed,EMP027,2,0.0,0.0,False
INV006386,SUP004,ST561,2017-04-20,2017-04-27,2017-04-30,3628.62,3632.04,Processed,EMP027,3,-3.42,3.42,False
INV006387,SUP014,ST198,2017-04-20,2017-04-25,2017-05-07,44.52,44.52,Pending / Delayed,EMP020,12,0.0,0.0,True
INV006388,SUP005,ST242,2017-04-20,2017-04-28,2017-05-01,157.89,157.89,Processed,EMP019,3,0.0,0.0,False
INV006389,SUP005,ST424,2017-04-20,2017-04-24,2017-04-26,51.36,51.36,Processed,EMP030,2,0.0,0.0,False
INV006390,SUP012,ST492,2017-04-20,2017-04-26,2017-04-27,71.0,71.0,Processed,EMP022,1,0.0,0.0,False
INV006391,SUP013,ST091,2017-04-20,2017-04-23,2017-04-24,176.82,176.82,Processed,EMP005,1,0.0,0.0,False
INV006392,SUP008,ST341,2017-04-20,2017-04-24,2017-04-28,14.28,14.28,Processed Late,EMP009,4,0.0,0.0,True
INV006393,SUP007,ST039,2017-04-20,2017-04-23,2017-04-29,302.0,302.0,Processed Late,EMP009,6,0.0,0.0,True
INV006394,SUP001,ST526,2017-04-20,2017-04-23,2017-04-24,20.93,20.93,Processed,EMP030,1,0.0,0.0,False
INV006395,SUP002,ST379,2017-04-20,2017-04-27,2017-04-28,1250.1,1250.1,Processed,EMP009,1,0.0,0.0,False
INV006396,SUP005,ST220,2017-04-20,2017-04-27,2017-04-30,9.69,9.69,Processed,EMP005,3,0.0,0.0,False
INV006397,SUP007,ST122,2017-04-20,2017-04-26,2017-04-30,200.48,200.48,Processed Late,EMP012,4,0.0,0.0,True
INV006398,SUP014,ST204,2017-04-20,2017-04-27,2017-05-01,115.78,115.78,Processed Late,EMP003,4,0.0,0.0,True
INV006399,SUP003,ST410,2017-04-20,2017-04-28,2017-04-30,149.36,149.36,Processed,EMP020,2,0.0,0.0,False
INV006400,SUP012,ST277,2017-04-20,2017-04-26,2017-05-02,263.4,263.4,Processed Late,EMP020,6,0.0,0.0,True
INV006401,SUP007,ST513,2017-05-05,2017-05-08,2017-05-11,26.5,26.5,Processed,EMP020,3,0.0,0.0,False
INV006402,SUP015,ST238,2017-05-05,2017-05-09,2017-05-15,50.04,50.04,Processed Late,EMP022,6,0.0,0.0,True
INV006403,SUP013,ST028,2017-05-05,2017-05-12,2017-05-13,24.52,24.52,Processed,EMP026,1,0.0,0.0,False
INV006404,SUP006,ST288,2017-05-05,2017-05-09,2017-05-15,243.2,243.2,Processed Late,EMP025,6,0.0,0.0,True
INV006405,SUP007,ST435,2017-05-05,2017-05-11,2017-05-13,38.8,38.8,Processed,EMP002,2,0.0,0.0,False
INV006406,SUP014,ST089,2017-05-05,2017-05-08,2017-05-10,103.68,103.68,Processed,EMP014,2,0.0,0.0,False
INV006407,SUP003,ST156,2017-05-05,2017-05-11,2017-05-13,753.45,753.45,Processed,EMP027,2,0.0,0.0,False
INV006408,SUP009,ST386,2017-05-05,2017-05-12,2017-05-16,694.02,694.02,Processed Late,EMP012,4,0.0,0.0,True
INV006409,SUP012,ST102,2017-05-05,2017-05-10,2017-05-12,149.3,149.3,Processed,EMP026,2,0.0,0.0,False
INV006410,SUP009,ST238,2017-05-05,2017-05-11,2017-05-12,261.92,261.92,Processed,EMP022,1,0.0,0.0,False
INV006411,SUP006,ST462,2017-05-05,2017-05-13,2017-05-15,8.61,8.61,Processed,EMP016,2,0.0,0.0,False
INV006412,SUP001,ST620,2017-05-05,2017-05-10,2017-05-12,124.6,124.6,Processed,EMP016,2,0.0,0.0,False
INV006413,SUP015,ST370,2017-05-05,2017-05-11,2017-05-12,71.25,71.25,Processed,EMP005,1,0.0,0.0,False
INV006414,SUP007,ST266,2017-05-05,2017-05-13,2017-05-16,350.34,351.55,Processed,EMP007,3,-1.21,1.21,False
INV006415,SUP011,ST258,2017-05-05,2017-05-09,2017-05-14,36.6,36.6,Processed Late,EMP010,5,0.0,0.0,True
INV006416,SUP008,ST475,2017-05-05,2017-05-10,2017-05-11,23.34,23.84,Processed,EMP002,1,-0.5,0.5,False
INV006417,SUP008,ST585,2017-05-05,2017-05-08,2017-05-10,33.75,33.75,Processed,EMP021,2,0.0,0.0,False
INV006418,SUP012,ST128,2017-05-05,2017-05-11,2017-05-17,104.0,104.0,Processed Late,EMP002,6,0.0,0.0,True
INV006419,SUP006,ST262,2017-05-05,2017-05-08,2017-05-20,19.6,19.6,Pending / Delayed,EMP021,12,0.0,0.0,True
INV006420,SUP006,ST301,2017-05-05,2017-05-10,2017-05-13,1847.86,1847.86,Processed,EMP012,3,0.0,0.0,False
INV006421,SUP013,ST488,2017-05-05,2017-05-11,2017-05-13,22.08,22.08,Processed,EMP019,2,0.0,0.0,False
INV006422,SUP006,ST173,2017-05-05,2017-05-12,2017-05-18,40.35,40.35,Processed Late,EMP023,6,0.0,0.0,True
INV006423,SUP015,ST069,2017-05-05,2017-05-13,2017-05-19,45.7,45.7,Processed Late,EMP020,6,0.0,0.0,True
INV006424,SUP010,ST292,2017-05-05,2017-05-11,2017-05-15,105.5,105.5,Processed Late,EMP004,4,0.0,0.0,True
INV006425,SUP011,ST121,2017-05-05,2017-05-09,2017-05-12,68.53,68.53,Processed,EMP012,3,0.0,0.0,False
INV006426,SUP014,ST167,2017-05-05,2017-05-10,2017-05-12,105.12,105.12,Processed,EMP015,2,0.0,0.0,False
INV006427,SUP012,ST094,2017-05-05,2017-05-11,2017-05-13,60.48,60.48,Processed,EMP016,2,0.0,0.0,False
INV006428,SUP008,ST570,2017-05-05,2017-05-08,2017-05-18,27.8,27.8,Pending / Delayed,EMP014,10,0.0,0.0,True
INV006429,SUP006,ST460,2017-05-05,2017-05-13,2017-05-20,17.27,17.27,Pending / Delayed,EMP005,7,0.0,0.0,True
INV006430,SUP005,ST580,2017-05-05,2017-05-08,2017-05-19,24.84,24.84,Pending / Delayed,EMP015,11,0.0,0.0,True
INV006431,SUP015,ST296,2017-05-05,2017-05-10,2017-05-16,62.26,62.26,Processed Late,EMP022,6,0.0,0.0,True
INV006432,SUP006,ST154,2017-05-05,2017-05-13,2017-05-16,18.09,18.09,Processed,EMP004,3,0.0,0.0,False
INV006433,SUP011,ST548,2017-05-05,2017-05-11,2017-05-15,2034.48,2034.48,Processed Late,EMP005,4,0.0,0.0,True
INV006434,SUP011,ST504,2017-05-05,2017-05-12,2017-05-18,36.27,36.27,Processed Late,EMP005,6,0.0,0.0,True
INV006435,SUP001,ST142,2017-05-05,2017-05-11,2017-05-14,128.35,128.35,Processed,EMP002,3,0.0,0.0,False
INV006436,SUP008,ST484,2017-05-05,2017-05-13,2017-05-16,97.44,97.44,Processed,EMP029,3,0.0,0.0,False
INV006437,SUP009,ST134,2017-05-05,2017-05-08,2017-05-11,10.4,10.4,Processed,EMP017,3,0.0,0.0,False
INV006438,SUP008,ST039,2017-05-05,2017-05-13,2017-05-14,4339.8,4339.8,Processed,EMP004,1,0.0,0.0,False
INV006439,SUP012,ST003,2017-05-05,2017-05-09,2017-05-12,150.1,150.1,Processed,EMP024,3,0.0,0.0,False
INV006440,SUP007,ST123,2017-05-05,2017-05-10,2017-05-16,49.95,51.2,Processed Late,EMP007,6,-1.25,1.25,True
INV006441,SUP007,ST084,2017-05-05,2017-05-09,2017-05-13,3746.4,3746.4,Processed Late,EMP001,4,0.0,0.0,True
INV006442,SUP013,ST591,2017-05-05,2017-05-11,2017-05-13,1989.72,1989.72,Processed,EMP006,2,0.0,0.0,False
INV006443,SUP013,ST310,2017-05-05,2017-05-11,2017-05-14,16.5,16.5,Processed,EMP008,3,0.0,0.0,False
INV006444,SUP014,ST345,2017-05-05,2017-05-08,2017-05-10,286.38,286.38,Processed,EMP006,2,0.0,0.0,False
INV006445,SUP011,ST495,2017-05-05,2017-05-12,2017-05-15,2131.63,2131.63,Processed,EMP021,3,0.0,0.0,False
INV006446,SUP001,ST481,2017-05-05,2017-05-11,2017-05-22,3327.58,3327.58,Pending / Delayed,EMP018,11,0.0,0.0,True
INV006447,SUP006,ST249,2017-05-05,2017-05-08,2017-05-10,859.55,859.55,Processed,EMP022,2,0.0,0.0,False
INV006448,SUP013,ST569,2017-05-05,2017-05-08,2017-05-12,15.7,15.7,Processed Late,EMP013,4,0.0,0.0,True
INV006449,SUP007,ST495,2017-05-05,2017-05-12,2017-05-15,28.49,28.49,Processed,EMP027,3,0.0,0.0,False
INV006450,SUP011,ST416,2017-05-05,2017-05-08,2017-05-15,49.32,49.32,Pending / Delayed,EMP027,7,0.0,0.0,True
INV006451,SUP007,ST370,2017-05-05,2017-05-09,2017-05-11,125.82,125.82,Processed,EMP019,2,0.0,0.0,False
INV006452,SUP011,ST370,2017-05-05,2017-05-13,2017-05-17,1008.56,1008.56,Processed Late,EMP025,4,0.0,0.0,True
INV006453,SUP013,ST543,2017-05-05,2017-05-13,2017-05-17,155.55,155.55,Processed Late,EMP014,4,0.0,0.0,True
INV006454,SUP004,ST484,2017-05-05,2017-05-13,2017-05-14,5.62,5.62,Processed,EMP014,1,0.0,0.0,False
INV006455,SUP001,ST458,2017-05-05,2017-05-13,2017-05-16,72.0,72.0,Processed,EMP011,3,0.0,0.0,False
INV006456,SUP013,ST063,2017-05-05,2017-05-09,2017-05-12,2074.68,2074.68,Processed,EMP020,3,0.0,0.0,False
INV006457,SUP007,ST446,2017-05-05,2017-05-09,2017-05-13,44.46,44.46,Processed Late,EMP027,4,0.0,0.0,True
INV006458,SUP013,ST036,2017-05-05,2017-05-09,2017-05-14,171.43,171.43,Processed Late,EMP016,5,0.0,0.0,True
INV006459,SUP005,ST609,2017-05-05,2017-05-13,2017-05-16,60.9,58.77,Processed,EMP028,3,2.13,2.13,False
INV006460,SUP005,ST554,2017-05-05,2017-05-09,2017-05-14,39.9,39.9,Processed Late,EMP005,5,0.0,0.0,True
INV006461,SUP003,ST631,2017-05-05,2017-05-11,2017-05-14,51.0,51.0,Processed,EMP007,3,0.0,0.0,False
INV006462,SUP013,ST294,2017-05-05,2017-05-11,2017-05-12,10.83,10.83,Processed,EMP004,1,0.0,0.0,False
INV006463,SUP008,ST137,2017-05-05,2017-05-08,2017-05-10,159.36,159.36,Processed,EMP027,2,0.0,0.0,False
INV006464,SUP005,ST092,2017-05-05,2017-05-09,2017-05-13,910.0,910.0,Processed Late,EMP009,4,0.0,0.0,True
INV006465,SUP008,ST601,2017-05-05,2017-05-09,2017-05-13,357.91,357.91,Processed Late,EMP008,4,0.0,0.0,True
INV006466,SUP001,ST042,2017-05-05,2017-05-13,2017-05-16,28.39,28.39,Processed,EMP009,3,0.0,0.0,False
INV006467,SUP013,ST153,2017-05-05,2017-05-12,2017-05-13,38.52,38.52,Processed,EMP024,1,0.0,0.0,False
INV006468,SUP007,ST627,2017-05-05,2017-05-13,2017-05-14,3557.85,3557.85,Processed,EMP028,1,0.0,0.0,False
INV006469,SUP012,ST399,2017-05-05,2017-05-11,2017-05-12,236.72,236.72,Processed,EMP029,1,0.0,0.0,False
INV006470,SUP006,ST454,2017-05-05,2017-05-08,2017-05-09,555.03,555.03,Processed,EMP027,1,0.0,0.0,False
INV006471,SUP012,ST034,2017-05-05,2017-05-10,2017-05-12,21.94,21.94,Processed,EMP005,2,0.0,0.0,False
INV006472,SUP001,ST391,2017-05-05,2017-05-08,2017-05-09,122.9,122.9,Processed,EMP007,1,0.0,0.0,False
INV006473,SUP006,ST151,2017-05-05,2017-05-09,2017-05-13,19.6,19.6,Processed Late,EMP014,4,0.0,0.0,True
INV006474,SUP008,ST377,2017-05-05,2017-05-11,2017-05-13,39.2,39.2,Processed,EMP002,2,0.0,0.0,False
INV006475,SUP004,ST494,2017-05-05,2017-05-11,2017-05-13,42.84,42.84,Processed,EMP004,2,0.0,0.0,False
INV006476,SUP013,ST367,2017-05-05,2017-05-08,2017-05-10,5.9,5.9,Processed,EMP012,2,0.0,0.0,False
INV006477,SUP004,ST199,2017-05-05,2017-05-09,2017-05-12,23.85,23.85,Processed,EMP022,3,0.0,0.0,False
INV006478,SUP005,ST133,2017-05-05,2017-05-10,2017-05-13,1660.35,1660.35,Processed,EMP024,3,0.0,0.0,False
INV006479,SUP003,ST533,2017-05-05,2017-05-13,2017-05-14,91.26,91.26,Processed,EMP001,1,0.0,0.0,False
INV006480,SUP014,ST225,2017-05-05,2017-05-13,2017-05-18,20.16,20.16,Processed Late,EMP027,5,0.0,0.0,True
INV006481,SUP013,ST594,2017-05-20,2017-05-25,2017-05-26,20.3,20.3,Processed,EMP011,1,0.0,0.0,False
INV006482,SUP004,ST483,2017-05-20,2017-05-23,2017-05-29,407.88,407.88,Processed Late,EMP024,6,0.0,0.0,True
INV006483,SUP005,ST146,2017-05-20,2017-05-25,2017-05-30,36.59,38.57,Processed Late,EMP009,5,-1.98,1.98,True
INV006484,SUP008,ST012,2017-05-20,2017-05-23,2017-06-01,55.08,55.08,Pending / Delayed,EMP003,9,0.0,0.0,True
INV006485,SUP013,ST202,2017-05-20,2017-05-25,2017-05-28,92.48,92.48,Processed,EMP003,3,0.0,0.0,False
INV006486,SUP009,ST216,2017-05-20,2017-05-26,2017-05-29,51.3,51.3,Processed,EMP004,3,0.0,0.0,False
INV006487,SUP013,ST085,2017-05-20,2017-05-24,2017-05-25,613.6,613.6,Processed,EMP007,1,0.0,0.0,False
INV006488,SUP011,ST013,2017-05-20,2017-05-24,2017-05-27,120.74,113.05,Processed,EMP008,3,7.69,7.69,False
INV006489,SUP010,ST537,2017-05-20,2017-05-28,2017-05-30,55.08,55.08,Processed,EMP019,2,0.0,0.0,False
INV006490,SUP007,ST586,2017-05-20,2017-05-25,2017-05-27,16.75,16.75,Processed,EMP015,2,0.0,0.0,False
INV006491,SUP011,ST396,2017-05-20,2017-05-23,2017-05-29,423.08,423.08,Processed Late,EMP010,6,0.0,0.0,True
INV006492,SUP012,ST148,2017-05-20,2017-05-26,2017-05-28,2880.54,2880.54,Processed,EMP023,2,0.0,0.0,False
INV006493,SUP009,ST228,2017-05-20,2017-05-24,2017-05-25,20.9,19.72,Processed,EMP013,1,1.18,1.18,False
INV006494,SUP001,ST331,2017-05-20,2017-05-27,2017-05-29,116.06,116.06,Processed,EMP024,2,0.0,0.0,False
INV006495,SUP008,ST203,2017-05-20,2017-05-28,2017-05-29,20.22,20.22,Processed,EMP013,1,0.0,0.0,False
INV006496,SUP010,ST210,2017-05-20,2017-05-23,2017-05-29,61.02,61.02,Processed Late,EMP002,6,0.0,0.0,True
INV006497,SUP009,ST219,2017-05-20,2017-05-23,2017-05-24,55.93,54.0,Processed,EMP025,1,1.93,1.93,False
INV006498,SUP010,ST622,2017-05-20,2017-05-23,2017-05-25,30.24,30.24,Processed,EMP004,2,0.0,0.0,False
INV006499,SUP011,ST217,2017-05-20,2017-05-23,2017-05-25,41.4,41.4,Processed,EMP028,2,0.0,0.0,False
INV006500,SUP003,ST097,2017-05-20,2017-05-26,2017-05-27,26.26,26.26,Processed,EMP006,1,0.0,0.0,False
INV006501,SUP014,ST431,2017-05-20,2017-05-23,2017-05-26,663.0,663.0,Processed,EMP026,3,0.0,0.0,False
INV006502,SUP011,ST031,2017-05-20,2017-05-26,2017-05-29,787.88,773.63,Processed,EMP013,3,14.25,14.25,False
INV006503,SUP007,ST537,2017-05-20,2017-05-25,2017-05-27,11.56,11.56,Processed,EMP008,2,0.0,0.0,False
INV006504,SUP008,ST229,2017-05-20,2017-05-23,2017-05-24,58.11,58.11,Processed,EMP030,1,0.0,0.0,False
INV006505,SUP014,ST305,2017-05-20,2017-05-24,2017-05-30,160.8,160.8,Processed Late,EMP001,6,0.0,0.0,True
INV006506,SUP003,ST573,2017-05-20,2017-05-24,2017-05-28,393.11,393.11,Processed Late,EMP007,4,0.0,0.0,True
INV006507,SUP001,ST237,2017-05-20,2017-05-25,2017-05-28,283.52,283.52,Processed,EMP006,3,0.0,0.0,False
INV006508,SUP014,ST481,2017-05-20,2017-05-24,2017-05-25,40.09,43.33,Processed,EMP014,1,-3.24,3.24,False
INV006509,SUP006,ST580,2017-05-20,2017-05-24,2017-05-26,60.24,60.24,Processed,EMP030,2,0.0,0.0,False
INV006510,SUP010,ST425,2017-05-20,2017-05-28,2017-05-31,204.0,204.0,Processed,EMP001,3,0.0,0.0,False
INV006511,SUP015,ST611,2017-05-20,2017-05-23,2017-05-31,174.3,174.3,Pending / Delayed,EMP005,8,0.0,0.0,True
INV006512,SUP006,ST329,2017-05-20,2017-05-24,2017-05-26,855.04,855.04,Processed,EMP003,2,0.0,0.0,False
INV006513,SUP011,ST377,2017-05-20,2017-05-24,2017-05-26,65.46,66.43,Processed,EMP027,2,-0.97,0.97,False
INV006514,SUP008,ST223,2017-05-20,2017-05-23,2017-05-29,5896.79,5896.79,Processed Late,EMP006,6,0.0,0.0,True
INV006515,SUP002,ST017,2017-05-20,2017-05-24,2017-05-25,17.52,16.26,Processed,EMP016,1,1.26,1.26,False
INV006516,SUP007,ST386,2017-05-20,2017-05-24,2017-05-25,167.36,167.36,Processed,EMP022,1,0.0,0.0,False
INV006517,SUP007,ST473,2017-05-20,2017-05-24,2017-05-25,99.89,99.89,Processed,EMP013,1,0.0,0.0,False
INV006518,SUP012,ST210,2017-05-20,2017-05-25,2017-06-02,11.97,11.97,Pending / Delayed,EMP024,8,0.0,0.0,True
INV006519,SUP004,ST613,2017-05-20,2017-05-24,2017-05-26,80.64,80.64,Processed,EMP029,2,0.0,0.0,False
INV006520,SUP002,ST595,2017-05-20,2017-05-24,2017-05-27,1406.72,1406.72,Processed,EMP021,3,0.0,0.0,False
INV006521,SUP009,ST442,2017-05-20,2017-05-28,2017-05-29,8.62,8.62,Processed,EMP016,1,0.0,0.0,False
INV006522,SUP004,ST158,2017-05-20,2017-05-23,2017-05-25,56.68,56.68,Processed,EMP014,2,0.0,0.0,False
INV006523,SUP008,ST572,2017-05-20,2017-05-24,2017-05-25,34.54,34.54,Processed,EMP028,1,0.0,0.0,False
INV006524,SUP009,ST366,2017-05-20,2017-05-28,2017-05-30,71.12,71.12,Processed,EMP005,2,0.0,0.0,False
INV006525,SUP007,ST060,2017-05-20,2017-05-23,2017-05-26,139.4,139.4,Processed,EMP019,3,0.0,0.0,False
INV006526,SUP008,ST100,2017-05-20,2017-05-27,2017-06-01,3.3,3.3,Processed Late,EMP025,5,0.0,0.0,True
INV006527,SUP009,ST111,2017-05-20,2017-05-28,2017-05-30,769.47,769.47,Processed,EMP006,2,0.0,0.0,False
INV006528,SUP014,ST253,2017-05-20,2017-05-24,2017-05-26,345.41,345.41,Processed,EMP001,2,0.0,0.0,False
INV006529,SUP014,ST308,2017-05-20,2017-05-27,2017-05-31,201.0,201.0,Processed Late,EMP002,4,0.0,0.0,True
INV006530,SUP004,ST553,2017-05-20,2017-05-25,2017-05-26,26.96,26.96,Processed,EMP028,1,0.0,0.0,False
INV006531,SUP012,ST334,2017-05-20,2017-05-25,2017-05-28,42.75,42.75,Processed,EMP021,3,0.0,0.0,False
INV006532,SUP006,ST399,2017-05-20,2017-05-25,2017-05-31,102.2,102.2,Processed Late,EMP028,6,0.0,0.0,True
INV006533,SUP008,ST556,2017-05-20,2017-05-28,2017-06-05,35.76,35.76,Pending / Delayed,EMP008,8,0.0,0.0,True
INV006534,SUP010,ST542,2017-05-20,2017-05-25,2017-05-28,1348.16,1348.16,Processed,EMP009,3,0.0,0.0,False
INV006535,SUP005,ST252,2017-05-20,2017-05-25,2017-05-26,132.57,132.57,Processed,EMP002,1,0.0,0.0,False
INV006536,SUP007,ST521,2017-05-20,2017-05-25,2017-05-30,301.89,301.89,Processed Late,EMP010,5,0.0,0.0,True
INV006537,SUP007,ST162,2017-05-20,2017-05-28,2017-05-30,39.04,39.04,Processed,EMP010,2,0.0,0.0,False
INV006538,SUP009,ST585,2017-05-20,2017-05-25,2017-05-26,32.64,32.64,Processed,EMP027,1,0.0,0.0,False
INV006539,SUP013,ST623,2017-05-20,2017-05-25,2017-05-29,1463.42,1463.42,Processed Late,EMP010,4,0.0,0.0,True
INV006540,SUP014,ST238,2017-05-20,2017-05-25,2017-05-31,168.3,168.3,Processed Late,EMP007,6,0.0,0.0,True
INV006541,SUP006,ST182,2017-05-20,2017-05-23,2017-05-25,508.32,508.32,Processed,EMP016,2,0.0,0.0,False
INV006542,SUP007,ST033,2017-05-20,2017-05-23,2017-05-28,806.55,806.55,Processed Late,EMP001,5,0.0,0.0,True
INV006543,SUP009,ST560,2017-05-20,2017-05-24,2017-05-30,121.28,121.28,Processed Late,EMP010,6,0.0,0.0,True
INV006544,SUP007,ST298,2017-05-20,2017-05-25,2017-05-30,1890.12,1890.12,Processed Late,EMP008,5,0.0,0.0,True
INV006545,SUP010,ST061,2017-05-20,2017-05-26,2017-05-27,71.3,71.3,Processed,EMP005,1,0.0,0.0,False
INV006546,SUP005,ST471,2017-05-20,2017-05-25,2017-05-28,103.46,103.46,Processed,EMP001,3,0.0,0.0,False
INV006547,SUP012,ST084,2017-05-20,2017-05-28,2017-05-31,24.2,24.2,Processed,EMP005,3,0.0,0.0,False
INV006548,SUP013,ST347,2017-05-20,2017-05-27,2017-05-28,32.2,32.2,Processed,EMP017,1,0.0,0.0,False
INV006549,SUP014,ST415,2017-05-20,2017-05-24,2017-05-30,25.83,25.83,Processed Late,EMP013,6,0.0,0.0,True
INV006550,SUP012,ST515,2017-05-20,2017-05-26,2017-05-28,2194.5,2194.5,Processed,EMP001,2,0.0,0.0,False
INV006551,SUP001,ST044,2017-05-20,2017-05-23,2017-05-26,72.8,72.8,Processed,EMP001,3,0.0,0.0,False
INV006552,SUP004,ST221,2017-05-20,2017-05-26,2017-05-31,20.76,20.76,Processed Late,EMP015,5,0.0,0.0,True
INV006553,SUP007,ST411,2017-05-20,2017-05-24,2017-05-25,74.7,74.7,Processed,EMP019,1,0.0,0.0,False
INV006554,SUP006,ST001,2017-05-20,2017-05-25,2017-06-03,14.76,14.76,Pending / Delayed,EMP016,9,0.0,0.0,True
INV006555,SUP014,ST494,2017-05-20,2017-05-26,2017-05-28,76.4,76.4,Processed,EMP010,2,0.0,0.0,False
INV006556,SUP015,ST032,2017-05-20,2017-05-24,2017-05-25,103.14,103.14,Processed,EMP024,1,0.0,0.0,False
INV006557,SUP014,ST477,2017-05-20,2017-05-26,2017-05-29,234.96,234.96,Processed,EMP013,3,0.0,0.0,False
INV006558,SUP009,ST057,2017-05-20,2017-05-26,2017-05-29,46.48,46.48,Processed,EMP026,3,0.0,0.0,False
INV006559,SUP010,ST582,2017-05-20,2017-05-27,2017-05-28,228.36,228.36,Processed,EMP002,1,0.0,0.0,False
INV006560,SUP011,ST383,2017-05-20,2017-05-25,2017-05-31,440.88,440.88,Processed Late,EMP004,6,0.0,0.0,True
INV006561,SUP002,ST608,2017-06-05,2017-06-08,2017-06-14,477.84,477.84,Processed Late,EMP008,6,0.0,0.0,True
INV006562,SUP008,ST084,2017-06-05,2017-06-13,2017-06-14,154.4,154.4,Processed,EMP020,1,0.0,0.0,False
INV006563,SUP001,ST550,2017-06-05,2017-06-09,2017-06-11,39.59,37.74,Processed,EMP028,2,1.85,1.85,False
INV006564,SUP003,ST612,2017-06-05,2017-06-08,2017-06-09,12.21,12.21,Processed,EMP012,1,0.0,0.0,False
INV006565,SUP014,ST572,2017-06-05,2017-06-08,2017-06-10,673.26,673.26,Processed,EMP030,2,0.0,0.0,False
INV006566,SUP012,ST104,2017-06-05,2017-06-12,2017-06-13,129.88,129.88,Processed,EMP026,1,0.0,0.0,False
INV006567,SUP010,ST226,2017-06-05,2017-06-11,2017-06-12,477.76,477.76,Processed,EMP002,1,0.0,0.0,False
INV006568,SUP004,ST287,2017-06-05,2017-06-09,2017-06-19,8.82,8.82,Pending / Delayed,EMP030,10,0.0,0.0,True
INV006569,SUP001,ST577,2017-06-05,2017-06-09,2017-06-11,126.56,126.56,Processed,EMP023,2,0.0,0.0,False
INV006570,SUP014,ST219,2017-06-05,2017-06-11,2017-06-12,15.12,15.12,Processed,EMP026,1,0.0,0.0,False
INV006571,SUP008,ST508,2017-06-05,2017-06-13,2017-06-17,6.68,6.68,Processed Late,EMP010,4,0.0,0.0,True
INV006572,SUP003,ST460,2017-06-05,2017-06-11,2017-06-13,2551.7,2551.7,Processed,EMP030,2,0.0,0.0,False
INV006573,SUP002,ST070,2017-06-05,2017-06-09,2017-06-10,2.16,2.16,Processed,EMP005,1,0.0,0.0,False
INV006574,SUP011,ST236,2017-06-05,2017-06-11,2017-06-22,871.8,871.8,Pending / Delayed,EMP024,11,0.0,0.0,True
INV006575,SUP006,ST076,2017-06-05,2017-06-13,2017-06-15,538.0,538.0,Processed,EMP010,2,0.0,0.0,False
INV006576,SUP003,ST113,2017-06-05,2017-06-12,2017-06-16,1733.49,1733.49,Processed Late,EMP005,4,0.0,0.0,True
INV006577,SUP011,ST065,2017-06-05,2017-06-13,2017-06-16,41.1,41.1,Processed,EMP013,3,0.0,0.0,False
INV006578,SUP003,ST236,2017-06-05,2017-06-11,2017-06-12,15.7,15.7,Processed,EMP013,1,0.0,0.0,False
INV006579,SUP003,ST333,2017-06-05,2017-06-12,2017-06-19,55.89,55.89,Pending / Delayed,EMP001,7,0.0,0.0,True
INV006580,SUP010,ST139,2017-06-05,2017-06-11,2017-06-12,67.68,67.68,Processed,EMP029,1,0.0,0.0,False
INV006581,SUP013,ST292,2017-06-05,2017-06-10,2017-06-11,10.86,10.86,Processed,EMP001,1,0.0,0.0,False
INV006582,SUP012,ST518,2017-06-05,2017-06-11,2017-06-14,165.75,165.75,Processed,EMP005,3,0.0,0.0,False
INV006583,SUP015,ST597,2017-06-05,2017-06-08,2017-06-12,33.0,33.0,Processed Late,EMP018,4,0.0,0.0,True
INV006584,SUP007,ST561,2017-06-05,2017-06-12,2017-06-16,17.1,17.1,Processed Late,EMP013,4,0.0,0.0,True
INV006585,SUP003,ST092,2017-06-05,2017-06-08,2017-06-10,39.65,39.65,Processed,EMP006,2,0.0,0.0,False
INV006586,SUP013,ST433,2017-06-05,2017-06-09,2017-06-14,10.53,10.53,Processed Late,EMP015,5,0.0,0.0,True
INV006587,SUP005,ST106,2017-06-05,2017-06-13,2017-06-22,166.3,166.3,Pending / Delayed,EMP028,9,0.0,0.0,True
INV006588,SUP012,ST417,2017-06-05,2017-06-12,2017-06-15,2.78,2.78,Processed,EMP008,3,0.0,0.0,False
INV006589,SUP008,ST105,2017-06-05,2017-06-12,2017-06-15,563.48,563.48,Processed,EMP017,3,0.0,0.0,False
INV006590,SUP005,ST436,2017-06-05,2017-06-08,2017-06-13,68.4,68.4,Processed Late,EMP030,5,0.0,0.0,True
INV006591,SUP015,ST361,2017-06-05,2017-06-12,2017-06-14,60.1,60.1,Processed,EMP016,2,0.0,0.0,False
INV006592,SUP011,ST341,2017-06-05,2017-06-12,2017-06-23,25.9,26.32,Pending / Delayed,EMP005,11,-0.42,0.42,True
INV006593,SUP012,ST468,2017-06-05,2017-06-13,2017-06-17,32.55,32.55,Processed Late,EMP003,4,0.0,0.0,True
INV006594,SUP009,ST226,2017-06-05,2017-06-08,2017-06-12,220.78,227.64,Processed Late,EMP019,4,-6.86,6.86,True
INV006595,SUP006,ST586,2017-06-05,2017-06-08,2017-06-10,2420.79,2420.79,Processed,EMP021,2,0.0,0.0,False
INV006596,SUP005,ST081,2017-06-05,2017-06-11,2017-06-14,636.0,636.0,Processed,EMP012,3,0.0,0.0,False
INV006597,SUP006,ST466,2017-06-05,2017-06-08,2017-06-11,4.8,4.8,Processed,EMP010,3,0.0,0.0,False
INV006598,SUP004,ST547,2017-06-05,2017-06-12,2017-06-13,21.99,22.75,Processed,EMP020,1,-0.76,0.76,False
INV006599,SUP010,ST088,2017-06-05,2017-06-10,2017-06-15,30.66,30.66,Processed Late,EMP027,5,0.0,0.0,True
INV006600,SUP002,ST401,2017-06-05,2017-06-10,2017-06-14,145.08,145.08,Processed Late,EMP024,4,0.0,0.0,True
INV006601,SUP011,ST411,2017-06-05,2017-06-09,2017-06-10,19.92,19.92,Processed,EMP006,1,0.0,0.0,False
INV006602,SUP007,ST532,2017-06-05,2017-06-13,2017-06-20,94.6,94.6,Pending / Delayed,EMP026,7,0.0,0.0,True
INV006603,SUP013,ST397,2017-06-05,2017-06-11,2017-06-18,122.14,122.14,Pending / Delayed,EMP007,7,0.0,0.0,True
INV006604,SUP002,ST124,2017-06-05,2017-06-09,2017-06-10,57.6,57.6,Processed,EMP001,1,0.0,0.0,False
INV006605,SUP009,ST409,2017-06-05,2017-06-10,2017-06-13,641.28,641.28,Processed,EMP017,3,0.0,0.0,False
INV006606,SUP009,ST131,2017-06-05,2017-06-08,2017-06-09,35.12,35.12,Processed,EMP022,1,0.0,0.0,False
INV006607,SUP010,ST423,2017-06-05,2017-06-13,2017-06-20,56.48,54.88,Pending / Delayed,EMP018,7,1.6,1.6,True
INV006608,SUP006,ST388,2017-06-05,2017-06-09,2017-06-10,10.02,10.02,Processed,EMP014,1,0.0,0.0,False
INV006609,SUP014,ST303,2017-06-05,2017-06-09,2017-06-12,296.82,296.82,Processed,EMP018,3,0.0,0.0,False
INV006610,SUP014,ST510,2017-06-05,2017-06-08,2017-06-11,71.6,71.6,Processed,EMP016,3,0.0,0.0,False
INV006611,SUP003,ST331,2017-06-05,2017-06-11,2017-06-12,80.24,80.24,Processed,EMP003,1,0.0,0.0,False
INV006612,SUP006,ST156,2017-06-05,2017-06-11,2017-06-14,30.31,30.31,Processed,EMP026,3,0.0,0.0,False
INV006613,SUP001,ST534,2017-06-05,2017-06-09,2017-06-12,408.1,408.1,Processed,EMP016,3,0.0,0.0,False
INV006614,SUP005,ST615,2017-06-05,2017-06-10,2017-06-12,199.8,199.8,Processed,EMP016,2,0.0,0.0,False
INV006615,SUP006,ST058,2017-06-05,2017-06-09,2017-06-10,137.44,137.44,Processed,EMP019,1,0.0,0.0,False
INV006616,SUP006,ST234,2017-06-05,2017-06-08,2017-06-11,5.28,5.28,Processed,EMP019,3,0.0,0.0,False
INV006617,SUP002,ST528,2017-06-05,2017-06-08,2017-06-11,13.76,13.76,Processed,EMP026,3,0.0,0.0,False
INV006618,SUP010,ST236,2017-06-05,2017-06-10,2017-06-11,1869.45,1869.45,Processed,EMP028,1,0.0,0.0,False
INV006619,SUP003,ST127,2017-06-05,2017-06-10,2017-06-13,41.28,41.28,Processed,EMP030,3,0.0,0.0,False
INV006620,SUP015,ST593,2017-06-05,2017-06-09,2017-06-11,41.48,42.6,Processed,EMP016,2,-1.12,1.12,False
INV006621,SUP013,ST284,2017-06-05,2017-06-12,2017-06-20,933.75,933.75,Pending / Delayed,EMP027,8,0.0,0.0,True
INV006622,SUP009,ST498,2017-06-05,2017-06-11,2017-06-16,43.01,42.68,Processed Late,EMP004,5,0.33,0.33,True
INV006623,SUP013,ST202,2017-06-05,2017-06-09,2017-06-12,1101.2,1101.2,Processed,EMP030,3,0.0,0.0,False
INV006624,SUP009,ST155,2017-06-05,2017-06-11,2017-06-15,54.23,54.23,Processed Late,EMP003,4,0.0,0.0,True
INV006625,SUP002,ST438,2017-06-05,2017-06-09,2017-06-12,541.38,541.38,Processed,EMP005,3,0.0,0.0,False
INV006626,SUP008,ST580,2017-06-05,2017-06-08,2017-06-11,38.25,38.25,Processed,EMP020,3,0.0,0.0,False
INV006627,SUP001,ST044,2017-06-05,2017-06-12,2017-06-15,904.68,904.68,Processed,EMP006,3,0.0,0.0,False
INV006628,SUP003,ST419,2017-06-05,2017-06-10,2017-06-13,24.9,24.9,Processed,EMP030,3,0.0,0.0,False
INV006629,SUP013,ST446,2017-06-05,2017-06-12,2017-06-13,44.64,44.64,Processed,EMP024,1,0.0,0.0,False
INV006630,SUP008,ST463,2017-06-05,2017-06-08,2017-06-11,63.84,63.84,Processed,EMP019,3,0.0,0.0,False
INV006631,SUP007,ST219,2017-06-05,2017-06-13,2017-06-15,6870.76,6870.76,Processed,EMP023,2,0.0,0.0,False
INV006632,SUP003,ST201,2017-06-05,2017-06-13,2017-06-15,930.96,930.96,Processed,EMP017,2,0.0,0.0,False
INV006633,SUP005,ST191,2017-06-05,2017-06-12,2017-06-13,97.02,97.02,Processed,EMP003,1,0.0,0.0,False
INV006634,SUP002,ST070,2017-06-05,2017-06-11,2017-06-12,160.8,160.8,Processed,EMP027,1,0.0,0.0,False
INV006635,SUP009,ST026,2017-06-05,2017-06-11,2017-06-16,5220.25,5220.25,Processed Late,EMP008,5,0.0,0.0,True
INV006636,SUP006,ST236,2017-06-05,2017-06-11,2017-06-12,19.89,19.89,Processed,EMP023,1,0.0,0.0,False
INV006637,SUP008,ST163,2017-06-05,2017-06-11,2017-06-14,396.56,427.86,Processed,EMP023,3,-31.3,31.3,False
INV006638,SUP007,ST389,2017-06-05,2017-06-10,2017-06-12,4308.96,4308.96,Processed,EMP011,2,0.0,0.0,False
INV006639,SUP009,ST560,2017-06-05,2017-06-12,2017-06-20,8.91,8.91,Pending / Delayed,EMP009,8,0.0,0.0,True
INV006640,SUP014,ST513,2017-06-05,2017-06-10,2017-06-11,1986.03,1924.32,Processed,EMP021,1,61.71,61.71,False
INV006641,SUP008,ST321,2017-06-20,2017-06-23,2017-06-28,251.38,245.94,Processed Late,EMP027,5,5.44,5.44,True
INV006642,SUP007,ST569,2017-06-20,2017-06-27,2017-07-01,181.6,181.6,Processed Late,EMP026,4,0.0,0.0,True
INV006643,SUP013,ST140,2017-06-20,2017-06-26,2017-06-28,30.0,30.0,Processed,EMP025,2,0.0,0.0,False
INV006644,SUP001,ST493,2017-06-20,2017-06-26,2017-06-27,12.95,12.95,Processed,EMP014,1,0.0,0.0,False
INV006645,SUP005,ST226,2017-06-20,2017-06-23,2017-06-27,75.16,75.16,Processed Late,EMP004,4,0.0,0.0,True
INV006646,SUP007,ST084,2017-06-20,2017-06-24,2017-06-25,359.7,359.7,Processed,EMP024,1,0.0,0.0,False
INV006647,SUP013,ST612,2017-06-20,2017-06-24,2017-06-27,229.19,229.19,Processed,EMP011,3,0.0,0.0,False
INV006648,SUP005,ST278,2017-06-20,2017-06-25,2017-07-01,283.01,283.01,Processed Late,EMP006,6,0.0,0.0,True
INV006649,SUP010,ST491,2017-06-20,2017-06-24,2017-06-27,7.64,7.64,Processed,EMP029,3,0.0,0.0,False
INV006650,SUP006,ST233,2017-06-20,2017-06-25,2017-06-28,18.21,18.9,Processed,EMP001,3,-0.69,0.69,False
INV006651,SUP013,ST595,2017-06-20,2017-06-25,2017-06-29,22.68,22.68,Processed Late,EMP029,4,0.0,0.0,True
INV006652,SUP008,ST030,2017-06-20,2017-06-25,2017-06-26,315.75,315.75,Processed,EMP011,1,0.0,0.0,False
INV006653,SUP013,ST310,2017-06-20,2017-06-24,2017-06-26,46.47,46.47,Processed,EMP028,2,0.0,0.0,False
INV006654,SUP008,ST374,2017-06-20,2017-06-24,2017-06-29,4319.48,4319.48,Processed Late,EMP008,5,0.0,0.0,True
INV006655,SUP012,ST424,2017-06-20,2017-06-24,2017-06-27,44.85,44.85,Processed,EMP021,3,0.0,0.0,False
INV006656,SUP002,ST488,2017-06-20,2017-06-24,2017-06-26,963.54,963.54,Processed,EMP012,2,0.0,0.0,False
INV006657,SUP015,ST134,2017-06-20,2017-06-25,2017-07-01,33.81,33.81,Processed Late,EMP026,6,0.0,0.0,True
INV006658,SUP008,ST622,2017-06-20,2017-06-25,2017-06-26,322.4,322.4,Processed,EMP003,1,0.0,0.0,False
INV006659,SUP015,ST225,2017-06-20,2017-06-27,2017-06-28,104.96,104.96,Processed,EMP020,1,0.0,0.0,False
INV006660,SUP010,ST047,2017-06-20,2017-06-24,2017-06-25,2560.03,2560.03,Processed,EMP014,1,0.0,0.0,False
INV006661,SUP003,ST235,2017-06-20,2017-06-23,2017-06-25,842.65,842.65,Processed,EMP021,2,0.0,0.0,False
INV006662,SUP015,ST450,2017-06-20,2017-06-28,2017-06-29,105.1,105.1,Processed,EMP019,1,0.0,0.0,False
INV006663,SUP002,ST320,2017-06-20,2017-06-27,2017-07-03,180.0,180.0,Processed Late,EMP028,6,0.0,0.0,True
INV006664,SUP005,ST471,2017-06-20,2017-06-23,2017-06-25,671.58,671.58,Processed,EMP030,2,0.0,0.0,False
INV006665,SUP008,ST019,2017-06-20,2017-06-27,2017-06-30,339.49,339.49,Processed,EMP024,3,0.0,0.0,False
INV006666,SUP013,ST362,2017-06-20,2017-06-28,2017-06-29,87.78,87.78,Processed,EMP001,1,0.0,0.0,False
INV006667,SUP008,ST387,2017-06-20,2017-06-28,2017-07-01,4.88,4.88,Processed,EMP023,3,0.0,0.0,False
INV006668,SUP002,ST186,2017-06-20,2017-06-24,2017-06-27,758.33,793.63,Processed,EMP021,3,-35.3,35.3,False
INV006669,SUP015,ST218,2017-06-20,2017-06-28,2017-06-29,17.65,17.65,Processed,EMP008,1,0.0,0.0,False
INV006670,SUP009,ST268,2017-06-20,2017-06-26,2017-07-02,38.76,38.76,Processed Late,EMP011,6,0.0,0.0,True
INV006671,SUP013,ST221,2017-06-20,2017-06-24,2017-06-27,93.09,88.5,Processed,EMP028,3,4.59,4.59,False
INV006672,SUP015,ST307,2017-06-20,2017-06-26,2017-07-04,35.68,35.68,Pending / Delayed,EMP013,8,0.0,0.0,True
INV006673,SUP007,ST584,2017-06-20,2017-06-28,2017-06-30,1449.0,1449.0,Processed,EMP021,2,0.0,0.0,False
INV006674,SUP007,ST407,2017-06-20,2017-06-25,2017-07-05,282.96,282.96,Pending / Delayed,EMP027,10,0.0,0.0,True
INV006675,SUP004,ST097,2017-06-20,2017-06-25,2017-06-26,62.13,62.13,Processed,EMP015,1,0.0,0.0,False
INV006676,SUP005,ST211,2017-06-20,2017-06-27,2017-06-30,74.9,74.9,Processed,EMP015,3,0.0,0.0,False
INV006677,SUP009,ST094,2017-06-20,2017-06-23,2017-06-25,30.5,30.5,Processed,EMP022,2,0.0,0.0,False
INV006678,SUP013,ST444,2017-06-20,2017-06-27,2017-07-02,177.98,177.98,Processed Late,EMP003,5,0.0,0.0,True
INV006679,SUP003,ST122,2017-06-20,2017-06-24,2017-06-29,48.54,48.54,Processed Late,EMP019,5,0.0,0.0,True
INV006680,SUP008,ST571,2017-06-20,2017-06-23,2017-06-28,24.36,24.36,Processed Late,EMP026,5,0.0,0.0,True
INV006681,SUP012,ST231,2017-06-20,2017-06-25,2017-06-27,171.22,171.22,Processed,EMP004,2,0.0,0.0,False
INV006682,SUP012,ST421,2017-06-20,2017-06-25,2017-06-29,198.36,198.36,Processed Late,EMP010,4,0.0,0.0,True
INV006683,SUP012,ST566,2017-06-20,2017-06-26,2017-06-27,1421.94,1421.94,Processed,EMP011,1,0.0,0.0,False
INV006684,SUP010,ST253,2017-06-20,2017-06-24,2017-06-26,205.2,205.2,Processed,EMP029,2,0.0,0.0,False
INV006685,SUP004,ST420,2017-06-20,2017-06-27,2017-06-29,17.2,17.2,Processed,EMP024,2,0.0,0.0,False
INV006686,SUP008,ST182,2017-06-20,2017-06-24,2017-06-25,22.12,22.12,Processed,EMP024,1,0.0,0.0,False
INV006687,SUP008,ST488,2017-06-20,2017-06-26,2017-06-27,614.72,614.72,Processed,EMP011,1,0.0,0.0,False
INV006688,SUP013,ST573,2017-06-20,2017-06-28,2017-06-30,96.8,96.8,Processed,EMP001,2,0.0,0.0,False
INV006689,SUP005,ST092,2017-06-20,2017-06-25,2017-06-29,217.68,217.68,Processed Late,EMP005,4,0.0,0.0,True
INV006690,SUP004,ST569,2017-06-20,2017-06-25,2017-07-01,24.08,24.08,Processed Late,EMP012,6,0.0,0.0,True
INV006691,SUP003,ST443,2017-06-20,2017-06-25,2017-06-26,263.91,263.91,Processed,EMP015,1,0.0,0.0,False
INV006692,SUP010,ST622,2017-06-20,2017-06-25,2017-06-26,256.5,256.5,Processed,EMP011,1,0.0,0.0,False
INV006693,SUP002,ST373,2017-06-20,2017-06-23,2017-06-24,200.26,200.26,Processed,EMP029,1,0.0,0.0,False
INV006694,SUP004,ST625,2017-06-20,2017-06-25,2017-06-26,420.85,420.85,Processed,EMP001,1,0.0,0.0,False
INV006695,SUP001,ST316,2017-06-20,2017-06-26,2017-06-28,1232.99,1232.99,Processed,EMP010,2,0.0,0.0,False
INV006696,SUP005,ST512,2017-06-20,2017-06-25,2017-07-01,324.8,324.8,Processed Late,EMP026,6,0.0,0.0,True
INV006697,SUP010,ST619,2017-06-20,2017-06-23,2017-06-29,355.12,355.12,Processed Late,EMP017,6,0.0,0.0,True
INV006698,SUP009,ST404,2017-06-20,2017-06-26,2017-06-27,165.36,171.46,Processed,EMP007,1,-6.1,6.1,False
INV006699,SUP015,ST257,2017-06-20,2017-06-24,2017-06-27,251.72,251.72,Processed,EMP026,3,0.0,0.0,False
INV006700,SUP011,ST618,2017-06-20,2017-06-24,2017-06-27,29.62,29.62,Processed,EMP018,3,0.0,0.0,False
INV006701,SUP008,ST230,2017-06-20,2017-06-25,2017-07-02,1538.16,1538.16,Pending / Delayed,EMP025,7,0.0,0.0,True
INV006702,SUP010,ST587,2017-06-20,2017-06-25,2017-07-03,228.44,228.44,Pending / Delayed,EMP024,8,0.0,0.0,True
INV006703,SUP003,ST038,2017-06-20,2017-06-27,2017-06-28,131.49,131.49,Processed,EMP010,1,0.0,0.0,False
INV006704,SUP013,ST186,2017-06-20,2017-06-24,2017-06-27,98.98,98.98,Processed,EMP015,3,0.0,0.0,False
INV006705,SUP004,ST178,2017-06-20,2017-06-27,2017-06-28,579.81,579.81,Processed,EMP026,1,0.0,0.0,False
INV006706,SUP010,ST580,2017-06-20,2017-06-26,2017-06-27,58.14,58.14,Processed,EMP021,1,0.0,0.0,False
INV006707,SUP010,ST481,2017-06-20,2017-06-24,2017-06-25,852.48,912.8,Processed,EMP011,1,-60.32,60.32,False
INV006708,SUP011,ST455,2017-06-20,2017-06-23,2017-06-24,44.59,44.59,Processed,EMP030,1,0.0,0.0,False
INV006709,SUP008,ST479,2017-06-20,2017-06-26,2017-06-27,143.71,143.71,Processed,EMP003,1,0.0,0.0,False
INV006710,SUP005,ST099,2017-06-20,2017-06-26,2017-06-28,678.0,678.0,Processed,EMP002,2,0.0,0.0,False
INV006711,SUP013,ST188,2017-06-20,2017-06-23,2017-06-24,49.64,49.64,Processed,EMP004,1,0.0,0.0,False
INV006712,SUP006,ST417,2017-06-20,2017-06-27,2017-06-30,91.2,91.2,Processed,EMP024,3,0.0,0.0,False
INV006713,SUP011,ST564,2017-06-20,2017-06-25,2017-06-28,1586.05,1679.79,Processed,EMP025,3,-93.74,93.74,False
INV006714,SUP013,ST537,2017-06-20,2017-06-27,2017-06-28,76.77,75.84,Processed,EMP020,1,0.93,0.93,False
INV006715,SUP006,ST513,2017-06-20,2017-06-25,2017-06-27,414.29,414.29,Processed,EMP029,2,0.0,0.0,False
INV006716,SUP004,ST200,2017-06-20,2017-06-23,2017-06-26,15648.4,15648.4,Processed,EMP025,3,0.0,0.0,False
INV006717,SUP001,ST173,2017-06-20,2017-06-23,2017-06-25,1203.0,1203.0,Processed,EMP002,2,0.0,0.0,False
INV006718,SUP014,ST505,2017-06-20,2017-06-26,2017-07-01,182.83,193.8,Processed Late,EMP002,5,-10.97,10.97,True
INV006719,SUP013,ST271,2017-06-20,2017-06-28,2017-06-30,60.58,60.58,Processed,EMP005,2,0.0,0.0,False
INV006720,SUP007,ST395,2017-06-20,2017-06-23,2017-06-26,430.08,430.08,Processed,EMP029,3,0.0,0.0,False
INV006721,SUP008,ST081,2017-07-05,2017-07-10,2017-07-18,460.65,464.4,Pending / Delayed,EMP029,8,-3.75,3.75,True
INV006722,SUP008,ST259,2017-07-05,2017-07-09,2017-07-10,9.71,9.27,Processed,EMP017,1,0.44,0.44,False
INV006723,SUP003,ST260,2017-07-05,2017-07-09,2017-07-11,10.56,10.56,Processed,EMP030,2,0.0,0.0,False
INV006724,SUP008,ST174,2017-07-05,2017-07-13,2017-07-16,1178.71,1178.71,Processed,EMP018,3,0.0,0.0,False
INV006725,SUP005,ST537,2017-07-05,2017-07-08,2017-07-10,73.72,73.72,Processed,EMP007,2,0.0,0.0,False
INV006726,SUP011,ST265,2017-07-05,2017-07-13,2017-07-14,2050.08,2050.08,Processed,EMP018,1,0.0,0.0,False
INV006727,SUP014,ST358,2017-07-05,2017-07-13,2017-07-15,45.9,45.9,Processed,EMP017,2,0.0,0.0,False
INV006728,SUP008,ST538,2017-07-05,2017-07-09,2017-07-13,27.63,27.63,Processed Late,EMP002,4,0.0,0.0,True
INV006729,SUP004,ST547,2017-07-05,2017-07-08,2017-07-18,73.98,73.98,Pending / Delayed,EMP008,10,0.0,0.0,True
INV006730,SUP012,ST622,2017-07-05,2017-07-11,2017-07-13,2897.4,2897.4,Processed,EMP026,2,0.0,0.0,False
INV006731,SUP005,ST538,2017-07-05,2017-07-09,2017-07-11,655.65,655.65,Processed,EMP024,2,0.0,0.0,False
INV006732,SUP001,ST487,2017-07-05,2017-07-08,2017-07-12,88.1,88.1,Processed Late,EMP025,4,0.0,0.0,True
INV006733,SUP013,ST282,2017-07-05,2017-07-12,2017-07-15,187.09,181.28,Processed,EMP023,3,5.81,5.81,False
INV006734,SUP007,ST224,2017-07-05,2017-07-08,2017-07-11,7.04,7.04,Processed,EMP003,3,0.0,0.0,False
INV006735,SUP006,ST106,2017-07-05,2017-07-12,2017-07-13,30.3,32.2,Processed,EMP004,1,-1.9,1.9,False
INV006736,SUP009,ST236,2017-07-05,2017-07-11,2017-07-13,810.84,810.84,Processed,EMP015,2,0.0,0.0,False
INV006737,SUP004,ST299,2017-07-05,2017-07-08,2017-07-14,97.0,97.0,Processed Late,EMP017,6,0.0,0.0,True
INV006738,SUP005,ST404,2017-07-05,2017-07-11,2017-07-12,6.2,6.2,Processed,EMP029,1,0.0,0.0,False
INV006739,SUP014,ST140,2017-07-05,2017-07-09,2017-07-11,87.3,87.3,Processed,EMP012,2,0.0,0.0,False
INV006740,SUP005,ST115,2017-07-05,2017-07-12,2017-07-17,882.2,882.2,Processed Late,EMP029,5,0.0,0.0,True
INV006741,SUP012,ST590,2017-07-05,2017-07-13,2017-07-16,128.34,128.34,Processed,EMP029,3,0.0,0.0,False
INV006742,SUP002,ST022,2017-07-05,2017-07-10,2017-07-17,62.08,62.08,Pending / Delayed,EMP003,7,0.0,0.0,True
INV006743,SUP008,ST547,2017-07-05,2017-07-08,2017-07-10,367.37,367.37,Processed,EMP011,2,0.0,0.0,False
INV006744,SUP005,ST531,2017-07-05,2017-07-09,2017-07-14,10.87,11.76,Processed Late,EMP002,5,-0.89,0.89,True
INV006745,SUP011,ST481,2017-07-05,2017-07-10,2017-07-13,32.16,32.16,Processed,EMP027,3,0.0,0.0,False
INV006746,SUP014,ST023,2017-07-05,2017-07-12,2017-07-13,1779.76,1779.76,Processed,EMP017,1,0.0,0.0,False
INV006747,SUP015,ST330,2017-07-05,2017-07-13,2017-07-15,1829.3,1829.3,Processed,EMP003,2,0.0,0.0,False
INV006748,SUP008,ST541,2017-07-05,2017-07-11,2017-07-17,160.68,160.68,Processed Late,EMP014,6,0.0,0.0,True
INV006749,SUP013,ST353,2017-07-05,2017-07-11,2017-07-13,3052.68,3052.68,Processed,EMP013,2,0.0,0.0,False
INV006750,SUP008,ST030,2017-07-05,2017-07-12,2017-07-15,237.12,237.12,Processed,EMP001,3,0.0,0.0,False
INV006751,SUP007,ST482,2017-07-05,2017-07-12,2017-07-17,1628.1,1628.1,Processed Late,EMP013,5,0.0,0.0,True
INV006752,SUP015,ST555,2017-07-05,2017-07-10,2017-07-15,66.48,66.48,Processed Late,EMP015,5,0.0,0.0,True
INV006753,SUP012,ST409,2017-07-05,2017-07-09,2017-07-10,41.72,41.72,Processed,EMP016,1,0.0,0.0,False
INV006754,SUP003,ST193,2017-07-05,2017-07-08,2017-07-12,40.24,40.24,Processed Late,EMP020,4,0.0,0.0,True
INV006755,SUP011,ST603,2017-07-05,2017-07-11,2017-07-13,13.9,13.9,Processed,EMP030,2,0.0,0.0,False
INV006756,SUP004,ST255,2017-07-05,2017-07-11,2017-07-12,20.15,20.15,Processed,EMP018,1,0.0,0.0,False
INV006757,SUP006,ST518,2017-07-05,2017-07-10,2017-07-12,2789.69,2957.94,Processed,EMP027,2,-168.25,168.25,False
INV006758,SUP001,ST415,2017-07-05,2017-07-10,2017-07-11,351.2,351.2,Processed,EMP011,1,0.0,0.0,False
INV006759,SUP005,ST042,2017-07-05,2017-07-11,2017-07-13,17.42,17.42,Processed,EMP026,2,0.0,0.0,False
INV006760,SUP013,ST551,2017-07-05,2017-07-10,2017-07-12,2826.24,2826.24,Processed,EMP030,2,0.0,0.0,False
INV006761,SUP009,ST201,2017-07-05,2017-07-11,2017-07-13,1799.64,1799.64,Processed,EMP025,2,0.0,0.0,False
INV006762,SUP013,ST360,2017-07-05,2017-07-12,2017-07-15,23.4,23.4,Processed,EMP029,3,0.0,0.0,False
INV006763,SUP006,ST292,2017-07-05,2017-07-10,2017-07-14,177.6,177.6,Processed Late,EMP028,4,0.0,0.0,True
INV006764,SUP010,ST133,2017-07-05,2017-07-10,2017-07-11,30.8,30.8,Processed,EMP007,1,0.0,0.0,False
INV006765,SUP001,ST194,2017-07-05,2017-07-11,2017-07-21,815.22,815.22,Pending / Delayed,EMP005,10,0.0,0.0,True
INV006766,SUP014,ST519,2017-07-05,2017-07-10,2017-07-17,63.04,63.04,Pending / Delayed,EMP019,7,0.0,0.0,True
INV006767,SUP005,ST252,2017-07-05,2017-07-09,2017-07-11,475.02,475.02,Processed,EMP027,2,0.0,0.0,False
INV006768,SUP006,ST515,2017-07-05,2017-07-09,2017-07-15,1192.21,1192.21,Processed Late,EMP016,6,0.0,0.0,True
INV006769,SUP009,ST576,2017-07-05,2017-07-11,2017-07-23,36.3,36.3,Pending / Delayed,EMP025,12,0.0,0.0,True
INV006770,SUP004,ST191,2017-07-05,2017-07-10,2017-07-13,86.2,86.2,Processed,EMP021,3,0.0,0.0,False
INV006771,SUP014,ST351,2017-07-05,2017-07-09,2017-07-13,1177.8,1177.8,Processed Late,EMP010,4,0.0,0.0,True
INV006772,SUP006,ST163,2017-07-05,2017-07-08,2017-07-10,173.31,173.31,Processed,EMP002,2,0.0,0.0,False
INV006773,SUP010,ST613,2017-07-05,2017-07-13,2017-07-14,310.14,310.14,Processed,EMP008,1,0.0,0.0,False
INV006774,SUP001,ST615,2017-07-05,2017-07-09,2017-07-12,19.32,19.32,Processed,EMP002,3,0.0,0.0,False
INV006775,SUP007,ST362,2017-07-05,2017-07-13,2017-07-19,346.06,346.06,Processed Late,EMP015,6,0.0,0.0,True
INV006776,SUP010,ST608,2017-07-05,2017-07-13,2017-07-25,45.85,43.02,Pending / Delayed,EMP016,12,2.83,2.83,True
INV006777,SUP013,ST062,2017-07-05,2017-07-12,2017-07-17,2434.64,2434.64,Processed Late,EMP001,5,0.0,0.0,True
INV006778,SUP003,ST027,2017-07-05,2017-07-08,2017-07-11,89.92,89.92,Processed,EMP013,3,0.0,0.0,False
INV006779,SUP009,ST335,2017-07-05,2017-07-08,2017-07-11,2925.0,2925.0,Processed,EMP003,3,0.0,0.0,False
INV006780,SUP002,ST545,2017-07-05,2017-07-12,2017-07-14,1262.03,1262.03,Processed,EMP007,2,0.0,0.0,False
INV006781,SUP012,ST394,2017-07-05,2017-07-12,2017-07-20,8.79,8.79,Pending / Delayed,EMP011,8,0.0,0.0,True
INV006782,SUP014,ST128,2017-07-05,2017-07-09,2017-07-10,4.44,4.44,Processed,EMP021,1,0.0,0.0,False
INV006783,SUP001,ST355,2017-07-05,2017-07-13,2017-07-18,33.2,32.85,Processed Late,EMP001,5,0.35,0.35,True
INV006784,SUP004,ST529,2017-07-05,2017-07-08,2017-07-10,25.08,25.08,Processed,EMP025,2,0.0,0.0,False
INV006785,SUP015,ST210,2017-07-05,2017-07-13,2017-07-15,72.25,72.25,Processed,EMP025,2,0.0,0.0,False
INV006786,SUP003,ST278,2017-07-05,2017-07-13,2017-07-16,51.66,51.66,Processed,EMP015,3,0.0,0.0,False
INV006787,SUP014,ST108,2017-07-05,2017-07-11,2017-07-12,28.44,28.44,Processed,EMP004,1,0.0,0.0,False
INV006788,SUP008,ST149,2017-07-05,2017-07-09,2017-07-12,33.53,31.28,Processed,EMP028,3,2.25,2.25,False
INV006789,SUP007,ST282,2017-07-05,2017-07-13,2017-07-15,6901.92,6901.92,Processed,EMP021,2,0.0,0.0,False
INV006790,SUP002,ST517,2017-07-05,2017-07-09,2017-07-12,4976.66,4976.66,Processed,EMP009,3,0.0,0.0,False
INV006791,SUP008,ST429,2017-07-05,2017-07-09,2017-07-14,207.61,207.61,Processed Late,EMP002,5,0.0,0.0,True
INV006792,SUP002,ST345,2017-07-05,2017-07-11,2017-07-14,267.66,267.66,Processed,EMP024,3,0.0,0.0,False
INV006793,SUP015,ST526,2017-07-05,2017-07-09,2017-07-15,387.3,387.3,Processed Late,EMP003,6,0.0,0.0,True
INV006794,SUP014,ST337,2017-07-05,2017-07-11,2017-07-15,834.9,834.9,Processed Late,EMP011,4,0.0,0.0,True
INV006795,SUP002,ST347,2017-07-05,2017-07-13,2017-07-15,103.32,103.32,Processed,EMP021,2,0.0,0.0,False
INV006796,SUP005,ST600,2017-07-05,2017-07-13,2017-07-15,39.05,39.05,Processed,EMP015,2,0.0,0.0,False
INV006797,SUP009,ST586,2017-07-05,2017-07-11,2017-07-12,14.88,14.88,Processed,EMP028,1,0.0,0.0,False
INV006798,SUP012,ST298,2017-07-05,2017-07-12,2017-07-21,33.0,33.0,Pending / Delayed,EMP006,9,0.0,0.0,True
INV006799,SUP015,ST423,2017-07-05,2017-07-12,2017-07-13,165.96,165.96,Processed,EMP028,1,0.0,0.0,False
INV006800,SUP010,ST216,2017-07-05,2017-07-09,2017-07-10,70.59,70.59,Processed,EMP029,1,0.0,0.0,False
INV006801,SUP002,ST064,2017-07-20,2017-07-27,2017-07-30,490.32,490.32,Processed,EMP004,3,0.0,0.0,False
INV006802,SUP008,ST450,2017-07-20,2017-07-23,2017-07-24,26.11,24.54,Processed,EMP024,1,1.57,1.57,False
INV006803,SUP008,ST509,2017-07-20,2017-07-26,2017-08-01,218.4,218.4,Processed Late,EMP005,6,0.0,0.0,True
INV006804,SUP003,ST379,2017-07-20,2017-07-28,2017-07-31,295.23,295.23,Processed,EMP020,3,0.0,0.0,False
INV006805,SUP009,ST459,2017-07-20,2017-07-23,2017-07-26,275.25,275.25,Processed,EMP002,3,0.0,0.0,False
INV006806,SUP013,ST255,2017-07-20,2017-07-27,2017-07-31,2539.13,2539.13,Processed Late,EMP017,4,0.0,0.0,True
INV006807,SUP001,ST506,2017-07-20,2017-07-25,2017-07-27,75.48,75.48,Processed,EMP016,2,0.0,0.0,False
INV006808,SUP015,ST373,2017-07-20,2017-07-23,2017-07-25,34.1,34.1,Processed,EMP009,2,0.0,0.0,False
INV006809,SUP010,ST427,2017-07-20,2017-07-26,2017-07-29,248.71,248.71,Processed,EMP016,3,0.0,0.0,False
INV006810,SUP003,ST203,2017-07-20,2017-07-24,2017-07-27,7.25,7.25,Processed,EMP028,3,0.0,0.0,False
INV006811,SUP008,ST121,2017-07-20,2017-07-28,2017-07-29,306.0,306.0,Processed,EMP003,1,0.0,0.0,False
INV006812,SUP006,ST031,2017-07-20,2017-07-26,2017-07-29,123.76,123.76,Processed,EMP004,3,0.0,0.0,False
INV006813,SUP005,ST022,2017-07-20,2017-07-23,2017-07-24,41.12,41.12,Processed,EMP018,1,0.0,0.0,False
INV006814,SUP015,ST157,2017-07-20,2017-07-23,2017-07-25,36.15,36.15,Processed,EMP029,2,0.0,0.0,False
INV006815,SUP004,ST065,2017-07-20,2017-07-26,2017-07-28,121.55,121.55,Processed,EMP016,2,0.0,0.0,False
INV006816,SUP012,ST207,2017-07-20,2017-07-27,2017-07-30,29.9,29.9,Processed,EMP025,3,0.0,0.0,False
INV006817,SUP011,ST051,2017-07-20,2017-07-23,2017-07-26,7753.36,7753.36,Processed,EMP013,3,0.0,0.0,False
INV006818,SUP006,ST570,2017-07-20,2017-07-23,2017-07-26,427.57,427.57,Processed,EMP014,3,0.0,0.0,False
INV006819,SUP010,ST345,2017-07-20,2017-07-27,2017-07-30,17.05,17.05,Processed,EMP006,3,0.0,0.0,False
INV006820,SUP007,ST572,2017-07-20,2017-07-23,2017-07-26,11.69,11.69,Processed,EMP016,3,0.0,0.0,False
INV006821,SUP015,ST496,2017-07-20,2017-07-26,2017-07-31,2511.6,2511.6,Processed Late,EMP029,5,0.0,0.0,True
INV006822,SUP014,ST628,2017-07-20,2017-07-23,2017-07-28,62.44,61.74,Processed Late,EMP025,5,0.7,0.7,True
INV006823,SUP013,ST595,2017-07-20,2017-07-26,2017-08-01,6.68,6.68,Processed Late,EMP002,6,0.0,0.0,True
INV006824,SUP012,ST053,2017-07-20,2017-07-24,2017-07-25,5417.1,5417.1,Processed,EMP019,1,0.0,0.0,False
INV006825,SUP006,ST338,2017-07-20,2017-07-26,2017-07-30,83.16,83.16,Processed Late,EMP007,4,0.0,0.0,True
INV006826,SUP002,ST593,2017-07-20,2017-07-25,2017-07-27,93.48,93.48,Processed,EMP007,2,0.0,0.0,False
INV006827,SUP009,ST393,2017-07-20,2017-07-24,2017-07-25,228.33,228.33,Processed,EMP010,1,0.0,0.0,False
INV006828,SUP011,ST431,2017-07-20,2017-07-27,2017-07-30,440.64,440.64,Processed,EMP010,3,0.0,0.0,False
INV006829,SUP015,ST531,2017-07-20,2017-07-24,2017-07-25,87.0,87.0,Processed,EMP006,1,0.0,0.0,False
INV006830,SUP001,ST091,2017-07-20,2017-07-24,2017-07-27,6340.1,6340.1,Processed,EMP017,3,0.0,0.0,False
INV006831,SUP009,ST202,2017-07-20,2017-07-24,2017-07-27,612.17,612.17,Processed,EMP015,3,0.0,0.0,False
INV006832,SUP014,ST210,2017-07-20,2017-07-24,2017-07-29,414.02,388.8,Processed Late,EMP028,5,25.22,25.22,True
INV006833,SUP001,ST034,2017-07-20,2017-07-27,2017-07-29,16.64,16.17,Processed,EMP006,2,0.47,0.47,False
INV006834,SUP012,ST244,2017-07-20,2017-07-26,2017-07-27,13.28,13.28,Processed,EMP009,1,0.0,0.0,False
INV006835,SUP010,ST044,2017-07-20,2017-07-23,2017-07-27,154.8,154.8,Processed Late,EMP007,4,0.0,0.0,True
INV006836,SUP011,ST459,2017-07-20,2017-07-24,2017-07-25,150.57,150.57,Processed,EMP001,1,0.0,0.0,False
INV006837,SUP010,ST217,2017-07-20,2017-07-26,2017-07-31,30.64,30.64,Processed Late,EMP006,5,0.0,0.0,True
INV006838,SUP008,ST533,2017-07-20,2017-07-27,2017-07-29,2048.75,2048.75,Processed,EMP003,2,0.0,0.0,False
INV006839,SUP007,ST414,2017-07-20,2017-07-25,2017-07-29,1185.07,1210.05,Processed Late,EMP008,4,-24.98,24.98,True
INV006840,SUP013,ST139,2017-07-20,2017-07-24,2017-07-29,123.5,123.5,Processed Late,EMP019,5,0.0,0.0,True
INV006841,SUP012,ST095,2017-07-20,2017-07-25,2017-08-01,243.45,243.45,Pending / Delayed,EMP030,7,0.0,0.0,True
INV006842,SUP007,ST446,2017-07-20,2017-07-27,2017-07-28,696.71,696.71,Processed,EMP021,1,0.0,0.0,False
INV006843,SUP014,ST423,2017-07-20,2017-07-27,2017-08-04,92.7,92.7,Pending / Delayed,EMP004,8,0.0,0.0,True
INV006844,SUP011,ST573,2017-07-20,2017-07-28,2017-07-29,110.96,110.96,Processed,EMP010,1,0.0,0.0,False
INV006845,SUP010,ST445,2017-07-20,2017-07-27,2017-08-01,63.0,63.0,Processed Late,EMP023,5,0.0,0.0,True
INV006846,SUP011,ST336,2017-07-20,2017-07-26,2017-08-02,44.96,44.96,Pending / Delayed,EMP030,7,0.0,0.0,True
INV006847,SUP014,ST310,2017-07-20,2017-07-23,2017-07-24,20.52,20.52,Processed,EMP004,1,0.0,0.0,False
INV006848,SUP007,ST540,2017-07-20,2017-07-25,2017-07-31,155.0,155.0,Processed Late,EMP003,6,0.0,0.0,True
INV006849,SUP005,ST394,2017-07-20,2017-07-27,2017-07-30,5.96,5.96,Processed,EMP005,3,0.0,0.0,False
INV006850,SUP006,ST256,2017-07-20,2017-07-23,2017-07-24,4290.56,4028.0,Processed,EMP021,1,262.56,262.56,False
INV006851,SUP007,ST414,2017-07-20,2017-07-24,2017-07-25,168.48,168.48,Processed,EMP024,1,0.0,0.0,False
INV006852,SUP005,ST011,2017-07-20,2017-07-25,2017-07-28,8.64,8.64,Processed,EMP029,3,0.0,0.0,False
INV006853,SUP010,ST012,2017-07-20,2017-07-23,2017-07-29,109.62,109.62,Processed Late,EMP019,6,0.0,0.0,True
INV006854,SUP010,ST398,2017-07-20,2017-07-28,2017-07-31,33.46,33.46,Processed,EMP021,3,0.0,0.0,False
INV006855,SUP015,ST125,2017-07-20,2017-07-28,2017-08-09,88.56,88.56,Pending / Delayed,EMP025,12,0.0,0.0,True
INV006856,SUP013,ST150,2017-07-20,2017-07-27,2017-07-29,487.32,487.32,Processed,EMP030,2,0.0,0.0,False
INV006857,SUP009,ST503,2017-07-20,2017-07-25,2017-07-27,61.62,61.62,Processed,EMP011,2,0.0,0.0,False
INV006858,SUP004,ST236,2017-07-20,2017-07-26,2017-07-27,571.26,571.26,Processed,EMP005,1,0.0,0.0,False
INV006859,SUP001,ST397,2017-07-20,2017-07-27,2017-08-02,81.89,81.89,Processed Late,EMP019,6,0.0,0.0,True
INV006860,SUP015,ST309,2017-07-20,2017-07-24,2017-07-28,865.98,865.98,Processed Late,EMP027,4,0.0,0.0,True
INV006861,SUP001,ST272,2017-07-20,2017-07-23,2017-07-24,2725.61,2725.61,Processed,EMP029,1,0.0,0.0,False
INV006862,SUP013,ST334,2017-07-20,2017-07-25,2017-08-04,1872.8,1872.8,Pending / Delayed,EMP023,10,0.0,0.0,True
INV006863,SUP011,ST381,2017-07-20,2017-07-28,2017-07-30,525.56,525.56,Processed,EMP013,2,0.0,0.0,False
INV006864,SUP001,ST056,2017-07-20,2017-07-27,2017-07-31,47.74,47.74,Processed Late,EMP008,4,0.0,0.0,True
INV006865,SUP003,ST406,2017-07-20,2017-07-23,2017-07-27,47.12,47.12,Processed Late,EMP004,4,0.0,0.0,True
INV006866,SUP005,ST617,2017-07-20,2017-07-27,2017-07-29,388.35,388.35,Processed,EMP001,2,0.0,0.0,False
INV006867,SUP003,ST479,2017-07-20,2017-07-28,2017-08-02,55.65,55.65,Processed Late,EMP030,5,0.0,0.0,True
INV006868,SUP007,ST364,2017-07-20,2017-07-23,2017-07-26,150.75,150.75,Processed,EMP006,3,0.0,0.0,False
INV006869,SUP001,ST299,2017-07-20,2017-07-27,2017-08-05,18.3,18.3,Pending / Delayed,EMP011,9,0.0,0.0,True
INV006870,SUP005,ST467,2017-07-20,2017-07-23,2017-07-24,45.0,45.0,Processed,EMP024,1,0.0,0.0,False
INV006871,SUP004,ST334,2017-07-20,2017-07-26,2017-08-05,1410.63,1410.63,Pending / Delayed,EMP026,10,0.0,0.0,True
INV006872,SUP009,ST356,2017-07-20,2017-07-23,2017-07-26,99.55,107.6,Processed,EMP009,3,-8.05,8.05,False
INV006873,SUP011,ST104,2017-07-20,2017-07-27,2017-08-01,39.48,39.48,Processed Late,EMP002,5,0.0,0.0,True
INV006874,SUP009,ST328,2017-07-20,2017-07-25,2017-07-29,380.04,380.04,Processed Late,EMP009,4,0.0,0.0,True
INV006875,SUP004,ST191,2017-07-20,2017-07-24,2017-07-27,9.96,9.96,Processed,EMP009,3,0.0,0.0,False
INV006876,SUP015,ST488,2017-07-20,2017-07-24,2017-07-30,269.0,269.0,Processed Late,EMP027,6,0.0,0.0,True
INV006877,SUP008,ST606,2017-07-20,2017-07-24,2017-07-26,74.48,74.48,Processed,EMP024,2,0.0,0.0,False
INV006878,SUP004,ST562,2017-07-20,2017-07-27,2017-07-30,544.42,566.9,Processed,EMP014,3,-22.48,22.48,False
INV006879,SUP012,ST518,2017-07-20,2017-07-27,2017-08-06,132.86,132.86,Pending / Delayed,EMP017,10,0.0,0.0,True
INV006880,SUP006,ST155,2017-07-20,2017-07-25,2017-07-26,224.06,224.06,Processed,EMP011,1,0.0,0.0,False
INV006881,SUP006,ST471,2017-08-05,2017-08-08,2017-08-10,347.56,347.56,Processed,EMP008,2,0.0,0.0,False
INV006882,SUP010,ST022,2017-08-05,2017-08-13,2017-08-18,179.85,179.85,Processed Late,EMP028,5,0.0,0.0,True
INV006883,SUP012,ST185,2017-08-05,2017-08-10,2017-08-12,1641.06,1641.06,Processed,EMP014,2,0.0,0.0,False
INV006884,SUP002,ST297,2017-08-05,2017-08-11,2017-08-14,106.95,106.95,Processed,EMP027,3,0.0,0.0,False
INV006885,SUP001,ST320,2017-08-05,2017-08-09,2017-08-10,17.46,17.46,Processed,EMP027,1,0.0,0.0,False
INV006886,SUP015,ST376,2017-08-05,2017-08-10,2017-08-16,80.84,77.01,Processed Late,EMP002,6,3.83,3.83,True
INV006887,SUP001,ST610,2017-08-05,2017-08-13,2017-08-15,12.78,12.78,Processed,EMP012,2,0.0,0.0,False
INV006888,SUP010,ST467,2017-08-05,2017-08-13,2017-08-17,15.69,16.2,Processed Late,EMP004,4,-0.51,0.51,True
INV006889,SUP002,ST290,2017-08-05,2017-08-10,2017-08-15,163.78,177.28,Processed Late,EMP029,5,-13.5,13.5,True
INV006890,SUP004,ST085,2017-08-05,2017-08-09,2017-08-10,290.28,290.28,Processed,EMP024,1,0.0,0.0,False
INV006891,SUP013,ST090,2017-08-05,2017-08-11,2017-08-12,36.0,36.0,Processed,EMP022,1,0.0,0.0,False
INV006892,SUP007,ST045,2017-08-05,2017-08-13,2017-08-14,855.6,855.6,Processed,EMP017,1,0.0,0.0,False
INV006893,SUP015,ST424,2017-08-05,2017-08-10,2017-08-14,846.96,846.96,Processed Late,EMP014,4,0.0,0.0,True
INV006894,SUP013,ST150,2017-08-05,2017-08-11,2017-08-15,26.1,26.1,Processed Late,EMP013,4,0.0,0.0,True
INV006895,SUP003,ST432,2017-08-05,2017-08-08,2017-08-14,398.79,429.12,Processed Late,EMP014,6,-30.33,30.33,True
INV006896,SUP007,ST485,2017-08-05,2017-08-08,2017-08-09,138.09,138.09,Processed,EMP016,1,0.0,0.0,False
INV006897,SUP002,ST008,2017-08-05,2017-08-08,2017-08-11,24.48,24.48,Processed,EMP013,3,0.0,0.0,False
INV006898,SUP001,ST437,2017-08-05,2017-08-08,2017-08-11,21.3,21.3,Processed,EMP005,3,0.0,0.0,False
INV006899,SUP002,ST073,2017-08-05,2017-08-08,2017-08-09,315.72,315.72,Processed,EMP015,1,0.0,0.0,False
INV006900,SUP007,ST465,2017-08-05,2017-08-10,2017-08-12,1271.52,1271.52,Processed,EMP009,2,0.0,0.0,False
INV006901,SUP006,ST193,2017-08-05,2017-08-12,2017-08-13,25.27,25.27,Processed,EMP023,1,0.0,0.0,False
INV006902,SUP015,ST237,2017-08-05,2017-08-12,2017-08-13,451.62,451.62,Processed,EMP021,1,0.0,0.0,False
INV006903,SUP005,ST597,2017-08-05,2017-08-08,2017-08-14,2440.62,2440.62,Processed Late,EMP018,6,0.0,0.0,True
INV006904,SUP014,ST058,2017-08-05,2017-08-11,2017-08-13,394.05,394.05,Processed,EMP025,2,0.0,0.0,False
INV006905,SUP014,ST111,2017-08-05,2017-08-11,2017-08-18,397.43,397.43,Pending / Delayed,EMP007,7,0.0,0.0,True
INV006906,SUP003,ST406,2017-08-05,2017-08-12,2017-08-13,477.15,477.15,Processed,EMP020,1,0.0,0.0,False
INV006907,SUP011,ST339,2017-08-05,2017-08-13,2017-08-15,62.64,62.64,Processed,EMP007,2,0.0,0.0,False
INV006908,SUP001,ST312,2017-08-05,2017-08-12,2017-08-15,65.98,65.98,Processed,EMP019,3,0.0,0.0,False
INV006909,SUP005,ST558,2017-08-05,2017-08-10,2017-08-15,171.72,171.72,Processed Late,EMP016,5,0.0,0.0,True
INV006910,SUP010,ST227,2017-08-05,2017-08-13,2017-08-20,69.36,69.36,Pending / Delayed,EMP012,7,0.0,0.0,True
INV006911,SUP012,ST254,2017-08-05,2017-08-08,2017-08-12,49.7,49.7,Processed Late,EMP029,4,0.0,0.0,True
INV006912,SUP001,ST324,2017-08-05,2017-08-13,2017-08-16,256.0,256.0,Processed,EMP028,3,0.0,0.0,False
INV006913,SUP004,ST477,2017-08-05,2017-08-11,2017-08-13,149.11,149.11,Processed,EMP017,2,0.0,0.0,False
INV006914,SUP015,ST289,2017-08-05,2017-08-12,2017-08-19,88.8,88.8,Pending / Delayed,EMP030,7,0.0,0.0,True
INV006915,SUP015,ST460,2017-08-05,2017-08-12,2017-08-14,79.6,79.6,Processed,EMP027,2,0.0,0.0,False
INV006916,SUP008,ST011,2017-08-05,2017-08-09,2017-08-11,644.82,644.82,Processed,EMP028,2,0.0,0.0,False
INV006917,SUP003,ST350,2017-08-05,2017-08-11,2017-08-12,9.15,9.15,Processed,EMP007,1,0.0,0.0,False
INV006918,SUP014,ST230,2017-08-05,2017-08-13,2017-08-18,983.25,983.25,Processed Late,EMP011,5,0.0,0.0,True
INV006919,SUP002,ST460,2017-08-05,2017-08-11,2017-08-13,55.4,55.4,Processed,EMP006,2,0.0,0.0,False
INV006920,SUP008,ST388,2017-08-05,2017-08-11,2017-08-17,3872.4,3872.4,Processed Late,EMP023,6,0.0,0.0,True
INV006921,SUP010,ST097,2017-08-05,2017-08-12,2017-08-22,20.93,20.93,Pending / Delayed,EMP011,10,0.0,0.0,True
INV006922,SUP013,ST577,2017-08-05,2017-08-09,2017-08-12,219.78,219.78,Processed,EMP006,3,0.0,0.0,False
INV006923,SUP011,ST356,2017-08-05,2017-08-13,2017-08-16,125.2,125.2,Processed,EMP007,3,0.0,0.0,False
INV006924,SUP007,ST622,2017-08-05,2017-08-11,2017-08-15,390.8,390.8,Processed Late,EMP013,4,0.0,0.0,True
INV006925,SUP002,ST500,2017-08-05,2017-08-11,2017-08-12,1014.21,1014.21,Processed,EMP009,1,0.0,0.0,False
INV006926,SUP008,ST029,2017-08-05,2017-08-09,2017-08-12,2322.18,2322.18,Processed,EMP018,3,0.0,0.0,False
INV006927,SUP001,ST395,2017-08-05,2017-08-13,2017-08-16,3875.2,3875.2,Processed,EMP030,3,0.0,0.0,False
INV006928,SUP014,ST364,2017-08-05,2017-08-09,2017-08-11,449.02,449.02,Processed,EMP004,2,0.0,0.0,False
INV006929,SUP015,ST378,2017-08-05,2017-08-10,2017-08-13,620.28,620.28,Processed,EMP009,3,0.0,0.0,False
INV006930,SUP007,ST378,2017-08-05,2017-08-12,2017-08-18,235.79,235.79,Processed Late,EMP003,6,0.0,0.0,True
INV006931,SUP014,ST013,2017-08-05,2017-08-08,2017-08-09,915.7,915.7,Processed,EMP001,1,0.0,0.0,False
INV006932,SUP011,ST187,2017-08-05,2017-08-10,2017-08-12,54.72,54.72,Processed,EMP008,2,0.0,0.0,False
INV006933,SUP003,ST421,2017-08-05,2017-08-10,2017-08-11,64.0,64.0,Processed,EMP024,1,0.0,0.0,False
INV006934,SUP014,ST393,2017-08-05,2017-08-11,2017-08-13,28.08,28.08,Processed,EMP010,2,0.0,0.0,False
INV006935,SUP014,ST021,2017-08-05,2017-08-11,2017-08-12,66.12,66.12,Processed,EMP018,1,0.0,0.0,False
INV006936,SUP001,ST602,2017-08-05,2017-08-12,2017-08-16,974.61,974.61,Processed Late,EMP026,4,0.0,0.0,True
INV006937,SUP001,ST570,2017-08-05,2017-08-10,2017-08-15,37.45,40.2,Processed Late,EMP021,5,-2.75,2.75,True
INV006938,SUP014,ST202,2017-08-05,2017-08-08,2017-08-10,121.6,121.6,Processed,EMP003,2,0.0,0.0,False
INV006939,SUP009,ST025,2017-08-05,2017-08-10,2017-08-13,73.36,73.36,Processed,EMP002,3,0.0,0.0,False
INV006940,SUP014,ST503,2017-08-05,2017-08-08,2017-08-10,1136.52,1136.52,Processed,EMP023,2,0.0,0.0,False
INV006941,SUP011,ST603,2017-08-05,2017-08-11,2017-08-14,139.59,139.59,Processed,EMP028,3,0.0,0.0,False
INV006942,SUP015,ST103,2017-08-05,2017-08-11,2017-08-22,27.85,29.68,Pending / Delayed,EMP019,11,-1.83,1.83,True
INV006943,SUP011,ST615,2017-08-05,2017-08-11,2017-08-12,1003.18,946.68,Processed,EMP020,1,56.5,56.5,False
INV006944,SUP008,ST461,2017-08-05,2017-08-08,2017-08-10,352.2,352.2,Processed,EMP002,2,0.0,0.0,False
INV006945,SUP006,ST400,2017-08-05,2017-08-12,2017-08-14,779.88,779.88,Processed,EMP004,2,0.0,0.0,False
INV006946,SUP014,ST172,2017-08-05,2017-08-12,2017-08-15,195.95,195.95,Processed,EMP011,3,0.0,0.0,False
INV006947,SUP015,ST124,2017-08-05,2017-08-11,2017-08-14,43.81,43.81,Processed,EMP027,3,0.0,0.0,False
INV006948,SUP015,ST583,2017-08-05,2017-08-08,2017-08-09,29.12,29.12,Processed,EMP010,1,0.0,0.0,False
INV006949,SUP013,ST625,2017-08-05,2017-08-08,2017-08-13,3332.78,3332.78,Processed Late,EMP015,5,0.0,0.0,True
INV006950,SUP006,ST109,2017-08-05,2017-08-13,2017-08-16,12.46,12.18,Processed,EMP001,3,0.28,0.28,False
INV006951,SUP012,ST538,2017-08-05,2017-08-08,2017-08-09,13.3,13.3,Processed,EMP020,1,0.0,0.0,False
INV006952,SUP009,ST124,2017-08-05,2017-08-11,2017-08-12,23.29,23.29,Processed,EMP008,1,0.0,0.0,False
INV006953,SUP008,ST269,2017-08-05,2017-08-09,2017-08-14,33.0,33.0,Processed Late,EMP022,5,0.0,0.0,True
INV006954,SUP010,ST245,2017-08-05,2017-08-12,2017-08-15,7.26,7.26,Processed,EMP029,3,0.0,0.0,False
INV006955,SUP005,ST222,2017-08-05,2017-08-08,2017-08-12,18.96,18.96,Processed Late,EMP004,4,0.0,0.0,True
INV006956,SUP010,ST605,2017-08-05,2017-08-11,2017-08-12,11.44,11.44,Processed,EMP016,1,0.0,0.0,False
INV006957,SUP003,ST037,2017-08-05,2017-08-10,2017-08-22,63.45,63.45,Pending / Delayed,EMP025,12,0.0,0.0,True
INV006958,SUP007,ST261,2017-08-05,2017-08-13,2017-08-16,1017.12,1017.12,Processed,EMP014,3,0.0,0.0,False
INV006959,SUP007,ST503,2017-08-05,2017-08-11,2017-08-14,257.6,257.6,Processed,EMP021,3,0.0,0.0,False
INV006960,SUP010,ST590,2017-08-05,2017-08-13,2017-08-15,61.52,61.52,Processed,EMP013,2,0.0,0.0,False
INV006961,SUP001,ST218,2017-08-20,2017-08-26,2017-09-01,38.61,38.61,Processed Late,EMP002,6,0.0,0.0,True
INV006962,SUP004,ST041,2017-08-20,2017-08-25,2017-09-05,2213.31,2213.31,Pending / Delayed,EMP018,11,0.0,0.0,True
INV006963,SUP009,ST489,2017-08-20,2017-08-25,2017-08-30,47.46,47.46,Processed Late,EMP028,5,0.0,0.0,True
INV006964,SUP006,ST183,2017-08-20,2017-08-25,2017-09-02,11.21,11.43,Pending / Delayed,EMP029,8,-0.22,0.22,True
INV006965,SUP010,ST284,2017-08-20,2017-08-25,2017-08-27,77.84,77.84,Processed,EMP027,2,0.0,0.0,False
INV006966,SUP002,ST117,2017-08-20,2017-08-24,2017-08-29,133.7,133.7,Processed Late,EMP002,5,0.0,0.0,True
INV006967,SUP014,ST604,2017-08-20,2017-08-26,2017-09-01,588.91,588.91,Processed Late,EMP001,6,0.0,0.0,True
INV006968,SUP004,ST585,2017-08-20,2017-08-28,2017-08-31,1926.21,1926.21,Processed,EMP022,3,0.0,0.0,False
INV006969,SUP004,ST085,2017-08-20,2017-08-24,2017-08-30,848.28,848.28,Processed Late,EMP004,6,0.0,0.0,True
INV006970,SUP006,ST009,2017-08-20,2017-08-24,2017-08-25,30.24,30.24,Processed,EMP016,1,0.0,0.0,False
INV006971,SUP013,ST450,2017-08-20,2017-08-28,2017-08-31,95.2,95.2,Processed,EMP022,3,0.0,0.0,False
INV006972,SUP008,ST507,2017-08-20,2017-08-26,2017-08-31,399.18,399.18,Processed Late,EMP012,5,0.0,0.0,True
INV006973,SUP005,ST209,2017-08-20,2017-08-24,2017-08-26,168.6,168.6,Processed,EMP011,2,0.0,0.0,False
INV006974,SUP011,ST327,2017-08-20,2017-08-27,2017-08-30,42.35,42.35,Processed,EMP018,3,0.0,0.0,False
INV006975,SUP012,ST079,2017-08-20,2017-08-26,2017-08-27,26.19,26.19,Processed,EMP002,1,0.0,0.0,False
INV006976,SUP001,ST602,2017-08-20,2017-08-27,2017-08-28,631.68,631.68,Processed,EMP009,1,0.0,0.0,False
INV006977,SUP005,ST528,2017-08-20,2017-08-28,2017-09-03,38.78,38.78,Processed Late,EMP015,6,0.0,0.0,True
INV006978,SUP012,ST383,2017-08-20,2017-08-24,2017-08-26,81.92,81.92,Processed,EMP012,2,0.0,0.0,False
INV006979,SUP003,ST627,2017-08-20,2017-08-24,2017-08-30,76.83,76.83,Processed Late,EMP015,6,0.0,0.0,True
INV006980,SUP007,ST549,2017-08-20,2017-08-28,2017-08-30,2247.44,2247.44,Processed,EMP006,2,0.0,0.0,False
INV006981,SUP013,ST534,2017-08-20,2017-08-23,2017-08-28,19.04,19.04,Processed Late,EMP007,5,0.0,0.0,True
INV006982,SUP010,ST279,2017-08-20,2017-08-23,2017-08-29,892.68,892.68,Processed Late,EMP002,6,0.0,0.0,True
INV006983,SUP005,ST273,2017-08-20,2017-08-24,2017-08-25,213.8,213.8,Processed,EMP021,1,0.0,0.0,False
INV006984,SUP003,ST499,2017-08-20,2017-08-28,2017-08-29,97.24,97.24,Processed,EMP007,1,0.0,0.0,False
INV006985,SUP006,ST286,2017-08-20,2017-08-25,2017-09-05,150.8,150.8,Pending / Delayed,EMP019,11,0.0,0.0,True
INV006986,SUP001,ST110,2017-08-20,2017-08-24,2017-08-29,17.3,17.3,Processed Late,EMP019,5,0.0,0.0,True
INV006987,SUP015,ST630,2017-08-20,2017-08-24,2017-08-25,234.32,234.32,Processed,EMP020,1,0.0,0.0,False
INV006988,SUP003,ST601,2017-08-20,2017-08-27,2017-08-29,26.4,26.4,Processed,EMP015,2,0.0,0.0,False
INV006989,SUP006,ST216,2017-08-20,2017-08-28,2017-09-01,396.96,396.96,Processed Late,EMP020,4,0.0,0.0,True
INV006990,SUP002,ST104,2017-08-20,2017-08-27,2017-08-28,3016.44,3016.44,Processed,EMP014,1,0.0,0.0,False
INV006991,SUP004,ST307,2017-08-20,2017-08-25,2017-08-27,1688.78,1688.78,Processed,EMP028,2,0.0,0.0,False
INV006992,SUP002,ST422,2017-08-20,2017-08-23,2017-08-29,92.96,92.96,Processed Late,EMP010,6,0.0,0.0,True
INV006993,SUP005,ST343,2017-08-20,2017-08-23,2017-08-26,27.86,27.86,Processed,EMP010,3,0.0,0.0,False
INV006994,SUP001,ST183,2017-08-20,2017-08-24,2017-08-25,3385.2,3385.2,Processed,EMP026,1,0.0,0.0,False
INV006995,SUP005,ST399,2017-08-20,2017-08-25,2017-08-27,32.4,32.4,Processed,EMP004,2,0.0,0.0,False
INV006996,SUP004,ST584,2017-08-20,2017-08-27,2017-09-02,195.65,195.65,Processed Late,EMP009,6,0.0,0.0,True
INV006997,SUP002,ST456,2017-08-20,2017-08-28,2017-08-30,381.31,381.31,Processed,EMP020,2,0.0,0.0,False
INV006998,SUP007,ST393,2017-08-20,2017-08-27,2017-08-31,1564.64,1564.64,Processed Late,EMP024,4,0.0,0.0,True
INV006999,SUP005,ST484,2017-08-20,2017-08-23,2017-08-27,1377.84,1377.84,Processed Late,EMP018,4,0.0,0.0,True
INV007000,SUP013,ST256,2017-08-20,2017-08-23,2017-08-29,117.09,117.09,Processed Late,EMP023,6,0.0,0.0,True
INV007001,SUP010,ST367,2017-08-20,2017-08-23,2017-08-28,10.24,10.24,Processed Late,EMP019,5,0.0,0.0,True
INV007002,SUP002,ST266,2017-08-20,2017-08-25,2017-08-27,2368.4,2368.4,Processed,EMP012,2,0.0,0.0,False
INV007003,SUP003,ST170,2017-08-20,2017-08-24,2017-08-29,787.15,787.15,Processed Late,EMP004,5,0.0,0.0,True
INV007004,SUP007,ST069,2017-08-20,2017-08-24,2017-08-27,19.3,19.3,Processed,EMP019,3,0.0,0.0,False
INV007005,SUP006,ST447,2017-08-20,2017-08-23,2017-08-26,35.67,35.67,Processed,EMP001,3,0.0,0.0,False
INV007006,SUP015,ST344,2017-08-20,2017-08-24,2017-08-29,181.0,181.0,Processed Late,EMP010,5,0.0,0.0,True
INV007007,SUP004,ST446,2017-08-20,2017-08-25,2017-08-28,437.84,437.84,Processed,EMP005,3,0.0,0.0,False
INV007008,SUP006,ST612,2017-08-20,2017-08-26,2017-09-01,13.54,13.54,Processed Late,EMP027,6,0.0,0.0,True
INV007009,SUP015,ST328,2017-08-20,2017-08-23,2017-08-24,20.7,20.7,Processed,EMP006,1,0.0,0.0,False
INV007010,SUP002,ST383,2017-08-20,2017-08-26,2017-09-04,102.08,102.08,Pending / Delayed,EMP012,9,0.0,0.0,True
INV007011,SUP012,ST338,2017-08-20,2017-08-25,2017-08-31,386.68,386.68,Processed Late,EMP029,6,0.0,0.0,True
INV007012,SUP003,ST088,2017-08-20,2017-08-26,2017-09-05,18.7,18.7,Pending / Delayed,EMP030,10,0.0,0.0,True
INV007013,SUP002,ST290,2017-08-20,2017-08-24,2017-08-25,28.25,28.25,Processed,EMP024,1,0.0,0.0,False
INV007014,SUP005,ST516,2017-08-20,2017-08-26,2017-08-28,3437.2,3437.2,Processed,EMP004,2,0.0,0.0,False
INV007015,SUP013,ST087,2017-08-20,2017-08-26,2017-09-01,17.51,16.6,Processed Late,EMP021,6,0.91,0.91,True
INV007016,SUP012,ST407,2017-08-20,2017-08-25,2017-08-27,203.4,203.4,Processed,EMP018,2,0.0,0.0,False
INV007017,SUP005,ST173,2017-08-20,2017-08-28,2017-09-01,22.48,22.48,Processed Late,EMP016,4,0.0,0.0,True
INV007018,SUP002,ST167,2017-08-20,2017-08-26,2017-08-28,15.0,15.0,Processed,EMP019,2,0.0,0.0,False
INV007019,SUP001,ST156,2017-08-20,2017-08-23,2017-08-26,32.16,32.16,Processed,EMP012,3,0.0,0.0,False
INV007020,SUP012,ST315,2017-08-20,2017-08-28,2017-08-31,2370.24,2370.24,Processed,EMP009,3,0.0,0.0,False
INV007021,SUP009,ST401,2017-08-20,2017-08-27,2017-08-28,1074.78,1074.78,Processed,EMP030,1,0.0,0.0,False
INV007022,SUP012,ST556,2017-08-20,2017-08-23,2017-08-24,1077.45,1077.45,Processed,EMP014,1,0.0,0.0,False
INV007023,SUP010,ST128,2017-08-20,2017-08-24,2017-08-25,1775.55,1775.55,Processed,EMP006,1,0.0,0.0,False
INV007024,SUP011,ST335,2017-08-20,2017-08-26,2017-09-04,6194.44,6194.44,Pending / Delayed,EMP014,9,0.0,0.0,True
INV007025,SUP005,ST591,2017-08-20,2017-08-25,2017-08-28,45.38,46.65,Processed,EMP002,3,-1.27,1.27,False
INV007026,SUP012,ST117,2017-08-20,2017-08-27,2017-09-02,167.28,167.28,Processed Late,EMP005,6,0.0,0.0,True
INV007027,SUP002,ST196,2017-08-20,2017-08-28,2017-08-31,67.26,67.26,Processed,EMP027,3,0.0,0.0,False
INV007028,SUP004,ST105,2017-08-20,2017-08-23,2017-08-31,35.52,35.52,Pending / Delayed,EMP015,8,0.0,0.0,True
INV007029,SUP015,ST242,2017-08-20,2017-08-25,2017-08-31,42.94,42.94,Processed Late,EMP003,6,0.0,0.0,True
INV007030,SUP012,ST013,2017-08-20,2017-08-27,2017-08-30,49.59,49.59,Processed,EMP026,3,0.0,0.0,False
INV007031,SUP007,ST489,2017-08-20,2017-08-25,2017-08-27,33.0,33.0,Processed,EMP009,2,0.0,0.0,False
INV007032,SUP003,ST011,2017-08-20,2017-08-28,2017-08-31,9.27,9.27,Processed,EMP022,3,0.0,0.0,False
INV007033,SUP013,ST260,2017-08-20,2017-08-24,2017-08-27,25.47,25.47,Processed,EMP020,3,0.0,0.0,False
INV007034,SUP013,ST041,2017-08-20,2017-08-24,2017-08-28,307.23,307.23,Processed Late,EMP029,4,0.0,0.0,True
INV007035,SUP013,ST138,2017-08-20,2017-08-23,2017-08-25,21.84,21.84,Processed,EMP017,2,0.0,0.0,False
INV007036,SUP011,ST605,2017-08-20,2017-08-25,2017-08-28,46.48,46.48,Processed,EMP005,3,0.0,0.0,False
INV007037,SUP015,ST482,2017-08-20,2017-08-27,2017-08-28,29.5,28.5,Processed,EMP014,1,1.0,1.0,False
INV007038,SUP015,ST512,2017-08-20,2017-08-28,2017-08-29,99.18,99.18,Processed,EMP002,1,0.0,0.0,False
INV007039,SUP008,ST347,2017-08-20,2017-08-27,2017-08-29,325.2,325.2,Processed,EMP014,2,0.0,0.0,False
INV007040,SUP001,ST021,2017-08-20,2017-08-24,2017-08-25,383.57,383.57,Processed,EMP013,1,0.0,0.0,False
INV007041,SUP015,ST380,2017-09-05,2017-09-08,2017-09-12,18.24,18.24,Processed Late,EMP007,4,0.0,0.0,True
INV007042,SUP003,ST291,2017-09-05,2017-09-13,2017-09-14,132.6,132.6,Processed,EMP022,1,0.0,0.0,False
INV007043,SUP003,ST443,2017-09-05,2017-09-13,2017-09-15,83.46,83.46,Processed,EMP005,2,0.0,0.0,False
INV007044,SUP013,ST545,2017-09-05,2017-09-09,2017-09-12,351.68,351.68,Processed,EMP005,3,0.0,0.0,False
INV007045,SUP008,ST445,2017-09-05,2017-09-11,2017-09-13,892.08,892.08,Processed,EMP007,2,0.0,0.0,False
INV007046,SUP003,ST225,2017-09-05,2017-09-08,2017-09-09,206.15,206.15,Processed,EMP001,1,0.0,0.0,False
INV007047,SUP003,ST524,2017-09-05,2017-09-12,2017-09-15,23.65,23.65,Processed,EMP011,3,0.0,0.0,False
INV007048,SUP011,ST171,2017-09-05,2017-09-12,2017-09-13,2012.92,2167.76,Processed,EMP023,1,-154.84,154.84,False
INV007049,SUP008,ST041,2017-09-05,2017-09-12,2017-09-15,159.9,159.9,Processed,EMP001,3,0.0,0.0,False
INV007050,SUP015,ST468,2017-09-05,2017-09-09,2017-09-14,1138.14,1138.14,Processed Late,EMP022,5,0.0,0.0,True
INV007051,SUP006,ST593,2017-09-05,2017-09-11,2017-09-13,133.56,133.56,Processed,EMP024,2,0.0,0.0,False
INV007052,SUP011,ST593,2017-09-05,2017-09-08,2017-09-11,321.6,321.6,Processed,EMP011,3,0.0,0.0,False
INV007053,SUP006,ST256,2017-09-05,2017-09-12,2017-09-14,89.68,89.68,Processed,EMP012,2,0.0,0.0,False
INV007054,SUP006,ST008,2017-09-05,2017-09-13,2017-09-19,56.32,56.32,Processed Late,EMP005,6,0.0,0.0,True
INV007055,SUP006,ST007,2017-09-05,2017-09-12,2017-09-13,6.74,6.74,Processed,EMP007,1,0.0,0.0,False
INV007056,SUP011,ST592,2017-09-05,2017-09-08,2017-09-09,157.74,157.74,Processed,EMP028,1,0.0,0.0,False
INV007057,SUP006,ST468,2017-09-05,2017-09-09,2017-09-12,58.47,56.0,Processed,EMP015,3,2.47,2.47,False
INV007058,SUP007,ST129,2017-09-05,2017-09-09,2017-09-10,39.15,39.15,Processed,EMP027,1,0.0,0.0,False
INV007059,SUP013,ST334,2017-09-05,2017-09-09,2017-09-11,42.18,42.18,Processed,EMP027,2,0.0,0.0,False
INV007060,SUP014,ST264,2017-09-05,2017-09-08,2017-09-10,50.44,50.44,Processed,EMP012,2,0.0,0.0,False
INV007061,SUP003,ST167,2017-09-05,2017-09-11,2017-09-14,15.21,15.21,Processed,EMP001,3,0.0,0.0,False
INV007062,SUP004,ST194,2017-09-05,2017-09-08,2017-09-11,23.4,23.4,Processed,EMP028,3,0.0,0.0,False
INV007063,SUP006,ST302,2017-09-05,2017-09-09,2017-09-14,19.68,19.68,Processed Late,EMP025,5,0.0,0.0,True
INV007064,SUP012,ST363,2017-09-05,2017-09-13,2017-09-16,23.1,23.1,Processed,EMP030,3,0.0,0.0,False
INV007065,SUP007,ST510,2017-09-05,2017-09-13,2017-09-15,147.7,147.7,Processed,EMP005,2,0.0,0.0,False
INV007066,SUP014,ST440,2017-09-05,2017-09-12,2017-09-13,39.9,39.9,Processed,EMP001,1,0.0,0.0,False
INV007067,SUP001,ST344,2017-09-05,2017-09-12,2017-09-13,114.4,114.4,Processed,EMP014,1,0.0,0.0,False
INV007068,SUP008,ST146,2017-09-05,2017-09-08,2017-09-09,3.6,3.6,Processed,EMP028,1,0.0,0.0,False
INV007069,SUP014,ST499,2017-09-05,2017-09-09,2017-09-12,105.6,105.6,Processed,EMP001,3,0.0,0.0,False
INV007070,SUP001,ST204,2017-09-05,2017-09-10,2017-09-11,9757.44,9757.44,Processed,EMP016,1,0.0,0.0,False
INV007071,SUP009,ST083,2017-09-05,2017-09-12,2017-09-13,28.69,28.69,Processed,EMP019,1,0.0,0.0,False
INV007072,SUP011,ST584,2017-09-05,2017-09-09,2017-09-12,878.74,871.74,Processed,EMP017,3,7.0,7.0,False
INV007073,SUP012,ST328,2017-09-05,2017-09-08,2017-09-14,18.7,18.7,Processed Late,EMP026,6,0.0,0.0,True
INV007074,SUP003,ST452,2017-09-05,2017-09-08,2017-09-09,28.3,28.3,Processed,EMP026,1,0.0,0.0,False
INV007075,SUP014,ST510,2017-09-05,2017-09-11,2017-09-14,94.5,94.5,Processed,EMP007,3,0.0,0.0,False
INV007076,SUP014,ST211,2017-09-05,2017-09-13,2017-09-16,327.2,327.2,Processed,EMP004,3,0.0,0.0,False
INV007077,SUP009,ST413,2017-09-05,2017-09-11,2017-09-17,16.78,16.78,Processed Late,EMP021,6,0.0,0.0,True
INV007078,SUP012,ST343,2017-09-05,2017-09-08,2017-09-11,14.16,14.16,Processed,EMP022,3,0.0,0.0,False
INV007079,SUP014,ST546,2017-09-05,2017-09-10,2017-09-11,5.52,5.52,Processed,EMP023,1,0.0,0.0,False
INV007080,SUP007,ST305,2017-09-05,2017-09-08,2017-09-11,6.25,6.4,Processed,EMP027,3,-0.15,0.15,False
INV007081,SUP015,ST046,2017-09-05,2017-09-13,2017-09-14,69.9,75.32,Processed,EMP015,1,-5.42,5.42,False
INV007082,SUP002,ST259,2017-09-05,2017-09-11,2017-09-14,50.94,50.94,Processed,EMP004,3,0.0,0.0,False
INV007083,SUP003,ST531,2017-09-05,2017-09-10,2017-09-13,500.2,500.2,Processed,EMP019,3,0.0,0.0,False
INV007084,SUP009,ST482,2017-09-05,2017-09-13,2017-09-14,10.92,10.92,Processed,EMP016,1,0.0,0.0,False
INV007085,SUP002,ST289,2017-09-05,2017-09-09,2017-09-11,11.04,11.04,Processed,EMP006,2,0.0,0.0,False
INV007086,SUP015,ST012,2017-09-05,2017-09-08,2017-09-14,2224.8,2224.8,Processed Late,EMP009,6,0.0,0.0,True
INV007087,SUP005,ST193,2017-09-05,2017-09-08,2017-09-13,739.32,739.32,Processed Late,EMP030,5,0.0,0.0,True
INV007088,SUP012,ST210,2017-09-05,2017-09-10,2017-09-13,47.26,47.26,Processed,EMP020,3,0.0,0.0,False
INV007089,SUP007,ST370,2017-09-05,2017-09-11,2017-09-13,315.96,315.96,Processed,EMP023,2,0.0,0.0,False
INV007090,SUP005,ST405,2017-09-05,2017-09-11,2017-09-13,48.33,48.33,Processed,EMP014,2,0.0,0.0,False
INV007091,SUP002,ST205,2017-09-05,2017-09-11,2017-09-13,13.08,13.08,Processed,EMP022,2,0.0,0.0,False
INV007092,SUP012,ST467,2017-09-05,2017-09-13,2017-09-16,244.2,244.2,Processed,EMP026,3,0.0,0.0,False
INV007093,SUP008,ST151,2017-09-05,2017-09-12,2017-09-17,22.02,22.02,Processed Late,EMP002,5,0.0,0.0,True
INV007094,SUP006,ST434,2017-09-05,2017-09-09,2017-09-10,969.57,969.57,Processed,EMP018,1,0.0,0.0,False
INV007095,SUP013,ST079,2017-09-05,2017-09-13,2017-09-18,43.6,43.6,Processed Late,EMP010,5,0.0,0.0,True
INV007096,SUP009,ST509,2017-09-05,2017-09-12,2017-09-14,2232.88,2232.88,Processed,EMP018,2,0.0,0.0,False
INV007097,SUP008,ST449,2017-09-05,2017-09-11,2017-09-14,1209.6,1209.6,Processed,EMP021,3,0.0,0.0,False
INV007098,SUP008,ST476,2017-09-05,2017-09-12,2017-09-13,430.24,430.24,Processed,EMP026,1,0.0,0.0,False
INV007099,SUP002,ST546,2017-09-05,2017-09-09,2017-09-12,16.0,16.0,Processed,EMP015,3,0.0,0.0,False
INV007100,SUP013,ST165,2017-09-05,2017-09-13,2017-09-15,1935.36,1935.36,Processed,EMP005,2,0.0,0.0,False
INV007101,SUP001,ST282,2017-09-05,2017-09-08,2017-09-13,455.4,455.4,Processed Late,EMP029,5,0.0,0.0,True
INV007102,SUP006,ST514,2017-09-05,2017-09-09,2017-09-10,158.2,158.2,Processed,EMP004,1,0.0,0.0,False
INV007103,SUP013,ST468,2017-09-05,2017-09-08,2017-09-12,13.88,13.88,Processed Late,EMP016,4,0.0,0.0,True
INV007104,SUP015,ST032,2017-09-05,2017-09-11,2017-09-13,163.05,163.05,Processed,EMP022,2,0.0,0.0,False
INV007105,SUP012,ST042,2017-09-05,2017-09-09,2017-09-10,203.98,203.98,Processed,EMP003,1,0.0,0.0,False
INV007106,SUP008,ST327,2017-09-05,2017-09-10,2017-09-12,12.15,12.15,Processed,EMP010,2,0.0,0.0,False
INV007107,SUP002,ST553,2017-09-05,2017-09-12,2017-09-14,1874.0,1874.0,Processed,EMP014,2,0.0,0.0,False
INV007108,SUP001,ST371,2017-09-05,2017-09-10,2017-09-15,34.44,34.44,Processed Late,EMP027,5,0.0,0.0,True
INV007109,SUP013,ST242,2017-09-05,2017-09-10,2017-09-20,380.49,380.49,Pending / Delayed,EMP017,10,0.0,0.0,True
INV007110,SUP010,ST324,2017-09-05,2017-09-12,2017-09-13,30.08,30.08,Processed,EMP007,1,0.0,0.0,False
INV007111,SUP006,ST431,2017-09-05,2017-09-09,2017-09-10,371.55,371.55,Processed,EMP006,1,0.0,0.0,False
INV007112,SUP012,ST480,2017-09-05,2017-09-08,2017-09-11,283.5,281.64,Processed,EMP023,3,1.86,1.86,False
INV007113,SUP009,ST286,2017-09-05,2017-09-13,2017-09-19,31.72,31.72,Processed Late,EMP003,6,0.0,0.0,True
INV007114,SUP011,ST357,2017-09-05,2017-09-08,2017-09-09,98.15,98.15,Processed,EMP018,1,0.0,0.0,False
INV007115,SUP005,ST290,2017-09-05,2017-09-13,2017-09-19,268.02,268.02,Processed Late,EMP020,6,0.0,0.0,True
INV007116,SUP011,ST424,2017-09-05,2017-09-12,2017-09-14,99.0,99.0,Processed,EMP005,2,0.0,0.0,False
INV007117,SUP009,ST602,2017-09-05,2017-09-08,2017-09-10,260.1,260.1,Processed,EMP022,2,0.0,0.0,False
INV007118,SUP013,ST109,2017-09-05,2017-09-08,2017-09-11,35.39,36.78,Processed,EMP015,3,-1.39,1.39,False
INV007119,SUP003,ST010,2017-09-05,2017-09-09,2017-09-11,235.95,235.95,Processed,EMP004,2,0.0,0.0,False
INV007120,SUP002,ST128,2017-09-05,2017-09-09,2017-09-11,1415.59,1415.59,Processed,EMP022,2,0.0,0.0,False
INV007121,SUP008,ST376,2017-09-20,2017-09-23,2017-09-26,849.66,849.66,Processed,EMP002,3,0.0,0.0,False
INV007122,SUP005,ST098,2017-09-20,2017-09-23,2017-09-25,17.48,17.48,Processed,EMP016,2,0.0,0.0,False
INV007123,SUP007,ST496,2017-09-20,2017-09-28,2017-09-30,344.97,327.8,Processed,EMP024,2,17.17,17.17,False
INV007124,SUP005,ST153,2017-09-20,2017-09-27,2017-10-03,13756.05,13756.05,Processed Late,EMP025,6,0.0,0.0,True
INV007125,SUP008,ST061,2017-09-20,2017-09-27,2017-10-02,70.18,70.18,Processed Late,EMP021,5,0.0,0.0,True
INV007126,SUP002,ST118,2017-09-20,2017-09-25,2017-09-28,7016.7,7016.7,Processed,EMP015,3,0.0,0.0,False
INV007127,SUP013,ST015,2017-09-20,2017-09-23,2017-10-01,4454.46,4454.46,Pending / Delayed,EMP028,8,0.0,0.0,True
INV007128,SUP013,ST049,2017-09-20,2017-09-23,2017-09-26,73.43,73.43,Processed,EMP010,3,0.0,0.0,False
INV007129,SUP013,ST030,2017-09-20,2017-09-26,2017-10-05,44.0,44.0,Pending / Delayed,EMP015,9,0.0,0.0,True
INV007130,SUP007,ST434,2017-09-20,2017-09-27,2017-09-30,36.6,36.6,Processed,EMP027,3,0.0,0.0,False
INV007131,SUP005,ST616,2017-09-20,2017-09-28,2017-10-05,59.16,59.16,Pending / Delayed,EMP017,7,0.0,0.0,True
INV007132,SUP001,ST268,2017-09-20,2017-09-26,2017-10-02,16.33,17.12,Processed Late,EMP012,6,-0.79,0.79,True
INV007133,SUP008,ST610,2017-09-20,2017-09-25,2017-09-27,6.25,6.25,Processed,EMP020,2,0.0,0.0,False
INV007134,SUP007,ST588,2017-09-20,2017-09-24,2017-09-26,3779.0,3779.0,Processed,EMP010,2,0.0,0.0,False
INV007135,SUP014,ST541,2017-09-20,2017-09-25,2017-09-26,116.64,116.64,Processed,EMP007,1,0.0,0.0,False
INV007136,SUP009,ST437,2017-09-20,2017-09-28,2017-09-30,124.32,124.32,Processed,EMP026,2,0.0,0.0,False
INV007137,SUP014,ST271,2017-09-20,2017-09-27,2017-09-29,180.24,180.24,Processed,EMP029,2,0.0,0.0,False
INV007138,SUP002,ST523,2017-09-20,2017-09-27,2017-09-28,23.94,23.94,Processed,EMP018,1,0.0,0.0,False
INV007139,SUP002,ST487,2017-09-20,2017-09-27,2017-10-03,47.36,47.36,Processed Late,EMP003,6,0.0,0.0,True
INV007140,SUP015,ST472,2017-09-20,2017-09-27,2017-09-30,1898.55,1898.55,Processed,EMP006,3,0.0,0.0,False
INV007141,SUP007,ST481,2017-09-20,2017-09-24,2017-09-25,144.9,144.9,Processed,EMP028,1,0.0,0.0,False
INV007142,SUP003,ST323,2017-09-20,2017-09-28,2017-09-30,187.44,187.44,Processed,EMP016,2,0.0,0.0,False
INV007143,SUP002,ST345,2017-09-20,2017-09-26,2017-10-02,138.3,138.3,Processed Late,EMP017,6,0.0,0.0,True
INV007144,SUP014,ST028,2017-09-20,2017-09-24,2017-09-27,18.04,18.04,Processed,EMP023,3,0.0,0.0,False
INV007145,SUP002,ST254,2017-09-20,2017-09-24,2017-09-25,49.98,49.98,Processed,EMP001,1,0.0,0.0,False
INV007146,SUP013,ST034,2017-09-20,2017-09-23,2017-09-28,64.6,64.6,Processed Late,EMP017,5,0.0,0.0,True
INV007147,SUP011,ST317,2017-09-20,2017-09-25,2017-09-29,46.68,46.68,Processed Late,EMP006,4,0.0,0.0,True
INV007148,SUP008,ST251,2017-09-20,2017-09-25,2017-09-29,442.65,442.65,Processed Late,EMP012,4,0.0,0.0,True
INV007149,SUP011,ST140,2017-09-20,2017-09-26,2017-09-29,739.12,739.12,Processed,EMP029,3,0.0,0.0,False
INV007150,SUP014,ST420,2017-09-20,2017-09-25,2017-10-01,1928.7,1928.7,Processed Late,EMP020,6,0.0,0.0,True
INV007151,SUP010,ST585,2017-09-20,2017-09-24,2017-09-25,329.76,329.76,Processed,EMP020,1,0.0,0.0,False
INV007152,SUP007,ST088,2017-09-20,2017-09-28,2017-09-29,2865.0,2865.0,Processed,EMP012,1,0.0,0.0,False
INV007153,SUP008,ST325,2017-09-20,2017-09-24,2017-09-27,38.76,38.76,Processed,EMP019,3,0.0,0.0,False
INV007154,SUP012,ST378,2017-09-20,2017-09-24,2017-09-26,68.04,68.04,Processed,EMP023,2,0.0,0.0,False
INV007155,SUP010,ST595,2017-09-20,2017-09-25,2017-09-29,50.0,50.0,Processed Late,EMP010,4,0.0,0.0,True
INV007156,SUP003,ST200,2017-09-20,2017-09-27,2017-09-30,110.88,110.88,Processed,EMP018,3,0.0,0.0,False
INV007157,SUP014,ST357,2017-09-20,2017-09-23,2017-09-28,1942.85,1942.85,Processed Late,EMP028,5,0.0,0.0,True
INV007158,SUP012,ST342,2017-09-20,2017-09-26,2017-09-30,22.32,22.32,Processed Late,EMP024,4,0.0,0.0,True
INV007159,SUP001,ST508,2017-09-20,2017-09-28,2017-10-03,713.7,713.7,Processed Late,EMP028,5,0.0,0.0,True
INV007160,SUP009,ST091,2017-09-20,2017-09-23,2017-09-24,54.4,54.4,Processed,EMP021,1,0.0,0.0,False
INV007161,SUP006,ST266,2017-09-20,2017-09-27,2017-09-28,347.68,347.68,Processed,EMP022,1,0.0,0.0,False
INV007162,SUP012,ST485,2017-09-20,2017-09-24,2017-09-26,40.17,40.17,Processed,EMP003,2,0.0,0.0,False
INV007163,SUP013,ST281,2017-09-20,2017-09-24,2017-09-30,1835.3,1868.3,Processed Late,EMP004,6,-33.0,33.0,True
INV007164,SUP004,ST035,2017-09-20,2017-09-24,2017-09-26,526.96,505.0,Processed,EMP025,2,21.96,21.96,False
INV007165,SUP001,ST446,2017-09-20,2017-09-27,2017-09-30,35.64,35.64,Processed,EMP028,3,0.0,0.0,False
INV007166,SUP009,ST139,2017-09-20,2017-09-23,2017-09-26,434.6,434.6,Processed,EMP022,3,0.0,0.0,False
INV007167,SUP012,ST469,2017-09-20,2017-09-25,2017-10-01,75.62,75.62,Processed Late,EMP029,6,0.0,0.0,True
INV007168,SUP008,ST474,2017-09-20,2017-09-26,2017-09-29,191.49,191.49,Processed,EMP028,3,0.0,0.0,False
INV007169,SUP011,ST298,2017-09-20,2017-09-23,2017-09-29,2180.82,2180.82,Processed Late,EMP008,6,0.0,0.0,True
INV007170,SUP002,ST023,2017-09-20,2017-09-24,2017-09-27,1685.4,1685.4,Processed,EMP023,3,0.0,0.0,False
INV007171,SUP006,ST260,2017-09-20,2017-09-24,2017-10-01,2475.84,2475.84,Pending / Delayed,EMP018,7,0.0,0.0,True
INV007172,SUP001,ST095,2017-09-20,2017-09-26,2017-09-27,100.72,100.72,Processed,EMP027,1,0.0,0.0,False
INV007173,SUP010,ST228,2017-09-20,2017-09-24,2017-09-26,1163.2,1163.2,Processed,EMP007,2,0.0,0.0,False
INV007174,SUP008,ST578,2017-09-20,2017-09-26,2017-09-29,112.97,109.6,Processed,EMP028,3,3.37,3.37,False
INV007175,SUP015,ST107,2017-09-20,2017-09-24,2017-10-06,1351.02,1351.02,Pending / Delayed,EMP016,12,0.0,0.0,True
INV007176,SUP007,ST059,2017-09-20,2017-09-24,2017-09-30,7.44,7.44,Processed Late,EMP023,6,0.0,0.0,True
INV007177,SUP014,ST237,2017-09-20,2017-09-24,2017-10-01,830.57,830.57,Pending / Delayed,EMP027,7,0.0,0.0,True
INV007178,SUP010,ST521,2017-09-20,2017-09-28,2017-10-04,100.44,100.44,Processed Late,EMP025,6,0.0,0.0,True
INV007179,SUP008,ST571,2017-09-20,2017-09-24,2017-09-27,113.8,113.8,Processed,EMP005,3,0.0,0.0,False
INV007180,SUP004,ST438,2017-09-20,2017-09-24,2017-09-26,20.94,20.94,Processed,EMP026,2,0.0,0.0,False
INV007181,SUP005,ST584,2017-09-20,2017-09-25,2017-09-28,467.16,467.16,Processed,EMP003,3,0.0,0.0,False
INV007182,SUP013,ST314,2017-09-20,2017-09-23,2017-09-25,8.1,8.1,Processed,EMP021,2,0.0,0.0,False
INV007183,SUP006,ST468,2017-09-20,2017-09-24,2017-10-03,34.45,34.45,Pending / Delayed,EMP029,9,0.0,0.0,True
INV007184,SUP004,ST112,2017-09-20,2017-09-24,2017-09-28,2006.48,2006.48,Processed Late,EMP017,4,0.0,0.0,True
INV007185,SUP014,ST148,2017-09-20,2017-09-28,2017-10-03,162.47,162.47,Processed Late,EMP008,5,0.0,0.0,True
INV007186,SUP003,ST149,2017-09-20,2017-09-23,2017-09-25,36.45,36.45,Processed,EMP026,2,0.0,0.0,False
INV007187,SUP004,ST404,2017-09-20,2017-09-25,2017-10-02,32.27,32.27,Pending / Delayed,EMP005,7,0.0,0.0,True
INV007188,SUP007,ST278,2017-09-20,2017-09-28,2017-09-29,470.26,470.26,Processed,EMP020,1,0.0,0.0,False
INV007189,SUP005,ST399,2017-09-20,2017-09-25,2017-09-28,964.6,964.6,Processed,EMP020,3,0.0,0.0,False
INV007190,SUP003,ST566,2017-09-20,2017-09-27,2017-09-29,299.26,299.26,Processed,EMP014,2,0.0,0.0,False
INV007191,SUP002,ST017,2017-09-20,2017-09-24,2017-09-25,33.12,33.12,Processed,EMP020,1,0.0,0.0,False
INV007192,SUP013,ST135,2017-09-20,2017-09-24,2017-09-27,169.86,169.86,Processed,EMP002,3,0.0,0.0,False
INV007193,SUP013,ST299,2017-09-20,2017-09-24,2017-09-25,16.8,16.8,Processed,EMP012,1,0.0,0.0,False
INV007194,SUP015,ST539,2017-09-20,2017-09-28,2017-09-29,6.76,6.76,Processed,EMP003,1,0.0,0.0,False
INV007195,SUP013,ST280,2017-09-20,2017-09-26,2017-09-30,38.85,38.85,Processed Late,EMP017,4,0.0,0.0,True
INV007196,SUP005,ST223,2017-09-20,2017-09-23,2017-09-25,11.36,11.36,Processed,EMP008,2,0.0,0.0,False
INV007197,SUP013,ST137,2017-09-20,2017-09-27,2017-10-03,254.56,254.56,Processed Late,EMP021,6,0.0,0.0,True
INV007198,SUP013,ST593,2017-09-20,2017-09-24,2017-09-26,17.77,16.56,Processed,EMP008,2,1.21,1.21,False
INV007199,SUP001,ST142,2017-09-20,2017-09-28,2017-09-30,17.03,17.03,Processed,EMP009,2,0.0,0.0,False
INV007200,SUP003,ST070,2017-09-20,2017-09-27,2017-09-29,16.49,16.49,Processed,EMP016,2,0.0,0.0,False
INV007201,SUP012,ST535,2017-10-05,2017-10-09,2017-10-12,467.0,467.0,Processed,EMP020,3,0.0,0.0,False
INV007202,SUP015,ST352,2017-10-05,2017-10-10,2017-10-14,43.51,46.76,Processed Late,EMP002,4,-3.25,3.25,True
INV007203,SUP015,ST366,2017-10-05,2017-10-12,2017-10-16,59.67,59.67,Processed Late,EMP028,4,0.0,0.0,True
INV007204,SUP006,ST186,2017-10-05,2017-10-10,2017-10-14,47.1,47.1,Processed Late,EMP021,4,0.0,0.0,True
INV007205,SUP002,ST570,2017-10-05,2017-10-10,2017-10-13,2753.0,2786.6,Processed,EMP009,3,-33.6,33.6,False
INV007206,SUP010,ST371,2017-10-05,2017-10-09,2017-10-11,6.3,6.3,Processed,EMP030,2,0.0,0.0,False
INV007207,SUP008,ST461,2017-10-05,2017-10-13,2017-10-14,281.84,281.84,Processed,EMP003,1,0.0,0.0,False
INV007208,SUP004,ST282,2017-10-05,2017-10-10,2017-10-13,97.8,97.8,Processed,EMP013,3,0.0,0.0,False
INV007209,SUP001,ST164,2017-10-05,2017-10-12,2017-10-21,198.0,198.0,Pending / Delayed,EMP015,9,0.0,0.0,True
INV007210,SUP014,ST028,2017-10-05,2017-10-13,2017-10-18,136.49,137.93,Processed Late,EMP025,5,-1.44,1.44,True
INV007211,SUP001,ST001,2017-10-05,2017-10-09,2017-10-13,2922.45,2922.45,Processed Late,EMP019,4,0.0,0.0,True
INV007212,SUP001,ST575,2017-10-05,2017-10-11,2017-10-22,515.95,515.95,Pending / Delayed,EMP009,11,0.0,0.0,True
INV007213,SUP002,ST535,2017-10-05,2017-10-10,2017-10-11,54.74,54.74,Processed,EMP013,1,0.0,0.0,False
INV007214,SUP004,ST611,2017-10-05,2017-10-10,2017-10-12,22.6,22.6,Processed,EMP001,2,0.0,0.0,False
INV007215,SUP003,ST241,2017-10-05,2017-10-09,2017-10-15,113.4,113.4,Processed Late,EMP015,6,0.0,0.0,True
INV007216,SUP015,ST529,2017-10-05,2017-10-12,2017-10-23,30.24,30.24,Pending / Delayed,EMP005,11,0.0,0.0,True
INV007217,SUP008,ST031,2017-10-05,2017-10-10,2017-10-22,17.7,17.7,Pending / Delayed,EMP025,12,0.0,0.0,True
INV007218,SUP015,ST565,2017-10-05,2017-10-08,2017-10-11,1059.6,1059.6,Processed,EMP002,3,0.0,0.0,False
INV007219,SUP014,ST004,2017-10-05,2017-10-11,2017-10-14,96.3,96.3,Processed,EMP025,3,0.0,0.0,False
INV007220,SUP001,ST174,2017-10-05,2017-10-08,2017-10-10,464.08,464.08,Processed,EMP013,2,0.0,0.0,False
INV007221,SUP001,ST455,2017-10-05,2017-10-08,2017-10-11,77.49,77.49,Processed,EMP006,3,0.0,0.0,False
INV007222,SUP011,ST358,2017-10-05,2017-10-12,2017-10-15,83.98,83.98,Processed,EMP002,3,0.0,0.0,False
INV007223,SUP011,ST555,2017-10-05,2017-10-12,2017-10-15,176.8,176.8,Processed,EMP009,3,0.0,0.0,False
INV007224,SUP013,ST100,2017-10-05,2017-10-11,2017-10-13,271.2,271.2,Processed,EMP004,2,0.0,0.0,False
INV007225,SUP014,ST449,2017-10-05,2017-10-13,2017-10-16,189.21,189.21,Processed,EMP004,3,0.0,0.0,False
INV007226,SUP005,ST403,2017-10-05,2017-10-11,2017-10-13,1608.18,1608.18,Processed,EMP018,2,0.0,0.0,False
INV007227,SUP006,ST107,2017-10-05,2017-10-12,2017-10-14,246.96,246.96,Processed,EMP006,2,0.0,0.0,False
INV007228,SUP003,ST041,2017-10-05,2017-10-08,2017-10-11,34.21,34.21,Processed,EMP010,3,0.0,0.0,False
INV007229,SUP005,ST332,2017-10-05,2017-10-13,2017-10-19,1036.88,979.92,Processed Late,EMP016,6,56.96,56.96,True
INV007230,SUP003,ST109,2017-10-05,2017-10-08,2017-10-09,2104.86,2188.6,Processed,EMP019,1,-83.74,83.74,False
INV007231,SUP015,ST303,2017-10-05,2017-10-08,2017-10-13,389.27,373.8,Processed Late,EMP012,5,15.47,15.47,True
INV007232,SUP015,ST294,2017-10-05,2017-10-13,2017-10-15,666.48,666.48,Processed,EMP022,2,0.0,0.0,False
INV007233,SUP001,ST453,2017-10-05,2017-10-11,2017-10-13,636.44,636.44,Processed,EMP003,2,0.0,0.0,False
INV007234,SUP012,ST430,2017-10-05,2017-10-13,2017-10-17,42.75,42.75,Processed Late,EMP005,4,0.0,0.0,True
INV007235,SUP008,ST278,2017-10-05,2017-10-12,2017-10-13,1432.34,1432.34,Processed,EMP007,1,0.0,0.0,False
INV007236,SUP011,ST448,2017-10-05,2017-10-13,2017-10-16,165.85,166.08,Processed,EMP023,3,-0.23,0.23,False
INV007237,SUP005,ST094,2017-10-05,2017-10-13,2017-10-16,170.4,170.4,Processed,EMP015,3,0.0,0.0,False
INV007238,SUP008,ST551,2017-10-05,2017-10-09,2017-10-12,160.2,160.2,Processed,EMP018,3,0.0,0.0,False
INV007239,SUP001,ST075,2017-10-05,2017-10-11,2017-10-13,97.04,97.04,Processed,EMP028,2,0.0,0.0,False
INV007240,SUP014,ST113,2017-10-05,2017-10-10,2017-10-12,69.0,69.0,Processed,EMP002,2,0.0,0.0,False
INV007241,SUP011,ST612,2017-10-05,2017-10-11,2017-10-15,555.4,555.4,Processed Late,EMP017,4,0.0,0.0,True
INV007242,SUP015,ST450,2017-10-05,2017-10-11,2017-10-14,9.7,9.7,Processed,EMP008,3,0.0,0.0,False
INV007243,SUP005,ST041,2017-10-05,2017-10-13,2017-10-24,65.6,65.6,Pending / Delayed,EMP005,11,0.0,0.0,True
INV007244,SUP006,ST070,2017-10-05,2017-10-11,2017-10-12,134.37,127.6,Processed,EMP014,1,6.77,6.77,False
INV007245,SUP013,ST594,2017-10-05,2017-10-10,2017-10-11,94.24,94.24,Processed,EMP007,1,0.0,0.0,False
INV007246,SUP001,ST226,2017-10-05,2017-10-09,2017-10-21,62.6,62.6,Pending / Delayed,EMP020,12,0.0,0.0,True
INV007247,SUP013,ST509,2017-10-05,2017-10-09,2017-10-14,271.92,271.92,Processed Late,EMP025,5,0.0,0.0,True
INV007248,SUP008,ST190,2017-10-05,2017-10-11,2017-10-16,224.64,224.64,Processed Late,EMP030,5,0.0,0.0,True
INV007249,SUP009,ST350,2017-10-05,2017-10-12,2017-10-14,34.47,34.47,Processed,EMP024,2,0.0,0.0,False
INV007250,SUP006,ST602,2017-10-05,2017-10-09,2017-10-10,3242.34,3242.34,Processed,EMP009,1,0.0,0.0,False
INV007251,SUP005,ST186,2017-10-05,2017-10-13,2017-10-14,241.02,241.02,Processed,EMP008,1,0.0,0.0,False
INV007252,SUP001,ST595,2017-10-05,2017-10-13,2017-10-15,26.74,26.74,Processed,EMP022,2,0.0,0.0,False
INV007253,SUP006,ST503,2017-10-05,2017-10-09,2017-10-10,10.97,10.4,Processed,EMP030,1,0.57,0.57,False
INV007254,SUP001,ST211,2017-10-05,2017-10-09,2017-10-12,142.2,142.2,Processed,EMP024,3,0.0,0.0,False
INV007255,SUP015,ST252,2017-10-05,2017-10-10,2017-10-11,1070.02,1020.0,Processed,EMP004,1,50.02,50.02,False
INV007256,SUP009,ST331,2017-10-05,2017-10-10,2017-10-12,1029.76,1029.76,Processed,EMP021,2,0.0,0.0,False
INV007257,SUP015,ST617,2017-10-05,2017-10-09,2017-10-19,47.12,47.12,Pending / Delayed,EMP003,10,0.0,0.0,True
INV007258,SUP001,ST511,2017-10-05,2017-10-11,2017-10-13,4017.28,4017.28,Processed,EMP005,2,0.0,0.0,False
INV007259,SUP005,ST387,2017-10-05,2017-10-08,2017-10-10,13.47,13.47,Processed,EMP019,2,0.0,0.0,False
INV007260,SUP004,ST456,2017-10-05,2017-10-09,2017-10-11,27.01,28.4,Processed,EMP015,2,-1.39,1.39,False
INV007261,SUP002,ST500,2017-10-05,2017-10-10,2017-10-13,833.8,833.8,Processed,EMP028,3,0.0,0.0,False
INV007262,SUP008,ST085,2017-10-05,2017-10-10,2017-10-15,690.56,690.56,Processed Late,EMP023,5,0.0,0.0,True
INV007263,SUP008,ST448,2017-10-05,2017-10-13,2017-10-14,549.0,549.0,Processed,EMP009,1,0.0,0.0,False
INV007264,SUP015,ST490,2017-10-05,2017-10-12,2017-10-14,74.67,69.52,Processed,EMP007,2,5.15,5.15,False
INV007265,SUP012,ST333,2017-10-05,2017-10-11,2017-10-14,231.88,231.88,Processed,EMP020,3,0.0,0.0,False
INV007266,SUP002,ST537,2017-10-05,2017-10-13,2017-10-14,259.38,259.38,Processed,EMP023,1,0.0,0.0,False
INV007267,SUP005,ST069,2017-10-05,2017-10-08,2017-10-10,374.3,374.3,Processed,EMP013,2,0.0,0.0,False
INV007268,SUP015,ST240,2017-10-05,2017-10-11,2017-10-14,35.02,35.02,Processed,EMP011,3,0.0,0.0,False
INV007269,SUP010,ST516,2017-10-05,2017-10-11,2017-10-13,30.0,30.0,Processed,EMP012,2,0.0,0.0,False
INV007270,SUP012,ST265,2017-10-05,2017-10-11,2017-10-17,20.58,20.58,Processed Late,EMP005,6,0.0,0.0,True
INV007271,SUP003,ST210,2017-10-05,2017-10-12,2017-10-15,55.2,55.2,Processed,EMP024,3,0.0,0.0,False
INV007272,SUP009,ST164,2017-10-05,2017-10-11,2017-10-13,2749.2,2749.2,Processed,EMP030,2,0.0,0.0,False
INV007273,SUP001,ST473,2017-10-05,2017-10-10,2017-10-16,2647.2,2647.2,Processed Late,EMP007,6,0.0,0.0,True
INV007274,SUP001,ST297,2017-10-05,2017-10-09,2017-10-15,12.06,12.06,Processed Late,EMP023,6,0.0,0.0,True
INV007275,SUP006,ST430,2017-10-05,2017-10-10,2017-10-11,43.5,43.5,Processed,EMP025,1,0.0,0.0,False
INV007276,SUP014,ST273,2017-10-05,2017-10-11,2017-10-15,2810.1,2810.1,Processed Late,EMP020,4,0.0,0.0,True
INV007277,SUP007,ST400,2017-10-05,2017-10-09,2017-10-12,1905.12,1905.12,Processed,EMP017,3,0.0,0.0,False
INV007278,SUP010,ST237,2017-10-05,2017-10-11,2017-10-12,902.04,902.04,Processed,EMP005,1,0.0,0.0,False
INV007279,SUP014,ST318,2017-10-05,2017-10-08,2017-10-10,157.4,157.4,Processed,EMP006,2,0.0,0.0,False
INV007280,SUP013,ST461,2017-10-05,2017-10-10,2017-10-12,383.14,377.3,Processed,EMP007,2,5.84,5.84,False
INV007281,SUP007,ST411,2017-10-20,2017-10-23,2017-10-29,683.26,656.54,Processed Late,EMP011,6,26.72,26.72,True
INV007282,SUP006,ST129,2017-10-20,2017-10-24,2017-10-30,1208.39,1191.54,Processed Late,EMP011,6,16.85,16.85,True
INV007283,SUP003,ST601,2017-10-20,2017-10-28,2017-11-02,1298.34,1229.28,Processed Late,EMP011,5,69.06,69.06,True
INV007284,SUP015,ST190,2017-10-20,2017-10-25,2017-10-29,53.28,53.28,Processed Late,EMP030,4,0.0,0.0,True
INV007285,SUP010,ST551,2017-10-20,2017-10-24,2017-10-29,96.98,96.98,Processed Late,EMP004,5,0.0,0.0,True
INV007286,SUP009,ST514,2017-10-20,2017-10-24,2017-11-02,909.54,909.54,Pending / Delayed,EMP006,9,0.0,0.0,True
INV007287,SUP012,ST283,2017-10-20,2017-10-28,2017-10-30,848.0,848.0,Processed,EMP002,2,0.0,0.0,False
INV007288,SUP011,ST568,2017-10-20,2017-10-24,2017-10-28,46.74,46.74,Processed Late,EMP013,4,0.0,0.0,True
INV007289,SUP010,ST175,2017-10-20,2017-10-26,2017-10-29,6.42,6.42,Processed,EMP017,3,0.0,0.0,False
INV007290,SUP011,ST238,2017-10-20,2017-10-28,2017-11-01,2249.79,2249.79,Processed Late,EMP025,4,0.0,0.0,True
INV007291,SUP007,ST491,2017-10-20,2017-10-25,2017-10-31,79.4,79.4,Processed Late,EMP029,6,0.0,0.0,True
INV007292,SUP007,ST208,2017-10-20,2017-10-28,2017-10-30,1576.77,1696.2,Processed,EMP017,2,-119.43,119.43,False
INV007293,SUP014,ST090,2017-10-20,2017-10-27,2017-11-01,46.98,46.98,Processed Late,EMP028,5,0.0,0.0,True
INV007294,SUP009,ST195,2017-10-20,2017-10-23,2017-10-26,24.14,23.43,Processed,EMP027,3,0.71,0.71,False
INV007295,SUP001,ST081,2017-10-20,2017-10-27,2017-10-31,274.05,274.05,Processed Late,EMP019,4,0.0,0.0,True
INV007296,SUP001,ST411,2017-10-20,2017-10-23,2017-10-28,729.54,729.54,Processed Late,EMP001,5,0.0,0.0,True
INV007297,SUP006,ST536,2017-10-20,2017-10-27,2017-11-05,1993.86,1993.86,Pending / Delayed,EMP004,9,0.0,0.0,True
INV007298,SUP005,ST365,2017-10-20,2017-10-26,2017-10-28,12.09,12.09,Processed,EMP012,2,0.0,0.0,False
INV007299,SUP002,ST284,2017-10-20,2017-10-26,2017-11-06,67.2,67.2,Pending / Delayed,EMP021,11,0.0,0.0,True
INV007300,SUP006,ST466,2017-10-20,2017-10-28,2017-10-30,23.36,23.36,Processed,EMP007,2,0.0,0.0,False
INV007301,SUP008,ST586,2017-10-20,2017-10-28,2017-11-02,38.26,36.96,Processed Late,EMP015,5,1.3,1.3,True
INV007302,SUP015,ST092,2017-10-20,2017-10-26,2017-10-31,2397.6,2397.6,Processed Late,EMP007,5,0.0,0.0,True
INV007303,SUP007,ST443,2017-10-20,2017-10-27,2017-10-31,63.44,63.44,Processed Late,EMP028,4,0.0,0.0,True
INV007304,SUP009,ST589,2017-10-20,2017-10-28,2017-10-30,90.72,90.72,Processed,EMP016,2,0.0,0.0,False
INV007305,SUP005,ST070,2017-10-20,2017-10-25,2017-10-26,77.9,77.9,Processed,EMP012,1,0.0,0.0,False
INV007306,SUP006,ST397,2017-10-20,2017-10-27,2017-10-30,68.02,68.02,Processed,EMP011,3,0.0,0.0,False
INV007307,SUP012,ST598,2017-10-20,2017-10-24,2017-10-28,54.0,54.0,Processed Late,EMP029,4,0.0,0.0,True
INV007308,SUP014,ST435,2017-10-20,2017-10-28,2017-11-02,264.9,264.9,Processed Late,EMP017,5,0.0,0.0,True
INV007309,SUP003,ST607,2017-10-20,2017-10-26,2017-10-31,106.25,106.25,Processed Late,EMP012,5,0.0,0.0,True
INV007310,SUP007,ST538,2017-10-20,2017-10-25,2017-10-31,301.15,301.15,Processed Late,EMP006,6,0.0,0.0,True
INV007311,SUP010,ST469,2017-10-20,2017-10-27,2017-11-03,602.15,602.15,Pending / Delayed,EMP025,7,0.0,0.0,True
INV007312,SUP014,ST621,2017-10-20,2017-10-25,2017-10-31,112.98,121.38,Processed Late,EMP005,6,-8.4,8.4,True
INV007313,SUP015,ST507,2017-10-20,2017-10-26,2017-10-28,63.4,63.4,Processed,EMP002,2,0.0,0.0,False
INV007314,SUP010,ST321,2017-10-20,2017-10-26,2017-10-29,42.0,42.0,Processed,EMP012,3,0.0,0.0,False
INV007315,SUP011,ST466,2017-10-20,2017-10-23,2017-10-29,16.1,16.1,Processed Late,EMP015,6,0.0,0.0,True
INV007316,SUP014,ST375,2017-10-20,2017-10-25,2017-10-27,251.88,251.88,Processed,EMP001,2,0.0,0.0,False
INV007317,SUP015,ST361,2017-10-20,2017-10-24,2017-10-25,4.81,4.95,Processed,EMP029,1,-0.14,0.14,False
INV007318,SUP012,ST278,2017-10-20,2017-10-23,2017-10-29,307.12,307.12,Processed Late,EMP029,6,0.0,0.0,True
INV007319,SUP002,ST401,2017-10-20,2017-10-24,2017-10-27,44.94,44.94,Processed,EMP006,3,0.0,0.0,False
INV007320,SUP013,ST242,2017-10-20,2017-10-26,2017-10-30,152.7,152.7,Processed Late,EMP016,4,0.0,0.0,True
INV007321,SUP003,ST295,2017-10-20,2017-10-27,2017-11-01,1978.47,1978.47,Processed Late,EMP006,5,0.0,0.0,True
INV007322,SUP006,ST247,2017-10-20,2017-10-26,2017-10-31,19.38,19.38,Processed Late,EMP027,5,0.0,0.0,True
INV007323,SUP001,ST507,2017-10-20,2017-10-26,2017-10-27,480.7,480.7,Processed,EMP008,1,0.0,0.0,False
INV007324,SUP002,ST281,2017-10-20,2017-10-25,2017-10-27,1106.79,1076.76,Processed,EMP005,2,30.03,30.03,False
INV007325,SUP009,ST305,2017-10-20,2017-10-27,2017-10-29,502.26,502.26,Processed,EMP004,2,0.0,0.0,False
INV007326,SUP005,ST378,2017-10-20,2017-10-25,2017-10-26,25.35,25.35,Processed,EMP016,1,0.0,0.0,False
INV007327,SUP004,ST189,2017-10-20,2017-10-27,2017-11-01,137.6,137.6,Processed Late,EMP024,5,0.0,0.0,True
INV007328,SUP015,ST579,2017-10-20,2017-10-28,2017-10-31,2568.4,2568.4,Processed,EMP018,3,0.0,0.0,False
INV007329,SUP005,ST277,2017-10-20,2017-10-27,2017-11-02,182.4,182.4,Processed Late,EMP022,6,0.0,0.0,True
INV007330,SUP015,ST013,2017-10-20,2017-10-23,2017-10-26,79.12,79.12,Processed,EMP027,3,0.0,0.0,False
INV007331,SUP003,ST242,2017-10-20,2017-10-28,2017-10-29,15.25,15.25,Processed,EMP025,1,0.0,0.0,False
INV007332,SUP003,ST501,2017-10-20,2017-10-27,2017-10-30,64.71,64.71,Processed,EMP021,3,0.0,0.0,False
INV007333,SUP006,ST352,2017-10-20,2017-10-23,2017-10-26,521.55,521.55,Processed,EMP024,3,0.0,0.0,False
INV007334,SUP003,ST455,2017-10-20,2017-10-24,2017-10-25,156.52,156.52,Processed,EMP006,1,0.0,0.0,False
INV007335,SUP005,ST571,2017-10-20,2017-10-27,2017-10-30,292.77,292.77,Processed,EMP005,3,0.0,0.0,False
INV007336,SUP003,ST399,2017-10-20,2017-10-23,2017-10-27,1202.08,1202.08,Processed Late,EMP014,4,0.0,0.0,True
INV007337,SUP011,ST253,2017-10-20,2017-10-28,2017-10-30,59.56,62.6,Processed,EMP004,2,-3.04,3.04,False
INV007338,SUP003,ST622,2017-10-20,2017-10-26,2017-10-29,179.4,179.4,Processed,EMP025,3,0.0,0.0,False
INV007339,SUP014,ST143,2017-10-20,2017-10-24,2017-10-27,38.56,38.56,Processed,EMP019,3,0.0,0.0,False
INV007340,SUP002,ST213,2017-10-20,2017-10-27,2017-10-30,6.3,6.3,Processed,EMP004,3,0.0,0.0,False
INV007341,SUP010,ST052,2017-10-20,2017-10-24,2017-10-30,10.17,10.17,Processed Late,EMP009,6,0.0,0.0,True
INV007342,SUP012,ST553,2017-10-20,2017-10-28,2017-10-31,36.72,36.72,Processed,EMP030,3,0.0,0.0,False
INV007343,SUP015,ST295,2017-10-20,2017-10-25,2017-11-03,27.36,27.36,Pending / Delayed,EMP019,9,0.0,0.0,True
INV007344,SUP015,ST579,2017-10-20,2017-10-23,2017-10-25,1479.44,1479.44,Processed,EMP008,2,0.0,0.0,False
INV007345,SUP010,ST045,2017-10-20,2017-10-23,2017-10-26,469.56,469.56,Processed,EMP029,3,0.0,0.0,False
INV007346,SUP002,ST152,2017-10-20,2017-10-25,2017-10-29,15.5,15.5,Processed Late,EMP018,4,0.0,0.0,True
INV007347,SUP013,ST372,2017-10-20,2017-10-25,2017-10-27,2447.82,2447.82,Processed,EMP016,2,0.0,0.0,False
INV007348,SUP013,ST186,2017-10-20,2017-10-25,2017-10-28,395.47,399.24,Processed,EMP010,3,-3.77,3.77,False
INV007349,SUP011,ST192,2017-10-20,2017-10-23,2017-10-26,13.28,13.28,Processed,EMP030,3,0.0,0.0,False
INV007350,SUP012,ST334,2017-10-20,2017-10-26,2017-10-29,1475.32,1475.32,Processed,EMP008,3,0.0,0.0,False
INV007351,SUP005,ST258,2017-10-20,2017-10-25,2017-10-28,24.3,24.3,Processed,EMP020,3,0.0,0.0,False
INV007352,SUP007,ST274,2017-10-20,2017-10-26,2017-10-31,1002.5,1002.5,Processed Late,EMP020,5,0.0,0.0,True
INV007353,SUP012,ST577,2017-10-20,2017-10-25,2017-10-26,175.84,175.84,Processed,EMP029,1,0.0,0.0,False
INV007354,SUP003,ST008,2017-10-20,2017-10-27,2017-10-30,166.4,166.4,Processed,EMP020,3,0.0,0.0,False
INV007355,SUP015,ST453,2017-10-20,2017-10-27,2017-10-29,40.56,40.56,Processed,EMP019,2,0.0,0.0,False
INV007356,SUP003,ST473,2017-10-20,2017-10-25,2017-11-06,784.62,784.62,Pending / Delayed,EMP019,12,0.0,0.0,True
INV007357,SUP015,ST457,2017-10-20,2017-10-23,2017-11-04,290.18,269.82,Pending / Delayed,EMP026,12,20.36,20.36,True
INV007358,SUP010,ST224,2017-10-20,2017-10-26,2017-10-29,25.84,25.84,Processed,EMP014,3,0.0,0.0,False
INV007359,SUP001,ST045,2017-10-20,2017-10-23,2017-10-29,34.42,32.37,Processed Late,EMP027,6,2.05,2.05,True
INV007360,SUP004,ST144,2017-10-20,2017-10-28,2017-10-31,739.53,739.53,Processed,EMP009,3,0.0,0.0,False
INV007361,SUP008,ST457,2017-11-05,2017-11-10,2017-11-15,289.95,289.95,Processed Late,EMP005,5,0.0,0.0,True
INV007362,SUP007,ST124,2017-11-05,2017-11-12,2017-11-16,3049.48,3049.48,Processed Late,EMP008,4,0.0,0.0,True
INV007363,SUP008,ST029,2017-11-05,2017-11-09,2017-11-11,6540.56,6540.56,Processed,EMP012,2,0.0,0.0,False
INV007364,SUP011,ST222,2017-11-05,2017-11-10,2017-11-13,25.0,25.0,Processed,EMP011,3,0.0,0.0,False
INV007365,SUP006,ST424,2017-11-05,2017-11-11,2017-11-13,87.45,87.45,Processed,EMP030,2,0.0,0.0,False
INV007366,SUP012,ST421,2017-11-05,2017-11-09,2017-11-12,7.72,8.12,Processed,EMP019,3,-0.4,0.4,False
INV007367,SUP008,ST209,2017-11-05,2017-11-13,2017-11-14,15.33,16.65,Processed,EMP010,1,-1.32,1.32,False
INV007368,SUP009,ST376,2017-11-05,2017-11-09,2017-11-12,17.56,17.56,Processed,EMP026,3,0.0,0.0,False
INV007369,SUP011,ST396,2017-11-05,2017-11-10,2017-11-16,347.99,347.99,Processed Late,EMP030,6,0.0,0.0,True
INV007370,SUP010,ST419,2017-11-05,2017-11-13,2017-11-17,331.4,331.4,Processed Late,EMP026,4,0.0,0.0,True
INV007371,SUP013,ST235,2017-11-05,2017-11-09,2017-11-14,48.96,45.6,Processed Late,EMP002,5,3.36,3.36,True
INV007372,SUP010,ST405,2017-11-05,2017-11-12,2017-11-13,301.44,301.44,Processed,EMP027,1,0.0,0.0,False
INV007373,SUP002,ST009,2017-11-05,2017-11-10,2017-11-11,170.7,170.7,Processed,EMP001,1,0.0,0.0,False
INV007374,SUP003,ST334,2017-11-05,2017-11-09,2017-11-11,17.43,17.43,Processed,EMP013,2,0.0,0.0,False
INV007375,SUP008,ST602,2017-11-05,2017-11-09,2017-11-14,104.4,104.4,Processed Late,EMP012,5,0.0,0.0,True
INV007376,SUP003,ST236,2017-11-05,2017-11-13,2017-11-19,366.08,366.08,Processed Late,EMP008,6,0.0,0.0,True
INV007377,SUP002,ST292,2017-11-05,2017-11-08,2017-11-11,27.6,27.6,Processed,EMP016,3,0.0,0.0,False
INV007378,SUP003,ST484,2017-11-05,2017-11-12,2017-11-16,32.12,32.12,Processed Late,EMP029,4,0.0,0.0,True
INV007379,SUP008,ST159,2017-11-05,2017-11-10,2017-11-11,9.76,9.76,Processed,EMP001,1,0.0,0.0,False
INV007380,SUP001,ST206,2017-11-05,2017-11-10,2017-11-15,2705.64,2588.37,Processed Late,EMP021,5,117.27,117.27,True
INV007381,SUP011,ST195,2017-11-05,2017-11-10,2017-11-16,2008.38,2008.38,Processed Late,EMP002,6,0.0,0.0,True
INV007382,SUP006,ST034,2017-11-05,2017-11-12,2017-11-15,1481.06,1481.06,Processed,EMP003,3,0.0,0.0,False
INV007383,SUP015,ST137,2017-11-05,2017-11-08,2017-11-11,283.36,283.36,Processed,EMP008,3,0.0,0.0,False
INV007384,SUP007,ST606,2017-11-05,2017-11-13,2017-11-15,5.98,5.98,Processed,EMP009,2,0.0,0.0,False
INV007385,SUP008,ST552,2017-11-05,2017-11-13,2017-11-15,60.84,60.84,Processed,EMP012,2,0.0,0.0,False
INV007386,SUP007,ST469,2017-11-05,2017-11-10,2017-11-11,3604.59,3604.59,Processed,EMP011,1,0.0,0.0,False
INV007387,SUP008,ST518,2017-11-05,2017-11-09,2017-11-12,30.6,30.6,Processed,EMP016,3,0.0,0.0,False
INV007388,SUP007,ST387,2017-11-05,2017-11-12,2017-11-17,2981.88,2981.88,Processed Late,EMP026,5,0.0,0.0,True
INV007389,SUP015,ST005,2017-11-05,2017-11-11,2017-11-22,4764.06,4764.06,Pending / Delayed,EMP004,11,0.0,0.0,True
INV007390,SUP007,ST518,2017-11-05,2017-11-12,2017-11-14,879.01,879.01,Processed,EMP013,2,0.0,0.0,False
INV007391,SUP001,ST543,2017-11-05,2017-11-13,2017-11-14,149.37,149.37,Processed,EMP012,1,0.0,0.0,False
INV007392,SUP013,ST438,2017-11-05,2017-11-09,2017-11-10,21.0,21.0,Processed,EMP019,1,0.0,0.0,False
INV007393,SUP007,ST390,2017-11-05,2017-11-08,2017-11-14,26.35,26.35,Processed Late,EMP012,6,0.0,0.0,True
INV007394,SUP015,ST147,2017-11-05,2017-11-11,2017-11-16,141.35,146.52,Processed Late,EMP014,5,-5.17,5.17,True
INV007395,SUP011,ST312,2017-11-05,2017-11-13,2017-11-20,233.8,233.8,Pending / Delayed,EMP015,7,0.0,0.0,True
INV007396,SUP001,ST277,2017-11-05,2017-11-12,2017-11-13,103.74,103.74,Processed,EMP015,1,0.0,0.0,False
INV007397,SUP011,ST247,2017-11-05,2017-11-09,2017-11-15,31.84,31.84,Processed Late,EMP029,6,0.0,0.0,True
INV007398,SUP007,ST427,2017-11-05,2017-11-10,2017-11-12,144.7,144.7,Processed,EMP014,2,0.0,0.0,False
INV007399,SUP015,ST306,2017-11-05,2017-11-13,2017-11-16,375.18,375.18,Processed,EMP020,3,0.0,0.0,False
INV007400,SUP001,ST388,2017-11-05,2017-11-12,2017-11-15,585.34,585.34,Processed,EMP016,3,0.0,0.0,False
INV007401,SUP009,ST396,2017-11-05,2017-11-08,2017-11-14,30.73,30.73,Processed Late,EMP012,6,0.0,0.0,True
INV007402,SUP010,ST174,2017-11-05,2017-11-08,2017-11-10,50.22,50.22,Processed,EMP027,2,0.0,0.0,False
INV007403,SUP013,ST252,2017-11-05,2017-11-09,2017-11-10,362.4,362.4,Processed,EMP029,1,0.0,0.0,False
INV007404,SUP007,ST332,2017-11-05,2017-11-13,2017-11-14,20.4,20.4,Processed,EMP021,1,0.0,0.0,False
INV007405,SUP005,ST280,2017-11-05,2017-11-12,2017-11-15,814.72,814.72,Processed,EMP029,3,0.0,0.0,False
INV007406,SUP004,ST241,2017-11-05,2017-11-13,2017-11-16,48.45,48.45,Processed,EMP011,3,0.0,0.0,False
INV007407,SUP002,ST405,2017-11-05,2017-11-10,2017-11-15,56.52,56.52,Processed Late,EMP028,5,0.0,0.0,True
INV007408,SUP007,ST600,2017-11-05,2017-11-13,2017-11-18,731.12,731.12,Processed Late,EMP011,5,0.0,0.0,True
INV007409,SUP013,ST209,2017-11-05,2017-11-11,2017-11-12,45.72,45.72,Processed,EMP021,1,0.0,0.0,False
INV007410,SUP010,ST565,2017-11-05,2017-11-10,2017-11-21,31.86,31.86,Pending / Delayed,EMP023,11,0.0,0.0,True
INV007411,SUP013,ST029,2017-11-05,2017-11-13,2017-11-19,136.36,136.36,Processed Late,EMP008,6,0.0,0.0,True
INV007412,SUP013,ST376,2017-11-05,2017-11-09,2017-11-16,11.36,11.36,Pending / Delayed,EMP008,7,0.0,0.0,True
INV007413,SUP004,ST594,2017-11-05,2017-11-12,2017-11-13,37.3,37.3,Processed,EMP006,1,0.0,0.0,False
INV007414,SUP015,ST200,2017-11-05,2017-11-08,2017-11-10,503.94,503.94,Processed,EMP012,2,0.0,0.0,False
INV007415,SUP011,ST223,2017-11-05,2017-11-11,2017-11-13,3860.22,3860.22,Processed,EMP019,2,0.0,0.0,False
INV007416,SUP003,ST082,2017-11-05,2017-11-11,2017-11-14,6.86,6.86,Processed,EMP019,3,0.0,0.0,False
INV007417,SUP002,ST563,2017-11-05,2017-11-08,2017-11-10,297.87,297.87,Processed,EMP018,2,0.0,0.0,False
INV007418,SUP014,ST116,2017-11-05,2017-11-12,2017-11-24,3406.29,3406.29,Pending / Delayed,EMP005,12,0.0,0.0,True
INV007419,SUP015,ST251,2017-11-05,2017-11-10,2017-11-15,98.15,98.15,Processed Late,EMP020,5,0.0,0.0,True
INV007420,SUP006,ST409,2017-11-05,2017-11-10,2017-11-13,1070.08,1070.08,Processed,EMP002,3,0.0,0.0,False
INV007421,SUP001,ST108,2017-11-05,2017-11-09,2017-11-15,26.42,26.52,Processed Late,EMP004,6,-0.1,0.1,True
INV007422,SUP007,ST351,2017-11-05,2017-11-13,2017-11-16,7.0,7.0,Processed,EMP023,3,0.0,0.0,False
INV007423,SUP014,ST317,2017-11-05,2017-11-13,2017-11-16,94.01,94.01,Processed,EMP004,3,0.0,0.0,False
INV007424,SUP013,ST523,2017-11-05,2017-11-11,2017-11-14,87.1,87.1,Processed,EMP011,3,0.0,0.0,False
INV007425,SUP006,ST292,2017-11-05,2017-11-08,2017-11-11,39.0,39.0,Processed,EMP028,3,0.0,0.0,False
INV007426,SUP002,ST477,2017-11-05,2017-11-11,2017-11-19,16.65,16.65,Pending / Delayed,EMP026,8,0.0,0.0,True
INV007427,SUP003,ST495,2017-11-05,2017-11-11,2017-11-17,46.55,46.55,Processed Late,EMP020,6,0.0,0.0,True
INV007428,SUP014,ST261,2017-11-05,2017-11-13,2017-11-15,197.33,197.33,Processed,EMP014,2,0.0,0.0,False
INV007429,SUP012,ST533,2017-11-05,2017-11-11,2017-11-14,20.16,20.16,Processed,EMP007,3,0.0,0.0,False
INV007430,SUP004,ST290,2017-11-05,2017-11-11,2017-11-13,653.22,653.22,Processed,EMP023,2,0.0,0.0,False
INV007431,SUP004,ST172,2017-11-05,2017-11-13,2017-11-19,44.3,44.3,Processed Late,EMP016,6,0.0,0.0,True
INV007432,SUP014,ST615,2017-11-05,2017-11-11,2017-11-12,30.84,30.84,Processed,EMP010,1,0.0,0.0,False
INV007433,SUP009,ST240,2017-11-05,2017-11-13,2017-11-14,658.62,627.6,Processed,EMP022,1,31.02,31.02,False
INV007434,SUP008,ST394,2017-11-05,2017-11-10,2017-11-14,621.01,621.01,Processed Late,EMP002,4,0.0,0.0,True
INV007435,SUP001,ST168,2017-11-05,2017-11-08,2017-11-09,33.84,33.84,Processed,EMP001,1,0.0,0.0,False
INV007436,SUP008,ST578,2017-11-05,2017-11-08,2017-11-10,2922.45,2922.45,Processed,EMP026,2,0.0,0.0,False
INV007437,SUP015,ST221,2017-11-05,2017-11-13,2017-11-15,26.07,26.07,Processed,EMP012,2,0.0,0.0,False
INV007438,SUP002,ST086,2017-11-05,2017-11-09,2017-11-12,42.33,42.33,Processed,EMP026,3,0.0,0.0,False
INV007439,SUP013,ST444,2017-11-05,2017-11-13,2017-11-19,211.86,211.86,Processed Late,EMP002,6,0.0,0.0,True
INV007440,SUP003,ST613,2017-11-05,2017-11-09,2017-11-10,62.89,62.89,Processed,EMP017,1,0.0,0.0,False
INV007441,SUP004,ST520,2017-11-20,2017-11-27,2017-12-02,289.68,289.68,Processed Late,EMP017,5,0.0,0.0,True
INV007442,SUP007,ST454,2017-11-20,2017-11-28,2017-12-10,711.1,711.1,Pending / Delayed,EMP002,12,0.0,0.0,True
INV007443,SUP001,ST630,2017-11-20,2017-11-27,2017-11-28,125.98,125.98,Processed,EMP008,1,0.0,0.0,False
INV007444,SUP013,ST347,2017-11-20,2017-11-24,2017-11-25,17.48,17.48,Processed,EMP027,1,0.0,0.0,False
INV007445,SUP011,ST013,2017-11-20,2017-11-25,2017-11-26,215.18,215.18,Processed,EMP007,1,0.0,0.0,False
INV007446,SUP009,ST288,2017-11-20,2017-11-25,2017-11-27,410.08,410.08,Processed,EMP028,2,0.0,0.0,False
INV007447,SUP006,ST328,2017-11-20,2017-11-28,2017-12-07,1346.76,1346.76,Pending / Delayed,EMP004,9,0.0,0.0,True
INV007448,SUP003,ST561,2017-11-20,2017-11-25,2017-11-30,495.4,495.4,Processed Late,EMP026,5,0.0,0.0,True
INV007449,SUP004,ST509,2017-11-20,2017-11-24,2017-11-28,261.12,261.12,Processed Late,EMP007,4,0.0,0.0,True
INV007450,SUP008,ST051,2017-11-20,2017-11-27,2017-11-29,3130.05,3130.05,Processed,EMP008,2,0.0,0.0,False
INV007451,SUP011,ST461,2017-11-20,2017-11-28,2017-12-01,70.02,70.02,Processed,EMP002,3,0.0,0.0,False
INV007452,SUP006,ST523,2017-11-20,2017-11-24,2017-11-26,136.07,136.07,Processed,EMP003,2,0.0,0.0,False
INV007453,SUP001,ST087,2017-11-20,2017-11-28,2017-12-07,891.48,891.48,Pending / Delayed,EMP030,9,0.0,0.0,True
INV007454,SUP011,ST610,2017-11-20,2017-11-27,2017-11-30,72.16,72.16,Processed,EMP014,3,0.0,0.0,False
INV007455,SUP010,ST027,2017-11-20,2017-11-24,2017-11-29,71.34,71.34,Processed Late,EMP023,5,0.0,0.0,True
INV007456,SUP003,ST012,2017-11-20,2017-11-26,2017-11-29,34.2,34.2,Processed,EMP018,3,0.0,0.0,False
INV007457,SUP002,ST198,2017-11-20,2017-11-24,2017-11-25,105.12,105.12,Processed,EMP029,1,0.0,0.0,False
INV007458,SUP014,ST393,2017-11-20,2017-11-24,2017-11-29,23.7,23.7,Processed Late,EMP016,5,0.0,0.0,True
INV007459,SUP010,ST041,2017-11-20,2017-11-25,2017-12-01,14.52,14.52,Processed Late,EMP006,6,0.0,0.0,True
INV007460,SUP007,ST323,2017-11-20,2017-11-28,2017-11-29,21.77,21.77,Processed,EMP012,1,0.0,0.0,False
INV007461,SUP014,ST280,2017-11-20,2017-11-28,2017-11-30,3733.2,3733.2,Processed,EMP013,2,0.0,0.0,False
INV007462,SUP008,ST051,2017-11-20,2017-11-27,2017-12-07,136.32,136.32,Pending / Delayed,EMP028,10,0.0,0.0,True
INV007463,SUP013,ST451,2017-11-20,2017-11-24,2017-11-27,1653.76,1653.76,Processed,EMP008,3,0.0,0.0,False
INV007464,SUP004,ST092,2017-11-20,2017-11-25,2017-11-27,1114.74,1114.74,Processed,EMP004,2,0.0,0.0,False
INV007465,SUP008,ST619,2017-11-20,2017-11-25,2017-11-28,25.1,25.1,Processed,EMP005,3,0.0,0.0,False
INV007466,SUP002,ST253,2017-11-20,2017-11-27,2017-11-29,16.94,16.94,Processed,EMP024,2,0.0,0.0,False
INV007467,SUP001,ST128,2017-11-20,2017-11-25,2017-11-28,439.78,420.84,Processed,EMP015,3,18.94,18.94,False
INV007468,SUP006,ST417,2017-11-20,2017-11-23,2017-11-25,34.1,34.1,Processed,EMP002,2,0.0,0.0,False
INV007469,SUP007,ST073,2017-11-20,2017-11-25,2017-11-28,145.46,145.46,Processed,EMP020,3,0.0,0.0,False
INV007470,SUP010,ST409,2017-11-20,2017-11-28,2017-11-30,453.24,453.24,Processed,EMP008,2,0.0,0.0,False
INV007471,SUP003,ST097,2017-11-20,2017-11-27,2017-11-30,69.02,69.02,Processed,EMP001,3,0.0,0.0,False
INV007472,SUP015,ST495,2017-11-20,2017-11-23,2017-11-26,2711.94,2711.94,Processed,EMP010,3,0.0,0.0,False
INV007473,SUP003,ST211,2017-11-20,2017-11-24,2017-11-28,29.94,29.94,Processed Late,EMP014,4,0.0,0.0,True
INV007474,SUP006,ST236,2017-11-20,2017-11-27,2017-11-30,27.5,27.5,Processed,EMP025,3,0.0,0.0,False
INV007475,SUP008,ST472,2017-11-20,2017-11-26,2017-11-28,30.96,30.96,Processed,EMP030,2,0.0,0.0,False
INV007476,SUP001,ST362,2017-11-20,2017-11-26,2017-11-27,31.12,31.12,Processed,EMP027,1,0.0,0.0,False
INV007477,SUP009,ST578,2017-11-20,2017-11-26,2017-12-01,2382.46,2450.63,Processed Late,EMP017,5,-68.17,68.17,True
INV007478,SUP009,ST511,2017-11-20,2017-11-28,2017-11-30,874.62,874.62,Processed,EMP027,2,0.0,0.0,False
INV007479,SUP015,ST195,2017-11-20,2017-11-24,2017-11-26,180.25,180.25,Processed,EMP014,2,0.0,0.0,False
INV007480,SUP015,ST017,2017-11-20,2017-11-28,2017-11-30,2107.2,2107.2,Processed,EMP011,2,0.0,0.0,False
INV007481,SUP014,ST628,2017-11-20,2017-11-27,2017-11-28,144.4,144.4,Processed,EMP011,1,0.0,0.0,False
INV007482,SUP007,ST201,2017-11-20,2017-11-27,2017-11-28,209.7,209.7,Processed,EMP001,1,0.0,0.0,False
INV007483,SUP007,ST294,2017-11-20,2017-11-26,2017-12-04,80.1,80.1,Pending / Delayed,EMP026,8,0.0,0.0,True
INV007484,SUP008,ST255,2017-11-20,2017-11-25,2017-11-27,73.3,73.3,Processed,EMP028,2,0.0,0.0,False
INV007485,SUP013,ST403,2017-11-20,2017-11-27,2017-11-28,29.97,29.97,Processed,EMP012,1,0.0,0.0,False
INV007486,SUP009,ST567,2017-11-20,2017-11-28,2017-11-30,273.08,290.61,Processed,EMP010,2,-17.53,17.53,False
INV007487,SUP013,ST160,2017-11-20,2017-11-26,2017-11-28,1356.16,1356.16,Processed,EMP005,2,0.0,0.0,False
INV007488,SUP014,ST232,2017-11-20,2017-11-27,2017-11-28,420.12,420.12,Processed,EMP025,1,0.0,0.0,False
INV007489,SUP007,ST162,2017-11-20,2017-11-28,2017-11-29,17.38,17.38,Processed,EMP007,1,0.0,0.0,False
INV007490,SUP004,ST252,2017-11-20,2017-11-24,2017-11-27,519.05,519.05,Processed,EMP010,3,0.0,0.0,False
INV007491,SUP012,ST137,2017-11-20,2017-11-25,2017-11-27,10.08,10.08,Processed,EMP002,2,0.0,0.0,False
INV007492,SUP005,ST352,2017-11-20,2017-11-25,2017-11-30,43.68,43.68,Processed Late,EMP023,5,0.0,0.0,True
INV007493,SUP003,ST541,2017-11-20,2017-11-25,2017-11-30,632.52,629.1,Processed Late,EMP005,5,3.42,3.42,True
INV007494,SUP004,ST374,2017-11-20,2017-11-26,2017-11-30,24.92,24.92,Processed Late,EMP015,4,0.0,0.0,True
INV007495,SUP006,ST372,2017-11-20,2017-11-24,2017-11-26,25.96,25.96,Processed,EMP019,2,0.0,0.0,False
INV007496,SUP014,ST298,2017-11-20,2017-11-25,2017-12-01,26.95,26.95,Processed Late,EMP009,6,0.0,0.0,True
INV007497,SUP006,ST272,2017-11-20,2017-11-28,2017-12-07,21.32,21.32,Pending / Delayed,EMP014,9,0.0,0.0,True
INV007498,SUP006,ST490,2017-11-20,2017-11-26,2017-11-28,41.14,41.14,Processed,EMP024,2,0.0,0.0,False
INV007499,SUP009,ST307,2017-11-20,2017-11-25,2017-11-27,32.88,32.88,Processed,EMP016,2,0.0,0.0,False
INV007500,SUP009,ST113,2017-11-20,2017-11-26,2017-12-05,157.28,150.37,Pending / Delayed,EMP020,9,6.91,6.91,True
INV007501,SUP002,ST418,2017-11-20,2017-11-28,2017-12-03,122.22,122.22,Processed Late,EMP016,5,0.0,0.0,True
INV007502,SUP003,ST258,2017-11-20,2017-11-24,2017-11-30,267.07,267.07,Processed Late,EMP014,6,0.0,0.0,True
INV007503,SUP015,ST514,2017-11-20,2017-11-28,2017-11-29,476.14,476.14,Processed,EMP010,1,0.0,0.0,False
INV007504,SUP004,ST331,2017-11-20,2017-11-26,2017-11-29,109.9,109.9,Processed,EMP023,3,0.0,0.0,False
INV007505,SUP006,ST584,2017-11-20,2017-11-26,2017-11-29,57.06,57.06,Processed,EMP014,3,0.0,0.0,False
INV007506,SUP001,ST476,2017-11-20,2017-11-26,2017-11-29,1886.67,1886.67,Processed,EMP012,3,0.0,0.0,False
INV007507,SUP011,ST078,2017-11-20,2017-11-24,2017-11-26,58.7,58.7,Processed,EMP016,2,0.0,0.0,False
INV007508,SUP010,ST182,2017-11-20,2017-11-28,2017-11-29,1279.7,1279.7,Processed,EMP020,1,0.0,0.0,False
INV007509,SUP014,ST572,2017-11-20,2017-11-27,2017-11-29,714.12,714.12,Processed,EMP029,2,0.0,0.0,False
INV007510,SUP002,ST027,2017-11-20,2017-11-25,2017-11-26,2232.12,2232.12,Processed,EMP013,1,0.0,0.0,False
INV007511,SUP005,ST245,2017-11-20,2017-11-26,2017-11-27,75.14,73.86,Processed,EMP005,1,1.28,1.28,False
INV007512,SUP005,ST211,2017-11-20,2017-11-23,2017-11-24,197.82,197.82,Processed,EMP009,1,0.0,0.0,False
INV007513,SUP011,ST426,2017-11-20,2017-11-28,2017-12-03,160.56,160.56,Processed Late,EMP016,5,0.0,0.0,True
INV007514,SUP010,ST399,2017-11-20,2017-11-28,2017-12-01,33.71,34.35,Processed,EMP029,3,-0.64,0.64,False
INV007515,SUP014,ST610,2017-11-20,2017-11-25,2017-11-27,10.5,10.5,Processed,EMP014,2,0.0,0.0,False
INV007516,SUP010,ST105,2017-11-20,2017-11-28,2017-12-07,1829.12,1829.12,Pending / Delayed,EMP008,9,0.0,0.0,True
INV007517,SUP008,ST613,2017-11-20,2017-11-25,2017-11-28,213.76,213.76,Processed,EMP025,3,0.0,0.0,False
INV007518,SUP002,ST273,2017-11-20,2017-11-24,2017-11-30,693.36,693.36,Processed Late,EMP006,6,0.0,0.0,True
INV007519,SUP002,ST111,2017-11-20,2017-11-24,2017-11-30,99.32,99.32,Processed Late,EMP009,6,0.0,0.0,True
INV007520,SUP004,ST084,2017-11-20,2017-11-26,2017-12-01,30.46,30.46,Processed Late,EMP006,5,0.0,0.0,True
INV007521,SUP013,ST054,2017-12-05,2017-12-09,2017-12-10,6.38,6.38,Processed,EMP008,1,0.0,0.0,False
INV007522,SUP013,ST555,2017-12-05,2017-12-10,2017-12-16,30.73,30.73,Processed Late,EMP016,6,0.0,0.0,True
INV007523,SUP011,ST137,2017-12-05,2017-12-12,2017-12-13,4001.22,4001.22,Processed,EMP007,1,0.0,0.0,False
INV007524,SUP015,ST082,2017-12-05,2017-12-11,2017-12-12,2923.02,2923.02,Processed,EMP030,1,0.0,0.0,False
INV007525,SUP006,ST038,2017-12-05,2017-12-10,2017-12-18,2155.55,2155.55,Pending / Delayed,EMP028,8,0.0,0.0,True
INV007526,SUP010,ST620,2017-12-05,2017-12-10,2017-12-16,223.58,223.58,Processed Late,EMP013,6,0.0,0.0,True
INV007527,SUP015,ST064,2017-12-05,2017-12-08,2017-12-10,29.84,31.4,Processed,EMP011,2,-1.56,1.56,False
INV007528,SUP005,ST140,2017-12-05,2017-12-09,2017-12-12,140.28,140.28,Processed,EMP025,3,0.0,0.0,False
INV007529,SUP004,ST501,2017-12-05,2017-12-09,2017-12-13,35.16,35.16,Processed Late,EMP018,4,0.0,0.0,True
INV007530,SUP002,ST363,2017-12-05,2017-12-10,2017-12-16,195.7,195.7,Processed Late,EMP004,6,0.0,0.0,True
INV007531,SUP015,ST330,2017-12-05,2017-12-11,2017-12-15,3340.33,3340.33,Processed Late,EMP023,4,0.0,0.0,True
INV007532,SUP006,ST482,2017-12-05,2017-12-13,2017-12-21,200.7,200.7,Pending / Delayed,EMP029,8,0.0,0.0,True
INV007533,SUP010,ST516,2017-12-05,2017-12-13,2017-12-25,3752.07,3752.07,Pending / Delayed,EMP001,12,0.0,0.0,True
INV007534,SUP006,ST511,2017-12-05,2017-12-08,2017-12-20,29.88,29.88,Pending / Delayed,EMP009,12,0.0,0.0,True
INV007535,SUP010,ST548,2017-12-05,2017-12-13,2017-12-16,37.06,37.06,Processed,EMP006,3,0.0,0.0,False
INV007536,SUP008,ST320,2017-12-05,2017-12-11,2017-12-12,197.76,197.76,Processed,EMP027,1,0.0,0.0,False
INV007537,SUP010,ST280,2017-12-05,2017-12-11,2017-12-13,76.44,76.44,Processed,EMP011,2,0.0,0.0,False
INV007538,SUP005,ST236,2017-12-05,2017-12-09,2017-12-13,179.16,179.16,Processed Late,EMP027,4,0.0,0.0,True
INV007539,SUP013,ST445,2017-12-05,2017-12-13,2017-12-15,310.14,310.14,Processed,EMP019,2,0.0,0.0,False
INV007540,SUP013,ST565,2017-12-05,2017-12-13,2017-12-16,8.88,8.88,Processed,EMP006,3,0.0,0.0,False
INV007541,SUP001,ST430,2017-12-05,2017-12-12,2017-12-19,1005.34,1005.34,Pending / Delayed,EMP017,7,0.0,0.0,True
INV007542,SUP015,ST403,2017-12-05,2017-12-08,2017-12-12,518.76,518.76,Processed Late,EMP030,4,0.0,0.0,True
INV007543,SUP013,ST176,2017-12-05,2017-12-09,2017-12-10,27.79,27.24,Processed,EMP002,1,0.55,0.55,False
INV007544,SUP003,ST399,2017-12-05,2017-12-11,2017-12-14,40.79,43.52,Processed,EMP013,3,-2.73,2.73,False
INV007545,SUP014,ST293,2017-12-05,2017-12-12,2017-12-21,9.72,9.72,Pending / Delayed,EMP023,9,0.0,0.0,True
INV007546,SUP003,ST285,2017-12-05,2017-12-12,2017-12-14,6.08,6.08,Processed,EMP019,2,0.0,0.0,False
INV007547,SUP006,ST622,2017-12-05,2017-12-11,2017-12-13,20.57,20.57,Processed,EMP001,2,0.0,0.0,False
INV007548,SUP006,ST162,2017-12-05,2017-12-11,2017-12-15,36.68,36.68,Processed Late,EMP010,4,0.0,0.0,True
INV007549,SUP008,ST605,2017-12-05,2017-12-10,2017-12-12,171.99,171.99,Processed,EMP010,2,0.0,0.0,False
INV007550,SUP007,ST372,2017-12-05,2017-12-08,2017-12-11,53.12,53.12,Processed,EMP018,3,0.0,0.0,False
INV007551,SUP014,ST259,2017-12-05,2017-12-12,2017-12-18,30.6,30.6,Processed Late,EMP020,6,0.0,0.0,True
INV007552,SUP012,ST159,2017-12-05,2017-12-10,2017-12-13,1376.87,1403.35,Processed,EMP011,3,-26.48,26.48,False
INV007553,SUP006,ST565,2017-12-05,2017-12-08,2017-12-09,54.32,54.32,Processed,EMP015,1,0.0,0.0,False
INV007554,SUP014,ST053,2017-12-05,2017-12-12,2017-12-13,1100.8,1100.8,Processed,EMP008,1,0.0,0.0,False
INV007555,SUP013,ST174,2017-12-05,2017-12-13,2017-12-16,93.33,93.33,Processed,EMP023,3,0.0,0.0,False
INV007556,SUP011,ST180,2017-12-05,2017-12-11,2017-12-17,215.39,215.39,Processed Late,EMP022,6,0.0,0.0,True
INV007557,SUP014,ST439,2017-12-05,2017-12-10,2017-12-19,2059.2,2059.2,Pending / Delayed,EMP002,9,0.0,0.0,True
INV007558,SUP007,ST509,2017-12-05,2017-12-11,2017-12-12,438.24,438.24,Processed,EMP023,1,0.0,0.0,False
INV007559,SUP010,ST632,2017-12-05,2017-12-10,2017-12-11,55.4,55.4,Processed,EMP006,1,0.0,0.0,False
INV007560,SUP011,ST530,2017-12-05,2017-12-10,2017-12-11,6.93,6.93,Processed,EMP011,1,0.0,0.0,False
INV007561,SUP001,ST574,2017-12-05,2017-12-08,2017-12-09,8.13,8.13,Processed,EMP002,1,0.0,0.0,False
INV007562,SUP012,ST085,2017-12-05,2017-12-11,2017-12-13,167.05,181.52,Processed,EMP026,2,-14.47,14.47,False
INV007563,SUP012,ST328,2017-12-05,2017-12-10,2017-12-13,41.58,41.58,Processed,EMP030,3,0.0,0.0,False
INV007564,SUP009,ST349,2017-12-05,2017-12-12,2017-12-17,245.65,248.76,Processed Late,EMP016,5,-3.11,3.11,True
INV007565,SUP010,ST494,2017-12-05,2017-12-08,2017-12-10,906.48,906.48,Processed,EMP015,2,0.0,0.0,False
INV007566,SUP010,ST292,2017-12-05,2017-12-11,2017-12-12,339.12,339.12,Processed,EMP024,1,0.0,0.0,False
INV007567,SUP007,ST172,2017-12-05,2017-12-11,2017-12-12,361.9,361.9,Processed,EMP024,1,0.0,0.0,False
INV007568,SUP003,ST023,2017-12-05,2017-12-13,2017-12-23,17.76,17.76,Pending / Delayed,EMP018,10,0.0,0.0,True
INV007569,SUP015,ST418,2017-12-05,2017-12-09,2017-12-14,239.06,237.33,Processed Late,EMP019,5,1.73,1.73,True
INV007570,SUP009,ST508,2017-12-05,2017-12-12,2017-12-15,2454.44,2535.66,Processed,EMP008,3,-81.22,81.22,False
INV007571,SUP011,ST392,2017-12-05,2017-12-09,2017-12-14,56.57,53.28,Processed Late,EMP021,5,3.29,3.29,True
INV007572,SUP012,ST520,2017-12-05,2017-12-10,2017-12-15,35.04,35.04,Processed Late,EMP029,5,0.0,0.0,True
INV007573,SUP010,ST068,2017-12-05,2017-12-12,2017-12-15,266.8,266.8,Processed,EMP025,3,0.0,0.0,False
INV007574,SUP004,ST208,2017-12-05,2017-12-12,2017-12-18,54.57,58.94,Processed Late,EMP008,6,-4.37,4.37,True
INV007575,SUP005,ST289,2017-12-05,2017-12-09,2017-12-11,2367.9,2367.9,Processed,EMP005,2,0.0,0.0,False
INV007576,SUP011,ST441,2017-12-05,2017-12-12,2017-12-17,20.45,20.24,Processed Late,EMP008,5,0.21,0.21,True
INV007577,SUP011,ST620,2017-12-05,2017-12-13,2017-12-16,142.19,146.93,Processed,EMP007,3,-4.74,4.74,False
INV007578,SUP009,ST554,2017-12-05,2017-12-08,2017-12-11,20.61,20.61,Processed,EMP012,3,0.0,0.0,False
INV007579,SUP002,ST033,2017-12-05,2017-12-08,2017-12-10,30.38,30.38,Processed,EMP019,2,0.0,0.0,False
INV007580,SUP012,ST424,2017-12-05,2017-12-12,2017-12-15,796.2,796.2,Processed,EMP015,3,0.0,0.0,False
INV007581,SUP014,ST427,2017-12-05,2017-12-09,2017-12-10,7513.12,7513.12,Processed,EMP008,1,0.0,0.0,False
INV007582,SUP006,ST357,2017-12-05,2017-12-11,2017-12-13,113.12,113.12,Processed,EMP017,2,0.0,0.0,False
INV007583,SUP015,ST517,2017-12-05,2017-12-09,2017-12-21,305.03,317.79,Pending / Delayed,EMP018,12,-12.76,12.76,True
INV007584,SUP012,ST257,2017-12-05,2017-12-09,2017-12-10,347.88,347.88,Processed,EMP023,1,0.0,0.0,False
INV007585,SUP001,ST144,2017-12-05,2017-12-11,2017-12-12,467.1,467.1,Processed,EMP025,1,0.0,0.0,False
INV007586,SUP006,ST211,2017-12-05,2017-12-11,2017-12-18,85.12,85.12,Pending / Delayed,EMP016,7,0.0,0.0,True
INV007587,SUP012,ST139,2017-12-05,2017-12-12,2017-12-14,81.18,81.18,Processed,EMP005,2,0.0,0.0,False
INV007588,SUP015,ST085,2017-12-05,2017-12-12,2017-12-20,16.67,15.75,Pending / Delayed,EMP009,8,0.92,0.92,True
INV007589,SUP011,ST533,2017-12-05,2017-12-09,2017-12-10,75.0,75.0,Processed,EMP007,1,0.0,0.0,False
INV007590,SUP003,ST386,2017-12-05,2017-12-12,2017-12-15,2.48,2.48,Processed,EMP022,3,0.0,0.0,False
INV007591,SUP013,ST433,2017-12-05,2017-12-13,2017-12-15,46.26,46.95,Processed,EMP006,2,-0.69,0.69,False
INV007592,SUP002,ST328,2017-12-05,2017-12-08,2017-12-10,53.12,53.12,Processed,EMP020,2,0.0,0.0,False
INV007593,SUP009,ST489,2017-12-05,2017-12-11,2017-12-17,328.79,328.79,Processed Late,EMP003,6,0.0,0.0,True
INV007594,SUP015,ST431,2017-12-05,2017-12-10,2017-12-16,113.55,113.55,Processed Late,EMP016,6,0.0,0.0,True
INV007595,SUP005,ST140,2017-12-05,2017-12-08,2017-12-15,160.56,160.56,Pending / Delayed,EMP028,7,0.0,0.0,True
INV007596,SUP001,ST179,2017-12-05,2017-12-09,2017-12-10,447.8,447.8,Processed,EMP004,1,0.0,0.0,False
INV007597,SUP006,ST490,2017-12-05,2017-12-12,2017-12-15,19.68,19.68,Processed,EMP022,3,0.0,0.0,False
INV007598,SUP003,ST235,2017-12-05,2017-12-12,2017-12-13,20.72,20.72,Processed,EMP024,1,0.0,0.0,False
INV007599,SUP013,ST115,2017-12-05,2017-12-09,2017-12-15,58.64,58.64,Processed Late,EMP019,6,0.0,0.0,True
INV007600,SUP005,ST544,2017-12-05,2017-12-11,2017-12-13,40.81,38.19,Processed,EMP003,2,2.62,2.62,False
INV007601,SUP015,ST604,2017-12-20,2017-12-28,2017-12-30,218.83,236.52,Processed,EMP003,2,-17.69,17.69,False
INV007602,SUP007,ST342,2017-12-20,2017-12-23,2017-12-24,31.59,31.59,Processed,EMP006,1,0.0,0.0,False
INV007603,SUP012,ST598,2017-12-20,2017-12-25,2017-12-29,6.04,6.04,Processed Late,EMP008,4,0.0,0.0,True
INV007604,SUP005,ST306,2017-12-20,2017-12-25,2017-12-26,36.87,37.52,Processed,EMP009,1,-0.65,0.65,False
INV007605,SUP014,ST599,2017-12-20,2017-12-28,2017-12-29,2913.0,2913.0,Processed,EMP016,1,0.0,0.0,False
INV007606,SUP006,ST174,2017-12-20,2017-12-24,2017-12-25,18.3,18.3,Processed,EMP018,1,0.0,0.0,False
INV007607,SUP015,ST539,2017-12-20,2017-12-27,2018-01-01,1351.38,1351.38,Processed Late,EMP002,5,0.0,0.0,True
INV007608,SUP005,ST506,2017-12-20,2017-12-26,2017-12-27,41.99,41.99,Processed,EMP024,1,0.0,0.0,False
INV007609,SUP008,ST500,2017-12-20,2017-12-23,2017-12-25,1125.36,1125.36,Processed,EMP004,2,0.0,0.0,False
INV007610,SUP002,ST309,2017-12-20,2017-12-28,2018-01-09,74.88,74.88,Pending / Delayed,EMP015,12,0.0,0.0,True
INV007611,SUP010,ST234,2017-12-20,2017-12-26,2017-12-30,3.81,3.81,Processed Late,EMP021,4,0.0,0.0,True
INV007612,SUP006,ST046,2017-12-20,2017-12-23,2017-12-24,724.08,724.08,Processed,EMP022,1,0.0,0.0,False
INV007613,SUP012,ST318,2017-12-20,2017-12-23,2017-12-26,12.82,12.82,Processed,EMP001,3,0.0,0.0,False
INV007614,SUP001,ST508,2017-12-20,2017-12-26,2017-12-31,298.35,298.35,Processed Late,EMP025,5,0.0,0.0,True
INV007615,SUP004,ST109,2017-12-20,2017-12-25,2018-01-03,402.0,402.0,Pending / Delayed,EMP015,9,0.0,0.0,True
INV007616,SUP001,ST500,2017-12-20,2017-12-25,2017-12-28,505.53,505.53,Processed,EMP014,3,0.0,0.0,False
INV007617,SUP012,ST090,2017-12-20,2017-12-25,2017-12-31,18.78,18.78,Processed Late,EMP019,6,0.0,0.0,True
INV007618,SUP014,ST182,2017-12-20,2017-12-25,2018-01-06,159.77,159.77,Pending / Delayed,EMP009,12,0.0,0.0,True
INV007619,SUP012,ST515,2017-12-20,2017-12-24,2017-12-26,200.09,200.09,Processed,EMP015,2,0.0,0.0,False
INV007620,SUP013,ST410,2017-12-20,2017-12-26,2017-12-28,17.42,17.88,Processed,EMP022,2,-0.46,0.46,False
INV007621,SUP002,ST364,2017-12-20,2017-12-23,2017-12-29,139.68,139.68,Processed Late,EMP016,6,0.0,0.0,True
INV007622,SUP009,ST072,2017-12-20,2017-12-25,2017-12-30,27.44,27.44,Processed Late,EMP020,5,0.0,0.0,True
INV007623,SUP006,ST374,2017-12-20,2017-12-26,2017-12-27,1563.52,1563.52,Processed,EMP007,1,0.0,0.0,False
INV007624,SUP007,ST425,2017-12-20,2017-12-23,2018-01-02,148.8,148.8,Pending / Delayed,EMP021,10,0.0,0.0,True
INV007625,SUP010,ST246,2017-12-20,2017-12-26,2017-12-28,1122.66,1122.66,Processed,EMP002,2,0.0,0.0,False
INV007626,SUP007,ST015,2017-12-20,2017-12-28,2017-12-30,18.09,18.09,Processed,EMP015,2,0.0,0.0,False
INV007627,SUP012,ST424,2017-12-20,2017-12-24,2017-12-28,27.17,27.17,Processed Late,EMP019,4,0.0,0.0,True
INV007628,SUP010,ST343,2017-12-20,2017-12-24,2017-12-26,8.8,8.8,Processed,EMP023,2,0.0,0.0,False
INV007629,SUP015,ST381,2017-12-20,2017-12-27,2018-01-08,378.07,378.07,Pending / Delayed,EMP016,12,0.0,0.0,True
INV007630,SUP010,ST414,2017-12-20,2017-12-23,2017-12-26,57.72,57.72,Processed,EMP002,3,0.0,0.0,False
INV007631,SUP003,ST440,2017-12-20,2017-12-27,2018-01-02,674.16,674.16,Processed Late,EMP002,6,0.0,0.0,True
INV007632,SUP013,ST398,2017-12-20,2017-12-25,2017-12-27,411.62,411.62,Processed,EMP002,2,0.0,0.0,False
INV007633,SUP008,ST585,2017-12-20,2017-12-26,2017-12-30,456.76,456.76,Processed Late,EMP008,4,0.0,0.0,True
INV007634,SUP002,ST586,2017-12-20,2017-12-28,2017-12-29,36.45,36.45,Processed,EMP009,1,0.0,0.0,False
INV007635,SUP008,ST053,2017-12-20,2017-12-27,2017-12-30,9.81,9.81,Processed,EMP005,3,0.0,0.0,False
INV007636,SUP015,ST188,2017-12-20,2017-12-26,2017-12-28,203.72,195.36,Processed,EMP008,2,8.36,8.36,False
INV007637,SUP012,ST081,2017-12-20,2017-12-26,2017-12-27,34.71,34.71,Processed,EMP009,1,0.0,0.0,False
INV007638,SUP002,ST138,2017-12-20,2017-12-28,2017-12-30,16.62,16.62,Processed,EMP015,2,0.0,0.0,False
INV007639,SUP012,ST011,2017-12-20,2017-12-24,2017-12-27,354.34,354.34,Processed,EMP012,3,0.0,0.0,False
INV007640,SUP002,ST621,2017-12-20,2017-12-24,2017-12-29,100.52,100.52,Processed Late,EMP020,5,0.0,0.0,True
INV007641,SUP004,ST478,2017-12-20,2017-12-23,2017-12-25,258.84,258.84,Processed,EMP022,2,0.0,0.0,False
INV007642,SUP006,ST232,2017-12-20,2017-12-24,2017-12-27,87.84,87.84,Processed,EMP027,3,0.0,0.0,False
INV007643,SUP003,ST198,2017-12-20,2017-12-27,2017-12-28,485.85,485.85,Processed,EMP019,1,0.0,0.0,False
INV007644,SUP008,ST212,2017-12-20,2017-12-26,2018-01-03,665.52,665.52,Pending / Delayed,EMP021,8,0.0,0.0,True
INV007645,SUP010,ST297,2017-12-20,2017-12-25,2017-12-28,364.8,364.8,Processed,EMP013,3,0.0,0.0,False
INV007646,SUP002,ST002,2017-12-20,2017-12-24,2017-12-25,2247.79,2383.92,Processed,EMP028,1,-136.13,136.13,False
INV007647,SUP012,ST164,2017-12-20,2017-12-25,2017-12-27,30.54,30.54,Processed,EMP013,2,0.0,0.0,False
INV007648,SUP003,ST316,2017-12-20,2017-12-28,2018-01-02,28.62,28.62,Processed Late,EMP002,5,0.0,0.0,True
INV007649,SUP012,ST391,2017-12-20,2017-12-27,2017-12-28,12548.16,12548.16,Processed,EMP003,1,0.0,0.0,False
INV007650,SUP012,ST235,2017-12-20,2017-12-28,2017-12-30,25.32,25.32,Processed,EMP023,2,0.0,0.0,False
INV007651,SUP009,ST528,2017-12-20,2017-12-28,2017-12-31,175.8,175.8,Processed,EMP002,3,0.0,0.0,False
INV007652,SUP009,ST004,2017-12-20,2017-12-26,2017-12-28,788.94,788.94,Processed,EMP007,2,0.0,0.0,False
INV007653,SUP011,ST423,2017-12-20,2017-12-23,2017-12-25,190.6,190.6,Processed,EMP020,2,0.0,0.0,False
INV007654,SUP004,ST066,2017-12-20,2017-12-28,2017-12-30,572.24,572.24,Processed,EMP018,2,0.0,0.0,False
INV007655,SUP002,ST478,2017-12-20,2017-12-25,2017-12-31,10.71,10.71,Processed Late,EMP006,6,0.0,0.0,True
INV007656,SUP004,ST401,2017-12-20,2017-12-25,2017-12-27,32.46,32.46,Processed,EMP019,2,0.0,0.0,False
INV007657,SUP011,ST632,2017-12-20,2017-12-24,2018-01-05,164.78,164.78,Pending / Delayed,EMP001,12,0.0,0.0,True
INV007658,SUP011,ST253,2017-12-20,2017-12-27,2017-12-29,1575.07,1575.07,Processed,EMP007,2,0.0,0.0,False
INV007659,SUP005,ST345,2017-12-20,2017-12-25,2018-01-05,84.36,84.36,Pending / Delayed,EMP013,11,0.0,0.0,True
INV007660,SUP008,ST626,2017-12-20,2017-12-23,2018-01-02,1455.84,1455.84,Pending / Delayed,EMP011,10,0.0,0.0,True
INV007661,SUP010,ST285,2017-12-20,2017-12-25,2017-12-26,72.87,72.87,Processed,EMP009,1,0.0,0.0,False
INV007662,SUP004,ST354,2017-12-20,2017-12-26,2018-01-05,43.38,43.38,Pending / Delayed,EMP011,10,0.0,0.0,True
INV007663,SUP003,ST257,2017-12-20,2017-12-27,2018-01-07,229.7,229.7,Pending / Delayed,EMP020,11,0.0,0.0,True
INV007664,SUP006,ST425,2017-12-20,2017-12-26,2017-12-29,733.44,772.96,Processed,EMP030,3,-39.52,39.52,False
INV007665,SUP006,ST049,2017-12-20,2017-12-24,2017-12-25,9.7,9.7,Processed,EMP024,1,0.0,0.0,False
INV007666,SUP008,ST569,2017-12-20,2017-12-26,2017-12-29,1492.05,1402.44,Processed,EMP009,3,89.61,89.61,False
INV007667,SUP014,ST408,2017-12-20,2017-12-25,2018-01-02,13.56,13.56,Pending / Delayed,EMP004,8,0.0,0.0,True
INV007668,SUP010,ST300,2017-12-20,2017-12-27,2018-01-02,238.26,238.26,Processed Late,EMP002,6,0.0,0.0,True
INV007669,SUP003,ST614,2017-12-20,2017-12-26,2017-12-30,20.12,20.12,Processed Late,EMP024,4,0.0,0.0,True
INV007670,SUP003,ST005,2017-12-20,2017-12-27,2018-01-02,26.46,26.46,Processed Late,EMP022,6,0.0,0.0,True
INV007671,SUP008,ST453,2017-12-20,2017-12-23,2017-12-25,364.9,364.9,Processed,EMP007,2,0.0,0.0,False
INV007672,SUP004,ST410,2017-12-20,2017-12-27,2017-12-30,114.2,114.2,Processed,EMP026,3,0.0,0.0,False
INV007673,SUP014,ST355,2017-12-20,2017-12-23,2017-12-28,84.89,84.89,Processed Late,EMP011,5,0.0,0.0,True
INV007674,SUP012,ST397,2017-12-20,2017-12-25,2017-12-26,132.93,132.93,Processed,EMP007,1,0.0,0.0,False
INV007675,SUP011,ST276,2017-12-20,2017-12-24,2017-12-27,214.4,214.4,Processed,EMP002,3,0.0,0.0,False
INV007676,SUP003,ST577,2017-12-20,2017-12-23,2017-12-24,7.1,7.1,Processed,EMP010,1,0.0,0.0,False
INV007677,SUP005,ST195,2017-12-20,2017-12-28,2017-12-31,21.59,21.5,Processed,EMP010,3,0.09,0.09,False
INV007678,SUP014,ST420,2017-12-20,2017-12-23,2017-12-26,234.96,234.96,Processed,EMP002,3,0.0,0.0,False
INV007679,SUP009,ST448,2017-12-20,2017-12-24,2017-12-28,243.99,243.99,Processed Late,EMP029,4,0.0,0.0,True
INV007680,SUP012,ST035,2017-12-20,2017-12-23,2017-12-25,112.56,112.56,Processed,EMP022,2,0.0,0.0,False
