purchase_id,purchase_date,store_id,supplier_id,product_id,quantity,unit_cost,expected_delivery,actual_delivery,delivery_status,purchase_value
PUR000001,2014-01-05,ST251,SUP005,OFF-BI-10002432,5,2.43,2014-01-09,2014-01-09,On Time,12.15
PUR000002,2014-01-05,ST559,SUP015,OFF-ST-10000078,5,225.12,2014-01-08,2014-01-11,Late,1125.6
PUR000003,2014-01-05,ST224,SUP002,FUR-BO-10000112,15,94.97,2014-01-09,2014-01-12,Late,1424.55
PUR000004,2014-01-05,ST559,SUP012,OFF-AR-10002987,2,11.85,2014-01-11,2014-01-11,On Time,23.7
PUR000005,2014-01-05,ST007,SUP013,FUR-FU-10003274,16,1.0,2014-01-09,2014-01-13,Late,16.0
PUR000006,2014-01-05,ST221,SUP003,FUR-FU-10000246,15,8.28,2014-01-10,2014-01-09,Early,124.19999999999999
PUR000007,2014-01-05,ST353,SUP006,FUR-TA-10001520,4,57.81,2014-01-12,2014-01-13,Late,231.24
PUR000008,2014-01-05,ST128,SUP009,OFF-BI-10000279,3,8.01,2014-01-11,2014-01-10,Early,24.03
PUR000009,2014-01-05,ST371,SUP011,OFF-BI-10001765,19,17.27,2014-01-12,2014-01-12,On Time,328.13
PUR000010,2014-01-05,ST297,SUP004,OFF-FA-10003495,4,2.76,2014-01-08,2014-01-13,Late,11.04
PUR000011,2014-01-05,ST285,SUP007,OFF-BI-10002571,9,5.68,2014-01-11,2014-01-15,Late,51.12
PUR000012,2014-01-05,ST215,SUP006,OFF-PA-10003641,13,13.28,2014-01-10,2014-01-14,Late,172.64
PUR000013,2014-01-05,ST547,SUP003,FUR-TA-10003837,4,14.16,2014-01-09,2014-01-09,On Time,56.64
PUR000014,2014-01-05,ST571,SUP015,TEC-AC-10003832,16,119.92,2014-01-09,2014-01-13,Late,1918.72
PUR000015,2014-01-05,ST058,SUP013,FUR-CH-10000454,12,182.5,2014-01-09,2014-01-14,Late,2190.0
PUR000016,2014-01-05,ST275,SUP007,OFF-PA-10002986,3,3.69,2014-01-08,2014-01-08,On Time,11.07
PUR000017,2014-01-05,ST218,SUP006,OFF-LA-10002043,20,5.79,2014-01-11,2014-01-13,Late,115.8
PUR000018,2014-01-05,ST253,SUP003,FUR-FU-10002885,16,2.77,2014-01-12,2014-01-15,Late,44.32
PUR000019,2014-01-05,ST598,SUP007,FUR-TA-10002903,10,207.13,2014-01-11,2014-01-12,Late,2071.3
PUR000020,2014-01-05,ST522,SUP003,OFF-SU-10000381,9,7.27,2014-01-11,2014-01-10,Early,65.42999999999999
PUR000021,2014-01-05,ST164,SUP003,TEC-PH-10003012,3,117.23,2014-01-11,2014-01-14,Late,351.69
PUR000022,2014-01-05,ST480,SUP010,OFF-AR-10003504,4,2.97,2014-01-12,2014-01-13,Late,11.88
PUR000023,2014-01-05,ST118,SUP001,OFF-PA-10003848,19,3.61,2014-01-12,2014-01-17,Late,68.59
PUR000024,2014-01-05,ST115,SUP006,TEC-AC-10003657,10,27.94,2014-01-10,2014-01-12,Late,279.40000000000003
PUR000025,2014-01-05,ST270,SUP012,TEC-AC-10004901,7,32.69,2014-01-12,2014-01-17,Late,228.82999999999998
PUR000026,2014-01-05,ST306,SUP002,FUR-CH-10004997,7,150.62,2014-01-12,2014-01-15,Late,1054.3400000000001
PUR000027,2014-01-05,ST166,SUP013,FUR-CH-10001482,8,108.48,2014-01-12,2014-01-17,Late,867.84
PUR000028,2014-01-05,ST332,SUP010,FUR-FU-10004460,18,27.25,2014-01-11,2014-01-10,Early,490.5
PUR000029,2014-01-05,ST315,SUP015,FUR-FU-10000629,5,8.68,2014-01-09,2014-01-08,Early,43.4
PUR000030,2014-01-05,ST088,SUP002,OFF-BI-10002735,9,19.56,2014-01-11,2014-01-16,Late,176.04
PUR000031,2014-01-05,ST129,SUP009,TEC-PH-10002549,4,183.11,2014-01-09,2014-01-13,Late,732.44
PUR000032,2014-01-05,ST272,SUP003,OFF-FA-10002780,17,1.75,2014-01-12,2014-01-17,Late,29.75
PUR000033,2014-01-05,ST553,SUP015,OFF-PA-10003845,15,3.22,2014-01-09,2014-01-13,Late,48.300000000000004
PUR000034,2014-01-05,ST383,SUP011,OFF-AR-10003560,11,3.93,2014-01-11,2014-01-14,Late,43.230000000000004
PUR000035,2014-01-05,ST066,SUP004,OFF-PA-10003656,16,13.17,2014-01-10,2014-01-09,Early,210.72
PUR000036,2014-01-05,ST226,SUP010,TEC-AC-10001445,20,2.42,2014-01-08,2014-01-07,Early,48.4
PUR000037,2014-01-05,ST033,SUP015,FUR-BO-10004218,3,106.67,2014-01-10,2014-01-09,Early,320.01
PUR000038,2014-01-05,ST498,SUP011,OFF-ST-10001490,18,118.38,2014-01-09,2014-01-12,Late,2130.84
PUR000039,2014-01-05,ST585,SUP015,TEC-PH-10004345,6,87.72,2014-01-12,2014-01-14,Late,526.3199999999999
PUR000040,2014-01-05,ST417,SUP013,OFF-ST-10001418,9,63.16,2014-01-09,2014-01-08,Early,568.4399999999999
PUR000041,2014-01-05,ST434,SUP006,OFF-AR-10001547,5,1.66,2014-01-11,2014-01-13,Late,8.299999999999999
PUR000042,2014-01-05,ST101,SUP011,OFF-ST-10003805,3,163.39,2014-01-08,2014-01-10,Late,490.16999999999996
PUR000043,2014-01-05,ST255,SUP002,FUR-FU-10000771,12,3.86,2014-01-09,2014-01-09,On Time,46.32
PUR000044,2014-01-05,ST188,SUP007,OFF-BI-10003656,19,90.85,2014-01-10,2014-01-12,Late,1726.1499999999999
PUR000045,2014-01-05,ST454,SUP002,TEC-MA-10002930,9,32.92,2014-01-12,2014-01-11,Early,296.28000000000003
PUR000046,2014-01-05,ST016,SUP009,OFF-AR-10002221,3,1.96,2014-01-08,2014-01-13,Late,5.88
PUR000047,2014-01-05,ST493,SUP008,OFF-AR-10001919,9,1.25,2014-01-09,2014-01-14,Late,11.25
PUR000048,2014-01-05,ST389,SUP003,FUR-FU-10002253,14,28.3,2014-01-08,2014-01-10,Late,396.2
PUR000049,2014-01-05,ST466,SUP013,FUR-BO-10004409,10,55.47,2014-01-10,2014-01-12,Late,554.7
PUR000050,2014-01-05,ST159,SUP008,OFF-PA-10003270,19,3.0,2014-01-09,2014-01-10,Late,57.0
PUR000051,2014-01-05,ST556,SUP010,FUR-TA-10004915,8,279.08,2014-01-08,2014-01-12,Late,2232.64
PUR000052,2014-01-05,ST489,SUP010,OFF-AR-10000614,12,2.41,2014-01-12,2014-01-17,Late,28.92
PUR000053,2014-01-05,ST083,SUP009,OFF-BI-10004965,18,5.89,2014-01-09,2014-01-08,Early,106.02
PUR000054,2014-01-05,ST414,SUP004,FUR-CH-10002647,4,55.1,2014-01-08,2014-01-11,Late,220.4
PUR000055,2014-01-05,ST084,SUP001,OFF-LA-10004409,9,1.58,2014-01-11,2014-01-15,Late,14.22
PUR000056,2014-01-05,ST268,SUP006,OFF-PA-10000232,20,3.35,2014-01-09,2014-01-13,Late,67.0
PUR000057,2014-01-05,ST135,SUP007,OFF-PA-10004100,12,3.19,2014-01-10,2014-01-12,Late,38.28
PUR000058,2014-01-05,ST075,SUP015,FUR-FU-10000758,12,18.4,2014-01-08,2014-01-10,Late,220.79999999999998
PUR000059,2014-01-05,ST551,SUP002,OFF-BI-10002353,20,8.49,2014-01-09,2014-01-12,Late,169.8
PUR000060,2014-01-05,ST071,SUP006,OFF-PA-10003936,10,3.12,2014-01-09,2014-01-10,Late,31.200000000000003
PUR000061,2014-01-05,ST557,SUP014,OFF-BI-10002393,11,2.89,2014-01-10,2014-01-13,Late,31.790000000000003
PUR000062,2014-01-05,ST568,SUP014,FUR-CH-10002335,18,151.22,2014-01-10,2014-01-14,Late,2721.96
PUR000063,2014-01-05,ST271,SUP003,OFF-FA-10003021,5,1.33,2014-01-08,2014-01-07,Early,6.65
PUR000064,2014-01-05,ST620,SUP005,OFF-PA-10002659,19,1.7,2014-01-09,2014-01-13,Late,32.3
PUR000065,2014-01-05,ST271,SUP011,OFF-EN-10004030,12,1.8,2014-01-12,2014-01-14,Late,21.6
PUR000066,2014-01-05,ST053,SUP014,TEC-PH-10001795,10,397.26,2014-01-08,2014-01-12,Late,3972.6
PUR000067,2014-01-05,ST004,SUP001,OFF-PA-10000157,15,11.29,2014-01-10,2014-01-15,Late,169.35
PUR000068,2014-01-05,ST166,SUP005,TEC-MA-10000752,6,8.02,2014-01-11,2014-01-14,Late,48.12
PUR000069,2014-01-05,ST078,SUP002,FUR-FU-10002597,15,2.9,2014-01-09,2014-01-12,Late,43.5
PUR000070,2014-01-05,ST566,SUP010,FUR-FU-10002813,3,13.82,2014-01-09,2014-01-11,Late,41.46
PUR000071,2014-01-05,ST041,SUP006,OFF-SU-10001935,6,1.9,2014-01-10,2014-01-10,On Time,11.399999999999999
PUR000072,2014-01-05,ST574,SUP006,OFF-BI-10001890,9,1.92,2014-01-11,2014-01-14,Late,17.28
PUR000073,2014-01-05,ST167,SUP004,FUR-FU-10004091,6,22.11,2014-01-09,2014-01-11,Late,132.66
PUR000074,2014-01-05,ST341,SUP015,TEC-PH-10000923,2,7.15,2014-01-11,2014-01-16,Late,14.3
PUR000075,2014-01-05,ST111,SUP013,OFF-BI-10000309,9,7.4,2014-01-11,2014-01-16,Late,66.60000000000001
PUR000076,2014-01-05,ST205,SUP004,OFF-ST-10000563,3,30.85,2014-01-11,2014-01-12,Late,92.55000000000001
PUR000077,2014-01-05,ST234,SUP014,TEC-AC-10004469,11,23.81,2014-01-09,2014-01-08,Early,261.90999999999997
PUR000078,2014-01-05,ST072,SUP005,OFF-PA-10001497,8,27.46,2014-01-10,2014-01-11,Late,219.68
PUR000079,2014-01-05,ST550,SUP014,OFF-ST-10001558,18,13.53,2014-01-10,2014-01-09,Early,243.54
PUR000080,2014-01-05,ST183,SUP005,OFF-BI-10000474,5,8.96,2014-01-12,2014-01-13,Late,44.800000000000004
PUR000081,2014-01-20,ST354,SUP007,OFF-BI-10000591,3,1.86,2014-01-25,2014-01-27,Late,5.58
PUR000082,2014-01-20,ST591,SUP015,OFF-BI-10000088,18,5.17,2014-01-24,2014-01-25,Late,93.06
PUR000083,2014-01-20,ST533,SUP001,TEC-PH-10001336,3,95.41,2014-01-27,2014-01-31,Late,286.23
PUR000084,2014-01-20,ST339,SUP002,TEC-PH-10000011,8,10.11,2014-01-27,2014-01-28,Late,80.88
PUR000085,2014-01-20,ST520,SUP005,TEC-AC-10001553,5,14.01,2014-01-25,2014-01-29,Late,70.05
PUR000086,2014-01-20,ST303,SUP012,FUR-CH-10003298,15,115.05,2014-01-27,2014-01-27,On Time,1725.75
PUR000087,2014-01-20,ST179,SUP007,OFF-AP-10003842,8,22.56,2014-01-27,2014-01-30,Late,180.48
PUR000088,2014-01-20,ST001,SUP014,OFF-EN-10003001,11,43.67,2014-01-25,2014-01-26,Late,480.37
PUR000089,2014-01-20,ST622,SUP010,FUR-FU-10000193,8,29.46,2014-01-25,2014-01-27,Late,235.68
PUR000090,2014-01-20,ST524,SUP004,OFF-ST-10003479,16,36.57,2014-01-26,2014-01-31,Late,585.12
PUR000091,2014-01-20,ST528,SUP005,OFF-BI-10001922,7,3.25,2014-01-27,2014-01-28,Late,22.75
PUR000092,2014-01-20,ST241,SUP013,OFF-BI-10003429,4,3.43,2014-01-25,2014-01-25,On Time,13.72
PUR000093,2014-01-20,ST251,SUP001,OFF-ST-10002444,8,8.22,2014-01-26,2014-01-29,Late,65.76
PUR000094,2014-01-20,ST590,SUP015,OFF-LA-10003223,4,2.48,2014-01-24,2014-01-28,Late,9.92
PUR000095,2014-01-20,ST152,SUP004,OFF-AP-10003217,14,122.49,2014-01-23,2014-01-28,Late,1714.86
PUR000096,2014-01-20,ST181,SUP004,OFF-LA-10000248,5,2.06,2014-01-27,2014-01-29,Late,10.3
PUR000097,2014-01-20,ST125,SUP015,FUR-FU-10003192,3,66.5,2014-01-26,2014-01-26,On Time,199.5
PUR000098,2014-01-20,ST610,SUP009,OFF-BI-10003669,16,2.9,2014-01-25,2014-01-30,Late,46.4
PUR000099,2014-01-20,ST517,SUP012,OFF-BI-10004022,16,1.54,2014-01-26,2014-01-31,Late,24.64
PUR000100,2014-01-20,ST487,SUP003,OFF-ST-10000036,19,71.34,2014-01-26,2014-01-27,Late,1355.46
PUR000101,2014-01-20,ST534,SUP005,TEC-PH-10002310,9,125.58,2014-01-26,2014-01-30,Late,1130.22
PUR000102,2014-01-20,ST293,SUP002,OFF-PA-10001509,9,4.62,2014-01-24,2014-01-25,Late,41.58
PUR000103,2014-01-20,ST083,SUP009,OFF-BI-10002498,12,9.55,2014-01-24,2014-01-24,On Time,114.60000000000001
PUR000104,2014-01-20,ST220,SUP003,TEC-AC-10004877,9,6.2,2014-01-23,2014-01-25,Late,55.800000000000004
PUR000105,2014-01-20,ST426,SUP008,OFF-AR-10004042,15,12.33,2014-01-23,2014-01-23,On Time,184.95
PUR000106,2014-01-20,ST599,SUP013,TEC-PH-10003988,15,7.67,2014-01-23,2014-01-28,Late,115.05
PUR000107,2014-01-20,ST361,SUP001,OFF-PA-10004621,20,3.29,2014-01-25,2014-01-30,Late,65.8
PUR000108,2014-01-20,ST430,SUP014,TEC-PH-10000526,14,74.0,2014-01-27,2014-01-31,Late,1036.0
PUR000109,2014-01-20,ST226,SUP015,TEC-PH-10004345,19,89.0,2014-01-26,2014-01-26,On Time,1691.0
PUR000110,2014-01-20,ST399,SUP001,OFF-ST-10000585,10,120.68,2014-01-25,2014-01-29,Late,1206.8000000000002
PUR000111,2014-01-20,ST479,SUP014,OFF-AR-10004511,14,3.09,2014-01-24,2014-01-27,Late,43.26
PUR000112,2014-01-20,ST607,SUP007,OFF-AR-10000716,19,3.08,2014-01-27,2014-01-31,Late,58.52
PUR000113,2014-01-20,ST139,SUP007,FUR-FU-10000758,2,15.54,2014-01-26,2014-01-26,On Time,31.08
PUR000114,2014-01-20,ST217,SUP006,FUR-TA-10001095,3,131.08,2014-01-26,2014-01-27,Late,393.24
PUR000115,2014-01-20,ST285,SUP007,FUR-TA-10002958,12,227.93,2014-01-26,2014-01-27,Late,2735.16
PUR000116,2014-01-20,ST553,SUP012,OFF-LA-10004853,4,2.67,2014-01-23,2014-01-24,Late,10.68
PUR000117,2014-01-20,ST042,SUP013,OFF-AP-10004859,9,10.95,2014-01-23,2014-01-23,On Time,98.55
PUR000118,2014-01-20,ST157,SUP010,OFF-AR-10004441,8,2.56,2014-01-24,2014-01-24,On Time,20.48
PUR000119,2014-01-20,ST224,SUP010,FUR-CH-10004853,17,110.83,2014-01-26,2014-01-30,Late,1884.11
PUR000120,2014-01-20,ST621,SUP003,OFF-PA-10004971,10,3.11,2014-01-27,2014-01-31,Late,31.099999999999998
PUR000121,2014-01-20,ST319,SUP003,OFF-AR-10001955,5,14.66,2014-01-23,2014-01-26,Late,73.3
PUR000122,2014-01-20,ST385,SUP010,OFF-EN-10004846,2,1.47,2014-01-26,2014-01-30,Late,2.94
PUR000123,2014-01-20,ST249,SUP012,OFF-AP-10000326,8,25.65,2014-01-23,2014-01-27,Late,205.2
PUR000124,2014-01-20,ST124,SUP010,OFF-BI-10001107,11,8.21,2014-01-27,2014-02-01,Late,90.31
PUR000125,2014-01-20,ST380,SUP007,OFF-BI-10000145,3,1.54,2014-01-23,2014-01-26,Late,4.62
PUR000126,2014-01-20,ST502,SUP007,FUR-FU-10003806,12,122.95,2014-01-23,2014-01-25,Late,1475.4
PUR000127,2014-01-20,ST471,SUP014,TEC-AC-10001465,13,26.11,2014-01-24,2014-01-26,Late,339.43
PUR000128,2014-01-20,ST277,SUP011,OFF-AR-10001374,7,4.61,2014-01-27,2014-02-01,Late,32.27
PUR000129,2014-01-20,ST447,SUP008,TEC-PH-10004896,19,22.78,2014-01-27,2014-01-28,Late,432.82000000000005
PUR000130,2014-01-20,ST089,SUP014,TEC-PH-10003691,12,101.14,2014-01-25,2014-01-27,Late,1213.68
PUR000131,2014-01-20,ST625,SUP010,OFF-BI-10000069,9,8.51,2014-01-26,2014-01-27,Late,76.59
PUR000132,2014-01-20,ST187,SUP006,OFF-PA-10004082,2,3.99,2014-01-26,2014-01-26,On Time,7.98
PUR000133,2014-01-20,ST287,SUP006,OFF-ST-10001097,13,177.23,2014-01-27,2014-01-31,Late,2303.99
PUR000134,2014-01-20,ST196,SUP009,FUR-BO-10004709,10,45.73,2014-01-23,2014-01-23,On Time,457.29999999999995
PUR000135,2014-01-20,ST247,SUP013,OFF-AR-10003158,15,2.62,2014-01-26,2014-01-30,Late,39.300000000000004
PUR000136,2014-01-20,ST096,SUP001,TEC-AC-10002380,17,8.86,2014-01-25,2014-01-25,On Time,150.62
PUR000137,2014-01-20,ST596,SUP005,OFF-ST-10001526,14,92.46,2014-01-25,2014-01-27,Late,1294.4399999999998
PUR000138,2014-01-20,ST564,SUP007,FUR-BO-10001972,19,101.03,2014-01-25,2014-01-26,Late,1919.57
PUR000139,2014-01-20,ST237,SUP005,OFF-ST-10000676,16,86.94,2014-01-23,2014-01-27,Late,1391.04
PUR000140,2014-01-20,ST549,SUP012,FUR-FU-10000023,8,3.18,2014-01-24,2014-01-24,On Time,25.44
PUR000141,2014-01-20,ST604,SUP005,FUR-FU-10004864,8,31.85,2014-01-27,2014-01-30,Late,254.8
PUR000142,2014-01-20,ST199,SUP014,OFF-ST-10000675,11,27.86,2014-01-25,2014-01-25,On Time,306.46
PUR000143,2014-01-20,ST547,SUP001,OFF-BI-10003166,13,5.59,2014-01-24,2014-01-25,Late,72.67
PUR000144,2014-01-20,ST300,SUP009,FUR-BO-10003159,3,114.56,2014-01-24,2014-01-28,Late,343.68
PUR000145,2014-01-20,ST588,SUP001,OFF-AP-10004532,17,13.76,2014-01-25,2014-01-27,Late,233.92
PUR000146,2014-01-20,ST053,SUP003,OFF-BI-10003350,17,3.4,2014-01-25,2014-01-30,Late,57.8
PUR000147,2014-01-20,ST411,SUP002,FUR-FU-10002508,17,4.46,2014-01-26,2014-01-25,Early,75.82
PUR000148,2014-01-20,ST156,SUP001,OFF-AR-10002135,20,35.11,2014-01-24,2014-01-29,Late,702.2
PUR000149,2014-01-20,ST255,SUP002,OFF-BI-10004308,20,11.43,2014-01-23,2014-01-26,Late,228.6
PUR000150,2014-01-20,ST232,SUP013,OFF-ST-10000798,15,20.66,2014-01-27,2014-01-29,Late,309.9
PUR000151,2014-01-20,ST603,SUP005,TEC-PH-10002262,16,46.35,2014-01-26,2014-01-27,Late,741.6
PUR000152,2014-01-20,ST102,SUP010,FUR-TA-10004915,20,261.33,2014-01-24,2014-01-28,Late,5226.599999999999
PUR000153,2014-01-20,ST161,SUP002,OFF-PA-10002586,8,2.52,2014-01-24,2014-01-24,On Time,20.16
PUR000154,2014-01-20,ST419,SUP001,OFF-LA-10001158,19,4.92,2014-01-26,2014-01-30,Late,93.48
PUR000155,2014-01-20,ST296,SUP004,OFF-BI-10002026,17,25.74,2014-01-25,2014-01-29,Late,437.58
PUR000156,2014-01-20,ST271,SUP004,FUR-CH-10001714,16,126.91,2014-01-27,2014-01-31,Late,2030.56
PUR000157,2014-01-20,ST231,SUP009,OFF-PA-10002120,8,27.61,2014-01-24,2014-01-25,Late,220.88
PUR000158,2014-01-20,ST315,SUP003,FUR-FU-10001185,6,16.68,2014-01-27,2014-01-31,Late,100.08
PUR000159,2014-01-20,ST128,SUP008,TEC-PH-10001700,20,52.23,2014-01-26,2014-01-30,Late,1044.6
PUR000160,2014-01-20,ST513,SUP005,OFF-LA-10003930,11,52.14,2014-01-27,2014-01-29,Late,573.54
PUR000161,2014-02-05,ST443,SUP001,TEC-PH-10001557,16,64.19,2014-02-10,2014-02-13,Late,1027.04
PUR000162,2014-02-05,ST590,SUP004,OFF-BI-10000343,10,2.36,2014-02-12,2014-02-11,Early,23.599999999999998
PUR000163,2014-02-05,ST180,SUP013,OFF-BI-10001553,10,4.83,2014-02-11,2014-02-14,Late,48.3
PUR000164,2014-02-05,ST600,SUP003,FUR-FU-10000320,16,2.03,2014-02-11,2014-02-15,Late,32.48
PUR000165,2014-02-05,ST357,SUP008,OFF-AP-10001391,17,70.08,2014-02-11,2014-02-12,Late,1191.36
PUR000166,2014-02-05,ST165,SUP014,OFF-PA-10001144,12,29.83,2014-02-10,2014-02-12,Late,357.96
PUR000167,2014-02-05,ST564,SUP007,TEC-PH-10000576,17,95.77,2014-02-08,2014-02-10,Late,1628.09
PUR000168,2014-02-05,ST119,SUP006,TEC-PH-10001944,4,98.38,2014-02-11,2014-02-16,Late,393.52
PUR000169,2014-02-05,ST556,SUP001,OFF-PA-10004983,18,3.59,2014-02-11,2014-02-13,Late,64.62
PUR000170,2014-02-05,ST511,SUP006,FUR-TA-10004575,3,223.69,2014-02-11,2014-02-16,Late,671.0699999999999
PUR000171,2014-02-05,ST135,SUP009,OFF-FA-10002988,3,0.96,2014-02-10,2014-02-12,Late,2.88
PUR000172,2014-02-05,ST624,SUP011,FUR-TA-10004154,17,206.8,2014-02-09,2014-02-13,Late,3515.6000000000004
PUR000173,2014-02-05,ST566,SUP001,OFF-ST-10000604,7,25.08,2014-02-11,2014-02-10,Early,175.56
PUR000174,2014-02-05,ST117,SUP015,OFF-PA-10001457,9,8.92,2014-02-11,2014-02-10,Early,80.28
PUR000175,2014-02-05,ST299,SUP012,OFF-PA-10001685,6,5.17,2014-02-12,2014-02-16,Late,31.02
PUR000176,2014-02-05,ST484,SUP008,TEC-AC-10002567,10,50.33,2014-02-09,2014-02-11,Late,503.29999999999995
PUR000177,2014-02-05,ST614,SUP004,OFF-BI-10003350,19,3.2,2014-02-12,2014-02-16,Late,60.800000000000004
PUR000178,2014-02-05,ST425,SUP005,OFF-ST-10002974,6,32.72,2014-02-10,2014-02-15,Late,196.32
PUR000179,2014-02-05,ST290,SUP001,OFF-LA-10000248,18,1.86,2014-02-10,2014-02-15,Late,33.480000000000004
PUR000180,2014-02-05,ST502,SUP011,FUR-TA-10002903,20,200.53,2014-02-09,2014-02-11,Late,4010.6
PUR000181,2014-02-05,ST566,SUP006,OFF-LA-10003923,19,7.38,2014-02-12,2014-02-14,Late,140.22
PUR000182,2014-02-05,ST194,SUP014,FUR-FU-10003731,16,7.81,2014-02-09,2014-02-12,Late,124.96
PUR000183,2014-02-05,ST421,SUP013,OFF-BI-10001670,14,17.85,2014-02-08,2014-02-09,Late,249.90000000000003
PUR000184,2014-02-05,ST391,SUP013,OFF-PA-10003641,17,14.83,2014-02-11,2014-02-15,Late,252.11
PUR000185,2014-02-05,ST130,SUP001,TEC-MA-10001972,6,258.02,2014-02-12,2014-02-15,Late,1548.12
PUR000186,2014-02-05,ST451,SUP014,OFF-AR-10000634,12,3.36,2014-02-08,2014-02-11,Late,40.32
PUR000187,2014-02-05,ST420,SUP003,OFF-BI-10003274,16,1.9,2014-02-09,2014-02-08,Early,30.4
PUR000188,2014-02-05,ST347,SUP005,OFF-ST-10001272,17,103.68,2014-02-12,2014-02-16,Late,1762.5600000000002
PUR000189,2014-02-05,ST337,SUP014,OFF-ST-10001490,14,128.67,2014-02-12,2014-02-14,Late,1801.3799999999999
PUR000190,2014-02-05,ST500,SUP015,OFF-AR-10001761,12,3.83,2014-02-12,2014-02-11,Early,45.96
PUR000191,2014-02-05,ST295,SUP011,OFF-ST-10001590,4,9.45,2014-02-09,2014-02-13,Late,37.8
PUR000192,2014-02-05,ST103,SUP002,OFF-PA-10002160,4,2.91,2014-02-11,2014-02-11,On Time,11.64
PUR000193,2014-02-05,ST333,SUP001,OFF-PA-10000605,11,3.19,2014-02-08,2014-02-09,Late,35.089999999999996
PUR000194,2014-02-05,ST251,SUP003,OFF-FA-10001843,13,1.28,2014-02-12,2014-02-14,Late,16.64
PUR000195,2014-02-05,ST175,SUP003,OFF-LA-10000634,20,1.46,2014-02-09,2014-02-08,Early,29.2
PUR000196,2014-02-05,ST510,SUP004,FUR-FU-10000672,14,7.95,2014-02-12,2014-02-12,On Time,111.3
PUR000197,2014-02-05,ST471,SUP005,OFF-AR-10000538,9,19.55,2014-02-10,2014-02-14,Late,175.95000000000002
PUR000198,2014-02-05,ST295,SUP008,OFF-PA-10002245,2,3.55,2014-02-12,2014-02-12,On Time,7.1
PUR000199,2014-02-05,ST602,SUP006,OFF-PA-10000176,4,9.75,2014-02-10,2014-02-14,Late,39.0
PUR000200,2014-02-05,ST310,SUP008,OFF-AP-10001005,15,54.7,2014-02-09,2014-02-11,Late,820.5
PUR000201,2014-02-05,ST586,SUP007,TEC-PH-10002563,17,85.9,2014-02-10,2014-02-13,Late,1460.3000000000002
PUR000202,2014-02-05,ST023,SUP005,OFF-PA-10001125,11,18.72,2014-02-11,2014-02-12,Late,205.92
PUR000203,2014-02-05,ST051,SUP011,OFF-ST-10004337,2,62.05,2014-02-12,2014-02-16,Late,124.1
PUR000204,2014-02-05,ST294,SUP015,TEC-PH-10002549,17,178.26,2014-02-09,2014-02-12,Late,3030.42
PUR000205,2014-02-05,ST257,SUP004,OFF-BI-10001510,13,11.9,2014-02-09,2014-02-13,Late,154.70000000000002
PUR000206,2014-02-05,ST041,SUP011,TEC-PH-10002660,5,55.11,2014-02-10,2014-02-15,Late,275.55
PUR000207,2014-02-05,ST135,SUP006,OFF-AP-10002118,16,137.78,2014-02-08,2014-02-09,Late,2204.48
PUR000208,2014-02-05,ST206,SUP003,TEC-AC-10002049,12,163.22,2014-02-09,2014-02-14,Late,1958.6399999999999
PUR000209,2014-02-05,ST544,SUP006,OFF-AR-10003759,19,1.08,2014-02-12,2014-02-13,Late,20.520000000000003
PUR000210,2014-02-05,ST494,SUP014,OFF-EN-10003286,7,4.18,2014-02-10,2014-02-14,Late,29.259999999999998
PUR000211,2014-02-05,ST078,SUP008,OFF-BI-10004002,12,9.54,2014-02-09,2014-02-14,Late,114.47999999999999
PUR000212,2014-02-05,ST407,SUP012,FUR-CH-10004218,9,81.19,2014-02-12,2014-02-13,Late,730.71
PUR000213,2014-02-05,ST271,SUP001,OFF-PA-10000213,4,2.79,2014-02-12,2014-02-11,Early,11.16
PUR000214,2014-02-05,ST269,SUP012,FUR-TA-10000849,16,119.4,2014-02-12,2014-02-14,Late,1910.4
PUR000215,2014-02-05,ST483,SUP004,TEC-AC-10003038,13,6.68,2014-02-08,2014-02-11,Late,86.84
PUR000216,2014-02-05,ST227,SUP010,OFF-AR-10003732,19,1.99,2014-02-08,2014-02-12,Late,37.81
PUR000217,2014-02-05,ST419,SUP005,TEC-PH-10002262,16,46.36,2014-02-08,2014-02-08,On Time,741.76
PUR000218,2014-02-05,ST505,SUP005,OFF-BI-10003707,3,8.31,2014-02-08,2014-02-07,Early,24.93
PUR000219,2014-02-05,ST398,SUP003,OFF-PA-10001950,9,4.94,2014-02-11,2014-02-12,Late,44.46
PUR000220,2014-02-05,ST159,SUP012,OFF-BI-10001524,19,10.73,2014-02-11,2014-02-15,Late,203.87
PUR000221,2014-02-05,ST418,SUP010,OFF-ST-10003058,5,17.91,2014-02-10,2014-02-09,Early,89.55
PUR000222,2014-02-05,ST242,SUP008,OFF-BI-10003910,13,4.0,2014-02-10,2014-02-09,Early,52.0
PUR000223,2014-02-05,ST368,SUP011,TEC-AC-10000171,13,13.22,2014-02-08,2014-02-10,Late,171.86
PUR000224,2014-02-05,ST466,SUP002,TEC-PH-10004120,10,95.08,2014-02-08,2014-02-12,Late,950.8
PUR000225,2014-02-05,ST022,SUP010,FUR-FU-10000732,8,4.39,2014-02-08,2014-02-13,Late,35.12
PUR000226,2014-02-05,ST579,SUP003,OFF-FA-10000134,12,3.8,2014-02-09,2014-02-08,Early,45.599999999999994
PUR000227,2014-02-05,ST239,SUP004,OFF-BI-10000320,19,3.54,2014-02-10,2014-02-15,Late,67.26
PUR000228,2014-02-05,ST003,SUP010,FUR-CH-10002647,6,56.31,2014-02-10,2014-02-15,Late,337.86
PUR000229,2014-02-05,ST257,SUP009,FUR-TA-10001932,6,274.49,2014-02-09,2014-02-08,Early,1646.94
PUR000230,2014-02-05,ST244,SUP006,OFF-AR-10002375,2,2.16,2014-02-12,2014-02-13,Late,4.32
PUR000231,2014-02-05,ST130,SUP001,OFF-FA-10000621,2,1.71,2014-02-11,2014-02-14,Late,3.42
PUR000232,2014-02-05,ST460,SUP008,FUR-TA-10000688,5,189.7,2014-02-10,2014-02-13,Late,948.5
PUR000233,2014-02-05,ST227,SUP009,TEC-AC-10001908,20,59.91,2014-02-12,2014-02-11,Early,1198.1999999999998
PUR000234,2014-02-05,ST032,SUP011,OFF-AR-10003394,18,2.06,2014-02-08,2014-02-10,Late,37.08
PUR000235,2014-02-05,ST503,SUP002,FUR-CH-10004477,14,42.59,2014-02-11,2014-02-10,Early,596.26
PUR000236,2014-02-05,ST068,SUP003,FUR-FU-10003829,4,2.02,2014-02-09,2014-02-10,Late,8.08
PUR000237,2014-02-05,ST391,SUP006,OFF-LA-10001613,20,1.48,2014-02-12,2014-02-15,Late,29.6
PUR000238,2014-02-05,ST441,SUP010,OFF-AR-10001662,11,1.98,2014-02-08,2014-02-13,Late,21.78
PUR000239,2014-02-05,ST565,SUP011,OFF-BI-10001922,5,3.37,2014-02-09,2014-02-11,Late,16.85
PUR000240,2014-02-05,ST348,SUP007,OFF-EN-10001509,16,1.17,2014-02-11,2014-02-13,Late,18.72
PUR000241,2014-02-20,ST438,SUP006,OFF-PA-10001125,15,17.82,2014-02-25,2014-03-01,Late,267.3
PUR000242,2014-02-20,ST486,SUP003,OFF-LA-10004689,10,1.49,2014-02-23,2014-02-22,Early,14.9
PUR000243,2014-02-20,ST382,SUP002,FUR-FU-10004091,4,18.71,2014-02-24,2014-02-27,Late,74.84
PUR000244,2014-02-20,ST576,SUP009,FUR-BO-10000711,3,52.71,2014-02-25,2014-03-01,Late,158.13
PUR000245,2014-02-20,ST434,SUP014,OFF-ST-10000617,5,2.72,2014-02-23,2014-02-24,Late,13.600000000000001
PUR000246,2014-02-20,ST520,SUP010,TEC-AC-10001908,11,63.07,2014-02-24,2014-02-24,On Time,693.77
PUR000247,2014-02-20,ST359,SUP002,FUR-BO-10000330,17,98.3,2014-02-27,2014-02-28,Late,1671.1
PUR000248,2014-02-20,ST232,SUP010,OFF-PA-10001870,5,3.55,2014-02-26,2014-03-03,Late,17.75
PUR000249,2014-02-20,ST629,SUP014,OFF-AR-10000034,19,2.83,2014-02-27,2014-02-26,Early,53.77
PUR000250,2014-02-20,ST317,SUP005,OFF-AP-10003287,10,33.24,2014-02-25,2014-02-26,Late,332.40000000000003
PUR000251,2014-02-20,ST580,SUP003,OFF-PA-10003172,2,3.15,2014-02-26,2014-02-25,Early,6.3
PUR000252,2014-02-20,ST094,SUP001,OFF-ST-10001580,6,11.31,2014-02-27,2014-02-27,On Time,67.86
PUR000253,2014-02-20,ST162,SUP006,FUR-BO-10002545,14,190.03,2014-02-25,2014-02-26,Late,2660.42
PUR000254,2014-02-20,ST611,SUP010,TEC-AC-10004901,12,34.82,2014-02-23,2014-02-22,Early,417.84000000000003
PUR000255,2014-02-20,ST051,SUP010,OFF-SU-10000646,6,217.18,2014-02-23,2014-02-24,Late,1303.08
PUR000256,2014-02-20,ST622,SUP008,OFF-PA-10000551,16,2.73,2014-02-26,2014-02-28,Late,43.68
PUR000257,2014-02-20,ST117,SUP009,OFF-ST-10002352,10,5.57,2014-02-25,2014-02-27,Late,55.7
PUR000258,2014-02-20,ST608,SUP011,TEC-PH-10001336,5,87.61,2014-02-26,2014-03-01,Late,438.05
PUR000259,2014-02-20,ST614,SUP007,OFF-AP-10001469,11,26.92,2014-02-23,2014-02-22,Early,296.12
PUR000260,2014-02-20,ST141,SUP004,TEC-PH-10001536,8,12.07,2014-02-25,2014-02-26,Late,96.56
PUR000261,2014-02-20,ST441,SUP008,OFF-AP-10002534,12,196.0,2014-02-24,2014-02-24,On Time,2352.0
PUR000262,2014-02-20,ST513,SUP004,FUR-FU-10002937,14,49.94,2014-02-27,2014-03-04,Late,699.16
PUR000263,2014-02-20,ST044,SUP014,TEC-PH-10001530,13,210.74,2014-02-26,2014-02-25,Early,2739.62
PUR000264,2014-02-20,ST321,SUP014,OFF-ST-10002574,16,149.78,2014-02-27,2014-03-01,Late,2396.48
PUR000265,2014-02-20,ST428,SUP011,OFF-PA-10002666,20,4.89,2014-02-25,2014-02-24,Early,97.8
PUR000266,2014-02-20,ST176,SUP006,TEC-PH-10002085,14,44.15,2014-02-27,2014-03-01,Late,618.1
PUR000267,2014-02-20,ST109,SUP014,FUR-FU-10001876,13,19.07,2014-02-24,2014-02-26,Late,247.91
PUR000268,2014-02-20,ST406,SUP002,FUR-FU-10002379,20,35.77,2014-02-25,2014-03-01,Late,715.4000000000001
PUR000269,2014-02-20,ST173,SUP013,OFF-PA-10000213,12,2.49,2014-02-23,2014-02-26,Late,29.880000000000003
PUR000270,2014-02-20,ST358,SUP004,TEC-PH-10000038,5,132.31,2014-02-25,2014-03-01,Late,661.55
PUR000271,2014-02-20,ST263,SUP003,OFF-EN-10001453,6,30.61,2014-02-24,2014-02-24,On Time,183.66
PUR000272,2014-02-20,ST078,SUP011,OFF-PA-10000143,6,2.89,2014-02-24,2014-03-01,Late,17.34
PUR000273,2014-02-20,ST594,SUP010,OFF-AR-10003829,17,2.31,2014-02-26,2014-03-02,Late,39.27
PUR000274,2014-02-20,ST331,SUP010,OFF-AR-10000390,20,2.29,2014-02-25,2014-02-25,On Time,45.8
PUR000275,2014-02-20,ST311,SUP008,OFF-AP-10004868,16,5.18,2014-02-25,2014-02-28,Late,82.88
PUR000276,2014-02-20,ST318,SUP002,FUR-FU-10003664,3,65.77,2014-02-26,2014-02-28,Late,197.31
PUR000277,2014-02-20,ST294,SUP014,OFF-AR-10001315,3,1.14,2014-02-23,2014-02-27,Late,3.42
PUR000278,2014-02-20,ST394,SUP009,TEC-AC-10000892,4,58.92,2014-02-26,2014-03-01,Late,235.68
PUR000279,2014-02-20,ST043,SUP012,OFF-BI-10003638,19,11.4,2014-02-26,2014-03-03,Late,216.6
PUR000280,2014-02-20,ST620,SUP006,FUR-FU-10002088,20,5.37,2014-02-26,2014-03-01,Late,107.4
PUR000281,2014-02-20,ST106,SUP008,OFF-AR-10002578,6,2.23,2014-02-25,2014-03-01,Late,13.379999999999999
PUR000282,2014-02-20,ST041,SUP003,FUR-TA-10003008,4,158.96,2014-02-24,2014-02-28,Late,635.84
PUR000283,2014-02-20,ST536,SUP009,OFF-AR-10002766,16,2.23,2014-02-27,2014-02-27,On Time,35.68
PUR000284,2014-02-20,ST397,SUP005,FUR-FU-10004909,13,10.24,2014-02-26,2014-03-03,Late,133.12
PUR000285,2014-02-20,ST343,SUP001,OFF-AR-10003504,12,3.15,2014-02-23,2014-02-24,Late,37.8
PUR000286,2014-02-20,ST291,SUP007,OFF-BI-10002103,5,4.75,2014-02-25,2014-03-01,Late,23.75
PUR000287,2014-02-20,ST145,SUP010,FUR-CH-10003761,6,92.43,2014-02-25,2014-02-26,Late,554.58
PUR000288,2014-02-20,ST087,SUP012,OFF-PA-10000528,14,2.69,2014-02-25,2014-02-28,Late,37.66
PUR000289,2014-02-20,ST131,SUP006,OFF-ST-10002406,14,11.09,2014-02-27,2014-02-26,Early,155.26
PUR000290,2014-02-20,ST372,SUP001,OFF-FA-10001883,15,7.72,2014-02-25,2014-02-25,On Time,115.8
PUR000291,2014-02-20,ST498,SUP013,OFF-BI-10000977,8,15.9,2014-02-24,2014-02-24,On Time,127.2
PUR000292,2014-02-20,ST104,SUP005,OFF-AR-10001419,6,2.69,2014-02-27,2014-03-04,Late,16.14
PUR000293,2014-02-20,ST540,SUP015,TEC-AC-10002942,19,61.11,2014-02-23,2014-02-27,Late,1161.09
PUR000294,2014-02-20,ST135,SUP010,FUR-FU-10003424,12,7.81,2014-02-27,2014-03-01,Late,93.72
PUR000295,2014-02-20,ST170,SUP014,OFF-LA-10002787,6,1.82,2014-02-26,2014-02-25,Early,10.92
PUR000296,2014-02-20,ST244,SUP012,TEC-PH-10002885,15,461.5,2014-02-26,2014-03-01,Late,6922.5
PUR000297,2014-02-20,ST460,SUP013,FUR-FU-10000023,11,3.46,2014-02-24,2014-02-27,Late,38.06
PUR000298,2014-02-20,ST481,SUP013,FUR-FU-10004963,9,4.88,2014-02-24,2014-02-25,Late,43.92
PUR000299,2014-02-20,ST289,SUP008,OFF-LA-10001613,20,1.61,2014-02-26,2014-03-01,Late,32.2
PUR000300,2014-02-20,ST205,SUP003,TEC-PH-10002310,18,115.68,2014-02-27,2014-02-27,On Time,2082.2400000000002
PUR000301,2014-02-20,ST381,SUP008,TEC-PH-10001819,10,21.3,2014-02-27,2014-02-26,Early,213.0
PUR000302,2014-02-20,ST086,SUP005,OFF-BI-10000145,18,1.7,2014-02-24,2014-02-25,Late,30.599999999999998
PUR000303,2014-02-20,ST448,SUP003,FUR-FU-10001756,16,14.61,2014-02-23,2014-02-23,On Time,233.76
PUR000304,2014-02-20,ST028,SUP015,OFF-BI-10001757,16,2.76,2014-02-26,2014-02-25,Early,44.16
PUR000305,2014-02-20,ST396,SUP004,FUR-FU-10001935,14,2.18,2014-02-23,2014-02-24,Late,30.520000000000003
PUR000306,2014-02-20,ST102,SUP015,OFF-BI-10004318,9,84.6,2014-02-25,2014-03-02,Late,761.4
PUR000307,2014-02-20,ST484,SUP005,OFF-PA-10001033,6,19.39,2014-02-24,2014-03-01,Late,116.34
PUR000308,2014-02-20,ST082,SUP001,OFF-BI-10004728,17,2.58,2014-02-23,2014-02-24,Late,43.86
PUR000309,2014-02-20,ST624,SUP009,OFF-AP-10002651,8,219.34,2014-02-27,2014-03-01,Late,1754.72
PUR000310,2014-02-20,ST309,SUP004,OFF-BI-10000174,5,3.18,2014-02-23,2014-02-22,Early,15.9
PUR000311,2014-02-20,ST469,SUP013,OFF-BI-10002432,9,2.64,2014-02-23,2014-02-22,Early,23.76
PUR000312,2014-02-20,ST528,SUP001,TEC-AC-10004353,17,40.46,2014-02-27,2014-02-27,On Time,687.82
PUR000313,2014-02-20,ST630,SUP001,FUR-FU-10001934,6,14.88,2014-02-25,2014-02-25,On Time,89.28
PUR000314,2014-02-20,ST088,SUP011,OFF-BI-10001294,20,6.33,2014-02-27,2014-02-28,Late,126.6
PUR000315,2014-02-20,ST520,SUP009,OFF-SU-10000946,4,6.18,2014-02-27,2014-03-02,Late,24.72
PUR000316,2014-02-20,ST045,SUP008,OFF-BI-10002133,2,21.35,2014-02-26,2014-02-27,Late,42.7
PUR000317,2014-02-20,ST070,SUP006,OFF-PA-10002259,10,6.11,2014-02-25,2014-02-25,On Time,61.1
PUR000318,2014-02-20,ST341,SUP012,FUR-TA-10004619,5,117.57,2014-02-24,2014-02-23,Early,587.8499999999999
PUR000319,2014-02-20,ST180,SUP014,FUR-FU-10000820,13,14.06,2014-02-26,2014-03-02,Late,182.78
PUR000320,2014-02-20,ST139,SUP013,OFF-PA-10000587,17,3.89,2014-02-23,2014-02-27,Late,66.13
PUR000321,2014-03-05,ST045,SUP004,TEC-AC-10004510,16,13.36,2014-03-09,2014-03-08,Early,213.76
PUR000322,2014-03-05,ST408,SUP009,FUR-CH-10004626,12,83.32,2014-03-12,2014-03-14,Late,999.8399999999999
PUR000323,2014-03-05,ST196,SUP011,TEC-PH-10003691,10,85.74,2014-03-10,2014-03-11,Late,857.4
PUR000324,2014-03-05,ST280,SUP006,OFF-AP-10003622,3,2.48,2014-03-08,2014-03-13,Late,7.4399999999999995
PUR000325,2014-03-05,ST451,SUP007,OFF-ST-10001511,13,60.64,2014-03-11,2014-03-12,Late,788.32
PUR000326,2014-03-05,ST377,SUP008,OFF-FA-10000992,7,1.88,2014-03-12,2014-03-13,Late,13.16
PUR000327,2014-03-05,ST441,SUP002,TEC-MA-10002412,4,4259.99,2014-03-12,2014-03-17,Late,17039.96
PUR000328,2014-03-05,ST106,SUP006,TEC-AC-10004353,7,40.05,2014-03-08,2014-03-09,Late,280.34999999999997
PUR000329,2014-03-05,ST437,SUP010,FUR-FU-10000175,11,9.11,2014-03-09,2014-03-13,Late,100.21
PUR000330,2014-03-05,ST362,SUP001,OFF-EN-10004773,16,15.33,2014-03-12,2014-03-14,Late,245.28
PUR000331,2014-03-05,ST059,SUP013,OFF-BI-10000174,10,3.1,2014-03-08,2014-03-12,Late,31.0
PUR000332,2014-03-05,ST164,SUP013,OFF-AP-10000026,14,42.11,2014-03-08,2014-03-08,On Time,589.54
PUR000333,2014-03-05,ST242,SUP002,OFF-BI-10000829,16,2.2,2014-03-10,2014-03-11,Late,35.2
PUR000334,2014-03-05,ST620,SUP001,OFF-AR-10000940,14,2.34,2014-03-09,2014-03-13,Late,32.76
PUR000335,2014-03-05,ST455,SUP006,OFF-ST-10001932,16,181.04,2014-03-08,2014-03-11,Late,2896.64
PUR000336,2014-03-05,ST322,SUP007,OFF-BI-10004364,6,3.29,2014-03-10,2014-03-10,On Time,19.740000000000002
PUR000337,2014-03-05,ST512,SUP003,FUR-FU-10000672,5,7.03,2014-03-12,2014-03-14,Late,35.15
PUR000338,2014-03-05,ST267,SUP013,OFF-AR-10001246,19,1.93,2014-03-11,2014-03-11,On Time,36.67
PUR000339,2014-03-05,ST205,SUP008,OFF-ST-10004340,11,47.15,2014-03-08,2014-03-08,On Time,518.65
PUR000340,2014-03-05,ST456,SUP015,OFF-EN-10003845,4,1.97,2014-03-08,2014-03-13,Late,7.88
PUR000341,2014-03-05,ST067,SUP012,OFF-BI-10003707,12,7.89,2014-03-12,2014-03-15,Late,94.67999999999999
PUR000342,2014-03-05,ST162,SUP014,OFF-AP-10004708,11,29.14,2014-03-09,2014-03-14,Late,320.54
PUR000343,2014-03-05,ST206,SUP002,FUR-FU-10001488,13,84.93,2014-03-09,2014-03-09,On Time,1104.0900000000001
PUR000344,2014-03-05,ST587,SUP009,TEC-AC-10000710,17,8.5,2014-03-10,2014-03-12,Late,144.5
PUR000345,2014-03-05,ST089,SUP015,OFF-AR-10003651,19,2.16,2014-03-08,2014-03-09,Late,41.040000000000006
PUR000346,2014-03-05,ST491,SUP012,FUR-FU-10003664,14,74.55,2014-03-12,2014-03-14,Late,1043.7
PUR000347,2014-03-05,ST129,SUP002,OFF-AP-10000252,15,8.1,2014-03-10,2014-03-14,Late,121.5
PUR000348,2014-03-05,ST530,SUP011,TEC-MA-10004241,4,229.32,2014-03-10,2014-03-10,On Time,917.28
PUR000349,2014-03-05,ST133,SUP003,FUR-CH-10001973,19,98.11,2014-03-11,2014-03-14,Late,1864.09
PUR000350,2014-03-05,ST157,SUP009,OFF-BI-10001267,3,3.42,2014-03-10,2014-03-10,On Time,10.26
PUR000351,2014-03-05,ST231,SUP012,OFF-AR-10003696,7,23.68,2014-03-10,2014-03-13,Late,165.76
PUR000352,2014-03-05,ST202,SUP005,OFF-BI-10000546,11,1.57,2014-03-12,2014-03-13,Late,17.27
PUR000353,2014-03-05,ST547,SUP010,TEC-PH-10001336,6,93.87,2014-03-08,2014-03-11,Late,563.22
PUR000354,2014-03-05,ST158,SUP010,OFF-BI-10001636,7,4.64,2014-03-09,2014-03-13,Late,32.48
PUR000355,2014-03-05,ST043,SUP010,TEC-CO-10001046,12,411.37,2014-03-08,2014-03-07,Early,4936.4400000000005
PUR000356,2014-03-05,ST591,SUP013,FUR-FU-10003247,3,21.26,2014-03-10,2014-03-14,Late,63.78
PUR000357,2014-03-05,ST032,SUP007,OFF-BI-10004826,8,9.04,2014-03-11,2014-03-15,Late,72.32
PUR000358,2014-03-05,ST495,SUP005,TEC-PH-10000562,19,76.55,2014-03-09,2014-03-14,Late,1454.45
PUR000359,2014-03-05,ST062,SUP002,OFF-SU-10000381,14,6.34,2014-03-09,2014-03-11,Late,88.75999999999999
PUR000360,2014-03-05,ST349,SUP004,TEC-AC-10002076,15,50.74,2014-03-12,2014-03-12,On Time,761.1
PUR000361,2014-03-05,ST354,SUP006,OFF-PA-10002709,12,3.27,2014-03-11,2014-03-11,On Time,39.24
PUR000362,2014-03-05,ST327,SUP002,FUR-FU-10003039,13,28.55,2014-03-09,2014-03-11,Late,371.15000000000003
PUR000363,2014-03-05,ST145,SUP004,FUR-FU-10001617,5,6.54,2014-03-08,2014-03-07,Early,32.7
PUR000364,2014-03-05,ST631,SUP014,FUR-CH-10004540,11,27.25,2014-03-11,2014-03-11,On Time,299.75
PUR000365,2014-03-05,ST592,SUP015,OFF-BI-10001525,7,2.23,2014-03-10,2014-03-10,On Time,15.61
PUR000366,2014-03-05,ST479,SUP009,FUR-FU-10003268,7,31.97,2014-03-11,2014-03-12,Late,223.79
PUR000367,2014-03-05,ST518,SUP007,OFF-BI-10003656,17,83.04,2014-03-11,2014-03-11,On Time,1411.68
PUR000368,2014-03-05,ST052,SUP001,OFF-BI-10000591,8,2.06,2014-03-10,2014-03-12,Late,16.48
PUR000369,2014-03-05,ST111,SUP001,OFF-BI-10002982,17,3.39,2014-03-11,2014-03-11,On Time,57.63
PUR000370,2014-03-05,ST413,SUP013,FUR-CH-10002304,10,20.37,2014-03-10,2014-03-09,Early,203.70000000000002
PUR000371,2014-03-05,ST200,SUP009,TEC-AC-10002217,14,16.09,2014-03-10,2014-03-13,Late,225.26
PUR000372,2014-03-05,ST462,SUP009,OFF-PA-10001461,11,3.18,2014-03-12,2014-03-13,Late,34.980000000000004
PUR000373,2014-03-05,ST404,SUP002,FUR-FU-10002937,5,45.93,2014-03-10,2014-03-15,Late,229.65
PUR000374,2014-03-05,ST148,SUP006,TEC-PH-10004897,12,10.0,2014-03-09,2014-03-12,Late,120.0
PUR000375,2014-03-05,ST047,SUP001,OFF-BI-10002931,18,20.56,2014-03-08,2014-03-08,On Time,370.08
PUR000376,2014-03-05,ST468,SUP009,TEC-PH-10000560,12,267.31,2014-03-09,2014-03-12,Late,3207.7200000000003
PUR000377,2014-03-05,ST628,SUP015,OFF-AP-10001634,18,2.39,2014-03-10,2014-03-10,On Time,43.02
PUR000378,2014-03-05,ST307,SUP012,OFF-EN-10004483,14,9.12,2014-03-12,2014-03-13,Late,127.67999999999999
PUR000379,2014-03-05,ST502,SUP009,OFF-ST-10001228,18,11.02,2014-03-12,2014-03-13,Late,198.35999999999999
PUR000380,2014-03-05,ST340,SUP006,FUR-FU-10000073,17,5.48,2014-03-08,2014-03-10,Late,93.16000000000001
PUR000381,2014-03-05,ST028,SUP015,FUR-TA-10003748,20,93.37,2014-03-12,2014-03-14,Late,1867.4
PUR000382,2014-03-05,ST593,SUP013,OFF-LA-10001641,10,1.79,2014-03-12,2014-03-12,On Time,17.9
PUR000383,2014-03-05,ST537,SUP003,FUR-BO-10001972,3,102.09,2014-03-12,2014-03-17,Late,306.27
PUR000384,2014-03-05,ST249,SUP011,OFF-BI-10000632,14,21.79,2014-03-08,2014-03-11,Late,305.06
PUR000385,2014-03-05,ST322,SUP008,FUR-FU-10000221,5,3.15,2014-03-11,2014-03-11,On Time,15.75
PUR000386,2014-03-05,ST514,SUP007,FUR-FU-10002268,15,3.42,2014-03-12,2014-03-14,Late,51.3
PUR000387,2014-03-05,ST213,SUP009,TEC-AC-10000158,3,29.6,2014-03-12,2014-03-13,Late,88.80000000000001
PUR000388,2014-03-05,ST178,SUP006,OFF-PA-10004733,17,4.06,2014-03-11,2014-03-14,Late,69.02
PUR000389,2014-03-05,ST271,SUP011,OFF-EN-10004386,12,12.11,2014-03-12,2014-03-14,Late,145.32
PUR000390,2014-03-05,ST572,SUP005,OFF-AR-10004269,8,3.25,2014-03-10,2014-03-10,On Time,26.0
PUR000391,2014-03-05,ST213,SUP012,OFF-PA-10001246,11,3.55,2014-03-11,2014-03-12,Late,39.05
PUR000392,2014-03-05,ST281,SUP015,TEC-AC-10001013,17,19.03,2014-03-10,2014-03-09,Early,323.51
PUR000393,2014-03-05,ST405,SUP007,OFF-FA-10000053,20,1.92,2014-03-10,2014-03-15,Late,38.4
PUR000394,2014-03-05,ST081,SUP005,OFF-PA-10002222,6,11.82,2014-03-10,2014-03-12,Late,70.92
PUR000395,2014-03-05,ST207,SUP004,TEC-AC-10002049,10,163.21,2014-03-12,2014-03-13,Late,1632.1000000000001
PUR000396,2014-03-05,ST112,SUP003,OFF-ST-10000078,19,225.97,2014-03-12,2014-03-16,Late,4293.43
PUR000397,2014-03-05,ST544,SUP001,OFF-PA-10004359,20,51.68,2014-03-09,2014-03-13,Late,1033.6
PUR000398,2014-03-05,ST339,SUP007,OFF-ST-10002615,9,104.47,2014-03-11,2014-03-10,Early,940.23
PUR000399,2014-03-05,ST162,SUP009,FUR-FU-10003981,6,1.09,2014-03-11,2014-03-15,Late,6.540000000000001
PUR000400,2014-03-05,ST295,SUP004,FUR-FU-10000747,17,37.99,2014-03-10,2014-03-11,Late,645.83
PUR000401,2014-03-20,ST588,SUP002,OFF-ST-10000617,3,3.0,2014-03-24,2014-03-27,Late,9.0
PUR000402,2014-03-20,ST428,SUP003,OFF-BI-10000050,3,4.19,2014-03-24,2014-03-23,Early,12.57
PUR000403,2014-03-20,ST297,SUP003,OFF-FA-10002988,14,1.08,2014-03-23,2014-03-22,Early,15.120000000000001
PUR000404,2014-03-20,ST344,SUP002,FUR-FU-10000293,11,100.32,2014-03-25,2014-03-27,Late,1103.52
PUR000405,2014-03-20,ST138,SUP015,OFF-ST-10000532,19,28.61,2014-03-27,2014-03-29,Late,543.59
PUR000406,2014-03-20,ST339,SUP002,OFF-AP-10001469,10,27.79,2014-03-24,2014-03-28,Late,277.9
PUR000407,2014-03-20,ST191,SUP012,OFF-PA-10000682,16,3.04,2014-03-23,2014-03-27,Late,48.64
PUR000408,2014-03-20,ST198,SUP010,TEC-PH-10004447,12,108.83,2014-03-24,2014-03-27,Late,1305.96
PUR000409,2014-03-20,ST336,SUP009,OFF-BI-10003655,14,2.15,2014-03-23,2014-03-25,Late,30.099999999999998
PUR000410,2014-03-20,ST489,SUP003,OFF-ST-10000736,5,72.84,2014-03-25,2014-03-25,On Time,364.20000000000005
PUR000411,2014-03-20,ST458,SUP004,FUR-CH-10004886,2,65.78,2014-03-25,2014-03-26,Late,131.56
PUR000412,2014-03-20,ST012,SUP010,OFF-FA-10002280,11,2.64,2014-03-25,2014-03-29,Late,29.040000000000003
PUR000413,2014-03-20,ST122,SUP001,TEC-PH-10004188,13,25.43,2014-03-26,2014-03-27,Late,330.59
PUR000414,2014-03-20,ST319,SUP009,FUR-CH-10004997,7,147.54,2014-03-23,2014-03-27,Late,1032.78
PUR000415,2014-03-20,ST225,SUP004,OFF-PA-10003893,11,2.29,2014-03-24,2014-03-26,Late,25.19
PUR000416,2014-03-20,ST383,SUP010,OFF-BI-10004600,6,200.57,2014-03-26,2014-03-30,Late,1203.42
PUR000417,2014-03-20,ST551,SUP013,OFF-PA-10002377,19,12.27,2014-03-24,2014-03-29,Late,233.13
PUR000418,2014-03-20,ST084,SUP010,OFF-PA-10001560,9,3.32,2014-03-27,2014-03-29,Late,29.88
PUR000419,2014-03-20,ST578,SUP002,OFF-PA-10000380,18,4.34,2014-03-23,2014-03-22,Early,78.12
PUR000420,2014-03-20,ST587,SUP004,FUR-TA-10004534,19,184.67,2014-03-27,2014-03-27,On Time,3508.7299999999996
PUR000421,2014-03-20,ST453,SUP009,FUR-BO-10003894,7,47.98,2014-03-23,2014-03-27,Late,335.85999999999996
PUR000422,2014-03-20,ST094,SUP008,OFF-EN-10001335,8,5.71,2014-03-27,2014-03-29,Late,45.68
PUR000423,2014-03-20,ST426,SUP009,OFF-AR-10003504,3,3.01,2014-03-26,2014-03-29,Late,9.03
PUR000424,2014-03-20,ST316,SUP011,OFF-PA-10003883,3,3.58,2014-03-23,2014-03-25,Late,10.74
PUR000425,2014-03-20,ST224,SUP012,OFF-BI-10000546,10,1.56,2014-03-27,2014-03-26,Early,15.600000000000001
PUR000426,2014-03-20,ST066,SUP012,FUR-FU-10001487,3,4.88,2014-03-27,2014-03-26,Early,14.64
PUR000427,2014-03-20,ST033,SUP008,FUR-TA-10002607,4,65.34,2014-03-25,2014-03-27,Late,261.36
PUR000428,2014-03-20,ST431,SUP013,FUR-CH-10002647,7,56.1,2014-03-25,2014-03-27,Late,392.7
PUR000429,2014-03-20,ST387,SUP015,OFF-AP-10000938,16,78.08,2014-03-26,2014-03-25,Early,1249.28
PUR000430,2014-03-20,ST357,SUP014,OFF-AP-10002578,19,33.54,2014-03-23,2014-03-23,On Time,637.26
PUR000431,2014-03-20,ST229,SUP003,OFF-PA-10003177,19,3.3,2014-03-23,2014-03-28,Late,62.699999999999996
PUR000432,2014-03-20,ST558,SUP008,OFF-BI-10001670,2,20.65,2014-03-26,2014-03-29,Late,41.3
PUR000433,2014-03-20,ST472,SUP004,OFF-LA-10004689,14,1.63,2014-03-25,2014-03-25,On Time,22.82
PUR000434,2014-03-20,ST116,SUP015,TEC-AC-10004864,10,19.51,2014-03-23,2014-03-28,Late,195.10000000000002
PUR000435,2014-03-20,ST017,SUP015,FUR-FU-10000965,15,31.35,2014-03-24,2014-03-24,On Time,470.25
PUR000436,2014-03-20,ST458,SUP001,OFF-FA-10004854,4,5.6,2014-03-27,2014-03-31,Late,22.4
PUR000437,2014-03-20,ST412,SUP001,OFF-PA-10004041,3,3.86,2014-03-26,2014-03-26,On Time,11.58
PUR000438,2014-03-20,ST058,SUP014,OFF-BI-10001132,19,2.59,2014-03-24,2014-03-27,Late,49.209999999999994
PUR000439,2014-03-20,ST590,SUP015,FUR-FU-10000794,11,5.71,2014-03-25,2014-03-28,Late,62.81
PUR000440,2014-03-20,ST147,SUP015,OFF-FA-10000735,12,1.52,2014-03-27,2014-03-27,On Time,18.240000000000002
PUR000441,2014-03-20,ST571,SUP001,OFF-SU-10000646,15,223.86,2014-03-27,2014-03-31,Late,3357.9
PUR000442,2014-03-20,ST570,SUP007,FUR-BO-10001972,7,102.94,2014-03-26,2014-03-25,Early,720.5799999999999
PUR000443,2014-03-20,ST391,SUP011,FUR-CH-10002880,13,119.13,2014-03-27,2014-03-28,Late,1548.69
PUR000444,2014-03-20,ST386,SUP005,TEC-AC-10002305,15,14.49,2014-03-24,2014-03-29,Late,217.35
PUR000445,2014-03-20,ST231,SUP014,FUR-CH-10003817,19,45.31,2014-03-25,2014-03-30,Late,860.8900000000001
PUR000446,2014-03-20,ST060,SUP015,OFF-AP-10002457,6,81.07,2014-03-27,2014-03-29,Late,486.41999999999996
PUR000447,2014-03-20,ST398,SUP003,FUR-FU-10000758,15,17.14,2014-03-24,2014-03-25,Late,257.1
PUR000448,2014-03-20,ST461,SUP002,TEC-PH-10004614,8,49.99,2014-03-25,2014-03-24,Early,399.92
PUR000449,2014-03-20,ST053,SUP004,OFF-FA-10004968,19,3.83,2014-03-25,2014-03-27,Late,72.77
PUR000450,2014-03-20,ST602,SUP004,OFF-BI-10002103,3,5.04,2014-03-27,2014-03-27,On Time,15.120000000000001
PUR000451,2014-03-20,ST341,SUP015,FUR-TA-10001866,17,131.7,2014-03-25,2014-03-24,Early,2238.8999999999996
PUR000452,2014-03-20,ST121,SUP012,FUR-BO-10004834,8,737.66,2014-03-26,2014-03-26,On Time,5901.28
PUR000453,2014-03-20,ST566,SUP004,OFF-PA-10000659,8,7.02,2014-03-25,2014-03-30,Late,56.16
PUR000454,2014-03-20,ST368,SUP009,FUR-TA-10000577,11,261.72,2014-03-25,2014-03-26,Late,2878.92
PUR000455,2014-03-20,ST478,SUP008,OFF-PA-10000806,13,28.62,2014-03-23,2014-03-28,Late,372.06
PUR000456,2014-03-20,ST209,SUP006,TEC-AC-10004518,17,12.84,2014-03-25,2014-03-26,Late,218.28
PUR000457,2014-03-20,ST227,SUP014,OFF-BI-10003364,15,13.79,2014-03-24,2014-03-23,Early,206.85
PUR000458,2014-03-20,ST594,SUP010,FUR-TA-10002356,10,201.33,2014-03-26,2014-03-27,Late,2013.3000000000002
PUR000459,2014-03-20,ST389,SUP004,FUR-TA-10002958,6,203.45,2014-03-27,2014-04-01,Late,1220.6999999999998
PUR000460,2014-03-20,ST346,SUP011,OFF-BI-10000977,9,16.41,2014-03-25,2014-03-30,Late,147.69
PUR000461,2014-03-20,ST503,SUP011,FUR-CH-10004698,17,63.75,2014-03-26,2014-03-26,On Time,1083.75
PUR000462,2014-03-20,ST560,SUP012,OFF-FA-10000621,13,1.71,2014-03-26,2014-03-26,On Time,22.23
PUR000463,2014-03-20,ST537,SUP001,FUR-TA-10004086,19,73.64,2014-03-23,2014-03-28,Late,1399.16
PUR000464,2014-03-20,ST050,SUP011,FUR-FU-10001095,4,17.88,2014-03-23,2014-03-25,Late,71.52
PUR000465,2014-03-20,ST070,SUP004,OFF-BI-10000014,6,6.18,2014-03-24,2014-03-23,Early,37.08
PUR000466,2014-03-20,ST062,SUP006,TEC-PH-10002922,8,118.43,2014-03-27,2014-03-31,Late,947.44
PUR000467,2014-03-20,ST007,SUP001,OFF-AP-10000326,17,28.92,2014-03-27,2014-03-30,Late,491.64000000000004
PUR000468,2014-03-20,ST282,SUP009,FUR-FU-10003347,15,7.82,2014-03-27,2014-03-28,Late,117.30000000000001
PUR000469,2014-03-20,ST441,SUP012,OFF-BI-10001636,2,4.55,2014-03-24,2014-03-23,Early,9.1
PUR000470,2014-03-20,ST197,SUP004,TEC-PH-10000376,5,7.43,2014-03-27,2014-03-30,Late,37.15
PUR000471,2014-03-20,ST407,SUP005,OFF-BI-10000545,10,404.48,2014-03-23,2014-03-24,Late,4044.8
PUR000472,2014-03-20,ST232,SUP004,OFF-PA-10000474,14,18.63,2014-03-25,2014-03-29,Late,260.82
PUR000473,2014-03-20,ST033,SUP014,OFF-PA-10003349,4,3.41,2014-03-23,2014-03-25,Late,13.64
PUR000474,2014-03-20,ST058,SUP008,FUR-CH-10002304,14,19.01,2014-03-23,2014-03-27,Late,266.14000000000004
PUR000475,2014-03-20,ST445,SUP014,OFF-EN-10002230,7,40.77,2014-03-25,2014-03-28,Late,285.39000000000004
PUR000476,2014-03-20,ST044,SUP015,OFF-BI-10003982,5,11.88,2014-03-24,2014-03-24,On Time,59.400000000000006
PUR000477,2014-03-20,ST077,SUP001,FUR-FU-10003773,20,70.43,2014-03-25,2014-03-28,Late,1408.6000000000001
PUR000478,2014-03-20,ST323,SUP003,TEC-PH-10000215,20,26.32,2014-03-23,2014-03-23,On Time,526.4
PUR000479,2014-03-20,ST408,SUP014,OFF-LA-10001771,20,2.5,2014-03-23,2014-03-24,Late,50.0
PUR000480,2014-03-20,ST399,SUP010,FUR-FU-10004973,7,11.07,2014-03-27,2014-03-28,Late,77.49000000000001
PUR000481,2014-04-05,ST081,SUP003,FUR-BO-10002213,14,322.89,2014-04-12,2014-04-16,Late,4520.46
PUR000482,2014-04-05,ST238,SUP007,OFF-ST-10002289,13,27.5,2014-04-08,2014-04-09,Late,357.5
PUR000483,2014-04-05,ST031,SUP006,TEC-PH-10004833,14,13.07,2014-04-10,2014-04-15,Late,182.98000000000002
PUR000484,2014-04-05,ST567,SUP006,OFF-AP-10004859,16,10.61,2014-04-11,2014-04-13,Late,169.76
PUR000485,2014-04-05,ST390,SUP011,OFF-FA-10002975,7,2.11,2014-04-08,2014-04-13,Late,14.77
PUR000486,2014-04-05,ST076,SUP012,FUR-CH-10004860,11,100.58,2014-04-08,2014-04-09,Late,1106.3799999999999
PUR000487,2014-04-05,ST158,SUP013,OFF-BI-10000756,6,2.07,2014-04-11,2014-04-12,Late,12.419999999999998
PUR000488,2014-04-05,ST316,SUP001,OFF-BI-10004330,13,18.74,2014-04-11,2014-04-12,Late,243.61999999999998
PUR000489,2014-04-05,ST192,SUP002,OFF-ST-10001228,10,9.52,2014-04-11,2014-04-13,Late,95.19999999999999
PUR000490,2014-04-05,ST106,SUP007,TEC-PH-10004922,19,50.79,2014-04-08,2014-04-07,Early,965.01
PUR000491,2014-04-05,ST613,SUP010,TEC-AC-10001013,13,19.84,2014-04-10,2014-04-15,Late,257.92
PUR000492,2014-04-05,ST398,SUP007,FUR-BO-10004467,14,73.09,2014-04-08,2014-04-12,Late,1023.26
PUR000493,2014-04-05,ST586,SUP004,FUR-CH-10004875,19,56.17,2014-04-12,2014-04-12,On Time,1067.23
PUR000494,2014-04-05,ST309,SUP005,FUR-FU-10002918,14,75.62,2014-04-10,2014-04-12,Late,1058.68
PUR000495,2014-04-05,ST283,SUP007,OFF-PA-10003797,6,3.08,2014-04-11,2014-04-12,Late,18.48
PUR000496,2014-04-05,ST258,SUP006,OFF-PA-10004353,17,10.98,2014-04-09,2014-04-13,Late,186.66
PUR000497,2014-04-05,ST469,SUP004,FUR-TA-10001932,17,254.79,2014-04-08,2014-04-08,On Time,4331.43
PUR000498,2014-04-05,ST341,SUP007,OFF-PA-10002741,11,2.12,2014-04-12,2014-04-14,Late,23.32
PUR000499,2014-04-05,ST609,SUP007,OFF-BI-10004826,12,8.48,2014-04-09,2014-04-10,Late,101.76
PUR000500,2014-04-05,ST206,SUP012,FUR-FU-10004090,12,15.2,2014-04-11,2014-04-12,Late,182.39999999999998
PUR000501,2014-04-05,ST299,SUP006,TEC-AC-10002473,7,18.3,2014-04-11,2014-04-14,Late,128.1
PUR000502,2014-04-05,ST403,SUP005,TEC-CO-10004202,9,188.2,2014-04-10,2014-04-09,Early,1693.8
PUR000503,2014-04-05,ST185,SUP009,OFF-LA-10004545,20,6.24,2014-04-12,2014-04-11,Early,124.80000000000001
PUR000504,2014-04-05,ST449,SUP004,OFF-LA-10000081,16,2.12,2014-04-10,2014-04-15,Late,33.92
PUR000505,2014-04-05,ST419,SUP013,TEC-PH-10003535,4,77.65,2014-04-11,2014-04-11,On Time,310.6
PUR000506,2014-04-05,ST158,SUP011,TEC-PH-10000895,11,126.32,2014-04-11,2014-04-16,Late,1389.52
PUR000507,2014-04-05,ST491,SUP010,OFF-BI-10004099,14,3.51,2014-04-12,2014-04-14,Late,49.14
PUR000508,2014-04-05,ST429,SUP015,OFF-BI-10000042,19,2.89,2014-04-12,2014-04-11,Early,54.910000000000004
PUR000509,2014-04-05,ST550,SUP013,TEC-PH-10003885,13,48.74,2014-04-12,2014-04-16,Late,633.62
PUR000510,2014-04-05,ST364,SUP004,OFF-BI-10001718,4,31.26,2014-04-09,2014-04-13,Late,125.04
PUR000511,2014-04-05,ST410,SUP011,OFF-PA-10002986,3,3.52,2014-04-10,2014-04-15,Late,10.56
PUR000512,2014-04-05,ST265,SUP002,OFF-PA-10004285,15,3.2,2014-04-09,2014-04-12,Late,48.0
PUR000513,2014-04-05,ST590,SUP012,OFF-ST-10004186,18,110.02,2014-04-09,2014-04-11,Late,1980.36
PUR000514,2014-04-05,ST603,SUP013,OFF-PA-10003543,13,3.3,2014-04-12,2014-04-12,On Time,42.9
PUR000515,2014-04-05,ST108,SUP008,OFF-AR-10003478,13,5.37,2014-04-10,2014-04-12,Late,69.81
PUR000516,2014-04-05,ST146,SUP012,OFF-ST-10001809,4,81.27,2014-04-10,2014-04-11,Late,325.08
PUR000517,2014-04-05,ST534,SUP004,TEC-AC-10004469,12,22.17,2014-04-11,2014-04-12,Late,266.04
PUR000518,2014-04-05,ST464,SUP012,FUR-FU-10001424,17,5.3,2014-04-10,2014-04-09,Early,90.1
PUR000519,2014-04-05,ST118,SUP012,TEC-PH-10000149,11,13.42,2014-04-08,2014-04-13,Late,147.62
PUR000520,2014-04-05,ST169,SUP011,OFF-AR-10001725,12,18.02,2014-04-09,2014-04-12,Late,216.24
PUR000521,2014-04-05,ST574,SUP006,OFF-BI-10001120,7,973.9,2014-04-11,2014-04-13,Late,6817.3
PUR000522,2014-04-05,ST189,SUP011,FUR-TA-10003469,9,123.49,2014-04-09,2014-04-13,Late,1111.4099999999999
PUR000523,2014-04-05,ST629,SUP012,OFF-BI-10000138,15,2.38,2014-04-09,2014-04-11,Late,35.699999999999996
PUR000524,2014-04-05,ST220,SUP001,OFF-ST-10001496,20,131.46,2014-04-09,2014-04-10,Late,2629.2000000000003
PUR000525,2014-04-05,ST550,SUP013,OFF-PA-10000474,4,19.07,2014-04-09,2014-04-10,Late,76.28
PUR000526,2014-04-05,ST269,SUP002,OFF-BI-10000977,12,15.42,2014-04-11,2014-04-14,Late,185.04
PUR000527,2014-04-05,ST402,SUP010,OFF-PA-10001970,12,16.91,2014-04-12,2014-04-11,Early,202.92000000000002
PUR000528,2014-04-05,ST177,SUP008,OFF-BI-10002799,13,2.71,2014-04-10,2014-04-13,Late,35.23
PUR000529,2014-04-05,ST321,SUP003,FUR-FU-10000320,20,1.72,2014-04-08,2014-04-08,On Time,34.4
PUR000530,2014-04-05,ST145,SUP006,OFF-AP-10000275,11,218.16,2014-04-12,2014-04-14,Late,2399.7599999999998
PUR000531,2014-04-05,ST393,SUP010,OFF-PA-10003591,15,5.85,2014-04-11,2014-04-11,On Time,87.75
PUR000532,2014-04-05,ST178,SUP012,OFF-AP-10002287,17,3.32,2014-04-12,2014-04-12,On Time,56.44
PUR000533,2014-04-05,ST323,SUP003,OFF-AR-10003056,17,2.91,2014-04-11,2014-04-14,Late,49.47
PUR000534,2014-04-05,ST497,SUP001,OFF-PA-10004243,3,10.59,2014-04-09,2014-04-09,On Time,31.77
PUR000535,2014-04-05,ST507,SUP009,OFF-BI-10000632,14,25.62,2014-04-11,2014-04-15,Late,358.68
PUR000536,2014-04-05,ST455,SUP014,TEC-PH-10002844,17,25.46,2014-04-11,2014-04-11,On Time,432.82
PUR000537,2014-04-05,ST226,SUP013,OFF-AP-10000026,4,43.85,2014-04-10,2014-04-09,Early,175.4
PUR000538,2014-04-05,ST173,SUP005,OFF-AR-10003560,10,3.79,2014-04-11,2014-04-14,Late,37.9
PUR000539,2014-04-05,ST587,SUP002,FUR-CH-10003833,17,52.35,2014-04-08,2014-04-09,Late,889.95
PUR000540,2014-04-05,ST556,SUP006,OFF-ST-10000046,19,139.32,2014-04-08,2014-04-13,Late,2647.08
PUR000541,2014-04-05,ST105,SUP007,FUR-FU-10001706,16,1.62,2014-04-09,2014-04-10,Late,25.92
PUR000542,2014-04-05,ST090,SUP006,TEC-PH-10001459,3,307.67,2014-04-11,2014-04-16,Late,923.01
PUR000543,2014-04-05,ST215,SUP004,OFF-BI-10002026,5,28.34,2014-04-12,2014-04-16,Late,141.7
PUR000544,2014-04-05,ST439,SUP010,TEC-AC-10003499,13,7.57,2014-04-09,2014-04-12,Late,98.41
PUR000545,2014-04-05,ST212,SUP014,TEC-AC-10003174,6,68.36,2014-04-08,2014-04-11,Late,410.15999999999997
PUR000546,2014-04-05,ST552,SUP010,OFF-AP-10002765,13,19.2,2014-04-09,2014-04-10,Late,249.6
PUR000547,2014-04-05,ST527,SUP005,FUR-CH-10004886,11,66.17,2014-04-08,2014-04-08,On Time,727.87
PUR000548,2014-04-05,ST130,SUP005,TEC-PH-10004774,15,13.66,2014-04-09,2014-04-09,On Time,204.9
PUR000549,2014-04-05,ST254,SUP014,OFF-AR-10004757,6,2.29,2014-04-11,2014-04-13,Late,13.74
PUR000550,2014-04-05,ST425,SUP005,FUR-FU-10000193,6,30.34,2014-04-11,2014-04-13,Late,182.04
PUR000551,2014-04-05,ST096,SUP015,TEC-PH-10002549,4,171.6,2014-04-11,2014-04-14,Late,686.4
PUR000552,2014-04-05,ST378,SUP015,TEC-AC-10001908,10,67.52,2014-04-11,2014-04-13,Late,675.1999999999999
PUR000553,2014-04-05,ST096,SUP014,OFF-PA-10000029,12,3.42,2014-04-11,2014-04-15,Late,41.04
PUR000554,2014-04-05,ST548,SUP013,OFF-ST-10000344,13,10.63,2014-04-11,2014-04-11,On Time,138.19
PUR000555,2014-04-05,ST275,SUP008,OFF-BI-10004728,15,2.77,2014-04-10,2014-04-15,Late,41.55
PUR000556,2014-04-05,ST134,SUP010,OFF-BI-10001524,11,10.56,2014-04-12,2014-04-17,Late,116.16000000000001
PUR000557,2014-04-05,ST050,SUP015,FUR-FU-10002045,17,13.17,2014-04-08,2014-04-07,Early,223.89
PUR000558,2014-04-05,ST162,SUP015,OFF-ST-10003572,16,11.83,2014-04-11,2014-04-13,Late,189.28
PUR000559,2014-04-05,ST208,SUP007,OFF-FA-10003495,2,3.34,2014-04-09,2014-04-13,Late,6.68
PUR000560,2014-04-05,ST281,SUP015,FUR-FU-10004006,11,32.99,2014-04-08,2014-04-12,Late,362.89000000000004
PUR000561,2014-04-20,ST170,SUP006,TEC-PH-10002398,13,74.15,2014-04-23,2014-04-25,Late,963.95
PUR000562,2014-04-20,ST240,SUP013,TEC-PH-10001425,11,60.2,2014-04-26,2014-04-30,Late,662.2
PUR000563,2014-04-20,ST219,SUP001,FUR-FU-10000308,4,50.48,2014-04-26,2014-04-25,Early,201.92
PUR000564,2014-04-20,ST456,SUP009,OFF-AR-10004441,6,2.45,2014-04-23,2014-04-22,Early,14.700000000000001
PUR000565,2014-04-20,ST433,SUP014,OFF-BI-10003727,12,2.31,2014-04-24,2014-04-26,Late,27.72
PUR000566,2014-04-20,ST105,SUP002,FUR-CH-10003061,4,68.94,2014-04-23,2014-04-24,Late,275.76
PUR000567,2014-04-20,ST392,SUP003,TEC-AC-10003038,13,7.8,2014-04-24,2014-04-28,Late,101.39999999999999
PUR000568,2014-04-20,ST009,SUP010,OFF-PA-10003729,6,3.08,2014-04-27,2014-05-01,Late,18.48
PUR000569,2014-04-20,ST219,SUP012,OFF-EN-10001415,7,2.76,2014-04-24,2014-04-26,Late,19.32
PUR000570,2014-04-20,ST103,SUP002,OFF-BI-10003876,16,22.94,2014-04-24,2014-04-29,Late,367.04
PUR000571,2014-04-20,ST360,SUP007,OFF-PA-10003797,5,3.43,2014-04-26,2014-04-27,Late,17.150000000000002
PUR000572,2014-04-20,ST087,SUP011,OFF-ST-10003805,6,149.95,2014-04-24,2014-04-27,Late,899.6999999999999
PUR000573,2014-04-20,ST028,SUP012,OFF-ST-10002583,11,32.92,2014-04-25,2014-04-25,On Time,362.12
PUR000574,2014-04-20,ST402,SUP004,TEC-PH-10003356,18,5.14,2014-04-25,2014-04-29,Late,92.52
PUR000575,2014-04-20,ST246,SUP013,OFF-PA-10001289,3,20.89,2014-04-26,2014-04-28,Late,62.67
PUR000576,2014-04-20,ST609,SUP011,TEC-AC-10004859,5,9.94,2014-04-23,2014-04-26,Late,49.699999999999996
PUR000577,2014-04-20,ST325,SUP015,TEC-AC-10000710,2,10.31,2014-04-24,2014-04-26,Late,20.62
PUR000578,2014-04-20,ST177,SUP009,OFF-BI-10001191,20,12.78,2014-04-26,2014-05-01,Late,255.6
PUR000579,2014-04-20,ST015,SUP002,OFF-BI-10003529,4,1.31,2014-04-25,2014-04-25,On Time,5.24
PUR000580,2014-04-20,ST408,SUP013,OFF-SU-10000432,3,3.58,2014-04-27,2014-04-28,Late,10.74
PUR000581,2014-04-20,ST412,SUP007,OFF-BI-10003291,18,4.87,2014-04-23,2014-04-27,Late,87.66
PUR000582,2014-04-20,ST285,SUP003,OFF-PA-10001950,19,4.62,2014-04-23,2014-04-24,Late,87.78
PUR000583,2014-04-20,ST160,SUP004,TEC-AC-10001908,4,65.14,2014-04-27,2014-04-28,Late,260.56
PUR000584,2014-04-20,ST068,SUP013,OFF-LA-10000634,14,1.43,2014-04-25,2014-04-29,Late,20.02
PUR000585,2014-04-20,ST245,SUP014,OFF-BI-10000666,15,15.98,2014-04-23,2014-04-23,On Time,239.70000000000002
PUR000586,2014-04-20,ST465,SUP002,OFF-PA-10001125,4,18.49,2014-04-27,2014-04-30,Late,73.96
PUR000587,2014-04-20,ST180,SUP012,OFF-AR-10000422,3,1.54,2014-04-23,2014-04-22,Early,4.62
PUR000588,2014-04-20,ST509,SUP003,TEC-AC-10003628,6,17.47,2014-04-25,2014-04-28,Late,104.82
PUR000589,2014-04-20,ST266,SUP012,TEC-PH-10004830,18,47.25,2014-04-24,2014-04-25,Late,850.5
PUR000590,2014-04-20,ST276,SUP014,OFF-AR-10003770,6,2.15,2014-04-23,2014-04-28,Late,12.899999999999999
PUR000591,2014-04-20,ST279,SUP007,OFF-PA-10002615,2,2.3,2014-04-27,2014-04-26,Early,4.6
PUR000592,2014-04-20,ST079,SUP010,OFF-PA-10001307,10,2.23,2014-04-26,2014-04-28,Late,22.3
PUR000593,2014-04-20,ST581,SUP008,OFF-BI-10001036,18,4.44,2014-04-24,2014-04-25,Late,79.92
PUR000594,2014-04-20,ST588,SUP002,OFF-ST-10003479,7,35.18,2014-04-23,2014-04-23,On Time,246.26
PUR000595,2014-04-20,ST013,SUP014,OFF-BI-10001636,18,4.1,2014-04-24,2014-04-23,Early,73.8
PUR000596,2014-04-20,ST154,SUP015,OFF-EN-10002500,17,6.84,2014-04-24,2014-04-29,Late,116.28
PUR000597,2014-04-20,ST430,SUP015,FUR-FU-10004090,3,15.05,2014-04-24,2014-04-25,Late,45.150000000000006
PUR000598,2014-04-20,ST328,SUP012,OFF-FA-10002701,9,1.59,2014-04-25,2014-04-30,Late,14.31
PUR000599,2014-04-20,ST515,SUP002,TEC-PH-10002890,4,33.96,2014-04-23,2014-04-23,On Time,135.84
PUR000600,2014-04-20,ST411,SUP001,OFF-SU-10002537,9,8.03,2014-04-23,2014-04-25,Late,72.27
PUR000601,2014-04-20,ST336,SUP005,TEC-MA-10002930,11,32.3,2014-04-23,2014-04-26,Late,355.29999999999995
PUR000602,2014-04-20,ST299,SUP004,TEC-PH-10003811,16,77.89,2014-04-27,2014-05-02,Late,1246.24
PUR000603,2014-04-20,ST476,SUP004,FUR-FU-10002505,11,2.4,2014-04-25,2014-04-28,Late,26.4
PUR000604,2014-04-20,ST201,SUP013,OFF-PA-10000994,17,59.95,2014-04-27,2014-05-02,Late,1019.1500000000001
PUR000605,2014-04-20,ST420,SUP015,OFF-ST-10002352,9,5.49,2014-04-23,2014-04-23,On Time,49.410000000000004
PUR000606,2014-04-20,ST010,SUP014,OFF-PA-10001970,19,16.08,2014-04-25,2014-04-24,Early,305.52
PUR000607,2014-04-20,ST315,SUP012,OFF-AR-10001547,14,1.73,2014-04-23,2014-04-23,On Time,24.22
PUR000608,2014-04-20,ST504,SUP007,FUR-CH-10004063,18,222.66,2014-04-23,2014-04-23,On Time,4007.88
PUR000609,2014-04-20,ST238,SUP015,OFF-LA-10003930,10,46.06,2014-04-27,2014-04-29,Late,460.6
PUR000610,2014-04-20,ST087,SUP012,OFF-PA-10000019,13,3.34,2014-04-27,2014-04-26,Early,43.42
PUR000611,2014-04-20,ST404,SUP014,OFF-PA-10001934,18,3.06,2014-04-23,2014-04-26,Late,55.08
PUR000612,2014-04-20,ST134,SUP011,TEC-AC-10003033,20,201.71,2014-04-24,2014-04-25,Late,4034.2000000000003
PUR000613,2014-04-20,ST403,SUP015,OFF-LA-10002762,10,7.11,2014-04-25,2014-04-26,Late,71.10000000000001
PUR000614,2014-04-20,ST208,SUP002,OFF-BI-10003007,16,19.99,2014-04-24,2014-04-29,Late,319.84
PUR000615,2014-04-20,ST169,SUP002,OFF-FA-10001843,20,1.21,2014-04-26,2014-04-28,Late,24.2
PUR000616,2014-04-20,ST367,SUP009,OFF-LA-10001613,12,1.44,2014-04-24,2014-04-26,Late,17.28
PUR000617,2014-04-20,ST123,SUP014,OFF-BI-10001525,11,2.08,2014-04-23,2014-04-23,On Time,22.880000000000003
PUR000618,2014-04-20,ST618,SUP012,OFF-BI-10004965,11,6.74,2014-04-23,2014-04-23,On Time,74.14
PUR000619,2014-04-20,ST255,SUP012,FUR-BO-10003546,12,70.41,2014-04-25,2014-04-27,Late,844.92
PUR000620,2014-04-20,ST267,SUP005,OFF-ST-10001476,18,23.58,2014-04-24,2014-04-23,Early,424.43999999999994
PUR000621,2014-04-20,ST564,SUP009,OFF-BI-10002003,14,2.26,2014-04-24,2014-04-23,Early,31.639999999999997
PUR000622,2014-04-20,ST144,SUP013,OFF-AR-10003582,16,18.65,2014-04-23,2014-04-22,Early,298.4
PUR000623,2014-04-20,ST134,SUP004,OFF-ST-10000046,3,139.5,2014-04-24,2014-04-29,Late,418.5
PUR000624,2014-04-20,ST087,SUP011,TEC-AC-10002842,14,97.41,2014-04-27,2014-04-30,Late,1363.74
PUR000625,2014-04-20,ST023,SUP002,TEC-AC-10001539,10,55.47,2014-04-23,2014-04-23,On Time,554.7
PUR000626,2014-04-20,ST340,SUP002,OFF-AR-10003190,16,2.2,2014-04-23,2014-04-22,Early,35.2
PUR000627,2014-04-20,ST588,SUP015,OFF-PA-10001878,16,23.59,2014-04-26,2014-05-01,Late,377.44
PUR000628,2014-04-20,ST437,SUP007,OFF-ST-10002485,14,21.74,2014-04-24,2014-04-25,Late,304.35999999999996
PUR000629,2014-04-20,ST287,SUP005,FUR-CH-10003535,8,54.75,2014-04-26,2014-04-26,On Time,438.0
PUR000630,2014-04-20,ST252,SUP010,FUR-TA-10003715,3,201.3,2014-04-25,2014-04-27,Late,603.9000000000001
PUR000631,2014-04-20,ST063,SUP008,FUR-FU-10004973,15,11.76,2014-04-23,2014-04-24,Late,176.4
PUR000632,2014-04-20,ST539,SUP004,OFF-PA-10001826,14,3.13,2014-04-24,2014-04-28,Late,43.82
PUR000633,2014-04-20,ST368,SUP007,OFF-PA-10004610,19,2.49,2014-04-26,2014-04-29,Late,47.31
PUR000634,2014-04-20,ST515,SUP010,OFF-ST-10000532,17,27.59,2014-04-25,2014-04-27,Late,469.03
PUR000635,2014-04-20,ST612,SUP006,OFF-AR-10002399,10,2.35,2014-04-24,2014-04-23,Early,23.5
PUR000636,2014-04-20,ST543,SUP008,FUR-FU-10000277,10,72.99,2014-04-25,2014-04-30,Late,729.9
PUR000637,2014-04-20,ST103,SUP003,OFF-EN-10004030,20,2.11,2014-04-24,2014-04-28,Late,42.199999999999996
PUR000638,2014-04-20,ST058,SUP014,FUR-TA-10002958,9,206.5,2014-04-24,2014-04-27,Late,1858.5
PUR000639,2014-04-20,ST178,SUP014,OFF-LA-10001045,14,1.37,2014-04-24,2014-04-24,On Time,19.18
PUR000640,2014-04-20,ST368,SUP012,FUR-BO-10001519,20,42.58,2014-04-27,2014-04-26,Early,851.5999999999999
PUR000641,2014-05-05,ST146,SUP010,FUR-FU-10004848,13,29.79,2014-05-12,2014-05-12,On Time,387.27
PUR000642,2014-05-05,ST503,SUP003,OFF-LA-10001613,17,1.48,2014-05-08,2014-05-07,Early,25.16
PUR000643,2014-05-05,ST021,SUP004,TEC-MA-10001148,3,261.86,2014-05-12,2014-05-14,Late,785.58
PUR000644,2014-05-05,ST207,SUP010,OFF-ST-10002205,2,15.7,2014-05-09,2014-05-10,Late,31.4
PUR000645,2014-05-05,ST332,SUP014,OFF-PA-10003022,7,7.35,2014-05-08,2014-05-07,Early,51.449999999999996
PUR000646,2014-05-05,ST146,SUP015,OFF-AP-10000692,6,14.85,2014-05-08,2014-05-13,Late,89.1
PUR000647,2014-05-05,ST383,SUP002,FUR-FU-10003975,18,41.79,2014-05-11,2014-05-14,Late,752.22
PUR000648,2014-05-05,ST140,SUP006,OFF-ST-10001172,5,15.42,2014-05-09,2014-05-13,Late,77.1
PUR000649,2014-05-05,ST325,SUP008,FUR-BO-10003441,15,82.29,2014-05-09,2014-05-13,Late,1234.3500000000001
PUR000650,2014-05-05,ST629,SUP015,FUR-FU-10002759,19,13.28,2014-05-10,2014-05-10,On Time,252.32
PUR000651,2014-05-05,ST315,SUP007,OFF-BI-10003982,20,11.7,2014-05-10,2014-05-10,On Time,234.0
PUR000652,2014-05-05,ST587,SUP012,TEC-PH-10002549,7,174.79,2014-05-11,2014-05-16,Late,1223.53
PUR000653,2014-05-05,ST326,SUP010,OFF-SU-10000898,20,8.95,2014-05-12,2014-05-12,On Time,179.0
PUR000654,2014-05-05,ST145,SUP008,TEC-PH-10000673,20,31.12,2014-05-10,2014-05-14,Late,622.4
PUR000655,2014-05-05,ST172,SUP006,FUR-TA-10001889,4,329.62,2014-05-08,2014-05-13,Late,1318.48
PUR000656,2014-05-05,ST215,SUP005,FUR-TA-10003238,12,441.53,2014-05-09,2014-05-13,Late,5298.36
PUR000657,2014-05-05,ST111,SUP013,OFF-ST-10000025,4,87.02,2014-05-08,2014-05-07,Early,348.08
PUR000658,2014-05-05,ST171,SUP007,OFF-BI-10004236,14,7.83,2014-05-11,2014-05-13,Late,109.62
PUR000659,2014-05-05,ST104,SUP007,TEC-AC-10003280,14,22.99,2014-05-11,2014-05-16,Late,321.85999999999996
PUR000660,2014-05-05,ST231,SUP011,OFF-PA-10004000,20,2.49,2014-05-09,2014-05-11,Late,49.800000000000004
PUR000661,2014-05-05,ST302,SUP001,OFF-AP-10001947,4,13.79,2014-05-08,2014-05-09,Late,55.16
PUR000662,2014-05-05,ST351,SUP002,FUR-CH-10002602,10,121.82,2014-05-09,2014-05-11,Late,1218.1999999999998
PUR000663,2014-05-05,ST096,SUP009,OFF-BI-10000320,7,3.94,2014-05-10,2014-05-13,Late,27.58
PUR000664,2014-05-05,ST169,SUP007,OFF-SU-10000157,17,121.71,2014-05-12,2014-05-14,Late,2069.0699999999997
PUR000665,2014-05-05,ST211,SUP006,OFF-AR-10001246,7,1.9,2014-05-09,2014-05-11,Late,13.299999999999999
PUR000666,2014-05-05,ST554,SUP012,OFF-PA-10003302,19,19.62,2014-05-10,2014-05-14,Late,372.78000000000003
PUR000667,2014-05-05,ST051,SUP002,OFF-FA-10003495,11,2.92,2014-05-11,2014-05-14,Late,32.12
PUR000668,2014-05-05,ST056,SUP003,FUR-FU-10000732,19,4.56,2014-05-10,2014-05-09,Early,86.63999999999999
PUR000669,2014-05-05,ST615,SUP014,OFF-BI-10004656,15,1.03,2014-05-11,2014-05-11,On Time,15.450000000000001
PUR000670,2014-05-05,ST299,SUP003,TEC-MA-10004002,5,341.22,2014-05-08,2014-05-10,Late,1706.1000000000001
PUR000671,2014-05-05,ST483,SUP007,OFF-AP-10000576,5,54.2,2014-05-11,2014-05-15,Late,271.0
PUR000672,2014-05-05,ST397,SUP009,FUR-FU-10001889,10,6.47,2014-05-09,2014-05-10,Late,64.7
PUR000673,2014-05-05,ST046,SUP008,OFF-EN-10001509,14,1.05,2014-05-10,2014-05-12,Late,14.700000000000001
PUR000674,2014-05-05,ST276,SUP014,TEC-AC-10002567,16,48.77,2014-05-12,2014-05-11,Early,780.32
PUR000675,2014-05-05,ST100,SUP011,FUR-CH-10001146,6,47.88,2014-05-08,2014-05-12,Late,287.28000000000003
PUR000676,2014-05-05,ST604,SUP007,TEC-CO-10004115,13,270.71,2014-05-09,2014-05-12,Late,3519.2299999999996
PUR000677,2014-05-05,ST536,SUP014,FUR-FU-10001196,3,4.31,2014-05-11,2014-05-14,Late,12.93
PUR000678,2014-05-05,ST488,SUP004,OFF-ST-10000934,17,41.58,2014-05-10,2014-05-09,Early,706.86
PUR000679,2014-05-05,ST036,SUP012,OFF-AP-10003971,14,8.71,2014-05-12,2014-05-15,Late,121.94000000000001
PUR000680,2014-05-05,ST151,SUP011,OFF-AP-10001005,18,55.86,2014-05-08,2014-05-13,Late,1005.48
PUR000681,2014-05-05,ST217,SUP003,OFF-BI-10003638,16,9.77,2014-05-09,2014-05-09,On Time,156.32
PUR000682,2014-05-05,ST446,SUP011,OFF-BI-10002133,3,21.49,2014-05-09,2014-05-14,Late,64.47
PUR000683,2014-05-05,ST328,SUP005,FUR-FU-10004973,6,11.66,2014-05-08,2014-05-07,Early,69.96000000000001
PUR000684,2014-05-05,ST334,SUP009,OFF-BI-10001524,14,11.03,2014-05-10,2014-05-13,Late,154.42
PUR000685,2014-05-05,ST602,SUP001,OFF-BI-10000545,16,412.24,2014-05-12,2014-05-17,Late,6595.84
PUR000686,2014-05-05,ST152,SUP003,OFF-AR-10000380,15,24.53,2014-05-12,2014-05-15,Late,367.95000000000005
PUR000687,2014-05-05,ST109,SUP002,OFF-BI-10004187,20,1.03,2014-05-12,2014-05-17,Late,20.6
PUR000688,2014-05-05,ST549,SUP014,FUR-CH-10003396,5,72.43,2014-05-10,2014-05-12,Late,362.15000000000003
PUR000689,2014-05-05,ST586,SUP008,TEC-PH-10003012,10,106.78,2014-05-12,2014-05-14,Late,1067.8
PUR000690,2014-05-05,ST148,SUP007,TEC-PH-10003988,3,7.33,2014-05-12,2014-05-15,Late,21.990000000000002
PUR000691,2014-05-05,ST340,SUP015,OFF-BI-10003476,14,2.7,2014-05-09,2014-05-08,Early,37.800000000000004
PUR000692,2014-05-05,ST382,SUP015,OFF-AP-10001205,17,42.53,2014-05-08,2014-05-09,Late,723.01
PUR000693,2014-05-05,ST504,SUP014,OFF-PA-10003673,11,3.52,2014-05-08,2014-05-13,Late,38.72
PUR000694,2014-05-05,ST454,SUP012,OFF-PA-10001019,9,9.82,2014-05-10,2014-05-11,Late,88.38
PUR000695,2014-05-05,ST193,SUP002,OFF-PA-10004353,15,10.61,2014-05-11,2014-05-11,On Time,159.14999999999998
PUR000696,2014-05-05,ST529,SUP013,OFF-AP-10002906,15,1.63,2014-05-10,2014-05-15,Late,24.45
PUR000697,2014-05-05,ST068,SUP003,FUR-TA-10003748,3,97.4,2014-05-10,2014-05-14,Late,292.20000000000005
PUR000698,2014-05-05,ST537,SUP013,TEC-MA-10003173,18,6.94,2014-05-12,2014-05-11,Early,124.92
PUR000699,2014-05-05,ST206,SUP014,TEC-PH-10002496,7,102.48,2014-05-08,2014-05-08,On Time,717.36
PUR000700,2014-05-05,ST370,SUP015,OFF-BI-10003984,3,14.99,2014-05-09,2014-05-10,Late,44.97
PUR000701,2014-05-05,ST407,SUP009,OFF-SU-10004231,13,7.69,2014-05-08,2014-05-12,Late,99.97
PUR000702,2014-05-05,ST609,SUP008,OFF-PA-10003039,2,16.16,2014-05-11,2014-05-11,On Time,32.32
PUR000703,2014-05-05,ST353,SUP006,OFF-PA-10002986,17,3.53,2014-05-09,2014-05-14,Late,60.01
PUR000704,2014-05-05,ST093,SUP012,OFF-PA-10004040,10,3.2,2014-05-10,2014-05-09,Early,32.0
PUR000705,2014-05-05,ST586,SUP014,OFF-BI-10000822,14,2.55,2014-05-09,2014-05-14,Late,35.699999999999996
PUR000706,2014-05-05,ST212,SUP011,OFF-LA-10000443,9,2.01,2014-05-10,2014-05-14,Late,18.089999999999996
PUR000707,2014-05-05,ST010,SUP014,TEC-PH-10004094,15,117.3,2014-05-11,2014-05-11,On Time,1759.5
PUR000708,2014-05-05,ST230,SUP001,OFF-AR-10003582,7,20.68,2014-05-10,2014-05-13,Late,144.76
PUR000709,2014-05-05,ST282,SUP012,OFF-BI-10003650,11,285.15,2014-05-11,2014-05-13,Late,3136.6499999999996
PUR000710,2014-05-05,ST478,SUP004,FUR-CH-10000513,13,117.32,2014-05-10,2014-05-14,Late,1525.1599999999999
PUR000711,2014-05-05,ST599,SUP007,OFF-ST-10000675,18,27.07,2014-05-08,2014-05-07,Early,487.26
PUR000712,2014-05-05,ST384,SUP014,OFF-BI-10000778,18,66.53,2014-05-12,2014-05-16,Late,1197.54
PUR000713,2014-05-05,ST494,SUP002,TEC-PH-10001051,11,68.13,2014-05-08,2014-05-09,Late,749.43
PUR000714,2014-05-05,ST284,SUP014,FUR-CH-10003973,10,275.19,2014-05-10,2014-05-14,Late,2751.9
PUR000715,2014-05-05,ST247,SUP009,OFF-AR-10002445,11,4.12,2014-05-08,2014-05-13,Late,45.32
PUR000716,2014-05-05,ST144,SUP011,OFF-FA-10003467,14,2.04,2014-05-08,2014-05-12,Late,28.560000000000002
PUR000717,2014-05-05,ST429,SUP005,OFF-EN-10001137,17,2.45,2014-05-11,2014-05-13,Late,41.650000000000006
PUR000718,2014-05-05,ST195,SUP010,FUR-CH-10001973,3,97.03,2014-05-10,2014-05-14,Late,291.09000000000003
PUR000719,2014-05-05,ST488,SUP011,OFF-BI-10003007,9,21.72,2014-05-10,2014-05-13,Late,195.48
PUR000720,2014-05-05,ST572,SUP014,OFF-AP-10002457,11,81.67,2014-05-09,2014-05-10,Late,898.37
PUR000721,2014-05-20,ST265,SUP012,FUR-CH-10004287,5,194.96,2014-05-27,2014-06-01,Late,974.8000000000001
PUR000722,2014-05-20,ST344,SUP015,OFF-BI-10002082,7,18.13,2014-05-23,2014-05-23,On Time,126.91
PUR000723,2014-05-20,ST315,SUP014,TEC-PH-10002262,13,40.48,2014-05-26,2014-05-31,Late,526.24
PUR000724,2014-05-20,ST302,SUP010,TEC-AC-10003911,12,102.88,2014-05-26,2014-05-31,Late,1234.56
PUR000725,2014-05-20,ST598,SUP014,FUR-CH-10004997,5,149.5,2014-05-27,2014-05-30,Late,747.5
PUR000726,2014-05-20,ST513,SUP004,OFF-AP-10002311,4,38.32,2014-05-23,2014-05-28,Late,153.28
PUR000727,2014-05-20,ST056,SUP007,OFF-PA-10000176,14,9.92,2014-05-24,2014-05-24,On Time,138.88
PUR000728,2014-05-20,ST469,SUP010,OFF-BI-10001758,8,2.74,2014-05-24,2014-05-25,Late,21.92
PUR000729,2014-05-20,ST341,SUP008,OFF-BI-10002026,7,28.36,2014-05-24,2014-05-25,Late,198.51999999999998
PUR000730,2014-05-20,ST215,SUP005,FUR-CH-10000785,3,120.66,2014-05-24,2014-05-27,Late,361.98
PUR000731,2014-05-20,ST091,SUP013,OFF-AR-10004582,7,0.9,2014-05-24,2014-05-27,Late,6.3
PUR000732,2014-05-20,ST440,SUP007,TEC-PH-10001552,15,8.84,2014-05-26,2014-05-28,Late,132.6
PUR000733,2014-05-20,ST383,SUP004,OFF-BI-10001597,2,19.34,2014-05-23,2014-05-24,Late,38.68
PUR000734,2014-05-20,ST005,SUP011,OFF-ST-10001370,18,63.26,2014-05-24,2014-05-24,On Time,1138.68
PUR000735,2014-05-20,ST393,SUP002,OFF-FA-10000053,13,1.78,2014-05-27,2014-05-30,Late,23.14
PUR000736,2014-05-20,ST047,SUP014,TEC-AC-10001714,11,23.46,2014-05-25,2014-05-26,Late,258.06
PUR000737,2014-05-20,ST537,SUP010,FUR-FU-10001185,16,19.08,2014-05-25,2014-05-27,Late,305.28
PUR000738,2014-05-20,ST502,SUP015,OFF-PA-10001804,6,3.36,2014-05-25,2014-05-30,Late,20.16
PUR000739,2014-05-20,ST414,SUP015,FUR-FU-10000965,8,28.59,2014-05-23,2014-05-23,On Time,228.72
PUR000740,2014-05-20,ST217,SUP003,FUR-FU-10001085,9,10.53,2014-05-23,2014-05-26,Late,94.77
PUR000741,2014-05-20,ST039,SUP006,OFF-BI-10004330,18,18.99,2014-05-26,2014-05-30,Late,341.82
PUR000742,2014-05-20,ST050,SUP010,OFF-FA-10001332,10,1.61,2014-05-27,2014-05-26,Early,16.1
PUR000743,2014-05-20,ST050,SUP001,OFF-ST-10000136,5,29.05,2014-05-23,2014-05-25,Late,145.25
PUR000744,2014-05-20,ST259,SUP009,OFF-BI-10004233,16,8.12,2014-05-26,2014-05-30,Late,129.92
PUR000745,2014-05-20,ST010,SUP011,TEC-AC-10000171,6,12.33,2014-05-25,2014-05-27,Late,73.98
PUR000746,2014-05-20,ST621,SUP005,TEC-AC-10002718,5,12.8,2014-05-24,2014-05-26,Late,64.0
PUR000747,2014-05-20,ST121,SUP010,OFF-BI-10000831,5,1.43,2014-05-25,2014-05-24,Early,7.1499999999999995
PUR000748,2014-05-20,ST205,SUP010,FUR-TA-10002903,5,197.29,2014-05-25,2014-05-30,Late,986.4499999999999
PUR000749,2014-05-20,ST420,SUP006,TEC-AC-10002323,18,21.05,2014-05-25,2014-05-25,On Time,378.90000000000003
PUR000750,2014-05-20,ST213,SUP015,OFF-AP-10002684,3,85.93,2014-05-26,2014-05-27,Late,257.79
PUR000751,2014-05-20,ST092,SUP011,FUR-FU-10001979,9,26.56,2014-05-23,2014-05-28,Late,239.04
PUR000752,2014-05-20,ST093,SUP003,FUR-FU-10000206,20,1.59,2014-05-27,2014-05-26,Early,31.8
PUR000753,2014-05-20,ST237,SUP011,OFF-PA-10000791,5,2.84,2014-05-26,2014-05-27,Late,14.2
PUR000754,2014-05-20,ST179,SUP002,OFF-LA-10003663,10,1.52,2014-05-23,2014-05-28,Late,15.2
PUR000755,2014-05-20,ST321,SUP011,FUR-BO-10001337,11,105.84,2014-05-26,2014-05-30,Late,1164.24
PUR000756,2014-05-20,ST047,SUP013,TEC-AC-10003709,5,0.51,2014-05-23,2014-05-28,Late,2.55
PUR000757,2014-05-20,ST337,SUP003,FUR-FU-10003142,6,3.76,2014-05-25,2014-05-27,Late,22.56
PUR000758,2014-05-20,ST382,SUP002,OFF-ST-10003306,10,109.11,2014-05-25,2014-05-25,On Time,1091.1
PUR000759,2014-05-20,ST279,SUP008,TEC-PH-10003800,5,51.42,2014-05-26,2014-05-30,Late,257.1
PUR000760,2014-05-20,ST171,SUP011,OFF-PA-10004255,17,3.57,2014-05-23,2014-05-23,On Time,60.69
PUR000761,2014-05-20,ST164,SUP014,OFF-SU-10000151,3,1723.44,2014-05-23,2014-05-25,Late,5170.32
PUR000762,2014-05-20,ST449,SUP010,OFF-ST-10000636,20,16.01,2014-05-24,2014-05-27,Late,320.20000000000005
PUR000763,2014-05-20,ST030,SUP010,OFF-PA-10000477,14,3.09,2014-05-24,2014-05-26,Late,43.26
PUR000764,2014-05-20,ST452,SUP007,OFF-AP-10002945,17,185.84,2014-05-23,2014-05-22,Early,3159.28
PUR000765,2014-05-20,ST538,SUP001,OFF-BI-10000666,10,15.75,2014-05-27,2014-05-31,Late,157.5
PUR000766,2014-05-20,ST347,SUP011,OFF-PA-10002160,20,2.79,2014-05-27,2014-05-30,Late,55.8
PUR000767,2014-05-20,ST255,SUP012,OFF-BI-10003981,5,2.28,2014-05-26,2014-05-27,Late,11.399999999999999
PUR000768,2014-05-20,ST572,SUP014,OFF-EN-10004773,14,14.69,2014-05-27,2014-05-26,Early,205.66
PUR000769,2014-05-20,ST518,SUP003,OFF-PA-10002230,2,2.61,2014-05-26,2014-05-31,Late,5.22
PUR000770,2014-05-20,ST504,SUP002,FUR-CH-10004289,17,85.55,2014-05-25,2014-05-25,On Time,1454.35
PUR000771,2014-05-20,ST520,SUP001,OFF-ST-10000107,12,24.89,2014-05-24,2014-05-27,Late,298.68
PUR000772,2014-05-20,ST081,SUP004,OFF-BI-10002813,14,1.07,2014-05-26,2014-05-28,Late,14.98
PUR000773,2014-05-20,ST511,SUP014,FUR-TA-10001086,20,111.31,2014-05-26,2014-05-27,Late,2226.2
PUR000774,2014-05-20,ST019,SUP012,OFF-AP-10002495,5,47.61,2014-05-23,2014-05-25,Late,238.05
PUR000775,2014-05-20,ST001,SUP009,OFF-BI-10002794,15,18.96,2014-05-23,2014-05-28,Late,284.40000000000003
PUR000776,2014-05-20,ST212,SUP009,OFF-PA-10000418,11,58.78,2014-05-26,2014-05-27,Late,646.58
PUR000777,2014-05-20,ST229,SUP014,TEC-AC-10001267,13,19.14,2014-05-26,2014-05-27,Late,248.82
PUR000778,2014-05-20,ST485,SUP010,FUR-FU-10001468,19,162.11,2014-05-25,2014-05-29,Late,3080.09
PUR000779,2014-05-20,ST228,SUP013,OFF-BI-10003460,16,2.1,2014-05-23,2014-05-24,Late,33.6
PUR000780,2014-05-20,ST299,SUP013,FUR-BO-10004834,13,723.11,2014-05-27,2014-05-30,Late,9400.43
PUR000781,2014-05-20,ST169,SUP001,TEC-PH-10000149,13,15.36,2014-05-26,2014-05-26,On Time,199.68
PUR000782,2014-05-20,ST201,SUP010,OFF-BI-10001718,15,31.24,2014-05-24,2014-05-23,Early,468.59999999999997
PUR000783,2014-05-20,ST196,SUP014,OFF-AP-10002350,14,12.79,2014-05-25,2014-05-24,Early,179.06
PUR000784,2014-05-20,ST603,SUP011,OFF-BI-10000309,15,7.06,2014-05-23,2014-05-28,Late,105.89999999999999
PUR000785,2014-05-20,ST517,SUP010,OFF-SU-10003505,16,109.13,2014-05-24,2014-05-26,Late,1746.08
PUR000786,2014-05-20,ST567,SUP001,OFF-PA-10002787,2,3.39,2014-05-26,2014-05-31,Late,6.78
PUR000787,2014-05-20,ST182,SUP009,FUR-CH-10004495,20,212.97,2014-05-27,2014-05-27,On Time,4259.4
PUR000788,2014-05-20,ST615,SUP011,OFF-AR-10004456,6,9.57,2014-05-27,2014-05-28,Late,57.42
PUR000789,2014-05-20,ST624,SUP007,OFF-BI-10001359,18,511.67,2014-05-24,2014-05-25,Late,9210.06
PUR000790,2014-05-20,ST464,SUP005,OFF-AR-10003770,14,2.23,2014-05-24,2014-05-24,On Time,31.22
PUR000791,2014-05-20,ST525,SUP015,TEC-AC-10001772,15,9.94,2014-05-25,2014-05-30,Late,149.1
PUR000792,2014-05-20,ST567,SUP012,OFF-PA-10001878,19,27.79,2014-05-24,2014-05-24,On Time,528.01
PUR000793,2014-05-20,ST354,SUP005,TEC-AC-10000420,8,47.34,2014-05-24,2014-05-28,Late,378.72
PUR000794,2014-05-20,ST331,SUP012,FUR-CH-10001891,7,70.12,2014-05-23,2014-05-28,Late,490.84000000000003
PUR000795,2014-05-20,ST585,SUP010,TEC-PH-10003215,13,15.46,2014-05-26,2014-05-30,Late,200.98000000000002
PUR000796,2014-05-20,ST433,SUP014,OFF-BI-10001759,19,1.86,2014-05-23,2014-05-26,Late,35.34
PUR000797,2014-05-20,ST055,SUP003,FUR-FU-10000747,5,34.54,2014-05-23,2014-05-23,On Time,172.7
PUR000798,2014-05-20,ST294,SUP003,FUR-FU-10001934,10,16.3,2014-05-25,2014-05-25,On Time,163.0
PUR000799,2014-05-20,ST209,SUP005,FUR-FU-10004864,3,31.56,2014-05-27,2014-05-26,Early,94.67999999999999
PUR000800,2014-05-20,ST631,SUP002,OFF-AR-10002280,13,3.78,2014-05-27,2014-06-01,Late,49.14
PUR000801,2014-06-05,ST399,SUP009,OFF-EN-10002973,9,2.44,2014-06-09,2014-06-12,Late,21.96
PUR000802,2014-06-05,ST391,SUP001,OFF-AR-10002053,11,2.23,2014-06-11,2014-06-13,Late,24.53
PUR000803,2014-06-05,ST014,SUP001,OFF-FA-10003485,12,1.55,2014-06-10,2014-06-10,On Time,18.6
PUR000804,2014-06-05,ST377,SUP015,FUR-TA-10001866,16,149.08,2014-06-12,2014-06-15,Late,2385.28
PUR000805,2014-06-05,ST302,SUP004,TEC-AC-10003033,8,233.28,2014-06-11,2014-06-11,On Time,1866.24
PUR000806,2014-06-05,ST527,SUP003,TEC-PH-10001530,4,216.04,2014-06-08,2014-06-10,Late,864.16
PUR000807,2014-06-05,ST271,SUP009,OFF-PA-10002586,3,2.6,2014-06-09,2014-06-09,On Time,7.800000000000001
PUR000808,2014-06-05,ST339,SUP001,OFF-ST-10000142,20,320.16,2014-06-11,2014-06-15,Late,6403.200000000001
PUR000809,2014-06-05,ST331,SUP015,TEC-PH-10001835,6,74.6,2014-06-12,2014-06-11,Early,447.59999999999997
PUR000810,2014-06-05,ST564,SUP010,FUR-CH-10000785,11,133.67,2014-06-10,2014-06-09,Early,1470.37
PUR000811,2014-06-05,ST534,SUP003,TEC-CO-10001943,12,106.53,2014-06-08,2014-06-13,Late,1278.3600000000001
PUR000812,2014-06-05,ST550,SUP009,OFF-AR-10001149,18,1.78,2014-06-11,2014-06-10,Early,32.04
PUR000813,2014-06-05,ST340,SUP004,TEC-PH-10000347,13,3.41,2014-06-10,2014-06-11,Late,44.33
PUR000814,2014-06-05,ST544,SUP013,FUR-CH-10004698,11,55.02,2014-06-11,2014-06-14,Late,605.22
PUR000815,2014-06-05,ST457,SUP006,FUR-CH-10001146,2,42.07,2014-06-09,2014-06-13,Late,84.14
PUR000816,2014-06-05,ST329,SUP011,OFF-AR-10003504,9,3.32,2014-06-11,2014-06-16,Late,29.88
PUR000817,2014-06-05,ST290,SUP009,TEC-PH-10004586,5,246.21,2014-06-08,2014-06-11,Late,1231.05
PUR000818,2014-06-05,ST457,SUP009,TEC-AC-10002323,13,19.28,2014-06-11,2014-06-10,Early,250.64000000000001
PUR000819,2014-06-05,ST329,SUP004,OFF-PA-10002749,11,3.68,2014-06-12,2014-06-11,Early,40.480000000000004
PUR000820,2014-06-05,ST551,SUP013,OFF-PA-10000062,5,26.17,2014-06-12,2014-06-11,Early,130.85000000000002
PUR000821,2014-06-05,ST219,SUP011,FUR-FU-10001731,4,1.56,2014-06-11,2014-06-16,Late,6.24
PUR000822,2014-06-05,ST446,SUP014,FUR-FU-10004671,5,10.31,2014-06-08,2014-06-12,Late,51.550000000000004
PUR000823,2014-06-05,ST340,SUP012,OFF-AR-10004344,6,7.92,2014-06-08,2014-06-07,Early,47.519999999999996
PUR000824,2014-06-05,ST258,SUP013,OFF-PA-10000743,4,3.16,2014-06-12,2014-06-11,Early,12.64
PUR000825,2014-06-05,ST265,SUP015,OFF-PA-10001526,20,2.7,2014-06-11,2014-06-13,Late,54.0
PUR000826,2014-06-05,ST324,SUP007,OFF-LA-10004093,16,3.98,2014-06-08,2014-06-10,Late,63.68
PUR000827,2014-06-05,ST065,SUP011,OFF-PA-10000176,5,9.93,2014-06-12,2014-06-11,Early,49.65
PUR000828,2014-06-05,ST109,SUP009,FUR-FU-10002445,4,5.53,2014-06-10,2014-06-15,Late,22.12
PUR000829,2014-06-05,ST449,SUP005,FUR-TA-10001095,11,140.62,2014-06-11,2014-06-13,Late,1546.8200000000002
PUR000830,2014-06-05,ST226,SUP009,OFF-BI-10002309,2,2.89,2014-06-09,2014-06-13,Late,5.78
PUR000831,2014-06-05,ST559,SUP014,OFF-BI-10001718,14,35.92,2014-06-10,2014-06-14,Late,502.88
PUR000832,2014-06-05,ST383,SUP015,OFF-PA-10004665,6,6.41,2014-06-08,2014-06-11,Late,38.46
PUR000833,2014-06-05,ST006,SUP001,TEC-PH-10000895,19,123.64,2014-06-12,2014-06-15,Late,2349.16
PUR000834,2014-06-05,ST313,SUP002,TEC-AC-10003657,14,26.71,2014-06-09,2014-06-13,Late,373.94
PUR000835,2014-06-05,ST525,SUP015,OFF-BI-10002353,13,7.27,2014-06-09,2014-06-09,On Time,94.50999999999999
PUR000836,2014-06-05,ST259,SUP014,FUR-CH-10002320,7,212.14,2014-06-09,2014-06-08,Early,1484.98
PUR000837,2014-06-05,ST056,SUP010,OFF-EN-10001539,7,4.26,2014-06-12,2014-06-14,Late,29.82
PUR000838,2014-06-05,ST069,SUP011,OFF-AR-10002987,19,10.71,2014-06-10,2014-06-09,Early,203.49
PUR000839,2014-06-05,ST339,SUP008,OFF-ST-10003058,8,17.55,2014-06-10,2014-06-10,On Time,140.4
PUR000840,2014-06-05,ST072,SUP010,TEC-PH-10002415,9,203.52,2014-06-09,2014-06-10,Late,1831.68
PUR000841,2014-06-05,ST314,SUP010,OFF-PA-10003016,17,1.71,2014-06-12,2014-06-12,On Time,29.07
PUR000842,2014-06-05,ST324,SUP013,TEC-PH-10003095,20,11.12,2014-06-11,2014-06-11,On Time,222.39999999999998
PUR000843,2014-06-05,ST227,SUP013,TEC-PH-10000149,2,14.21,2014-06-11,2014-06-12,Late,28.42
PUR000844,2014-06-05,ST340,SUP012,TEC-AC-10002637,13,156.82,2014-06-11,2014-06-13,Late,2038.6599999999999
PUR000845,2014-06-05,ST499,SUP005,OFF-ST-10002957,16,5.13,2014-06-12,2014-06-11,Early,82.08
PUR000846,2014-06-05,ST288,SUP002,OFF-PA-10002005,7,3.47,2014-06-09,2014-06-12,Late,24.290000000000003
PUR000847,2014-06-05,ST079,SUP015,OFF-PA-10000418,8,51.94,2014-06-08,2014-06-07,Early,415.52
PUR000848,2014-06-05,ST596,SUP014,OFF-AR-10001860,18,4.56,2014-06-12,2014-06-14,Late,82.08
PUR000849,2014-06-05,ST565,SUP001,OFF-FA-10003021,20,1.15,2014-06-10,2014-06-13,Late,23.0
PUR000850,2014-06-05,ST153,SUP013,OFF-LA-10001175,19,1.46,2014-06-10,2014-06-12,Late,27.74
PUR000851,2014-06-05,ST298,SUP010,OFF-AP-10004868,9,6.12,2014-06-09,2014-06-11,Late,55.08
PUR000852,2014-06-05,ST373,SUP007,OFF-ST-10001837,18,31.71,2014-06-12,2014-06-11,Early,570.78
PUR000853,2014-06-05,ST629,SUP013,OFF-PA-10001033,9,22.36,2014-06-09,2014-06-14,Late,201.24
PUR000854,2014-06-05,ST184,SUP003,OFF-FA-10002676,18,1.08,2014-06-12,2014-06-15,Late,19.44
PUR000855,2014-06-05,ST368,SUP008,OFF-AR-10003087,6,1.34,2014-06-08,2014-06-08,On Time,8.040000000000001
PUR000856,2014-06-05,ST379,SUP005,FUR-FU-10002505,17,2.17,2014-06-09,2014-06-08,Early,36.89
PUR000857,2014-06-05,ST370,SUP013,OFF-PA-10001461,8,3.49,2014-06-11,2014-06-13,Late,27.92
PUR000858,2014-06-05,ST332,SUP001,FUR-BO-10002545,16,207.86,2014-06-08,2014-06-12,Late,3325.76
PUR000859,2014-06-05,ST270,SUP005,OFF-PA-10003651,18,3.57,2014-06-12,2014-06-15,Late,64.25999999999999
PUR000860,2014-06-05,ST388,SUP011,OFF-PA-10001125,20,15.93,2014-06-10,2014-06-13,Late,318.6
PUR000861,2014-06-05,ST229,SUP007,OFF-BI-10001759,4,1.95,2014-06-12,2014-06-14,Late,7.8
PUR000862,2014-06-05,ST499,SUP006,FUR-CH-10001797,13,29.05,2014-06-11,2014-06-14,Late,377.65000000000003
PUR000863,2014-06-05,ST451,SUP003,OFF-AP-10000576,2,56.38,2014-06-09,2014-06-09,On Time,112.76
PUR000864,2014-06-05,ST217,SUP005,OFF-AR-10003631,4,3.25,2014-06-09,2014-06-09,On Time,13.0
PUR000865,2014-06-05,ST122,SUP012,OFF-PA-10002606,7,2.82,2014-06-09,2014-06-11,Late,19.74
PUR000866,2014-06-05,ST491,SUP008,OFF-BI-10000977,12,17.14,2014-06-11,2014-06-11,On Time,205.68
PUR000867,2014-06-05,ST421,SUP014,OFF-BI-10002609,20,1.5,2014-06-08,2014-06-08,On Time,30.0
PUR000868,2014-06-05,ST165,SUP010,OFF-PA-10002581,3,15.77,2014-06-09,2014-06-13,Late,47.31
PUR000869,2014-06-05,ST151,SUP010,OFF-FA-10004076,18,1.13,2014-06-08,2014-06-08,On Time,20.339999999999996
PUR000870,2014-06-05,ST416,SUP009,OFF-PA-10004000,10,2.62,2014-06-12,2014-06-15,Late,26.200000000000003
PUR000871,2014-06-05,ST291,SUP012,FUR-CH-10003817,2,49.0,2014-06-08,2014-06-08,On Time,98.0
PUR000872,2014-06-05,ST494,SUP008,TEC-AC-10004469,16,22.85,2014-06-09,2014-06-09,On Time,365.6
PUR000873,2014-06-05,ST597,SUP013,OFF-PA-10004100,15,3.44,2014-06-09,2014-06-12,Late,51.6
PUR000874,2014-06-05,ST351,SUP012,OFF-ST-10001370,18,64.26,2014-06-11,2014-06-14,Late,1156.68
PUR000875,2014-06-05,ST395,SUP007,FUR-FU-10003806,20,124.48,2014-06-09,2014-06-08,Early,2489.6
PUR000876,2014-06-05,ST517,SUP014,OFF-PA-10004071,2,27.13,2014-06-11,2014-06-16,Late,54.26
PUR000877,2014-06-05,ST488,SUP003,TEC-PH-10002170,6,51.46,2014-06-12,2014-06-15,Late,308.76
PUR000878,2014-06-05,ST516,SUP009,FUR-BO-10003966,3,154.47,2014-06-08,2014-06-07,Early,463.40999999999997
PUR000879,2014-06-05,ST618,SUP015,FUR-TA-10002530,17,132.42,2014-06-12,2014-06-17,Late,2251.14
PUR000880,2014-06-05,ST442,SUP013,OFF-PA-10004610,2,2.54,2014-06-12,2014-06-14,Late,5.08
PUR000881,2014-06-20,ST543,SUP012,OFF-BI-10002799,13,3.01,2014-06-26,2014-06-26,On Time,39.129999999999995
PUR000882,2014-06-20,ST359,SUP007,OFF-PA-10001725,17,20.91,2014-06-27,2014-07-02,Late,355.47
PUR000883,2014-06-20,ST261,SUP003,OFF-BI-10002437,20,7.17,2014-06-26,2014-07-01,Late,143.4
PUR000884,2014-06-20,ST291,SUP002,OFF-BI-10002012,9,1.01,2014-06-27,2014-06-30,Late,9.09
PUR000885,2014-06-20,ST008,SUP001,OFF-BI-10000174,15,2.87,2014-06-27,2014-06-30,Late,43.050000000000004
PUR000886,2014-06-20,ST211,SUP007,OFF-AP-10002684,5,85.44,2014-06-25,2014-06-27,Late,427.2
PUR000887,2014-06-20,ST600,SUP007,OFF-EN-10002504,13,13.27,2014-06-25,2014-06-26,Late,172.51
PUR000888,2014-06-20,ST627,SUP006,FUR-FU-10001468,19,151.53,2014-06-25,2014-06-29,Late,2879.07
PUR000889,2014-06-20,ST566,SUP007,FUR-CH-10004675,14,165.02,2014-06-27,2014-06-29,Late,2310.28
PUR000890,2014-06-20,ST496,SUP009,OFF-ST-10000615,7,7.96,2014-06-25,2014-06-26,Late,55.72
PUR000891,2014-06-20,ST408,SUP012,FUR-FU-10004864,20,29.45,2014-06-24,2014-06-29,Late,589.0
PUR000892,2014-06-20,ST166,SUP008,FUR-FU-10001731,5,1.74,2014-06-23,2014-06-23,On Time,8.7
PUR000893,2014-06-20,ST564,SUP006,OFF-AP-10001962,18,6.17,2014-06-27,2014-07-01,Late,111.06
PUR000894,2014-06-20,ST006,SUP011,TEC-AC-10004171,3,52.2,2014-06-23,2014-06-28,Late,156.60000000000002
PUR000895,2014-06-20,ST446,SUP010,FUR-CH-10002335,6,166.79,2014-06-23,2014-06-22,Early,1000.74
PUR000896,2014-06-20,ST624,SUP002,OFF-SU-10001664,10,5.99,2014-06-23,2014-06-27,Late,59.900000000000006
PUR000897,2014-06-20,ST629,SUP007,FUR-TA-10002041,14,173.31,2014-06-27,2014-06-28,Late,2426.34
PUR000898,2014-06-20,ST180,SUP014,FUR-BO-10004695,3,151.78,2014-06-26,2014-06-28,Late,455.34000000000003
PUR000899,2014-06-20,ST531,SUP011,OFF-BI-10000962,2,7.8,2014-06-25,2014-06-25,On Time,15.6
PUR000900,2014-06-20,ST529,SUP009,OFF-FA-10002780,3,1.7,2014-06-24,2014-06-27,Late,5.1
PUR000901,2014-06-20,ST245,SUP006,OFF-PA-10003724,7,2.87,2014-06-23,2014-06-23,On Time,20.09
PUR000902,2014-06-20,ST410,SUP013,OFF-BI-10002982,4,3.89,2014-06-25,2014-06-29,Late,15.56
PUR000903,2014-06-20,ST531,SUP004,OFF-EN-10002600,14,1.5,2014-06-23,2014-06-27,Late,21.0
PUR000904,2014-06-20,ST292,SUP009,TEC-PH-10000038,4,142.53,2014-06-27,2014-06-30,Late,570.12
PUR000905,2014-06-20,ST284,SUP014,TEC-MA-10003173,13,6.86,2014-06-24,2014-06-27,Late,89.18
PUR000906,2014-06-20,ST589,SUP007,OFF-BI-10003460,8,2.26,2014-06-23,2014-06-24,Late,18.08
PUR000907,2014-06-20,ST573,SUP002,FUR-FU-10001756,7,13.27,2014-06-23,2014-06-26,Late,92.89
PUR000908,2014-06-20,ST526,SUP002,OFF-PA-10000697,11,2.35,2014-06-25,2014-06-28,Late,25.85
PUR000909,2014-06-20,ST387,SUP008,OFF-BI-10002557,20,2.16,2014-06-27,2014-06-29,Late,43.2
PUR000910,2014-06-20,ST470,SUP013,OFF-FA-10004838,9,1.9,2014-06-26,2014-06-29,Late,17.099999999999998
PUR000911,2014-06-20,ST070,SUP005,OFF-PA-10004888,2,3.36,2014-06-26,2014-06-30,Late,6.72
PUR000912,2014-06-20,ST324,SUP004,OFF-LA-10000248,9,2.02,2014-06-26,2014-06-27,Late,18.18
PUR000913,2014-06-20,ST270,SUP012,FUR-CH-10000015,18,161.43,2014-06-24,2014-06-25,Late,2905.7400000000002
PUR000914,2014-06-20,ST351,SUP012,OFF-BI-10004654,4,4.54,2014-06-23,2014-06-26,Late,18.16
PUR000915,2014-06-20,ST224,SUP006,OFF-FA-10004854,7,6.06,2014-06-27,2014-06-28,Late,42.419999999999995
PUR000916,2014-06-20,ST195,SUP011,FUR-CH-10000513,7,128.87,2014-06-26,2014-06-30,Late,902.09
PUR000917,2014-06-20,ST272,SUP004,TEC-AC-10003038,8,6.87,2014-06-24,2014-06-24,On Time,54.96
PUR000918,2014-06-20,ST365,SUP014,OFF-BI-10001036,8,4.88,2014-06-24,2014-06-29,Late,39.04
PUR000919,2014-06-20,ST505,SUP002,OFF-LA-10004093,5,3.58,2014-06-27,2014-06-26,Early,17.9
PUR000920,2014-06-20,ST494,SUP014,OFF-ST-10002205,19,17.74,2014-06-25,2014-06-28,Late,337.05999999999995
PUR000921,2014-06-20,ST589,SUP015,OFF-BI-10001460,12,8.02,2014-06-25,2014-06-27,Late,96.24
PUR000922,2014-06-20,ST524,SUP015,OFF-PA-10004355,7,3.7,2014-06-25,2014-06-27,Late,25.900000000000002
PUR000923,2014-06-20,ST056,SUP003,OFF-PA-10000100,9,21.95,2014-06-27,2014-07-02,Late,197.54999999999998
PUR000924,2014-06-20,ST034,SUP009,OFF-AR-10003829,15,2.32,2014-06-27,2014-06-28,Late,34.8
PUR000925,2014-06-20,ST179,SUP013,FUR-TA-10004256,14,416.16,2014-06-26,2014-06-25,Early,5826.240000000001
PUR000926,2014-06-20,ST009,SUP012,FUR-FU-10001473,18,11.54,2014-06-23,2014-06-27,Late,207.71999999999997
PUR000927,2014-06-20,ST334,SUP002,OFF-AR-10001955,8,13.55,2014-06-25,2014-06-28,Late,108.4
PUR000928,2014-06-20,ST243,SUP005,TEC-PH-10001700,10,45.16,2014-06-25,2014-06-27,Late,451.59999999999997
PUR000929,2014-06-20,ST435,SUP008,OFF-PA-10001534,12,3.28,2014-06-24,2014-06-26,Late,39.36
PUR000930,2014-06-20,ST287,SUP007,OFF-AP-10002457,13,74.33,2014-06-26,2014-06-26,On Time,966.29
PUR000931,2014-06-20,ST235,SUP010,OFF-BI-10003712,20,2.32,2014-06-23,2014-06-27,Late,46.4
PUR000932,2014-06-20,ST443,SUP009,FUR-TA-10003748,10,103.01,2014-06-26,2014-06-26,On Time,1030.1000000000001
PUR000933,2014-06-20,ST154,SUP012,OFF-BI-10001658,6,14.26,2014-06-26,2014-07-01,Late,85.56
PUR000934,2014-06-20,ST138,SUP008,OFF-BI-10002867,2,30.19,2014-06-27,2014-06-30,Late,60.38
PUR000935,2014-06-20,ST257,SUP005,TEC-AC-10001772,12,10.3,2014-06-27,2014-07-02,Late,123.60000000000001
PUR000936,2014-06-20,ST168,SUP002,OFF-BI-10001757,20,2.33,2014-06-23,2014-06-23,On Time,46.6
PUR000937,2014-06-20,ST099,SUP011,OFF-BI-10001249,10,3.43,2014-06-26,2014-06-30,Late,34.300000000000004
PUR000938,2014-06-20,ST574,SUP006,FUR-FU-10003731,12,6.84,2014-06-27,2014-07-02,Late,82.08
PUR000939,2014-06-20,ST125,SUP007,OFF-PA-10001033,10,20.25,2014-06-25,2014-06-30,Late,202.5
PUR000940,2014-06-20,ST552,SUP011,OFF-AR-10001216,8,2.09,2014-06-24,2014-06-29,Late,16.72
PUR000941,2014-06-20,ST523,SUP011,OFF-AR-10002255,11,1.99,2014-06-26,2014-07-01,Late,21.89
PUR000942,2014-06-20,ST629,SUP007,OFF-BI-10000773,16,4.58,2014-06-25,2014-06-27,Late,73.28
PUR000943,2014-06-20,ST346,SUP011,FUR-CH-10003973,6,287.38,2014-06-26,2014-06-30,Late,1724.28
PUR000944,2014-06-20,ST074,SUP015,OFF-BI-10003355,20,2.54,2014-06-23,2014-06-23,On Time,50.8
PUR000945,2014-06-20,ST299,SUP006,OFF-BI-10000069,12,7.66,2014-06-25,2014-06-28,Late,91.92
PUR000946,2014-06-20,ST372,SUP008,OFF-ST-10001558,14,13.17,2014-06-27,2014-06-30,Late,184.38
PUR000947,2014-06-20,ST024,SUP003,OFF-AR-10000823,16,1.29,2014-06-24,2014-06-28,Late,20.64
PUR000948,2014-06-20,ST082,SUP012,OFF-PA-10001569,9,3.48,2014-06-24,2014-06-24,On Time,31.32
PUR000949,2014-06-20,ST485,SUP002,FUR-TA-10000617,14,163.4,2014-06-27,2014-06-26,Early,2287.6
PUR000950,2014-06-20,ST086,SUP009,OFF-ST-10003479,2,39.0,2014-06-23,2014-06-24,Late,78.0
PUR000951,2014-06-20,ST400,SUP015,FUR-BO-10004218,6,103.41,2014-06-25,2014-06-25,On Time,620.46
PUR000952,2014-06-20,ST130,SUP008,OFF-ST-10000142,9,313.66,2014-06-24,2014-06-27,Late,2822.94
PUR000953,2014-06-20,ST366,SUP011,OFF-AP-10004487,7,53.03,2014-06-25,2014-06-30,Late,371.21000000000004
PUR000954,2014-06-20,ST554,SUP014,FUR-FU-10001057,17,15.29,2014-06-25,2014-06-28,Late,259.93
PUR000955,2014-06-20,ST553,SUP012,OFF-BI-10000605,16,1.87,2014-06-24,2014-06-27,Late,29.92
PUR000956,2014-06-20,ST578,SUP011,OFF-ST-10002957,16,5.42,2014-06-26,2014-06-29,Late,86.72
PUR000957,2014-06-20,ST494,SUP006,FUR-FU-10002505,19,2.2,2014-06-27,2014-06-27,On Time,41.800000000000004
PUR000958,2014-06-20,ST423,SUP006,OFF-BI-10001759,4,1.92,2014-06-25,2014-06-25,On Time,7.68
PUR000959,2014-06-20,ST140,SUP009,OFF-ST-10001809,11,79.42,2014-06-25,2014-06-26,Late,873.62
PUR000960,2014-06-20,ST504,SUP012,FUR-TA-10003008,17,159.93,2014-06-26,2014-06-27,Late,2718.81
PUR000961,2014-07-05,ST300,SUP013,OFF-BI-10003910,2,4.47,2014-07-12,2014-07-12,On Time,8.94
PUR000962,2014-07-05,ST422,SUP004,FUR-BO-10003441,2,78.5,2014-07-12,2014-07-14,Late,157.0
PUR000963,2014-07-05,ST400,SUP012,TEC-PH-10002538,14,25.57,2014-07-11,2014-07-11,On Time,357.98
PUR000964,2014-07-05,ST246,SUP011,OFF-BI-10000977,10,15.03,2014-07-12,2014-07-17,Late,150.29999999999998
PUR000965,2014-07-05,ST545,SUP012,OFF-AP-10003040,10,23.81,2014-07-10,2014-07-12,Late,238.1
PUR000966,2014-07-05,ST140,SUP003,OFF-LA-10002475,8,4.15,2014-07-10,2014-07-09,Early,33.2
PUR000967,2014-07-05,ST504,SUP005,OFF-BI-10002003,16,2.16,2014-07-09,2014-07-10,Late,34.56
PUR000968,2014-07-05,ST023,SUP009,TEC-AC-10002550,2,21.03,2014-07-09,2014-07-08,Early,42.06
PUR000969,2014-07-05,ST449,SUP012,TEC-PH-10004977,11,132.73,2014-07-08,2014-07-08,On Time,1460.03
PUR000970,2014-07-05,ST223,SUP008,FUR-CH-10002304,4,18.12,2014-07-10,2014-07-12,Late,72.48
PUR000971,2014-07-05,ST381,SUP008,OFF-PA-10002870,11,3.63,2014-07-11,2014-07-15,Late,39.93
PUR000972,2014-07-05,ST150,SUP014,TEC-AC-10002380,3,8.65,2014-07-08,2014-07-09,Late,25.950000000000003
PUR000973,2014-07-05,ST186,SUP008,FUR-BO-10003034,14,100.59,2014-07-09,2014-07-14,Late,1408.26
PUR000974,2014-07-05,ST013,SUP014,OFF-PA-10003724,10,2.95,2014-07-08,2014-07-13,Late,29.5
PUR000975,2014-07-05,ST254,SUP008,OFF-AP-10001394,9,118.17,2014-07-08,2014-07-08,On Time,1063.53
PUR000976,2014-07-05,ST534,SUP002,FUR-CH-10003774,16,82.88,2014-07-09,2014-07-11,Late,1326.08
PUR000977,2014-07-05,ST331,SUP005,OFF-AR-10002987,14,12.13,2014-07-09,2014-07-13,Late,169.82000000000002
PUR000978,2014-07-05,ST534,SUP009,OFF-BI-10000088,3,5.87,2014-07-08,2014-07-09,Late,17.61
PUR000979,2014-07-05,ST370,SUP004,OFF-AP-10001124,17,61.59,2014-07-08,2014-07-13,Late,1047.03
PUR000980,2014-07-05,ST445,SUP004,OFF-AR-10000716,8,3.73,2014-07-10,2014-07-09,Early,29.84
PUR000981,2014-07-05,ST123,SUP010,OFF-PA-10003823,7,18.04,2014-07-11,2014-07-16,Late,126.28
PUR000982,2014-07-05,ST596,SUP001,OFF-PA-10002036,9,2.98,2014-07-11,2014-07-15,Late,26.82
PUR000983,2014-07-05,ST255,SUP002,OFF-PA-10000575,6,3.52,2014-07-09,2014-07-11,Late,21.12
PUR000984,2014-07-05,ST062,SUP006,OFF-ST-10003716,4,203.05,2014-07-08,2014-07-09,Late,812.2
PUR000985,2014-07-05,ST110,SUP013,OFF-AR-10003514,6,2.77,2014-07-09,2014-07-11,Late,16.62
PUR000986,2014-07-05,ST356,SUP009,OFF-PA-10000791,9,2.53,2014-07-11,2014-07-15,Late,22.77
PUR000987,2014-07-05,ST367,SUP007,OFF-EN-10000483,8,7.45,2014-07-09,2014-07-10,Late,59.6
PUR000988,2014-07-05,ST573,SUP008,OFF-PA-10002713,3,3.7,2014-07-10,2014-07-13,Late,11.100000000000001
PUR000989,2014-07-05,ST557,SUP003,TEC-AC-10004803,17,11.24,2014-07-10,2014-07-11,Late,191.08
PUR000990,2014-07-05,ST614,SUP014,OFF-PA-10004359,16,52.07,2014-07-12,2014-07-12,On Time,833.12
PUR000991,2014-07-05,ST303,SUP008,OFF-BI-10003650,4,275.21,2014-07-10,2014-07-13,Late,1100.84
PUR000992,2014-07-05,ST519,SUP013,OFF-AP-10001563,13,34.18,2014-07-11,2014-07-15,Late,444.34
PUR000993,2014-07-05,ST373,SUP010,FUR-TA-10004154,7,240.88,2014-07-12,2014-07-12,On Time,1686.1599999999999
PUR000994,2014-07-05,ST552,SUP011,OFF-AR-10003903,12,31.66,2014-07-11,2014-07-11,On Time,379.92
PUR000995,2014-07-05,ST565,SUP013,FUR-FU-10004351,18,5.65,2014-07-09,2014-07-12,Late,101.7
PUR000996,2014-07-05,ST330,SUP011,TEC-PH-10001552,11,8.31,2014-07-08,2014-07-07,Early,91.41000000000001
PUR000997,2014-07-05,ST133,SUP001,OFF-BI-10002498,18,10.22,2014-07-09,2014-07-14,Late,183.96
PUR000998,2014-07-05,ST197,SUP008,TEC-AC-10000387,3,11.58,2014-07-08,2014-07-07,Early,34.74
PUR000999,2014-07-05,ST502,SUP007,OFF-BI-10003638,20,10.75,2014-07-12,2014-07-15,Late,215.0
PUR001000,2014-07-05,ST227,SUP006,OFF-BI-10002026,20,25.55,2014-07-12,2014-07-16,Late,511.0
PUR001001,2014-07-05,ST214,SUP015,OFF-EN-10001434,4,24.26,2014-07-11,2014-07-16,Late,97.04
PUR001002,2014-07-05,ST063,SUP011,FUR-TA-10004175,4,243.99,2014-07-10,2014-07-13,Late,975.96
PUR001003,2014-07-05,ST060,SUP013,OFF-BI-10000948,15,8.05,2014-07-12,2014-07-13,Late,120.75000000000001
PUR001004,2014-07-05,ST312,SUP002,OFF-AP-10004708,18,24.54,2014-07-08,2014-07-08,On Time,441.71999999999997
PUR001005,2014-07-05,ST237,SUP012,FUR-FU-10000672,18,7.14,2014-07-12,2014-07-14,Late,128.51999999999998
PUR001006,2014-07-05,ST255,SUP011,FUR-CH-10002335,8,157.44,2014-07-12,2014-07-16,Late,1259.52
PUR001007,2014-07-05,ST426,SUP009,OFF-BI-10003712,7,2.53,2014-07-08,2014-07-13,Late,17.709999999999997
PUR001008,2014-07-05,ST438,SUP008,FUR-TA-10000198,20,460.38,2014-07-08,2014-07-08,On Time,9207.6
PUR001009,2014-07-05,ST346,SUP009,FUR-CH-10000988,7,102.4,2014-07-09,2014-07-12,Late,716.8000000000001
PUR001010,2014-07-05,ST323,SUP015,OFF-AP-10004036,16,12.38,2014-07-12,2014-07-13,Late,198.08
PUR001011,2014-07-05,ST441,SUP011,OFF-PA-10001736,13,18.45,2014-07-10,2014-07-13,Late,239.85
PUR001012,2014-07-05,ST385,SUP004,OFF-ST-10001418,9,60.52,2014-07-12,2014-07-16,Late,544.6800000000001
PUR001013,2014-07-05,ST459,SUP008,FUR-FU-10002364,10,5.09,2014-07-11,2014-07-10,Early,50.9
PUR001014,2014-07-05,ST017,SUP010,TEC-AC-10002473,3,18.36,2014-07-12,2014-07-12,On Time,55.08
PUR001015,2014-07-05,ST220,SUP004,OFF-EN-10002500,11,6.34,2014-07-10,2014-07-09,Early,69.74
PUR001016,2014-07-05,ST570,SUP009,FUR-TA-10001520,10,64.2,2014-07-12,2014-07-15,Late,642.0
PUR001017,2014-07-05,ST365,SUP008,OFF-PA-10004911,6,4.48,2014-07-09,2014-07-09,On Time,26.880000000000003
PUR001018,2014-07-05,ST256,SUP010,OFF-BI-10001597,10,20.74,2014-07-09,2014-07-10,Late,207.39999999999998
PUR001019,2014-07-05,ST583,SUP007,OFF-BI-10003727,11,2.0,2014-07-09,2014-07-13,Late,22.0
PUR001020,2014-07-05,ST495,SUP013,OFF-PA-10002479,4,3.03,2014-07-09,2014-07-11,Late,12.12
PUR001021,2014-07-05,ST610,SUP002,OFF-BI-10003291,20,4.92,2014-07-10,2014-07-09,Early,98.4
PUR001022,2014-07-05,ST058,SUP013,TEC-PH-10000984,20,137.77,2014-07-10,2014-07-11,Late,2755.4
PUR001023,2014-07-05,ST124,SUP014,OFF-LA-10003190,15,1.44,2014-07-09,2014-07-13,Late,21.599999999999998
PUR001024,2014-07-05,ST392,SUP011,OFF-LA-10000262,2,1.45,2014-07-08,2014-07-09,Late,2.9
PUR001025,2014-07-05,ST579,SUP009,TEC-MA-10004626,18,57.76,2014-07-09,2014-07-10,Late,1039.68
PUR001026,2014-07-05,ST052,SUP003,FUR-CH-10002024,18,582.97,2014-07-11,2014-07-13,Late,10493.460000000001
PUR001027,2014-07-05,ST443,SUP004,TEC-MA-10000488,20,568.53,2014-07-10,2014-07-15,Late,11370.599999999999
PUR001028,2014-07-05,ST085,SUP006,FUR-FU-10004597,14,44.89,2014-07-11,2014-07-14,Late,628.46
PUR001029,2014-07-05,ST088,SUP005,TEC-PH-10003555,3,22.75,2014-07-11,2014-07-14,Late,68.25
PUR001030,2014-07-05,ST139,SUP003,FUR-FU-10000820,15,14.69,2014-07-11,2014-07-14,Late,220.35
PUR001031,2014-07-05,ST586,SUP011,OFF-PA-10002787,8,3.36,2014-07-09,2014-07-12,Late,26.88
PUR001032,2014-07-05,ST273,SUP002,TEC-AC-10001109,18,16.51,2014-07-11,2014-07-12,Late,297.18
PUR001033,2014-07-05,ST424,SUP011,OFF-BI-10000320,20,3.45,2014-07-11,2014-07-12,Late,69.0
PUR001034,2014-07-05,ST609,SUP006,OFF-BI-10000138,13,2.28,2014-07-08,2014-07-13,Late,29.639999999999997
PUR001035,2014-07-05,ST632,SUP006,OFF-PA-10004971,11,2.75,2014-07-11,2014-07-14,Late,30.25
PUR001036,2014-07-05,ST240,SUP015,OFF-PA-10000157,6,10.46,2014-07-09,2014-07-13,Late,62.760000000000005
PUR001037,2014-07-05,ST088,SUP012,FUR-CH-10003396,13,63.8,2014-07-08,2014-07-12,Late,829.4
PUR001038,2014-07-05,ST152,SUP010,FUR-FU-10002111,3,4.28,2014-07-10,2014-07-09,Early,12.84
PUR001039,2014-07-05,ST313,SUP002,TEC-AC-10001465,12,26.41,2014-07-11,2014-07-13,Late,316.92
PUR001040,2014-07-05,ST551,SUP012,OFF-SU-10002503,2,3.9,2014-07-09,2014-07-09,On Time,7.8
PUR001041,2014-07-20,ST562,SUP005,FUR-BO-10004709,19,45.43,2014-07-26,2014-07-29,Late,863.17
PUR001042,2014-07-20,ST019,SUP011,OFF-LA-10002945,6,3.53,2014-07-26,2014-07-29,Late,21.18
PUR001043,2014-07-20,ST062,SUP003,OFF-AR-10002067,18,13.34,2014-07-25,2014-07-25,On Time,240.12
PUR001044,2014-07-20,ST009,SUP011,TEC-PH-10003691,10,86.05,2014-07-23,2014-07-25,Late,860.5
PUR001045,2014-07-20,ST369,SUP015,TEC-AC-10001013,10,20.26,2014-07-23,2014-07-22,Early,202.60000000000002
PUR001046,2014-07-20,ST396,SUP011,OFF-BI-10002026,11,28.84,2014-07-24,2014-07-26,Late,317.24
PUR001047,2014-07-20,ST324,SUP002,OFF-AP-10004487,18,64.13,2014-07-26,2014-07-31,Late,1154.34
PUR001048,2014-07-20,ST513,SUP004,OFF-PA-10004255,19,3.09,2014-07-26,2014-07-29,Late,58.709999999999994
PUR001049,2014-07-20,ST543,SUP015,OFF-ST-10000078,2,197.42,2014-07-25,2014-07-26,Late,394.84
PUR001050,2014-07-20,ST019,SUP003,OFF-ST-10002486,17,6.69,2014-07-25,2014-07-29,Late,113.73
PUR001051,2014-07-20,ST242,SUP005,OFF-AR-10003856,13,2.0,2014-07-27,2014-07-28,Late,26.0
PUR001052,2014-07-20,ST397,SUP015,OFF-AR-10004078,3,4.19,2014-07-23,2014-07-26,Late,12.57
PUR001053,2014-07-20,ST403,SUP006,OFF-PA-10002960,10,2.49,2014-07-24,2014-07-23,Early,24.900000000000002
PUR001054,2014-07-20,ST628,SUP011,TEC-AC-10002567,14,51.41,2014-07-24,2014-07-26,Late,719.74
PUR001055,2014-07-20,ST320,SUP007,OFF-BI-10001597,9,21.62,2014-07-27,2014-07-28,Late,194.58
PUR001056,2014-07-20,ST142,SUP004,FUR-BO-10004015,16,94.38,2014-07-27,2014-07-30,Late,1510.08
PUR001057,2014-07-20,ST537,SUP005,TEC-AC-10001553,8,14.4,2014-07-24,2014-07-26,Late,115.2
PUR001058,2014-07-20,ST162,SUP010,OFF-AR-10004999,6,4.63,2014-07-25,2014-07-24,Early,27.78
PUR001059,2014-07-20,ST122,SUP012,OFF-BI-10002353,19,7.77,2014-07-24,2014-07-25,Late,147.63
PUR001060,2014-07-20,ST327,SUP013,OFF-BI-10001098,6,11.4,2014-07-26,2014-07-28,Late,68.4
PUR001061,2014-07-20,ST281,SUP015,OFF-PA-10004359,11,53.9,2014-07-24,2014-07-29,Late,592.9
PUR001062,2014-07-20,ST027,SUP003,FUR-CH-10002304,8,17.95,2014-07-27,2014-07-30,Late,143.6
PUR001063,2014-07-20,ST237,SUP010,OFF-SU-10001218,10,8.07,2014-07-27,2014-07-27,On Time,80.7
PUR001064,2014-07-20,ST082,SUP006,OFF-AP-10002311,9,39.98,2014-07-26,2014-07-26,On Time,359.82
PUR001065,2014-07-20,ST383,SUP008,FUR-FU-10002885,18,3.2,2014-07-24,2014-07-29,Late,57.6
PUR001066,2014-07-20,ST168,SUP003,FUR-FU-10001847,14,2.65,2014-07-24,2014-07-24,On Time,37.1
PUR001067,2014-07-20,ST277,SUP001,FUR-CH-10002602,3,109.68,2014-07-26,2014-07-26,On Time,329.04
PUR001068,2014-07-20,ST182,SUP002,FUR-FU-10002759,8,13.45,2014-07-26,2014-07-31,Late,107.6
PUR001069,2014-07-20,ST469,SUP014,FUR-CH-10004495,17,221.72,2014-07-24,2014-07-26,Late,3769.24
PUR001070,2014-07-20,ST390,SUP010,OFF-EN-10001990,14,3.18,2014-07-25,2014-07-27,Late,44.52
PUR001071,2014-07-20,ST040,SUP009,OFF-BI-10002498,20,10.09,2014-07-27,2014-07-26,Early,201.8
PUR001072,2014-07-20,ST044,SUP015,TEC-AC-10002637,16,167.73,2014-07-24,2014-07-27,Late,2683.68
PUR001073,2014-07-20,ST041,SUP012,FUR-FU-10000087,19,13.12,2014-07-27,2014-07-29,Late,249.27999999999997
PUR001074,2014-07-20,ST195,SUP001,FUR-CH-10001708,18,117.28,2014-07-25,2014-07-27,Late,2111.04
PUR001075,2014-07-20,ST293,SUP013,TEC-AC-10002558,14,7.96,2014-07-26,2014-07-26,On Time,111.44
PUR001076,2014-07-20,ST056,SUP015,OFF-AR-10003045,15,1.55,2014-07-27,2014-07-27,On Time,23.25
PUR001077,2014-07-20,ST093,SUP008,TEC-AC-10004571,16,61.82,2014-07-27,2014-07-26,Early,989.12
PUR001078,2014-07-20,ST560,SUP015,OFF-BI-10004209,7,4.67,2014-07-24,2014-07-26,Late,32.69
PUR001079,2014-07-20,ST184,SUP001,OFF-AP-10003287,15,35.4,2014-07-26,2014-07-29,Late,531.0
PUR001080,2014-07-20,ST257,SUP002,FUR-CH-10003774,8,85.21,2014-07-25,2014-07-29,Late,681.68
PUR001081,2014-07-20,ST094,SUP002,TEC-MA-10000029,7,41.64,2014-07-23,2014-07-27,Late,291.48
PUR001082,2014-07-20,ST537,SUP002,FUR-CH-10002880,16,112.4,2014-07-26,2014-07-30,Late,1798.4
PUR001083,2014-07-20,ST388,SUP003,OFF-BI-10004654,18,4.73,2014-07-27,2014-07-29,Late,85.14000000000001
PUR001084,2014-07-20,ST344,SUP015,FUR-FU-10001876,3,21.9,2014-07-27,2014-08-01,Late,65.69999999999999
PUR001085,2014-07-20,ST184,SUP003,OFF-ST-10004337,6,57.1,2014-07-23,2014-07-25,Late,342.6
PUR001086,2014-07-20,ST457,SUP013,OFF-PA-10003656,11,13.7,2014-07-25,2014-07-29,Late,150.7
PUR001087,2014-07-20,ST208,SUP003,OFF-PA-10000380,7,3.85,2014-07-23,2014-07-26,Late,26.95
PUR001088,2014-07-20,ST511,SUP008,TEC-PH-10003505,10,59.46,2014-07-27,2014-08-01,Late,594.6
PUR001089,2014-07-20,ST244,SUP008,OFF-EN-10001141,2,5.72,2014-07-24,2014-07-27,Late,11.44
PUR001090,2014-07-20,ST082,SUP008,FUR-TA-10000688,17,179.14,2014-07-27,2014-07-30,Late,3045.3799999999997
PUR001091,2014-07-20,ST285,SUP009,OFF-AP-10004859,2,10.09,2014-07-27,2014-07-31,Late,20.18
PUR001092,2014-07-20,ST051,SUP004,TEC-PH-10003215,19,16.25,2014-07-24,2014-07-24,On Time,308.75
PUR001093,2014-07-20,ST149,SUP001,OFF-BI-10004233,3,8.57,2014-07-23,2014-07-27,Late,25.71
PUR001094,2014-07-20,ST340,SUP005,OFF-ST-10003805,20,168.59,2014-07-23,2014-07-22,Early,3371.8
PUR001095,2014-07-20,ST166,SUP003,FUR-FU-10003930,5,44.88,2014-07-25,2014-07-28,Late,224.4
PUR001096,2014-07-20,ST467,SUP003,OFF-AP-10000696,20,10.22,2014-07-27,2014-07-28,Late,204.4
PUR001097,2014-07-20,ST331,SUP005,FUR-CH-10003817,3,41.85,2014-07-25,2014-07-27,Late,125.55000000000001
PUR001098,2014-07-20,ST564,SUP014,OFF-AP-10001469,4,31.14,2014-07-23,2014-07-24,Late,124.56
PUR001099,2014-07-20,ST282,SUP012,OFF-ST-10002562,17,6.26,2014-07-25,2014-07-28,Late,106.42
PUR001100,2014-07-20,ST215,SUP012,FUR-CH-10004086,15,208.15,2014-07-27,2014-07-26,Early,3122.25
PUR001101,2014-07-20,ST542,SUP011,OFF-PA-10001838,5,3.04,2014-07-23,2014-07-25,Late,15.2
PUR001102,2014-07-20,ST325,SUP014,FUR-FU-10003806,11,134.24,2014-07-25,2014-07-28,Late,1476.64
PUR001103,2014-07-20,ST133,SUP006,OFF-BI-10001524,20,11.99,2014-07-27,2014-07-30,Late,239.8
PUR001104,2014-07-20,ST510,SUP011,OFF-AR-10004042,17,12.82,2014-07-26,2014-07-31,Late,217.94
PUR001105,2014-07-20,ST298,SUP004,TEC-PH-10001363,7,429.61,2014-07-24,2014-07-23,Early,3007.27
PUR001106,2014-07-20,ST121,SUP011,FUR-FU-10001979,5,26.69,2014-07-24,2014-07-29,Late,133.45000000000002
PUR001107,2014-07-20,ST359,SUP006,OFF-BI-10002852,15,8.26,2014-07-27,2014-08-01,Late,123.89999999999999
PUR001108,2014-07-20,ST289,SUP004,OFF-AR-10004757,8,1.98,2014-07-25,2014-07-30,Late,15.84
PUR001109,2014-07-20,ST564,SUP009,OFF-BI-10002133,4,20.99,2014-07-25,2014-07-30,Late,83.96
PUR001110,2014-07-20,ST350,SUP006,OFF-PA-10001260,2,4.07,2014-07-26,2014-07-30,Late,8.14
PUR001111,2014-07-20,ST180,SUP001,FUR-FU-10002456,20,4.25,2014-07-24,2014-07-25,Late,85.0
PUR001112,2014-07-20,ST486,SUP008,OFF-ST-10001228,12,11.21,2014-07-23,2014-07-27,Late,134.52
PUR001113,2014-07-20,ST472,SUP011,FUR-FU-10001861,6,9.86,2014-07-27,2014-07-28,Late,59.16
PUR001114,2014-07-20,ST058,SUP007,TEC-MA-10000822,16,1257.58,2014-07-27,2014-07-28,Late,20121.28
PUR001115,2014-07-20,ST569,SUP006,OFF-AP-10001293,20,30.83,2014-07-27,2014-07-26,Early,616.5999999999999
PUR001116,2014-07-20,ST363,SUP006,OFF-LA-10001934,8,3.93,2014-07-23,2014-07-23,On Time,31.44
PUR001117,2014-07-20,ST385,SUP006,OFF-PA-10000806,10,30.5,2014-07-27,2014-08-01,Late,305.0
PUR001118,2014-07-20,ST192,SUP007,TEC-AC-10000844,7,55.17,2014-07-27,2014-07-26,Early,386.19
PUR001119,2014-07-20,ST033,SUP006,OFF-BI-10002432,11,2.79,2014-07-25,2014-07-27,Late,30.69
PUR001120,2014-07-20,ST381,SUP004,OFF-FA-10000053,4,1.85,2014-07-26,2014-07-31,Late,7.4
PUR001121,2014-08-05,ST180,SUP005,OFF-BI-10004209,11,4.17,2014-08-08,2014-08-09,Late,45.87
PUR001122,2014-08-05,ST095,SUP015,OFF-LA-10000443,3,2.06,2014-08-11,2014-08-14,Late,6.18
PUR001123,2014-08-05,ST513,SUP015,OFF-FA-10000304,2,1.36,2014-08-09,2014-08-09,On Time,2.72
PUR001124,2014-08-05,ST537,SUP012,FUR-CH-10003981,12,197.91,2014-08-10,2014-08-15,Late,2374.92
PUR001125,2014-08-05,ST101,SUP014,FUR-BO-10002613,12,182.65,2014-08-12,2014-08-16,Late,2191.8
PUR001126,2014-08-05,ST471,SUP001,OFF-AR-10000940,6,2.02,2014-08-11,2014-08-15,Late,12.120000000000001
PUR001127,2014-08-05,ST046,SUP005,OFF-BI-10002082,18,15.36,2014-08-12,2014-08-17,Late,276.48
PUR001128,2014-08-05,ST048,SUP015,OFF-ST-10001228,4,10.0,2014-08-08,2014-08-11,Late,40.0
PUR001129,2014-08-05,ST320,SUP013,TEC-PH-10002680,11,139.29,2014-08-09,2014-08-10,Late,1532.1899999999998
PUR001130,2014-08-05,ST546,SUP005,OFF-SU-10001218,8,7.42,2014-08-10,2014-08-15,Late,59.36
PUR001131,2014-08-05,ST153,SUP005,OFF-LA-10001569,16,2.78,2014-08-09,2014-08-10,Late,44.48
PUR001132,2014-08-05,ST574,SUP010,FUR-CH-10004675,5,141.79,2014-08-12,2014-08-11,Early,708.9499999999999
PUR001133,2014-08-05,ST327,SUP009,OFF-BI-10004022,8,1.51,2014-08-10,2014-08-10,On Time,12.08
PUR001134,2014-08-05,ST073,SUP003,TEC-AC-10004469,11,22.7,2014-08-10,2014-08-13,Late,249.7
PUR001135,2014-08-05,ST134,SUP001,OFF-ST-10002615,12,115.68,2014-08-08,2014-08-10,Late,1388.16
PUR001136,2014-08-05,ST089,SUP001,OFF-AR-10002578,3,1.88,2014-08-11,2014-08-13,Late,5.64
PUR001137,2014-08-05,ST607,SUP015,OFF-AP-10004859,7,11.06,2014-08-11,2014-08-14,Late,77.42
PUR001138,2014-08-05,ST203,SUP014,TEC-AC-10004877,13,6.11,2014-08-12,2014-08-11,Early,79.43
PUR001139,2014-08-05,ST480,SUP002,OFF-AP-10004540,16,58.5,2014-08-08,2014-08-10,Late,936.0
PUR001140,2014-08-05,ST477,SUP012,OFF-BI-10002160,11,2.05,2014-08-11,2014-08-11,On Time,22.549999999999997
PUR001141,2014-08-05,ST632,SUP015,OFF-BI-10001922,9,2.92,2014-08-10,2014-08-11,Late,26.28
PUR001142,2014-08-05,ST339,SUP015,OFF-BI-10002309,14,2.72,2014-08-10,2014-08-12,Late,38.080000000000005
PUR001143,2014-08-05,ST116,SUP008,OFF-BI-10000014,17,5.24,2014-08-10,2014-08-12,Late,89.08
PUR001144,2014-08-05,ST357,SUP005,OFF-LA-10000248,16,2.09,2014-08-12,2014-08-15,Late,33.44
PUR001145,2014-08-05,ST110,SUP007,OFF-ST-10001097,6,167.54,2014-08-10,2014-08-13,Late,1005.24
PUR001146,2014-08-05,ST473,SUP009,TEC-AC-10001767,4,37.67,2014-08-11,2014-08-14,Late,150.68
PUR001147,2014-08-05,ST562,SUP004,TEC-AC-10003628,15,15.92,2014-08-09,2014-08-11,Late,238.8
PUR001148,2014-08-05,ST606,SUP004,FUR-FU-10000723,14,34.34,2014-08-11,2014-08-16,Late,480.76000000000005
PUR001149,2014-08-05,ST558,SUP006,OFF-PA-10004243,15,10.0,2014-08-09,2014-08-09,On Time,150.0
PUR001150,2014-08-05,ST588,SUP012,OFF-LA-10004484,4,2.34,2014-08-11,2014-08-10,Early,9.36
PUR001151,2014-08-05,ST569,SUP006,OFF-AP-10001469,20,30.18,2014-08-08,2014-08-13,Late,603.6
PUR001152,2014-08-05,ST072,SUP007,FUR-FU-10003799,16,11.47,2014-08-12,2014-08-11,Early,183.52
PUR001153,2014-08-05,ST063,SUP011,OFF-AP-10002518,14,122.0,2014-08-08,2014-08-08,On Time,1708.0
PUR001154,2014-08-05,ST001,SUP015,TEC-PH-10004912,6,42.04,2014-08-09,2014-08-13,Late,252.24
PUR001155,2014-08-05,ST400,SUP005,TEC-AC-10001013,6,19.44,2014-08-12,2014-08-15,Late,116.64000000000001
PUR001156,2014-08-05,ST325,SUP011,FUR-FU-10001057,16,14.46,2014-08-10,2014-08-13,Late,231.36
PUR001157,2014-08-05,ST446,SUP015,TEC-AC-10000158,11,30.81,2014-08-10,2014-08-09,Early,338.90999999999997
PUR001158,2014-08-05,ST414,SUP009,TEC-AC-10001635,20,7.41,2014-08-09,2014-08-14,Late,148.2
PUR001159,2014-08-05,ST563,SUP015,OFF-EN-10003072,11,1.84,2014-08-08,2014-08-07,Early,20.240000000000002
PUR001160,2014-08-05,ST113,SUP006,FUR-FU-10001591,19,7.53,2014-08-10,2014-08-15,Late,143.07
PUR001161,2014-08-05,ST605,SUP012,TEC-AC-10002857,2,4.87,2014-08-11,2014-08-15,Late,9.74
PUR001162,2014-08-05,ST391,SUP007,TEC-AC-10002345,12,11.34,2014-08-11,2014-08-14,Late,136.07999999999998
PUR001163,2014-08-05,ST143,SUP008,TEC-PH-10000673,8,34.89,2014-08-09,2014-08-12,Late,279.12
PUR001164,2014-08-05,ST428,SUP006,TEC-PH-10001300,14,16.12,2014-08-09,2014-08-10,Late,225.68
PUR001165,2014-08-05,ST017,SUP002,FUR-FU-10004351,6,5.06,2014-08-09,2014-08-13,Late,30.36
PUR001166,2014-08-05,ST087,SUP003,OFF-AR-10002445,17,4.53,2014-08-09,2014-08-13,Late,77.01
PUR001167,2014-08-05,ST619,SUP015,OFF-PA-10000061,15,3.61,2014-08-11,2014-08-14,Late,54.15
PUR001168,2014-08-05,ST566,SUP007,TEC-AC-10003280,7,23.48,2014-08-11,2014-08-13,Late,164.36
PUR001169,2014-08-05,ST620,SUP007,FUR-FU-10004597,13,45.64,2014-08-08,2014-08-11,Late,593.32
PUR001170,2014-08-05,ST514,SUP004,OFF-SU-10002522,17,2.95,2014-08-10,2014-08-12,Late,50.150000000000006
PUR001171,2014-08-05,ST039,SUP001,OFF-PA-10000327,19,2.39,2014-08-12,2014-08-14,Late,45.410000000000004
PUR001172,2014-08-05,ST082,SUP008,TEC-PH-10002275,13,125.55,2014-08-09,2014-08-13,Late,1632.1499999999999
PUR001173,2014-08-05,ST287,SUP013,OFF-BI-10000545,18,417.29,2014-08-11,2014-08-14,Late,7511.22
PUR001174,2014-08-05,ST091,SUP010,OFF-BI-10001267,4,3.22,2014-08-09,2014-08-11,Late,12.88
PUR001175,2014-08-05,ST594,SUP009,OFF-PA-10003848,4,3.49,2014-08-10,2014-08-13,Late,13.96
PUR001176,2014-08-05,ST012,SUP009,TEC-PH-10003171,3,34.98,2014-08-11,2014-08-13,Late,104.94
PUR001177,2014-08-05,ST340,SUP010,TEC-MA-10000418,18,2400.28,2014-08-11,2014-08-12,Late,43205.04
PUR001178,2014-08-05,ST612,SUP001,OFF-EN-10000781,11,4.44,2014-08-10,2014-08-14,Late,48.84
PUR001179,2014-08-05,ST485,SUP011,OFF-PA-10000552,20,3.21,2014-08-12,2014-08-12,On Time,64.2
PUR001180,2014-08-05,ST028,SUP005,OFF-AR-10003631,20,2.95,2014-08-10,2014-08-12,Late,59.0
PUR001181,2014-08-05,ST285,SUP002,OFF-PA-10001526,4,2.35,2014-08-10,2014-08-10,On Time,9.4
PUR001182,2014-08-05,ST015,SUP005,TEC-AC-10004510,10,14.06,2014-08-08,2014-08-11,Late,140.6
PUR001183,2014-08-05,ST155,SUP012,OFF-BI-10000605,7,2.18,2014-08-11,2014-08-12,Late,15.260000000000002
PUR001184,2014-08-05,ST242,SUP012,OFF-AR-10003481,7,2.22,2014-08-11,2014-08-11,On Time,15.540000000000001
PUR001185,2014-08-05,ST087,SUP006,OFF-LA-10001474,18,17.68,2014-08-09,2014-08-12,Late,318.24
PUR001186,2014-08-05,ST423,SUP013,OFF-AP-10003622,6,2.46,2014-08-11,2014-08-11,On Time,14.76
PUR001187,2014-08-05,ST216,SUP003,TEC-PH-10004080,16,51.17,2014-08-12,2014-08-16,Late,818.72
PUR001188,2014-08-05,ST119,SUP005,TEC-AC-10004761,13,9.43,2014-08-08,2014-08-08,On Time,122.59
PUR001189,2014-08-05,ST488,SUP005,FUR-FU-10001025,16,2.71,2014-08-12,2014-08-12,On Time,43.36
PUR001190,2014-08-05,ST486,SUP007,OFF-AP-10000692,14,15.13,2014-08-10,2014-08-10,On Time,211.82000000000002
PUR001191,2014-08-05,ST296,SUP001,OFF-AR-10004752,18,2.06,2014-08-11,2014-08-13,Late,37.08
PUR001192,2014-08-05,ST043,SUP011,OFF-BI-10000829,12,2.65,2014-08-08,2014-08-11,Late,31.799999999999997
PUR001193,2014-08-05,ST626,SUP007,OFF-LA-10001613,13,1.6,2014-08-10,2014-08-11,Late,20.8
PUR001194,2014-08-05,ST262,SUP002,OFF-BI-10003350,10,3.28,2014-08-12,2014-08-14,Late,32.8
PUR001195,2014-08-05,ST248,SUP012,FUR-CH-10003298,16,125.7,2014-08-12,2014-08-17,Late,2011.2
PUR001196,2014-08-05,ST185,SUP011,OFF-AP-10000124,8,6.01,2014-08-10,2014-08-13,Late,48.08
PUR001197,2014-08-05,ST070,SUP014,TEC-PH-10004833,2,12.36,2014-08-08,2014-08-10,Late,24.72
PUR001198,2014-08-05,ST457,SUP011,OFF-ST-10001325,5,7.69,2014-08-10,2014-08-10,On Time,38.45
PUR001199,2014-08-05,ST025,SUP001,OFF-PA-10000295,11,3.2,2014-08-12,2014-08-11,Early,35.2
PUR001200,2014-08-05,ST223,SUP011,FUR-BO-10004015,3,101.8,2014-08-12,2014-08-16,Late,305.4
PUR001201,2014-08-20,ST089,SUP002,OFF-PA-10004100,5,3.51,2014-08-27,2014-08-27,On Time,17.549999999999997
PUR001202,2014-08-20,ST580,SUP015,OFF-PA-10001293,14,3.47,2014-08-24,2014-08-23,Early,48.580000000000005
PUR001203,2014-08-20,ST078,SUP008,OFF-BI-10003291,7,4.4,2014-08-26,2014-08-27,Late,30.800000000000004
PUR001204,2014-08-20,ST332,SUP011,OFF-ST-10002214,15,8.68,2014-08-25,2014-08-25,On Time,130.2
PUR001205,2014-08-20,ST392,SUP001,OFF-AR-10000475,4,8.13,2014-08-26,2014-08-27,Late,32.52
PUR001206,2014-08-20,ST272,SUP014,OFF-SU-10000946,3,5.39,2014-08-24,2014-08-26,Late,16.169999999999998
PUR001207,2014-08-20,ST206,SUP015,OFF-BI-10001658,4,13.43,2014-08-27,2014-08-29,Late,53.72
PUR001208,2014-08-20,ST148,SUP002,OFF-PA-10001667,7,3.38,2014-08-27,2014-09-01,Late,23.66
PUR001209,2014-08-20,ST109,SUP011,FUR-FU-10001185,15,17.22,2014-08-26,2014-08-30,Late,258.29999999999995
PUR001210,2014-08-20,ST073,SUP002,OFF-ST-10001228,10,9.52,2014-08-27,2014-08-31,Late,95.19999999999999
PUR001211,2014-08-20,ST510,SUP001,TEC-AC-10001635,10,8.68,2014-08-24,2014-08-28,Late,86.8
PUR001212,2014-08-20,ST400,SUP011,OFF-LA-10001613,2,1.6,2014-08-25,2014-08-25,On Time,3.2
PUR001213,2014-08-20,ST004,SUP010,TEC-AC-10000358,12,31.21,2014-08-27,2014-08-31,Late,374.52
PUR001214,2014-08-20,ST072,SUP007,FUR-FU-10004973,17,10.88,2014-08-27,2014-08-27,On Time,184.96
PUR001215,2014-08-20,ST494,SUP012,OFF-AP-10002457,2,74.63,2014-08-23,2014-08-26,Late,149.26
PUR001216,2014-08-20,ST342,SUP006,FUR-FU-10000221,19,3.64,2014-08-25,2014-08-27,Late,69.16
PUR001217,2014-08-20,ST093,SUP011,OFF-BI-10000174,3,3.1,2014-08-25,2014-08-28,Late,9.3
PUR001218,2014-08-20,ST297,SUP008,OFF-LA-10002312,12,6.78,2014-08-24,2014-08-24,On Time,81.36
PUR001219,2014-08-20,ST196,SUP007,OFF-LA-10001474,19,14.97,2014-08-25,2014-08-29,Late,284.43
PUR001220,2014-08-20,ST368,SUP011,FUR-CH-10004860,14,102.45,2014-08-26,2014-08-25,Early,1434.3
PUR001221,2014-08-20,ST037,SUP003,FUR-FU-10003194,16,7.07,2014-08-24,2014-08-23,Early,113.12
PUR001222,2014-08-20,ST065,SUP007,FUR-TA-10001889,20,329.66,2014-08-27,2014-08-31,Late,6593.200000000001
PUR001223,2014-08-20,ST461,SUP014,TEC-AC-10003038,11,7.25,2014-08-23,2014-08-22,Early,79.75
PUR001224,2014-08-20,ST044,SUP013,OFF-AP-10004487,12,53.35,2014-08-26,2014-08-25,Early,640.2
PUR001225,2014-08-20,ST536,SUP011,OFF-PA-10003302,8,19.94,2014-08-26,2014-08-30,Late,159.52
PUR001226,2014-08-20,ST239,SUP010,FUR-FU-10004960,19,14.1,2014-08-23,2014-08-22,Early,267.9
PUR001227,2014-08-20,ST483,SUP001,OFF-ST-10004123,6,90.78,2014-08-27,2014-08-26,Early,544.6800000000001
PUR001228,2014-08-20,ST015,SUP003,FUR-CH-10001482,9,121.27,2014-08-24,2014-08-28,Late,1091.43
PUR001229,2014-08-20,ST100,SUP014,FUR-FU-10003424,3,7.85,2014-08-26,2014-08-29,Late,23.549999999999997
PUR001230,2014-08-20,ST109,SUP002,TEC-AC-10001465,7,27.13,2014-08-23,2014-08-25,Late,189.91
PUR001231,2014-08-20,ST437,SUP004,OFF-AR-10000658,9,7.59,2014-08-25,2014-08-30,Late,68.31
PUR001232,2014-08-20,ST590,SUP011,OFF-ST-10000991,14,107.6,2014-08-27,2014-08-27,On Time,1506.3999999999999
PUR001233,2014-08-20,ST219,SUP013,OFF-PA-10001950,12,4.9,2014-08-23,2014-08-26,Late,58.800000000000004
PUR001234,2014-08-20,ST281,SUP002,OFF-AR-10004022,7,26.1,2014-08-24,2014-08-29,Late,182.70000000000002
PUR001235,2014-08-20,ST567,SUP006,OFF-BI-10003784,15,0.82,2014-08-24,2014-08-26,Late,12.299999999999999
PUR001236,2014-08-20,ST137,SUP001,FUR-FU-10000755,9,5.08,2014-08-23,2014-08-28,Late,45.72
PUR001237,2014-08-20,ST499,SUP001,FUR-FU-10002759,14,13.5,2014-08-23,2014-08-22,Early,189.0
PUR001238,2014-08-20,ST608,SUP002,OFF-ST-10001809,2,82.39,2014-08-25,2014-08-27,Late,164.78
PUR001239,2014-08-20,ST147,SUP004,OFF-AP-10000358,17,9.57,2014-08-25,2014-08-28,Late,162.69
PUR001240,2014-08-20,ST626,SUP003,FUR-FU-10000023,16,3.24,2014-08-23,2014-08-26,Late,51.84
PUR001241,2014-08-20,ST091,SUP010,OFF-BI-10001116,7,2.86,2014-08-25,2014-08-26,Late,20.02
PUR001242,2014-08-20,ST197,SUP004,FUR-CH-10002320,15,202.42,2014-08-23,2014-08-26,Late,3036.2999999999997
PUR001243,2014-08-20,ST553,SUP014,OFF-ST-10001172,5,16.32,2014-08-27,2014-08-27,On Time,81.6
PUR001244,2014-08-20,ST214,SUP011,TEC-AC-10003063,16,20.82,2014-08-25,2014-08-24,Early,333.12
PUR001245,2014-08-20,ST486,SUP003,TEC-AC-10000397,8,30.02,2014-08-26,2014-08-26,On Time,240.16
PUR001246,2014-08-20,ST056,SUP001,OFF-PA-10003016,7,1.79,2014-08-25,2014-08-26,Late,12.530000000000001
PUR001247,2014-08-20,ST632,SUP006,TEC-PH-10000439,8,28.02,2014-08-26,2014-08-25,Early,224.16
PUR001248,2014-08-20,ST551,SUP015,OFF-ST-10004186,5,113.99,2014-08-24,2014-08-24,On Time,569.9499999999999
PUR001249,2014-08-20,ST073,SUP002,OFF-PA-10000249,2,6.49,2014-08-24,2014-08-28,Late,12.98
PUR001250,2014-08-20,ST430,SUP006,FUR-TA-10003473,16,294.99,2014-08-24,2014-08-28,Late,4719.84
PUR001251,2014-08-20,ST334,SUP002,OFF-PA-10002377,12,10.72,2014-08-24,2014-08-23,Early,128.64000000000001
PUR001252,2014-08-20,ST205,SUP014,TEC-AC-10004510,9,15.42,2014-08-26,2014-08-26,On Time,138.78
PUR001253,2014-08-20,ST056,SUP008,OFF-AR-10002240,4,27.77,2014-08-26,2014-08-26,On Time,111.08
PUR001254,2014-08-20,ST183,SUP008,TEC-PH-10001944,8,110.91,2014-08-26,2014-08-27,Late,887.28
PUR001255,2014-08-20,ST368,SUP004,OFF-PA-10000994,6,54.06,2014-08-25,2014-08-25,On Time,324.36
PUR001256,2014-08-20,ST583,SUP012,OFF-PA-10001838,12,2.78,2014-08-23,2014-08-24,Late,33.36
PUR001257,2014-08-20,ST470,SUP008,OFF-LA-10000134,6,1.48,2014-08-26,2014-08-26,On Time,8.879999999999999
PUR001258,2014-08-20,ST619,SUP005,OFF-LA-10003720,12,1.85,2014-08-24,2014-08-29,Late,22.200000000000003
PUR001259,2014-08-20,ST236,SUP009,OFF-FA-10001561,7,1.48,2014-08-23,2014-08-25,Late,10.36
PUR001260,2014-08-20,ST606,SUP004,OFF-PA-10002764,18,5.77,2014-08-26,2014-08-31,Late,103.85999999999999
PUR001261,2014-08-20,ST439,SUP012,OFF-BI-10001294,16,6.15,2014-08-24,2014-08-24,On Time,98.4
PUR001262,2014-08-20,ST606,SUP004,OFF-AP-10001492,12,6.29,2014-08-24,2014-08-27,Late,75.48
PUR001263,2014-08-20,ST042,SUP001,FUR-CH-10003956,2,64.93,2014-08-26,2014-08-30,Late,129.86
PUR001264,2014-08-20,ST404,SUP009,OFF-AR-10004042,18,11.58,2014-08-26,2014-08-31,Late,208.44
PUR001265,2014-08-20,ST086,SUP004,OFF-AP-10003266,5,8.51,2014-08-27,2014-09-01,Late,42.55
PUR001266,2014-08-20,ST224,SUP007,OFF-LA-10003766,2,1.7,2014-08-24,2014-08-25,Late,3.4
PUR001267,2014-08-20,ST017,SUP002,FUR-CH-10003968,11,59.2,2014-08-26,2014-08-30,Late,651.2
PUR001268,2014-08-20,ST585,SUP008,TEC-CO-10002095,11,256.39,2014-08-27,2014-08-26,Early,2820.29
PUR001269,2014-08-20,ST416,SUP003,FUR-FU-10001037,16,5.18,2014-08-24,2014-08-29,Late,82.88
PUR001270,2014-08-20,ST002,SUP012,TEC-PH-10003691,13,96.89,2014-08-23,2014-08-25,Late,1259.57
PUR001271,2014-08-20,ST437,SUP005,OFF-ST-10000617,12,2.79,2014-08-25,2014-08-29,Late,33.480000000000004
PUR001272,2014-08-20,ST083,SUP004,TEC-AC-10002331,19,6.25,2014-08-27,2014-08-28,Late,118.75
PUR001273,2014-08-20,ST373,SUP015,FUR-FU-10000672,3,7.78,2014-08-23,2014-08-22,Early,23.34
PUR001274,2014-08-20,ST042,SUP010,OFF-AP-10000696,14,9.4,2014-08-25,2014-08-26,Late,131.6
PUR001275,2014-08-20,ST069,SUP012,OFF-AR-10004269,7,3.06,2014-08-27,2014-08-31,Late,21.42
PUR001276,2014-08-20,ST245,SUP006,FUR-TA-10003837,8,12.86,2014-08-27,2014-08-26,Early,102.88
PUR001277,2014-08-20,ST595,SUP013,FUR-CH-10001545,17,100.29,2014-08-24,2014-08-29,Late,1704.93
PUR001278,2014-08-20,ST274,SUP015,OFF-PA-10001260,9,4.25,2014-08-27,2014-08-31,Late,38.25
PUR001279,2014-08-20,ST382,SUP002,OFF-PA-10003971,15,2.91,2014-08-25,2014-08-27,Late,43.650000000000006
PUR001280,2014-08-20,ST126,SUP014,OFF-PA-10000019,17,3.37,2014-08-26,2014-08-30,Late,57.29
PUR001281,2014-09-05,ST300,SUP009,OFF-AR-10000422,19,1.66,2014-09-11,2014-09-14,Late,31.54
PUR001282,2014-09-05,ST068,SUP012,OFF-BI-10003476,13,3.16,2014-09-09,2014-09-11,Late,41.08
PUR001283,2014-09-05,ST184,SUP015,OFF-PA-10003641,4,13.05,2014-09-10,2014-09-09,Early,52.2
PUR001284,2014-09-05,ST152,SUP002,OFF-AP-10000804,5,3.13,2014-09-11,2014-09-11,On Time,15.649999999999999
PUR001285,2014-09-05,ST024,SUP011,FUR-FU-10000448,8,15.24,2014-09-10,2014-09-12,Late,121.92
PUR001286,2014-09-05,ST356,SUP008,TEC-PH-10001300,19,16.39,2014-09-11,2014-09-13,Late,311.41
PUR001287,2014-09-05,ST023,SUP002,FUR-CH-10000785,2,128.34,2014-09-09,2014-09-14,Late,256.68
PUR001288,2014-09-05,ST593,SUP007,OFF-PA-10000482,18,20.69,2014-09-10,2014-09-14,Late,372.42
PUR001289,2014-09-05,ST543,SUP011,TEC-PH-10002170,12,50.25,2014-09-12,2014-09-14,Late,603.0
PUR001290,2014-09-05,ST314,SUP003,OFF-PA-10001815,16,24.0,2014-09-09,2014-09-14,Late,384.0
PUR001291,2014-09-05,ST296,SUP006,FUR-TA-10002903,10,186.59,2014-09-08,2014-09-08,On Time,1865.9
PUR001292,2014-09-05,ST165,SUP003,TEC-CO-10000971,13,200.94,2014-09-12,2014-09-13,Late,2612.22
PUR001293,2014-09-05,ST158,SUP014,TEC-MA-10003979,7,390.78,2014-09-09,2014-09-09,On Time,2735.46
PUR001294,2014-09-05,ST589,SUP006,OFF-BI-10003650,5,248.41,2014-09-09,2014-09-11,Late,1242.05
PUR001295,2014-09-05,ST576,SUP004,TEC-AC-10004510,10,14.34,2014-09-08,2014-09-12,Late,143.4
PUR001296,2014-09-05,ST382,SUP003,TEC-CO-10001046,12,421.8,2014-09-11,2014-09-14,Late,5061.6
PUR001297,2014-09-05,ST026,SUP002,OFF-PA-10000100,7,21.05,2014-09-11,2014-09-13,Late,147.35
PUR001298,2014-09-05,ST328,SUP015,OFF-ST-10001325,6,8.34,2014-09-09,2014-09-08,Early,50.04
PUR001299,2014-09-05,ST303,SUP006,FUR-FU-10004415,19,3.39,2014-09-11,2014-09-12,Late,64.41
PUR001300,2014-09-05,ST579,SUP013,FUR-TA-10001095,20,142.28,2014-09-11,2014-09-12,Late,2845.6
PUR001301,2014-09-05,ST042,SUP015,OFF-PA-10002137,5,4.48,2014-09-09,2014-09-13,Late,22.400000000000002
PUR001302,2014-09-05,ST412,SUP001,OFF-BI-10004001,19,8.5,2014-09-12,2014-09-17,Late,161.5
PUR001303,2014-09-05,ST335,SUP002,TEC-AC-10001142,9,70.33,2014-09-08,2014-09-11,Late,632.97
PUR001304,2014-09-05,ST285,SUP004,OFF-BI-10000848,8,3.0,2014-09-09,2014-09-08,Early,24.0
PUR001305,2014-09-05,ST090,SUP008,OFF-LA-10000134,4,1.61,2014-09-12,2014-09-14,Late,6.44
PUR001306,2014-09-05,ST620,SUP010,OFF-PA-10001593,8,3.28,2014-09-12,2014-09-11,Early,26.24
PUR001307,2014-09-05,ST438,SUP012,FUR-BO-10003450,13,52.25,2014-09-10,2014-09-12,Late,679.25
PUR001308,2014-09-05,ST360,SUP006,FUR-CH-10000422,13,68.97,2014-09-10,2014-09-12,Late,896.61
PUR001309,2014-09-05,ST455,SUP012,OFF-LA-10002034,19,2.3,2014-09-11,2014-09-16,Late,43.699999999999996
PUR001310,2014-09-05,ST435,SUP013,OFF-PA-10003395,16,52.22,2014-09-11,2014-09-11,On Time,835.52
PUR001311,2014-09-05,ST213,SUP003,FUR-FU-10001889,20,7.19,2014-09-10,2014-09-12,Late,143.8
PUR001312,2014-09-05,ST605,SUP002,OFF-LA-10001613,18,1.61,2014-09-11,2014-09-10,Early,28.98
PUR001313,2014-09-05,ST280,SUP015,OFF-ST-10001496,2,130.93,2014-09-11,2014-09-11,On Time,261.86
PUR001314,2014-09-05,ST141,SUP010,OFF-BI-10004224,19,36.72,2014-09-09,2014-09-09,On Time,697.68
PUR001315,2014-09-05,ST044,SUP008,TEC-PH-10000895,14,127.58,2014-09-10,2014-09-15,Late,1786.12
PUR001316,2014-09-05,ST475,SUP009,FUR-FU-10000277,20,76.92,2014-09-09,2014-09-08,Early,1538.4
PUR001317,2014-09-05,ST484,SUP005,OFF-AR-10004511,2,2.75,2014-09-08,2014-09-12,Late,5.5
PUR001318,2014-09-05,ST251,SUP008,OFF-PA-10002230,11,2.5,2014-09-08,2014-09-07,Early,27.5
PUR001319,2014-09-05,ST614,SUP002,OFF-BI-10001132,10,2.74,2014-09-10,2014-09-13,Late,27.400000000000002
PUR001320,2014-09-05,ST265,SUP014,TEC-PH-10001552,17,8.72,2014-09-11,2014-09-15,Late,148.24
PUR001321,2014-09-05,ST590,SUP012,OFF-PA-10000806,5,27.83,2014-09-08,2014-09-13,Late,139.14999999999998
PUR001322,2014-09-05,ST150,SUP001,FUR-BO-10003546,10,70.63,2014-09-10,2014-09-12,Late,706.3
PUR001323,2014-09-05,ST280,SUP001,OFF-BI-10001757,6,2.49,2014-09-10,2014-09-12,Late,14.940000000000001
PUR001324,2014-09-05,ST543,SUP005,OFF-PA-10003657,13,2.14,2014-09-08,2014-09-11,Late,27.82
PUR001325,2014-09-05,ST097,SUP003,FUR-FU-10004864,8,32.02,2014-09-12,2014-09-17,Late,256.16
PUR001326,2014-09-05,ST324,SUP014,TEC-AC-10002942,7,57.77,2014-09-10,2014-09-11,Late,404.39000000000004
PUR001327,2014-09-05,ST361,SUP010,OFF-LA-10003720,13,1.8,2014-09-09,2014-09-08,Early,23.400000000000002
PUR001328,2014-09-05,ST497,SUP006,OFF-AP-10000026,6,43.45,2014-09-11,2014-09-12,Late,260.70000000000005
PUR001329,2014-09-05,ST516,SUP003,FUR-CH-10002017,7,17.66,2014-09-09,2014-09-14,Late,123.62
PUR001330,2014-09-05,ST629,SUP009,OFF-BI-10003910,8,4.49,2014-09-12,2014-09-17,Late,35.92
PUR001331,2014-09-05,ST117,SUP012,OFF-LA-10002787,19,2.03,2014-09-11,2014-09-13,Late,38.56999999999999
PUR001332,2014-09-05,ST018,SUP003,OFF-LA-10002312,4,6.83,2014-09-11,2014-09-12,Late,27.32
PUR001333,2014-09-05,ST453,SUP003,FUR-TA-10000198,11,491.95,2014-09-12,2014-09-15,Late,5411.45
PUR001334,2014-09-05,ST030,SUP005,OFF-AR-10003478,12,4.56,2014-09-08,2014-09-08,On Time,54.72
PUR001335,2014-09-05,ST233,SUP003,OFF-SU-10000157,6,125.27,2014-09-10,2014-09-10,On Time,751.62
PUR001336,2014-09-05,ST436,SUP002,OFF-LA-10002195,8,1.48,2014-09-08,2014-09-07,Early,11.84
PUR001337,2014-09-05,ST442,SUP013,OFF-PA-10001970,2,17.5,2014-09-08,2014-09-08,On Time,35.0
PUR001338,2014-09-05,ST526,SUP011,OFF-BI-10001097,5,2.88,2014-09-12,2014-09-11,Early,14.399999999999999
PUR001339,2014-09-05,ST045,SUP005,FUR-FU-10003806,17,125.84,2014-09-08,2014-09-09,Late,2139.28
PUR001340,2014-09-05,ST127,SUP013,OFF-FA-10000936,2,1.9,2014-09-12,2014-09-12,On Time,3.8
PUR001341,2014-09-05,ST360,SUP003,TEC-PH-10001795,20,396.95,2014-09-08,2014-09-07,Early,7939.0
PUR001342,2014-09-05,ST594,SUP005,OFF-AP-10001058,6,221.38,2014-09-10,2014-09-11,Late,1328.28
PUR001343,2014-09-05,ST628,SUP013,FUR-CH-10004875,7,55.65,2014-09-09,2014-09-12,Late,389.55
PUR001344,2014-09-05,ST593,SUP014,OFF-AP-10002892,20,14.7,2014-09-08,2014-09-11,Late,294.0
PUR001345,2014-09-05,ST176,SUP005,FUR-FU-10000222,8,22.7,2014-09-12,2014-09-11,Early,181.6
PUR001346,2014-09-05,ST517,SUP015,FUR-CH-10001146,5,49.45,2014-09-11,2014-09-12,Late,247.25
PUR001347,2014-09-05,ST110,SUP011,OFF-BI-10002897,20,1.75,2014-09-09,2014-09-14,Late,35.0
PUR001348,2014-09-05,ST220,SUP007,TEC-PH-10004922,13,55.08,2014-09-12,2014-09-12,On Time,716.04
PUR001349,2014-09-05,ST127,SUP006,OFF-AP-10000390,15,41.63,2014-09-11,2014-09-10,Early,624.45
PUR001350,2014-09-05,ST370,SUP013,OFF-AP-10004868,18,5.26,2014-09-10,2014-09-13,Late,94.67999999999999
PUR001351,2014-09-05,ST119,SUP008,TEC-AC-10002399,3,11.85,2014-09-11,2014-09-12,Late,35.55
PUR001352,2014-09-05,ST455,SUP005,OFF-PA-10000659,16,7.31,2014-09-09,2014-09-12,Late,116.96
PUR001353,2014-09-05,ST439,SUP014,TEC-AC-10001956,15,36.76,2014-09-09,2014-09-14,Late,551.4
PUR001354,2014-09-05,ST488,SUP013,FUR-CH-10004289,4,85.95,2014-09-10,2014-09-10,On Time,343.8
PUR001355,2014-09-05,ST108,SUP008,TEC-AC-10000474,2,73.13,2014-09-11,2014-09-13,Late,146.26
PUR001356,2014-09-05,ST123,SUP002,OFF-PA-10001457,18,8.38,2014-09-09,2014-09-11,Late,150.84
PUR001357,2014-09-05,ST173,SUP002,OFF-PA-10004665,14,6.94,2014-09-08,2014-09-09,Late,97.16000000000001
PUR001358,2014-09-05,ST414,SUP010,OFF-ST-10002352,8,5.71,2014-09-08,2014-09-08,On Time,45.68
PUR001359,2014-09-05,ST596,SUP005,FUR-CH-10003535,15,52.89,2014-09-12,2014-09-13,Late,793.35
PUR001360,2014-09-05,ST618,SUP011,OFF-AR-10002833,14,1.29,2014-09-11,2014-09-13,Late,18.060000000000002
PUR001361,2014-09-20,ST466,SUP013,OFF-SU-10003002,18,2.34,2014-09-23,2014-09-22,Early,42.12
PUR001362,2014-09-20,ST138,SUP004,OFF-AR-10003251,10,1.66,2014-09-23,2014-09-22,Early,16.599999999999998
PUR001363,2014-09-20,ST028,SUP008,FUR-FU-10000206,3,1.64,2014-09-24,2014-09-26,Late,4.92
PUR001364,2014-09-20,ST099,SUP010,TEC-PH-10001530,12,214.46,2014-09-23,2014-09-27,Late,2573.52
PUR001365,2014-09-20,ST478,SUP013,OFF-PA-10001019,18,11.16,2014-09-24,2014-09-25,Late,200.88
PUR001366,2014-09-20,ST556,SUP005,FUR-FU-10004963,17,5.07,2014-09-25,2014-09-30,Late,86.19
PUR001367,2014-09-20,ST033,SUP013,OFF-AP-10003057,19,169.54,2014-09-26,2014-09-25,Early,3221.2599999999998
PUR001368,2014-09-20,ST386,SUP014,OFF-SU-10002189,14,3.89,2014-09-26,2014-09-28,Late,54.46
PUR001369,2014-09-20,ST311,SUP009,OFF-ST-10000025,3,81.32,2014-09-24,2014-09-26,Late,243.95999999999998
PUR001370,2014-09-20,ST399,SUP012,TEC-PH-10002834,15,125.12,2014-09-26,2014-10-01,Late,1876.8000000000002
PUR001371,2014-09-20,ST568,SUP008,TEC-PH-10001580,5,99.89,2014-09-27,2014-09-30,Late,499.45
PUR001372,2014-09-20,ST161,SUP014,FUR-FU-10000076,17,11.33,2014-09-27,2014-09-26,Early,192.61
PUR001373,2014-09-20,ST387,SUP010,OFF-BI-10000632,14,22.33,2014-09-27,2014-10-01,Late,312.62
PUR001374,2014-09-20,ST329,SUP005,OFF-AP-10003040,13,26.2,2014-09-23,2014-09-22,Early,340.59999999999997
PUR001375,2014-09-20,ST376,SUP014,OFF-AR-10003478,20,4.44,2014-09-25,2014-09-30,Late,88.80000000000001
PUR001376,2014-09-20,ST350,SUP015,FUR-CH-10002880,20,99.1,2014-09-26,2014-09-25,Early,1982.0
PUR001377,2014-09-20,ST422,SUP006,OFF-PA-10002986,15,3.37,2014-09-25,2014-09-24,Early,50.550000000000004
PUR001378,2014-09-20,ST320,SUP011,FUR-FU-10003096,9,4.11,2014-09-27,2014-09-26,Early,36.99
PUR001379,2014-09-20,ST346,SUP002,OFF-SU-10004661,4,6.75,2014-09-24,2014-09-23,Early,27.0
PUR001380,2014-09-20,ST433,SUP008,FUR-TA-10003008,19,153.3,2014-09-27,2014-09-30,Late,2912.7000000000003
PUR001381,2014-09-20,ST481,SUP012,OFF-ST-10002406,15,10.28,2014-09-27,2014-09-26,Early,154.2
PUR001382,2014-09-20,ST331,SUP007,OFF-SU-10000898,12,9.63,2014-09-27,2014-09-26,Early,115.56
PUR001383,2014-09-20,ST211,SUP011,TEC-PH-10003931,17,41.39,2014-09-25,2014-09-27,Late,703.63
PUR001384,2014-09-20,ST348,SUP011,OFF-SU-10004664,18,6.14,2014-09-24,2014-09-27,Late,110.52
PUR001385,2014-09-20,ST207,SUP007,FUR-BO-10000711,11,50.4,2014-09-26,2014-09-30,Late,554.4
PUR001386,2014-09-20,ST220,SUP009,FUR-FU-10004090,4,15.91,2014-09-25,2014-09-26,Late,63.64
PUR001387,2014-09-20,ST412,SUP010,OFF-LA-10001317,3,1.57,2014-09-24,2014-09-27,Late,4.71
PUR001388,2014-09-20,ST098,SUP010,TEC-PH-10002922,4,123.44,2014-09-27,2014-09-28,Late,493.76
PUR001389,2014-09-20,ST544,SUP013,FUR-FU-10002597,10,2.62,2014-09-26,2014-09-28,Late,26.200000000000003
PUR001390,2014-09-20,ST310,SUP002,OFF-BI-10000343,8,2.52,2014-09-27,2014-10-02,Late,20.16
PUR001391,2014-09-20,ST321,SUP009,OFF-BI-10004233,11,8.2,2014-09-24,2014-09-26,Late,90.19999999999999
PUR001392,2014-09-20,ST465,SUP009,OFF-BI-10003355,14,2.46,2014-09-27,2014-09-27,On Time,34.44
PUR001393,2014-09-20,ST192,SUP009,OFF-EN-10001509,2,1.11,2014-09-27,2014-09-29,Late,2.22
PUR001394,2014-09-20,ST479,SUP014,OFF-AR-10004042,8,13.18,2014-09-25,2014-09-29,Late,105.44
PUR001395,2014-09-20,ST445,SUP014,FUR-CH-10001708,19,118.26,2014-09-27,2014-10-01,Late,2246.94
PUR001396,2014-09-20,ST474,SUP006,OFF-LA-10003148,3,3.42,2014-09-24,2014-09-24,On Time,10.26
PUR001397,2014-09-20,ST308,SUP013,OFF-FA-10000735,6,1.69,2014-09-26,2014-09-28,Late,10.14
PUR001398,2014-09-20,ST066,SUP015,OFF-BI-10000301,12,3.47,2014-09-24,2014-09-29,Late,41.64
PUR001399,2014-09-20,ST165,SUP005,FUR-TA-10000617,15,169.22,2014-09-25,2014-09-29,Late,2538.3
PUR001400,2014-09-20,ST154,SUP002,OFF-AP-10004980,9,22.7,2014-09-24,2014-09-23,Early,204.29999999999998
PUR001401,2014-09-20,ST476,SUP005,OFF-LA-10000121,9,3.6,2014-09-26,2014-09-29,Late,32.4
PUR001402,2014-09-20,ST038,SUP015,TEC-PH-10002185,15,3.76,2014-09-24,2014-09-24,On Time,56.4
PUR001403,2014-09-20,ST285,SUP005,OFF-BI-10001249,10,3.19,2014-09-27,2014-09-27,On Time,31.9
PUR001404,2014-09-20,ST021,SUP008,OFF-ST-10003455,3,12.54,2014-09-23,2014-09-28,Late,37.62
PUR001405,2014-09-20,ST066,SUP005,OFF-LA-10004544,4,7.12,2014-09-26,2014-09-27,Late,28.48
PUR001406,2014-09-20,ST144,SUP014,TEC-AC-10002800,4,31.82,2014-09-24,2014-09-23,Early,127.28
PUR001407,2014-09-20,ST124,SUP015,OFF-BI-10002215,20,4.01,2014-09-27,2014-10-01,Late,80.19999999999999
PUR001408,2014-09-20,ST538,SUP015,OFF-PA-10001461,20,3.79,2014-09-25,2014-09-27,Late,75.8
PUR001409,2014-09-20,ST321,SUP002,OFF-AR-10001955,4,13.16,2014-09-25,2014-09-30,Late,52.64
PUR001410,2014-09-20,ST242,SUP013,OFF-AR-10004062,20,8.23,2014-09-26,2014-09-26,On Time,164.60000000000002
PUR001411,2014-09-20,ST282,SUP004,OFF-LA-10002312,6,6.82,2014-09-26,2014-09-28,Late,40.92
PUR001412,2014-09-20,ST503,SUP001,FUR-TA-10001520,10,63.54,2014-09-27,2014-09-28,Late,635.4
PUR001413,2014-09-20,ST487,SUP007,FUR-FU-10001488,5,81.67,2014-09-24,2014-09-25,Late,408.35
PUR001414,2014-09-20,ST377,SUP012,FUR-FU-10000073,6,5.02,2014-09-25,2014-09-24,Early,30.119999999999997
PUR001415,2014-09-20,ST056,SUP011,FUR-FU-10003347,3,9.25,2014-09-24,2014-09-25,Late,27.75
PUR001416,2014-09-20,ST372,SUP011,OFF-PA-10004983,19,3.29,2014-09-23,2014-09-26,Late,62.51
PUR001417,2014-09-20,ST009,SUP007,OFF-AP-10002892,9,17.24,2014-09-26,2014-09-27,Late,155.16
PUR001418,2014-09-20,ST242,SUP014,FUR-FU-10001940,11,4.09,2014-09-25,2014-09-25,On Time,44.989999999999995
PUR001419,2014-09-20,ST325,SUP011,OFF-ST-10000321,7,8.2,2014-09-26,2014-10-01,Late,57.39999999999999
PUR001420,2014-09-20,ST504,SUP002,FUR-FU-10000010,3,3.27,2014-09-26,2014-09-30,Late,9.81
PUR001421,2014-09-20,ST433,SUP006,OFF-BI-10001758,15,3.07,2014-09-23,2014-09-28,Late,46.05
PUR001422,2014-09-20,ST068,SUP009,OFF-AP-10002534,7,220.55,2014-09-25,2014-09-27,Late,1543.8500000000001
PUR001423,2014-09-20,ST029,SUP008,OFF-ST-10002289,19,31.63,2014-09-23,2014-09-27,Late,600.97
PUR001424,2014-09-20,ST140,SUP013,OFF-ST-10000532,7,29.22,2014-09-23,2014-09-25,Late,204.54
PUR001425,2014-09-20,ST590,SUP006,OFF-LA-10003498,8,7.59,2014-09-23,2014-09-22,Early,60.72
PUR001426,2014-09-20,ST134,SUP012,OFF-ST-10000760,7,9.43,2014-09-27,2014-10-01,Late,66.00999999999999
PUR001427,2014-09-20,ST463,SUP006,OFF-BI-10002003,15,2.23,2014-09-26,2014-10-01,Late,33.45
PUR001428,2014-09-20,ST608,SUP011,OFF-SU-10003567,6,8.87,2014-09-25,2014-09-30,Late,53.22
PUR001429,2014-09-20,ST377,SUP007,OFF-PA-10001934,11,3.11,2014-09-24,2014-09-26,Late,34.21
PUR001430,2014-09-20,ST585,SUP015,FUR-FU-10000965,14,33.37,2014-09-24,2014-09-23,Early,467.17999999999995
PUR001431,2014-09-20,ST627,SUP011,OFF-PA-10001357,2,27.02,2014-09-24,2014-09-23,Early,54.04
PUR001432,2014-09-20,ST173,SUP012,TEC-PH-10001578,16,270.16,2014-09-23,2014-09-25,Late,4322.56
PUR001433,2014-09-20,ST092,SUP003,OFF-AP-10000696,15,9.86,2014-09-25,2014-09-25,On Time,147.89999999999998
PUR001434,2014-09-20,ST539,SUP012,OFF-AR-10001988,20,3.93,2014-09-26,2014-10-01,Late,78.60000000000001
PUR001435,2014-09-20,ST122,SUP008,FUR-CH-10004063,16,216.34,2014-09-24,2014-09-28,Late,3461.44
PUR001436,2014-09-20,ST273,SUP014,OFF-LA-10003077,8,3.63,2014-09-25,2014-09-29,Late,29.04
PUR001437,2014-09-20,ST212,SUP007,FUR-CH-10001854,17,260.45,2014-09-27,2014-09-27,On Time,4427.65
PUR001438,2014-09-20,ST429,SUP004,OFF-ST-10001780,11,514.72,2014-09-24,2014-09-26,Late,5661.92
PUR001439,2014-09-20,ST242,SUP005,FUR-CH-10004698,6,52.81,2014-09-27,2014-09-29,Late,316.86
PUR001440,2014-09-20,ST470,SUP011,OFF-FA-10002280,9,2.53,2014-09-23,2014-09-22,Early,22.77
PUR001441,2014-10-05,ST408,SUP006,OFF-BI-10004099,17,3.56,2014-10-09,2014-10-13,Late,60.52
PUR001442,2014-10-05,ST612,SUP012,FUR-BO-10003034,14,114.61,2014-10-10,2014-10-09,Early,1604.54
PUR001443,2014-10-05,ST341,SUP001,FUR-CH-10000309,5,320.49,2014-10-09,2014-10-11,Late,1602.45
PUR001444,2014-10-05,ST613,SUP011,OFF-LA-10001613,13,1.61,2014-10-08,2014-10-07,Early,20.93
PUR001445,2014-10-05,ST310,SUP007,OFF-BI-10003314,10,2.46,2014-10-11,2014-10-15,Late,24.6
PUR001446,2014-10-05,ST573,SUP015,TEC-PH-10002447,13,135.5,2014-10-08,2014-10-11,Late,1761.5
PUR001447,2014-10-05,ST505,SUP009,OFF-PA-10000295,7,3.21,2014-10-10,2014-10-12,Late,22.47
PUR001448,2014-10-05,ST544,SUP012,OFF-PA-10000327,6,2.16,2014-10-11,2014-10-11,On Time,12.96
PUR001449,2014-10-05,ST131,SUP001,OFF-BI-10002133,10,20.16,2014-10-11,2014-10-16,Late,201.6
PUR001450,2014-10-05,ST441,SUP015,OFF-AR-10000462,10,0.96,2014-10-10,2014-10-11,Late,9.6
PUR001451,2014-10-05,ST169,SUP007,TEC-PH-10000011,10,10.43,2014-10-10,2014-10-14,Late,104.3
PUR001452,2014-10-05,ST570,SUP003,FUR-CH-10000225,17,80.99,2014-10-11,2014-10-10,Early,1376.83
PUR001453,2014-10-05,ST188,SUP004,OFF-AR-10000034,8,2.4,2014-10-08,2014-10-10,Late,19.2
PUR001454,2014-10-05,ST447,SUP008,OFF-ST-10003805,10,147.29,2014-10-08,2014-10-10,Late,1472.8999999999999
PUR001455,2014-10-05,ST575,SUP012,OFF-BI-10002735,3,17.97,2014-10-11,2014-10-13,Late,53.91
PUR001456,2014-10-05,ST152,SUP012,OFF-AR-10001573,17,1.53,2014-10-08,2014-10-09,Late,26.01
PUR001457,2014-10-05,ST185,SUP005,FUR-BO-10000780,4,158.82,2014-10-09,2014-10-13,Late,635.28
PUR001458,2014-10-05,ST600,SUP010,OFF-PA-10003656,18,15.16,2014-10-09,2014-10-12,Late,272.88
PUR001459,2014-10-05,ST185,SUP010,TEC-PH-10001128,2,108.55,2014-10-11,2014-10-10,Early,217.1
PUR001460,2014-10-05,ST097,SUP011,OFF-AR-10000614,9,2.78,2014-10-10,2014-10-09,Early,25.02
PUR001461,2014-10-05,ST125,SUP011,OFF-BI-10002609,11,1.67,2014-10-11,2014-10-12,Late,18.369999999999997
PUR001462,2014-10-05,ST332,SUP002,OFF-AR-10000369,20,1.12,2014-10-09,2014-10-08,Early,22.400000000000002
PUR001463,2014-10-05,ST492,SUP012,TEC-MA-10002109,4,99.69,2014-10-11,2014-10-15,Late,398.76
PUR001464,2014-10-05,ST338,SUP001,OFF-FA-10000490,10,0.67,2014-10-08,2014-10-12,Late,6.7
PUR001465,2014-10-05,ST583,SUP012,OFF-PA-10004438,16,6.28,2014-10-09,2014-10-09,On Time,100.48
PUR001466,2014-10-05,ST331,SUP005,TEC-PH-10004094,3,124.05,2014-10-08,2014-10-12,Late,372.15
PUR001467,2014-10-05,ST391,SUP010,TEC-PH-10004100,4,13.07,2014-10-08,2014-10-10,Late,52.28
PUR001468,2014-10-05,ST409,SUP013,OFF-BI-10003982,10,10.3,2014-10-08,2014-10-07,Early,103.0
PUR001469,2014-10-05,ST413,SUP013,OFF-PA-10002195,8,2.75,2014-10-10,2014-10-14,Late,22.0
PUR001470,2014-10-05,ST443,SUP008,TEC-AC-10004510,6,13.61,2014-10-10,2014-10-14,Late,81.66
PUR001471,2014-10-05,ST377,SUP002,OFF-AP-10003842,6,22.28,2014-10-12,2014-10-12,On Time,133.68
PUR001472,2014-10-05,ST488,SUP007,TEC-CO-10004202,17,192.87,2014-10-10,2014-10-13,Late,3278.79
PUR001473,2014-10-05,ST378,SUP007,TEC-AC-10000927,15,24.78,2014-10-12,2014-10-12,On Time,371.70000000000005
PUR001474,2014-10-05,ST042,SUP002,FUR-BO-10004015,15,96.04,2014-10-12,2014-10-13,Late,1440.6000000000001
PUR001475,2014-10-05,ST159,SUP011,OFF-AR-10004956,16,4.1,2014-10-11,2014-10-14,Late,65.6
PUR001476,2014-10-05,ST448,SUP008,OFF-AP-10000275,18,216.6,2014-10-08,2014-10-13,Late,3898.7999999999997
PUR001477,2014-10-05,ST308,SUP003,OFF-AR-10004582,17,0.87,2014-10-09,2014-10-12,Late,14.79
PUR001478,2014-10-05,ST565,SUP001,OFF-BI-10004224,15,35.49,2014-10-08,2014-10-07,Early,532.35
PUR001479,2014-10-05,ST423,SUP007,FUR-TA-10004619,18,102.77,2014-10-08,2014-10-10,Late,1849.86
PUR001480,2014-10-05,ST261,SUP006,OFF-ST-10003994,20,59.54,2014-10-12,2014-10-11,Early,1190.8
PUR001481,2014-10-05,ST474,SUP012,OFF-EN-10003286,18,3.96,2014-10-09,2014-10-14,Late,71.28
PUR001482,2014-10-05,ST086,SUP001,FUR-FU-10001591,7,7.56,2014-10-11,2014-10-15,Late,52.919999999999995
PUR001483,2014-10-05,ST466,SUP012,OFF-LA-10002945,11,3.28,2014-10-11,2014-10-14,Late,36.08
PUR001484,2014-10-05,ST192,SUP015,FUR-CH-10003833,10,50.19,2014-10-09,2014-10-09,On Time,501.9
PUR001485,2014-10-05,ST266,SUP010,OFF-ST-10000689,4,130.07,2014-10-08,2014-10-10,Late,520.28
PUR001486,2014-10-05,ST120,SUP007,OFF-AP-10000891,19,82.93,2014-10-08,2014-10-08,On Time,1575.67
PUR001487,2014-10-05,ST617,SUP007,FUR-BO-10002213,17,304.74,2014-10-11,2014-10-12,Late,5180.58
PUR001488,2014-10-05,ST405,SUP012,TEC-PH-10004348,13,26.87,2014-10-10,2014-10-09,Early,349.31
PUR001489,2014-10-05,ST115,SUP004,OFF-AR-10000390,6,2.07,2014-10-08,2014-10-12,Late,12.419999999999998
PUR001490,2014-10-05,ST493,SUP004,OFF-BI-10001031,8,3.03,2014-10-09,2014-10-13,Late,24.24
PUR001491,2014-10-05,ST552,SUP011,TEC-AC-10002006,9,10.89,2014-10-09,2014-10-08,Early,98.01
PUR001492,2014-10-05,ST486,SUP003,OFF-BI-10004654,11,4.88,2014-10-11,2014-10-10,Early,53.68
PUR001493,2014-10-05,ST456,SUP003,OFF-BI-10004728,5,2.43,2014-10-11,2014-10-13,Late,12.15
PUR001494,2014-10-05,ST249,SUP010,FUR-CH-10002880,2,117.34,2014-10-09,2014-10-10,Late,234.68
PUR001495,2014-10-05,ST053,SUP007,OFF-AR-10001374,20,4.7,2014-10-10,2014-10-09,Early,94.0
PUR001496,2014-10-05,ST443,SUP012,TEC-PH-10002538,5,27.62,2014-10-11,2014-10-16,Late,138.1
PUR001497,2014-10-05,ST568,SUP010,OFF-BI-10003712,17,2.62,2014-10-10,2014-10-09,Early,44.54
PUR001498,2014-10-05,ST606,SUP009,OFF-PA-10001954,17,12.09,2014-10-12,2014-10-16,Late,205.53
PUR001499,2014-10-05,ST541,SUP001,TEC-PH-10001459,17,294.13,2014-10-08,2014-10-10,Late,5000.21
PUR001500,2014-10-05,ST275,SUP002,TEC-AC-10004171,20,53.93,2014-10-11,2014-10-13,Late,1078.6
PUR001501,2014-10-05,ST356,SUP011,OFF-ST-10001526,5,88.95,2014-10-11,2014-10-15,Late,444.75
PUR001502,2014-10-05,ST197,SUP005,OFF-LA-10001045,15,1.27,2014-10-11,2014-10-12,Late,19.05
PUR001503,2014-10-05,ST602,SUP004,OFF-BI-10001900,16,3.0,2014-10-10,2014-10-13,Late,48.0
PUR001504,2014-10-05,ST400,SUP005,OFF-ST-10002957,16,4.89,2014-10-11,2014-10-16,Late,78.24
PUR001505,2014-10-05,ST166,SUP013,OFF-BI-10001543,13,19.82,2014-10-12,2014-10-12,On Time,257.66
PUR001506,2014-10-05,ST495,SUP002,FUR-FU-10003691,11,7.18,2014-10-09,2014-10-09,On Time,78.97999999999999
PUR001507,2014-10-05,ST104,SUP008,OFF-PA-10003797,8,3.14,2014-10-11,2014-10-13,Late,25.12
PUR001508,2014-10-05,ST049,SUP009,OFF-FA-10000053,11,1.75,2014-10-08,2014-10-09,Late,19.25
PUR001509,2014-10-05,ST179,SUP003,OFF-SU-10001574,10,2.48,2014-10-12,2014-10-11,Early,24.8
PUR001510,2014-10-05,ST233,SUP002,OFF-AR-10004078,4,3.96,2014-10-08,2014-10-11,Late,15.84
PUR001511,2014-10-05,ST364,SUP006,OFF-PA-10000380,9,4.16,2014-10-08,2014-10-13,Late,37.44
PUR001512,2014-10-05,ST528,SUP003,OFF-FA-10004395,19,4.27,2014-10-12,2014-10-16,Late,81.13
PUR001513,2014-10-05,ST449,SUP015,OFF-AP-10000124,5,6.24,2014-10-11,2014-10-16,Late,31.200000000000003
PUR001514,2014-10-05,ST626,SUP013,TEC-PH-10004241,5,354.75,2014-10-12,2014-10-17,Late,1773.75
PUR001515,2014-10-05,ST520,SUP001,OFF-ST-10000675,5,27.06,2014-10-08,2014-10-08,On Time,135.29999999999998
PUR001516,2014-10-05,ST371,SUP015,FUR-FU-10003247,5,20.96,2014-10-09,2014-10-13,Late,104.80000000000001
PUR001517,2014-10-05,ST519,SUP013,OFF-ST-10001558,11,14.38,2014-10-11,2014-10-15,Late,158.18
PUR001518,2014-10-05,ST343,SUP006,OFF-BI-10000301,5,3.01,2014-10-09,2014-10-08,Early,15.049999999999999
PUR001519,2014-10-05,ST007,SUP007,OFF-PA-10001293,8,3.33,2014-10-09,2014-10-14,Late,26.64
PUR001520,2014-10-05,ST176,SUP009,OFF-PA-10003848,17,3.26,2014-10-08,2014-10-09,Late,55.419999999999995
PUR001521,2014-10-20,ST370,SUP007,OFF-BI-10004519,13,95.22,2014-10-24,2014-10-24,On Time,1237.86
PUR001522,2014-10-20,ST142,SUP004,OFF-AR-10003183,18,2.3,2014-10-26,2014-10-28,Late,41.4
PUR001523,2014-10-20,ST529,SUP014,OFF-PA-10003441,15,3.64,2014-10-25,2014-10-24,Early,54.6
PUR001524,2014-10-20,ST530,SUP001,FUR-CH-10003396,16,63.66,2014-10-23,2014-10-22,Early,1018.56
PUR001525,2014-10-20,ST169,SUP013,FUR-TA-10004915,12,245.71,2014-10-26,2014-10-25,Early,2948.52
PUR001526,2014-10-20,ST155,SUP011,OFF-AP-10000358,14,9.69,2014-10-27,2014-10-26,Early,135.66
PUR001527,2014-10-20,ST412,SUP007,FUR-CH-10000785,18,146.59,2014-10-27,2014-11-01,Late,2638.62
PUR001528,2014-10-20,ST353,SUP006,OFF-BI-10001191,11,13.56,2014-10-23,2014-10-28,Late,149.16
PUR001529,2014-10-20,ST151,SUP010,OFF-BI-10003656,10,99.14,2014-10-26,2014-10-28,Late,991.4
PUR001530,2014-10-20,ST453,SUP010,OFF-LA-10000262,8,1.52,2014-10-25,2014-10-30,Late,12.16
PUR001531,2014-10-20,ST309,SUP015,TEC-PH-10001254,14,99.15,2014-10-23,2014-10-22,Early,1388.1000000000001
PUR001532,2014-10-20,ST130,SUP012,OFF-LA-10000452,19,1.58,2014-10-27,2014-10-30,Late,30.020000000000003
PUR001533,2014-10-20,ST566,SUP009,OFF-AR-10000380,11,25.06,2014-10-25,2014-10-28,Late,275.65999999999997
PUR001534,2014-10-20,ST024,SUP003,FUR-FU-10000305,12,62.69,2014-10-23,2014-10-28,Late,752.28
PUR001535,2014-10-20,ST312,SUP004,OFF-AR-10002255,19,2.08,2014-10-26,2014-10-29,Late,39.52
PUR001536,2014-10-20,ST382,SUP014,OFF-BI-10002949,5,3.37,2014-10-25,2014-10-29,Late,16.85
PUR001537,2014-10-20,ST128,SUP001,OFF-BI-10000822,18,2.72,2014-10-26,2014-10-27,Late,48.96
PUR001538,2014-10-20,ST348,SUP008,TEC-PH-10004908,20,62.31,2014-10-24,2014-10-29,Late,1246.2
PUR001539,2014-10-20,ST547,SUP015,OFF-PA-10004610,20,2.38,2014-10-27,2014-10-27,On Time,47.599999999999994
PUR001540,2014-10-20,ST587,SUP011,OFF-BI-10001196,13,11.39,2014-10-24,2014-10-28,Late,148.07
PUR001541,2014-10-20,ST108,SUP004,OFF-BI-10000174,14,3.03,2014-10-25,2014-10-28,Late,42.419999999999995
PUR001542,2014-10-20,ST370,SUP013,OFF-AR-10003759,20,0.94,2014-10-26,2014-10-25,Early,18.799999999999997
PUR001543,2014-10-20,ST422,SUP014,TEC-PH-10003215,6,15.92,2014-10-23,2014-10-22,Early,95.52
PUR001544,2014-10-20,ST488,SUP003,OFF-BI-10004140,3,2.43,2014-10-24,2014-10-26,Late,7.290000000000001
PUR001545,2014-10-20,ST413,SUP009,TEC-PH-10001817,4,254.51,2014-10-27,2014-10-30,Late,1018.04
PUR001546,2014-10-20,ST271,SUP014,OFF-ST-10000563,18,30.39,2014-10-27,2014-10-29,Late,547.02
PUR001547,2014-10-20,ST502,SUP012,OFF-ST-10002743,15,123.68,2014-10-26,2014-10-31,Late,1855.2
PUR001548,2014-10-20,ST497,SUP003,OFF-PA-10002254,7,13.23,2014-10-26,2014-10-26,On Time,92.61
PUR001549,2014-10-20,ST218,SUP002,FUR-FU-10002111,18,4.84,2014-10-26,2014-10-28,Late,87.12
PUR001550,2014-10-20,ST379,SUP009,FUR-FU-10003347,3,9.09,2014-10-23,2014-10-26,Late,27.27
PUR001551,2014-10-20,ST586,SUP006,OFF-BI-10001308,15,3.18,2014-10-25,2014-10-24,Early,47.7
PUR001552,2014-10-20,ST313,SUP006,OFF-ST-10002554,18,44.61,2014-10-25,2014-10-26,Late,802.98
PUR001553,2014-10-20,ST147,SUP013,OFF-BI-10002976,11,2.18,2014-10-24,2014-10-29,Late,23.98
PUR001554,2014-10-20,ST313,SUP015,TEC-AC-10002800,20,31.99,2014-10-25,2014-10-25,On Time,639.8
PUR001555,2014-10-20,ST003,SUP008,FUR-FU-10001468,7,163.7,2014-10-23,2014-10-26,Late,1145.8999999999999
PUR001556,2014-10-20,ST428,SUP001,FUR-BO-10002545,13,176.42,2014-10-26,2014-10-29,Late,2293.46
PUR001557,2014-10-20,ST346,SUP015,OFF-SU-10000946,11,5.74,2014-10-26,2014-10-28,Late,63.14
PUR001558,2014-10-20,ST472,SUP009,OFF-LA-10003663,6,1.61,2014-10-26,2014-10-30,Late,9.66
PUR001559,2014-10-20,ST334,SUP012,OFF-LA-10001613,16,1.37,2014-10-23,2014-10-28,Late,21.92
PUR001560,2014-10-20,ST405,SUP015,TEC-PH-10000169,15,16.24,2014-10-25,2014-10-28,Late,243.59999999999997
PUR001561,2014-10-20,ST454,SUP015,FUR-CH-10004675,3,171.4,2014-10-25,2014-10-29,Late,514.2
PUR001562,2014-10-20,ST026,SUP012,FUR-CH-10001215,4,403.24,2014-10-27,2014-10-31,Late,1612.96
PUR001563,2014-10-20,ST573,SUP002,FUR-FU-10002960,11,3.69,2014-10-23,2014-10-23,On Time,40.589999999999996
PUR001564,2014-10-20,ST584,SUP001,OFF-ST-10002486,19,6.95,2014-10-27,2014-10-27,On Time,132.05
PUR001565,2014-10-20,ST124,SUP001,TEC-PH-10000011,17,10.4,2014-10-27,2014-10-27,On Time,176.8
PUR001566,2014-10-20,ST252,SUP004,OFF-BI-10004728,2,2.49,2014-10-27,2014-10-29,Late,4.98
PUR001567,2014-10-20,ST329,SUP010,OFF-PA-10003823,4,18.08,2014-10-26,2014-10-29,Late,72.32
PUR001568,2014-10-20,ST024,SUP015,OFF-AR-10001988,3,4.25,2014-10-25,2014-10-27,Late,12.75
PUR001569,2014-10-20,ST541,SUP014,TEC-PH-10004897,7,9.72,2014-10-25,2014-10-27,Late,68.04
PUR001570,2014-10-20,ST555,SUP002,FUR-FU-10003577,10,8.43,2014-10-24,2014-10-25,Late,84.3
PUR001571,2014-10-20,ST092,SUP013,OFF-BI-10003676,6,5.25,2014-10-24,2014-10-25,Late,31.5
PUR001572,2014-10-20,ST630,SUP001,OFF-PA-10002245,15,3.41,2014-10-25,2014-10-25,On Time,51.150000000000006
PUR001573,2014-10-20,ST400,SUP005,TEC-PH-10001557,2,73.06,2014-10-23,2014-10-24,Late,146.12
PUR001574,2014-10-20,ST265,SUP006,OFF-LA-10004559,6,1.44,2014-10-26,2014-10-31,Late,8.64
PUR001575,2014-10-20,ST612,SUP004,TEC-AC-10000892,5,52.44,2014-10-27,2014-10-27,On Time,262.2
PUR001576,2014-10-20,ST395,SUP009,OFF-BI-10003196,17,1.87,2014-10-23,2014-10-24,Late,31.790000000000003
PUR001577,2014-10-20,ST417,SUP009,OFF-AP-10004980,3,22.29,2014-10-23,2014-10-25,Late,66.87
PUR001578,2014-10-20,ST020,SUP004,FUR-BO-10002613,2,193.05,2014-10-25,2014-10-28,Late,386.1
PUR001579,2014-10-20,ST569,SUP004,OFF-AR-10001231,20,1.56,2014-10-24,2014-10-25,Late,31.200000000000003
PUR001580,2014-10-20,ST513,SUP002,FUR-CH-10003833,20,50.87,2014-10-24,2014-10-29,Late,1017.4
PUR001581,2014-10-20,ST252,SUP003,OFF-ST-10001496,6,129.96,2014-10-27,2014-10-29,Late,779.76
PUR001582,2014-10-20,ST476,SUP001,OFF-AP-10002311,19,38.16,2014-10-27,2014-10-28,Late,725.04
PUR001583,2014-10-20,ST494,SUP015,OFF-BI-10004828,7,7.68,2014-10-25,2014-10-28,Late,53.76
PUR001584,2014-10-20,ST360,SUP007,TEC-PH-10003931,10,48.05,2014-10-24,2014-10-27,Late,480.5
PUR001585,2014-10-20,ST547,SUP003,OFF-PA-10001357,18,23.82,2014-10-27,2014-10-26,Early,428.76
PUR001586,2014-10-20,ST126,SUP012,FUR-FU-10000965,11,28.13,2014-10-24,2014-10-28,Late,309.43
PUR001587,2014-10-20,ST443,SUP015,FUR-FU-10003394,19,63.86,2014-10-24,2014-10-27,Late,1213.34
PUR001588,2014-10-20,ST351,SUP006,OFF-ST-10001558,18,15.07,2014-10-25,2014-10-30,Late,271.26
PUR001589,2014-10-20,ST330,SUP011,OFF-BI-10000773,16,4.06,2014-10-25,2014-10-25,On Time,64.96
PUR001590,2014-10-20,ST017,SUP006,TEC-PH-10004071,16,7.96,2014-10-24,2014-10-28,Late,127.36
PUR001591,2014-10-20,ST010,SUP001,OFF-BI-10003982,2,11.25,2014-10-24,2014-10-26,Late,22.5
PUR001592,2014-10-20,ST501,SUP012,TEC-PH-10004977,19,150.15,2014-10-26,2014-10-29,Late,2852.85
PUR001593,2014-10-20,ST080,SUP011,OFF-PA-10000232,4,3.49,2014-10-27,2014-10-26,Early,13.96
PUR001594,2014-10-20,ST386,SUP006,FUR-BO-10000780,16,174.64,2014-10-27,2014-10-28,Late,2794.24
PUR001595,2014-10-20,ST009,SUP013,OFF-LA-10001404,14,1.83,2014-10-23,2014-10-25,Late,25.62
PUR001596,2014-10-20,ST010,SUP008,OFF-BI-10000632,13,25.49,2014-10-24,2014-10-28,Late,331.37
PUR001597,2014-10-20,ST367,SUP011,OFF-BI-10001922,2,3.31,2014-10-24,2014-10-23,Early,6.62
PUR001598,2014-10-20,ST240,SUP004,OFF-PA-10000295,11,3.58,2014-10-26,2014-10-27,Late,39.38
PUR001599,2014-10-20,ST621,SUP015,OFF-LA-10002312,3,7.08,2014-10-24,2014-10-23,Early,21.240000000000002
PUR001600,2014-10-20,ST406,SUP011,OFF-BI-10000591,8,2.22,2014-10-23,2014-10-28,Late,17.76
PUR001601,2014-11-05,ST175,SUP008,OFF-AR-10000658,10,8.43,2014-11-12,2014-11-12,On Time,84.3
PUR001602,2014-11-05,ST579,SUP010,FUR-CH-10000749,20,157.26,2014-11-09,2014-11-08,Early,3145.2
PUR001603,2014-11-05,ST131,SUP002,TEC-AC-10002217,20,16.36,2014-11-10,2014-11-13,Late,327.2
PUR001604,2014-11-05,ST281,SUP012,OFF-LA-10003923,9,7.96,2014-11-09,2014-11-14,Late,71.64
PUR001605,2014-11-05,ST546,SUP012,OFF-ST-10002444,2,9.71,2014-11-12,2014-11-13,Late,19.42
PUR001606,2014-11-05,ST438,SUP001,OFF-BI-10002813,19,1.17,2014-11-08,2014-11-13,Late,22.229999999999997
PUR001607,2014-11-05,ST281,SUP007,OFF-ST-10003327,12,6.96,2014-11-08,2014-11-12,Late,83.52
PUR001608,2014-11-05,ST530,SUP006,OFF-BI-10004781,18,16.39,2014-11-08,2014-11-12,Late,295.02
PUR001609,2014-11-05,ST431,SUP015,FUR-CH-10003968,9,56.8,2014-11-12,2014-11-14,Late,511.2
PUR001610,2014-11-05,ST343,SUP004,TEC-AC-10000109,12,38.34,2014-11-08,2014-11-11,Late,460.08000000000004
PUR001611,2014-11-05,ST434,SUP004,OFF-AR-10000538,2,21.64,2014-11-08,2014-11-08,On Time,43.28
PUR001612,2014-11-05,ST065,SUP005,OFF-SU-10002189,8,3.67,2014-11-08,2014-11-07,Early,29.36
PUR001613,2014-11-05,ST607,SUP001,OFF-BI-10000285,17,3.87,2014-11-10,2014-11-15,Late,65.79
PUR001614,2014-11-05,ST245,SUP008,OFF-BI-10001036,10,4.34,2014-11-10,2014-11-15,Late,43.4
PUR001615,2014-11-05,ST243,SUP009,TEC-PH-10001817,3,278.15,2014-11-08,2014-11-13,Late,834.4499999999999
PUR001616,2014-11-05,ST458,SUP011,OFF-BI-10001267,16,3.38,2014-11-12,2014-11-11,Early,54.08
PUR001617,2014-11-05,ST035,SUP015,OFF-PA-10001892,4,4.27,2014-11-11,2014-11-12,Late,17.08
PUR001618,2014-11-05,ST453,SUP001,OFF-AR-10003876,4,1.93,2014-11-08,2014-11-09,Late,7.72
PUR001619,2014-11-05,ST058,SUP011,OFF-BI-10004230,15,16.4,2014-11-12,2014-11-11,Early,245.99999999999997
PUR001620,2014-11-05,ST099,SUP007,OFF-EN-10002504,11,15.41,2014-11-12,2014-11-17,Late,169.51
PUR001621,2014-11-05,ST011,SUP010,TEC-AC-10002637,15,160.16,2014-11-11,2014-11-13,Late,2402.4
PUR001622,2014-11-05,ST104,SUP015,TEC-PH-10004522,16,46.46,2014-11-10,2014-11-14,Late,743.36
PUR001623,2014-11-05,ST602,SUP006,TEC-AC-10002049,2,154.09,2014-11-09,2014-11-08,Early,308.18
PUR001624,2014-11-05,ST070,SUP012,OFF-PA-10001289,5,17.84,2014-11-12,2014-11-17,Late,89.2
PUR001625,2014-11-05,ST522,SUP003,OFF-FA-10000304,8,1.39,2014-11-10,2014-11-11,Late,11.12
PUR001626,2014-11-05,ST456,SUP010,OFF-ST-10001932,15,165.51,2014-11-09,2014-11-09,On Time,2482.6499999999996
PUR001627,2014-11-05,ST131,SUP001,OFF-PA-10004071,6,30.56,2014-11-10,2014-11-13,Late,183.35999999999999
PUR001628,2014-11-05,ST367,SUP011,OFF-AP-10000696,15,9.69,2014-11-10,2014-11-13,Late,145.35
PUR001629,2014-11-05,ST481,SUP003,FUR-FU-10004665,19,106.95,2014-11-10,2014-11-13,Late,2032.05
PUR001630,2014-11-05,ST531,SUP001,TEC-PH-10000673,12,32.38,2014-11-12,2014-11-16,Late,388.56000000000006
PUR001631,2014-11-05,ST573,SUP009,OFF-AP-10004980,6,21.08,2014-11-08,2014-11-10,Late,126.47999999999999
PUR001632,2014-11-05,ST207,SUP004,OFF-PA-10001019,13,9.94,2014-11-08,2014-11-09,Late,129.22
PUR001633,2014-11-05,ST479,SUP012,FUR-FU-10000550,8,3.45,2014-11-12,2014-11-16,Late,27.6
PUR001634,2014-11-05,ST344,SUP010,OFF-ST-10001837,12,33.87,2014-11-12,2014-11-13,Late,406.43999999999994
PUR001635,2014-11-05,ST466,SUP002,OFF-BI-10003196,15,1.81,2014-11-08,2014-11-10,Late,27.150000000000002
PUR001636,2014-11-05,ST229,SUP011,OFF-ST-10000078,9,235.7,2014-11-09,2014-11-11,Late,2121.2999999999997
PUR001637,2014-11-05,ST340,SUP012,TEC-PH-10004924,8,5.11,2014-11-11,2014-11-11,On Time,40.88
PUR001638,2014-11-05,ST372,SUP001,TEC-AC-10000710,14,8.8,2014-11-08,2014-11-07,Early,123.20000000000002
PUR001639,2014-11-05,ST146,SUP002,OFF-BI-10002432,13,2.43,2014-11-10,2014-11-12,Late,31.590000000000003
PUR001640,2014-11-05,ST369,SUP015,OFF-ST-10000563,8,29.54,2014-11-08,2014-11-07,Early,236.32
PUR001641,2014-11-05,ST225,SUP003,TEC-AC-10001114,8,25.55,2014-11-10,2014-11-14,Late,204.4
PUR001642,2014-11-05,ST252,SUP009,FUR-BO-10004467,7,78.4,2014-11-09,2014-11-09,On Time,548.8000000000001
PUR001643,2014-11-05,ST104,SUP005,OFF-PA-10000357,2,23.27,2014-11-08,2014-11-13,Late,46.54
PUR001644,2014-11-05,ST114,SUP013,FUR-CH-10004287,6,191.35,2014-11-10,2014-11-10,On Time,1148.1
PUR001645,2014-11-05,ST382,SUP006,OFF-AP-10000027,11,9.42,2014-11-09,2014-11-12,Late,103.62
PUR001646,2014-11-05,ST122,SUP002,FUR-CH-10002372,15,76.66,2014-11-09,2014-11-09,On Time,1149.8999999999999
PUR001647,2014-11-05,ST384,SUP007,TEC-PH-10004896,8,20.26,2014-11-10,2014-11-13,Late,162.08
PUR001648,2014-11-05,ST048,SUP004,TEC-PH-10002922,15,129.58,2014-11-12,2014-11-15,Late,1943.7000000000003
PUR001649,2014-11-05,ST153,SUP005,FUR-BO-10004695,8,149.23,2014-11-10,2014-11-10,On Time,1193.84
PUR001650,2014-11-05,ST130,SUP005,TEC-AC-10000420,3,47.39,2014-11-12,2014-11-15,Late,142.17000000000002
PUR001651,2014-11-05,ST482,SUP002,OFF-BI-10003291,17,4.36,2014-11-12,2014-11-11,Early,74.12
PUR001652,2014-11-05,ST522,SUP013,OFF-LA-10004559,7,1.47,2014-11-10,2014-11-12,Late,10.29
PUR001653,2014-11-05,ST383,SUP006,FUR-FU-10001852,18,1.17,2014-11-12,2014-11-16,Late,21.06
PUR001654,2014-11-05,ST486,SUP008,FUR-BO-10001601,17,110.67,2014-11-10,2014-11-13,Late,1881.39
PUR001655,2014-11-05,ST598,SUP013,OFF-PA-10002195,14,3.03,2014-11-08,2014-11-08,On Time,42.419999999999995
PUR001656,2014-11-05,ST241,SUP008,TEC-AC-10002942,9,61.79,2014-11-11,2014-11-11,On Time,556.11
PUR001657,2014-11-05,ST586,SUP007,TEC-AC-10004659,11,46.73,2014-11-09,2014-11-14,Late,514.03
PUR001658,2014-11-05,ST138,SUP002,OFF-PA-10001736,13,17.86,2014-11-08,2014-11-09,Late,232.18
PUR001659,2014-11-05,ST598,SUP004,OFF-AR-10002987,16,11.75,2014-11-08,2014-11-10,Late,188.0
PUR001660,2014-11-05,ST462,SUP007,FUR-FU-10000771,18,3.73,2014-11-11,2014-11-13,Late,67.14
PUR001661,2014-11-05,ST325,SUP008,FUR-FU-10004845,15,40.23,2014-11-10,2014-11-12,Late,603.4499999999999
PUR001662,2014-11-05,ST272,SUP004,OFF-AP-10001293,2,27.61,2014-11-08,2014-11-09,Late,55.22
PUR001663,2014-11-05,ST526,SUP009,TEC-MA-10003183,4,76.71,2014-11-12,2014-11-16,Late,306.84
PUR001664,2014-11-05,ST234,SUP015,OFF-PA-10004451,4,3.56,2014-11-08,2014-11-07,Early,14.24
PUR001665,2014-11-05,ST206,SUP009,TEC-PH-10002660,4,49.57,2014-11-10,2014-11-10,On Time,198.28
PUR001666,2014-11-05,ST282,SUP012,OFF-BI-10000301,12,3.07,2014-11-09,2014-11-13,Late,36.839999999999996
PUR001667,2014-11-05,ST557,SUP013,OFF-ST-10000419,6,14.78,2014-11-10,2014-11-09,Early,88.67999999999999
PUR001668,2014-11-05,ST414,SUP006,OFF-ST-10004180,11,42.7,2014-11-11,2014-11-16,Late,469.70000000000005
PUR001669,2014-11-05,ST484,SUP001,FUR-BO-10004015,20,98.42,2014-11-12,2014-11-17,Late,1968.4
PUR001670,2014-11-05,ST233,SUP004,OFF-EN-10001219,6,4.18,2014-11-09,2014-11-11,Late,25.08
PUR001671,2014-11-05,ST566,SUP013,TEC-PH-10003442,9,4.14,2014-11-11,2014-11-15,Late,37.26
PUR001672,2014-11-05,ST321,SUP002,OFF-PA-10003845,16,2.85,2014-11-09,2014-11-11,Late,45.6
PUR001673,2014-11-05,ST572,SUP008,OFF-ST-10001490,15,117.67,2014-11-08,2014-11-09,Late,1765.05
PUR001674,2014-11-05,ST313,SUP003,OFF-BI-10004632,6,130.47,2014-11-08,2014-11-10,Late,782.8199999999999
PUR001675,2014-11-05,ST436,SUP007,FUR-CH-10002961,13,70.45,2014-11-11,2014-11-16,Late,915.85
PUR001676,2014-11-05,ST024,SUP010,OFF-PA-10002893,19,4.83,2014-11-12,2014-11-17,Late,91.77
PUR001677,2014-11-05,ST339,SUP003,OFF-BI-10003314,3,2.67,2014-11-12,2014-11-16,Late,8.01
PUR001678,2014-11-05,ST210,SUP007,OFF-BI-10002309,20,3.11,2014-11-11,2014-11-10,Early,62.199999999999996
PUR001679,2014-11-05,ST112,SUP008,OFF-BI-10004187,19,0.96,2014-11-10,2014-11-13,Late,18.24
PUR001680,2014-11-05,ST096,SUP005,TEC-PH-10001870,16,47.2,2014-11-09,2014-11-08,Early,755.2
PUR001681,2014-11-20,ST618,SUP014,FUR-FU-10002116,19,61.52,2014-11-26,2014-11-25,Early,1168.88
PUR001682,2014-11-20,ST396,SUP015,TEC-AC-10003610,7,29.32,2014-11-25,2014-11-25,On Time,205.24
PUR001683,2014-11-20,ST072,SUP009,FUR-FU-10003096,9,4.15,2014-11-26,2014-11-25,Early,37.35
PUR001684,2014-11-20,ST335,SUP003,OFF-SU-10002573,13,12.32,2014-11-26,2014-11-28,Late,160.16
PUR001685,2014-11-20,ST550,SUP003,OFF-LA-10004559,7,1.61,2014-11-26,2014-11-28,Late,11.270000000000001
PUR001686,2014-11-20,ST212,SUP015,TEC-AC-10003832,4,120.15,2014-11-24,2014-11-29,Late,480.6
PUR001687,2014-11-20,ST487,SUP014,OFF-AR-10001473,8,2.3,2014-11-24,2014-11-27,Late,18.4
PUR001688,2014-11-20,ST208,SUP010,FUR-FU-10004973,20,11.89,2014-11-27,2014-12-01,Late,237.8
PUR001689,2014-11-20,ST147,SUP001,OFF-BI-10003712,16,2.39,2014-11-26,2014-11-25,Early,38.24
PUR001690,2014-11-20,ST539,SUP004,TEC-PH-10002115,14,49.86,2014-11-25,2014-11-28,Late,698.04
PUR001691,2014-11-20,ST041,SUP010,FUR-CH-10002647,17,52.81,2014-11-23,2014-11-24,Late,897.77
PUR001692,2014-11-20,ST305,SUP014,FUR-FU-10003878,16,9.78,2014-11-26,2014-11-29,Late,156.48
PUR001693,2014-11-20,ST443,SUP003,FUR-FU-10004904,7,65.73,2014-11-26,2014-11-28,Late,460.11
PUR001694,2014-11-20,ST403,SUP002,TEC-PH-10002834,7,140.35,2014-11-23,2014-11-23,On Time,982.4499999999999
PUR001695,2014-11-20,ST551,SUP011,OFF-LA-10003714,7,1.86,2014-11-25,2014-11-29,Late,13.020000000000001
PUR001696,2014-11-20,ST223,SUP012,TEC-PH-10002923,4,28.07,2014-11-26,2014-11-28,Late,112.28
PUR001697,2014-11-20,ST079,SUP006,OFF-BI-10003981,19,2.14,2014-11-23,2014-11-26,Late,40.660000000000004
PUR001698,2014-11-20,ST259,SUP003,OFF-PA-10000019,12,3.31,2014-11-24,2014-11-27,Late,39.72
PUR001699,2014-11-20,ST473,SUP002,FUR-CH-10002335,3,166.47,2014-11-26,2014-11-27,Late,499.40999999999997
PUR001700,2014-11-20,ST039,SUP007,OFF-AP-10003860,14,21.71,2014-11-23,2014-11-24,Late,303.94
PUR001701,2014-11-20,ST335,SUP003,FUR-CH-10003379,5,222.67,2014-11-26,2014-11-28,Late,1113.35
PUR001702,2014-11-20,ST249,SUP009,OFF-LA-10002787,16,1.78,2014-11-26,2014-11-26,On Time,28.48
PUR001703,2014-11-20,ST166,SUP014,OFF-PA-10002581,17,18.13,2014-11-24,2014-11-29,Late,308.21
PUR001704,2014-11-20,ST302,SUP003,OFF-PA-10004041,2,4.16,2014-11-23,2014-11-26,Late,8.32
PUR001705,2014-11-20,ST012,SUP011,OFF-BI-10000848,14,2.76,2014-11-25,2014-11-25,On Time,38.64
PUR001706,2014-11-20,ST036,SUP004,OFF-AR-10001315,16,1.21,2014-11-27,2014-11-27,On Time,19.36
PUR001707,2014-11-20,ST536,SUP014,FUR-TA-10001086,16,116.9,2014-11-23,2014-11-25,Late,1870.4
PUR001708,2014-11-20,ST005,SUP010,OFF-ST-10003123,11,25.02,2014-11-23,2014-11-28,Late,275.21999999999997
PUR001709,2014-11-20,ST256,SUP015,OFF-BI-10003708,14,4.32,2014-11-25,2014-11-25,On Time,60.480000000000004
PUR001710,2014-11-20,ST029,SUP007,OFF-PA-10003893,8,2.16,2014-11-23,2014-11-24,Late,17.28
PUR001711,2014-11-20,ST226,SUP002,TEC-MA-10004521,8,131.05,2014-11-23,2014-11-28,Late,1048.4
PUR001712,2014-11-20,ST426,SUP001,OFF-LA-10002762,7,6.94,2014-11-27,2014-11-26,Early,48.580000000000005
PUR001713,2014-11-20,ST195,SUP011,OFF-ST-10000107,12,21.95,2014-11-27,2014-11-27,On Time,263.4
PUR001714,2014-11-20,ST124,SUP007,OFF-ST-10000885,19,9.86,2014-11-24,2014-11-24,On Time,187.33999999999997
PUR001715,2014-11-20,ST016,SUP003,OFF-BI-10002813,5,1.06,2014-11-26,2014-11-30,Late,5.300000000000001
PUR001716,2014-11-20,ST470,SUP004,OFF-LA-10001569,12,2.43,2014-11-24,2014-11-23,Early,29.160000000000004
PUR001717,2014-11-20,ST045,SUP006,TEC-AC-10002380,10,9.22,2014-11-23,2014-11-23,On Time,92.2
PUR001718,2014-11-20,ST512,SUP010,OFF-BI-10000301,15,3.11,2014-11-23,2014-11-27,Late,46.65
PUR001719,2014-11-20,ST583,SUP015,OFF-PA-10001260,19,4.66,2014-11-24,2014-11-25,Late,88.54
PUR001720,2014-11-20,ST398,SUP011,OFF-LA-10001074,5,6.77,2014-11-24,2014-11-25,Late,33.849999999999994
PUR001721,2014-11-20,ST326,SUP015,TEC-AC-10002637,7,173.77,2014-11-26,2014-11-25,Early,1216.39
PUR001722,2014-11-20,ST600,SUP015,TEC-AC-10000023,12,12.13,2014-11-26,2014-11-28,Late,145.56
PUR001723,2014-11-20,ST516,SUP004,TEC-PH-10004042,18,120.96,2014-11-27,2014-12-01,Late,2177.2799999999997
PUR001724,2014-11-20,ST128,SUP010,FUR-TA-10004607,2,113.34,2014-11-25,2014-11-25,On Time,226.68
PUR001725,2014-11-20,ST082,SUP010,FUR-BO-10001608,15,55.97,2014-11-23,2014-11-23,On Time,839.55
PUR001726,2014-11-20,ST156,SUP004,OFF-AR-10004042,13,12.76,2014-11-26,2014-11-26,On Time,165.88
PUR001727,2014-11-20,ST613,SUP012,OFF-BI-10001658,3,12.75,2014-11-26,2014-11-30,Late,38.25
PUR001728,2014-11-20,ST041,SUP006,OFF-BI-10002824,12,7.61,2014-11-27,2014-12-02,Late,91.32000000000001
PUR001729,2014-11-20,ST025,SUP005,TEC-AC-10001266,15,7.36,2014-11-24,2014-11-29,Late,110.4
PUR001730,2014-11-20,ST553,SUP004,FUR-CH-10001854,12,258.35,2014-11-23,2014-11-27,Late,3100.2000000000003
PUR001731,2014-11-20,ST228,SUP012,TEC-PH-10004667,9,104.48,2014-11-27,2014-12-02,Late,940.32
PUR001732,2014-11-20,ST453,SUP003,FUR-FU-10002918,14,81.32,2014-11-23,2014-11-22,Early,1138.48
PUR001733,2014-11-20,ST054,SUP004,OFF-PA-10000788,17,3.08,2014-11-24,2014-11-24,On Time,52.36
PUR001734,2014-11-20,ST563,SUP010,OFF-AP-10000804,6,3.09,2014-11-24,2014-11-24,On Time,18.54
PUR001735,2014-11-20,ST479,SUP012,OFF-AP-10000576,18,51.6,2014-11-25,2014-11-25,On Time,928.8000000000001
PUR001736,2014-11-20,ST621,SUP003,OFF-PA-10001293,8,3.2,2014-11-24,2014-11-25,Late,25.6
PUR001737,2014-11-20,ST207,SUP011,OFF-AR-10003514,11,2.71,2014-11-25,2014-11-30,Late,29.81
PUR001738,2014-11-20,ST408,SUP006,FUR-FU-10003194,17,6.19,2014-11-26,2014-11-26,On Time,105.23
PUR001739,2014-11-20,ST625,SUP009,OFF-LA-10003121,17,2.2,2014-11-26,2014-12-01,Late,37.400000000000006
PUR001740,2014-11-20,ST494,SUP013,OFF-ST-10000918,6,8.58,2014-11-23,2014-11-28,Late,51.480000000000004
PUR001741,2014-11-20,ST308,SUP002,OFF-ST-10003656,14,91.76,2014-11-27,2014-11-30,Late,1284.64
PUR001742,2014-11-20,ST264,SUP003,OFF-BI-10000050,6,3.91,2014-11-26,2014-11-28,Late,23.46
PUR001743,2014-11-20,ST576,SUP007,OFF-PA-10001667,11,3.26,2014-11-27,2014-11-29,Late,35.86
PUR001744,2014-11-20,ST481,SUP012,TEC-AC-10003038,4,7.01,2014-11-24,2014-11-24,On Time,28.04
PUR001745,2014-11-20,ST513,SUP014,OFF-AP-10000026,8,39.0,2014-11-25,2014-11-27,Late,312.0
PUR001746,2014-11-20,ST383,SUP007,FUR-FU-10002501,14,8.64,2014-11-26,2014-11-28,Late,120.96000000000001
PUR001747,2014-11-20,ST073,SUP010,FUR-FU-10000448,11,15.61,2014-11-26,2014-11-25,Early,171.70999999999998
PUR001748,2014-11-20,ST167,SUP010,OFF-BI-10001249,5,3.37,2014-11-24,2014-11-29,Late,16.85
PUR001749,2014-11-20,ST357,SUP013,OFF-BI-10004600,15,220.9,2014-11-27,2014-12-01,Late,3313.5
PUR001750,2014-11-20,ST060,SUP006,OFF-BI-10003196,17,1.92,2014-11-26,2014-11-28,Late,32.64
PUR001751,2014-11-20,ST371,SUP001,OFF-EN-10001535,9,2.22,2014-11-23,2014-11-27,Late,19.98
PUR001752,2014-11-20,ST151,SUP008,FUR-CH-10001146,6,43.4,2014-11-25,2014-11-25,On Time,260.4
PUR001753,2014-11-20,ST166,SUP014,OFF-BI-10003984,20,16.49,2014-11-23,2014-11-22,Early,329.79999999999995
PUR001754,2014-11-20,ST394,SUP015,TEC-PH-10004345,4,86.39,2014-11-26,2014-11-30,Late,345.56
PUR001755,2014-11-20,ST531,SUP002,FUR-CH-10001708,20,121.94,2014-11-24,2014-11-26,Late,2438.8
PUR001756,2014-11-20,ST310,SUP005,OFF-BI-10001036,7,4.87,2014-11-27,2014-11-30,Late,34.09
PUR001757,2014-11-20,ST422,SUP012,OFF-AR-10004344,14,8.9,2014-11-23,2014-11-22,Early,124.60000000000001
PUR001758,2014-11-20,ST147,SUP006,FUR-BO-10002268,20,69.22,2014-11-25,2014-11-29,Late,1384.4
PUR001759,2014-11-20,ST316,SUP007,OFF-AR-10004269,8,3.23,2014-11-23,2014-11-23,On Time,25.84
PUR001760,2014-11-20,ST428,SUP002,FUR-FU-10004587,17,9.61,2014-11-27,2014-11-29,Late,163.37
PUR001761,2014-12-05,ST181,SUP003,OFF-PA-10003883,11,3.7,2014-12-10,2014-12-10,On Time,40.7
PUR001762,2014-12-05,ST515,SUP003,OFF-LA-10004545,6,6.24,2014-12-08,2014-12-10,Late,37.44
PUR001763,2014-12-05,ST206,SUP003,FUR-CH-10004698,20,61.97,2014-12-08,2014-12-12,Late,1239.4
PUR001764,2014-12-05,ST266,SUP004,TEC-PH-10002538,7,28.58,2014-12-11,2014-12-13,Late,200.06
PUR001765,2014-12-05,ST082,SUP003,OFF-BI-10001116,5,2.95,2014-12-10,2014-12-09,Early,14.75
PUR001766,2014-12-05,ST351,SUP002,FUR-BO-10002268,14,60.67,2014-12-08,2014-12-11,Late,849.38
PUR001767,2014-12-05,ST104,SUP011,FUR-TA-10000198,9,471.75,2014-12-08,2014-12-07,Early,4245.75
PUR001768,2014-12-05,ST597,SUP001,OFF-PA-10002259,10,6.11,2014-12-08,2014-12-07,Early,61.1
PUR001769,2014-12-05,ST385,SUP001,OFF-PA-10001970,8,16.66,2014-12-12,2014-12-15,Late,133.28
PUR001770,2014-12-05,ST346,SUP008,OFF-ST-10004507,10,13.6,2014-12-12,2014-12-14,Late,136.0
PUR001771,2014-12-05,ST352,SUP015,FUR-FU-10001979,12,28.74,2014-12-10,2014-12-15,Late,344.88
PUR001772,2014-12-05,ST409,SUP011,OFF-BI-10003684,9,11.96,2014-12-11,2014-12-14,Late,107.64000000000001
PUR001773,2014-12-05,ST339,SUP014,FUR-CH-10000553,3,27.13,2014-12-08,2014-12-07,Early,81.39
PUR001774,2014-12-05,ST143,SUP007,FUR-BO-10002545,16,207.44,2014-12-08,2014-12-11,Late,3319.04
PUR001775,2014-12-05,ST255,SUP005,TEC-MA-10004125,5,3178.44,2014-12-10,2014-12-12,Late,15892.2
PUR001776,2014-12-05,ST193,SUP011,FUR-FU-10001475,17,14.55,2014-12-08,2014-12-12,Late,247.35000000000002
PUR001777,2014-12-05,ST047,SUP006,OFF-BI-10003719,12,12.17,2014-12-10,2014-12-14,Late,146.04
PUR001778,2014-12-05,ST410,SUP008,OFF-AP-10000275,16,223.67,2014-12-12,2014-12-17,Late,3578.72
PUR001779,2014-12-05,ST488,SUP015,TEC-PH-10000702,4,5.13,2014-12-08,2014-12-12,Late,20.52
PUR001780,2014-12-05,ST147,SUP004,FUR-FU-10002088,14,4.99,2014-12-12,2014-12-15,Late,69.86
PUR001781,2014-12-05,ST090,SUP008,OFF-LA-10000414,18,4.88,2014-12-10,2014-12-15,Late,87.84
PUR001782,2014-12-05,ST173,SUP008,FUR-CH-10003817,19,49.99,2014-12-11,2014-12-10,Early,949.8100000000001
PUR001783,2014-12-05,ST250,SUP004,TEC-PH-10001448,17,49.55,2014-12-09,2014-12-09,On Time,842.3499999999999
PUR001784,2014-12-05,ST030,SUP012,OFF-PA-10001972,4,3.1,2014-12-09,2014-12-10,Late,12.4
PUR001785,2014-12-05,ST264,SUP004,OFF-AR-10004344,14,9.22,2014-12-11,2014-12-15,Late,129.08
PUR001786,2014-12-05,ST548,SUP015,OFF-LA-10003766,5,1.69,2014-12-11,2014-12-10,Early,8.45
PUR001787,2014-12-05,ST590,SUP015,OFF-LA-10001074,12,7.13,2014-12-12,2014-12-11,Early,85.56
PUR001788,2014-12-05,ST391,SUP012,OFF-AR-10003651,12,2.27,2014-12-12,2014-12-17,Late,27.240000000000002
PUR001789,2014-12-05,ST266,SUP004,OFF-BI-10000174,15,3.2,2014-12-08,2014-12-09,Late,48.0
PUR001790,2014-12-05,ST607,SUP006,OFF-ST-10003282,4,39.68,2014-12-09,2014-12-13,Late,158.72
PUR001791,2014-12-05,ST321,SUP003,FUR-CH-10003298,5,120.93,2014-12-11,2014-12-14,Late,604.6500000000001
PUR001792,2014-12-05,ST549,SUP010,OFF-AR-10002578,2,1.97,2014-12-09,2014-12-14,Late,3.94
PUR001793,2014-12-05,ST374,SUP006,TEC-AC-10004571,14,63.56,2014-12-09,2014-12-12,Late,889.84
PUR001794,2014-12-05,ST010,SUP007,OFF-PA-10001184,20,2.88,2014-12-12,2014-12-17,Late,57.599999999999994
PUR001795,2014-12-05,ST304,SUP014,OFF-BI-10001524,16,10.51,2014-12-09,2014-12-11,Late,168.16
PUR001796,2014-12-05,ST150,SUP005,OFF-AR-10001919,16,1.24,2014-12-08,2014-12-11,Late,19.84
PUR001797,2014-12-05,ST127,SUP012,FUR-FU-10001468,12,148.0,2014-12-10,2014-12-15,Late,1776.0
PUR001798,2014-12-05,ST221,SUP014,FUR-BO-10002853,20,61.19,2014-12-11,2014-12-12,Late,1223.8
PUR001799,2014-12-05,ST342,SUP013,OFF-BI-10004876,14,1.29,2014-12-09,2014-12-14,Late,18.060000000000002
PUR001800,2014-12-05,ST231,SUP015,OFF-ST-10001809,8,94.16,2014-12-08,2014-12-13,Late,753.28
PUR001801,2014-12-05,ST402,SUP012,OFF-EN-10000056,7,35.34,2014-12-10,2014-12-15,Late,247.38000000000002
PUR001802,2014-12-05,ST402,SUP009,OFF-AR-10003373,7,24.84,2014-12-10,2014-12-12,Late,173.88
PUR001803,2014-12-05,ST401,SUP013,OFF-PA-10001870,17,3.7,2014-12-11,2014-12-10,Early,62.900000000000006
PUR001804,2014-12-05,ST200,SUP005,OFF-PA-10001363,18,6.8,2014-12-12,2014-12-14,Late,122.39999999999999
PUR001805,2014-12-05,ST595,SUP013,FUR-TA-10003392,5,210.79,2014-12-08,2014-12-13,Late,1053.95
PUR001806,2014-12-05,ST592,SUP003,OFF-AR-10002135,11,33.93,2014-12-09,2014-12-11,Late,373.23
PUR001807,2014-12-05,ST215,SUP003,OFF-AR-10000246,17,1.97,2014-12-09,2014-12-14,Late,33.49
PUR001808,2014-12-05,ST371,SUP001,OFF-EN-10004459,8,4.08,2014-12-12,2014-12-11,Early,32.64
PUR001809,2014-12-05,ST173,SUP007,OFF-LA-10004093,6,3.78,2014-12-08,2014-12-07,Early,22.68
PUR001810,2014-12-05,ST054,SUP003,OFF-BI-10001989,13,11.94,2014-12-08,2014-12-11,Late,155.22
PUR001811,2014-12-05,ST414,SUP003,TEC-AC-10001284,12,13.54,2014-12-09,2014-12-08,Early,162.48
PUR001812,2014-12-05,ST310,SUP008,OFF-AR-10004165,5,1.21,2014-12-12,2014-12-12,On Time,6.05
PUR001813,2014-12-05,ST092,SUP013,OFF-AP-10004249,14,9.22,2014-12-11,2014-12-16,Late,129.08
PUR001814,2014-12-05,ST456,SUP011,OFF-BI-10001636,14,4.35,2014-12-10,2014-12-09,Early,60.89999999999999
PUR001815,2014-12-05,ST501,SUP002,OFF-AR-10000390,5,2.06,2014-12-12,2014-12-12,On Time,10.3
PUR001816,2014-12-05,ST492,SUP010,TEC-PH-10004165,2,207.03,2014-12-10,2014-12-14,Late,414.06
PUR001817,2014-12-05,ST394,SUP003,FUR-CH-10003774,5,83.81,2014-12-11,2014-12-15,Late,419.05
PUR001818,2014-12-05,ST102,SUP003,FUR-TA-10001095,15,132.14,2014-12-10,2014-12-09,Early,1982.1
PUR001819,2014-12-05,ST021,SUP014,TEC-AC-10003447,19,14.05,2014-12-11,2014-12-14,Late,266.95
PUR001820,2014-12-05,ST501,SUP009,FUR-FU-10001935,19,2.31,2014-12-08,2014-12-11,Late,43.89
PUR001821,2014-12-05,ST128,SUP014,OFF-PA-10004451,20,3.4,2014-12-09,2014-12-13,Late,68.0
PUR001822,2014-12-05,ST185,SUP010,TEC-AC-10001772,5,9.12,2014-12-08,2014-12-11,Late,45.599999999999994
PUR001823,2014-12-05,ST041,SUP002,OFF-EN-10004955,16,2.92,2014-12-09,2014-12-12,Late,46.72
PUR001824,2014-12-05,ST576,SUP002,OFF-PA-10003395,8,56.19,2014-12-10,2014-12-15,Late,449.52
PUR001825,2014-12-05,ST519,SUP002,OFF-BI-10004140,3,2.26,2014-12-10,2014-12-11,Late,6.779999999999999
PUR001826,2014-12-05,ST001,SUP011,FUR-TA-10001705,19,156.92,2014-12-09,2014-12-10,Late,2981.4799999999996
PUR001827,2014-12-05,ST301,SUP009,OFF-BI-10004001,3,10.02,2014-12-12,2014-12-14,Late,30.06
PUR001828,2014-12-05,ST321,SUP012,OFF-PA-10002246,6,3.34,2014-12-12,2014-12-13,Late,20.04
PUR001829,2014-12-05,ST102,SUP012,OFF-AR-10001988,19,4.26,2014-12-08,2014-12-08,On Time,80.94
PUR001830,2014-12-05,ST221,SUP005,FUR-TA-10001039,3,59.66,2014-12-09,2014-12-12,Late,178.98
PUR001831,2014-12-05,ST285,SUP006,OFF-AR-10001468,19,21.54,2014-12-09,2014-12-13,Late,409.26
PUR001832,2014-12-05,ST267,SUP005,TEC-AC-10000865,15,44.8,2014-12-11,2014-12-15,Late,672.0
PUR001833,2014-12-05,ST261,SUP002,OFF-ST-10004337,7,60.02,2014-12-11,2014-12-15,Late,420.14000000000004
PUR001834,2014-12-05,ST276,SUP002,OFF-PA-10001125,6,17.16,2014-12-09,2014-12-13,Late,102.96000000000001
PUR001835,2014-12-05,ST524,SUP011,OFF-ST-10001128,13,109.02,2014-12-12,2014-12-12,On Time,1417.26
PUR001836,2014-12-05,ST445,SUP006,OFF-AR-10000817,15,2.14,2014-12-11,2014-12-10,Early,32.1
PUR001837,2014-12-05,ST545,SUP002,FUR-TA-10001889,9,318.46,2014-12-08,2014-12-12,Late,2866.14
PUR001838,2014-12-05,ST092,SUP006,FUR-TA-10003238,19,437.97,2014-12-10,2014-12-11,Late,8321.43
PUR001839,2014-12-05,ST232,SUP013,OFF-FA-10003485,10,1.31,2014-12-10,2014-12-09,Early,13.100000000000001
PUR001840,2014-12-05,ST388,SUP004,TEC-AC-10000358,5,28.16,2014-12-08,2014-12-13,Late,140.8
PUR001841,2014-12-20,ST314,SUP012,OFF-PA-10004040,5,2.85,2014-12-27,2015-01-01,Late,14.25
PUR001842,2014-12-20,ST586,SUP006,TEC-PH-10003691,17,86.85,2014-12-25,2014-12-28,Late,1476.4499999999998
PUR001843,2014-12-20,ST050,SUP015,OFF-PA-10003724,10,2.83,2014-12-24,2014-12-25,Late,28.3
PUR001844,2014-12-20,ST545,SUP013,OFF-LA-10000240,14,3.63,2014-12-27,2014-12-30,Late,50.82
PUR001845,2014-12-20,ST266,SUP003,TEC-PH-10003988,14,7.81,2014-12-23,2014-12-27,Late,109.33999999999999
PUR001846,2014-12-20,ST130,SUP011,FUR-FU-10004020,18,3.25,2014-12-24,2014-12-26,Late,58.5
PUR001847,2014-12-20,ST380,SUP001,OFF-PA-10001745,20,3.91,2014-12-24,2014-12-28,Late,78.2
PUR001848,2014-12-20,ST450,SUP003,OFF-LA-10000305,15,3.54,2014-12-25,2014-12-30,Late,53.1
PUR001849,2014-12-20,ST439,SUP005,OFF-BI-10004781,16,16.51,2014-12-27,2014-12-31,Late,264.16
PUR001850,2014-12-20,ST090,SUP014,OFF-BI-10003707,9,7.33,2014-12-25,2014-12-27,Late,65.97
PUR001851,2014-12-20,ST082,SUP011,TEC-PH-10001530,12,246.38,2014-12-23,2014-12-27,Late,2956.56
PUR001852,2014-12-20,ST590,SUP003,OFF-PA-10002986,9,3.78,2014-12-23,2014-12-22,Early,34.019999999999996
PUR001853,2014-12-20,ST011,SUP008,FUR-CH-10002774,11,36.59,2014-12-26,2014-12-30,Late,402.49
PUR001854,2014-12-20,ST492,SUP003,TEC-PH-10004042,18,127.83,2014-12-26,2014-12-29,Late,2300.94
PUR001855,2014-12-20,ST015,SUP007,FUR-CH-10000422,19,79.46,2014-12-27,2014-12-27,On Time,1509.7399999999998
PUR001856,2014-12-20,ST548,SUP012,OFF-AP-10001293,2,30.77,2014-12-25,2014-12-25,On Time,61.54
PUR001857,2014-12-20,ST622,SUP001,OFF-AP-10003971,18,8.36,2014-12-26,2014-12-26,On Time,150.48
PUR001858,2014-12-20,ST077,SUP003,OFF-AR-10002067,18,15.87,2014-12-25,2014-12-30,Late,285.65999999999997
PUR001859,2014-12-20,ST433,SUP001,OFF-SU-10001574,6,2.56,2014-12-26,2014-12-28,Late,15.36
PUR001860,2014-12-20,ST347,SUP002,FUR-FU-10004006,7,34.5,2014-12-24,2014-12-29,Late,241.5
PUR001861,2014-12-20,ST121,SUP014,OFF-BI-10003684,19,11.77,2014-12-25,2014-12-26,Late,223.63
PUR001862,2014-12-20,ST003,SUP004,FUR-CH-10001797,17,26.19,2014-12-27,2014-12-29,Late,445.23
PUR001863,2014-12-20,ST528,SUP015,OFF-ST-10000585,8,132.59,2014-12-23,2014-12-25,Late,1060.72
PUR001864,2014-12-20,ST631,SUP001,OFF-EN-10004955,17,2.51,2014-12-26,2014-12-27,Late,42.669999999999995
PUR001865,2014-12-20,ST359,SUP001,FUR-CH-10004289,11,77.34,2014-12-24,2014-12-26,Late,850.74
PUR001866,2014-12-20,ST504,SUP007,TEC-PH-10002563,13,84.07,2014-12-24,2014-12-23,Early,1092.9099999999999
PUR001867,2014-12-20,ST421,SUP003,OFF-BI-10001249,18,3.46,2014-12-23,2014-12-25,Late,62.28
PUR001868,2014-12-20,ST257,SUP011,TEC-PH-10000127,2,18.24,2014-12-24,2014-12-26,Late,36.48
PUR001869,2014-12-20,ST439,SUP006,OFF-BI-10002225,14,10.46,2014-12-24,2014-12-27,Late,146.44
PUR001870,2014-12-20,ST450,SUP008,TEC-MA-10000822,10,1096.86,2014-12-24,2014-12-24,On Time,10968.599999999999
PUR001871,2014-12-20,ST368,SUP001,OFF-BI-10001900,13,3.33,2014-12-24,2014-12-23,Early,43.29
PUR001872,2014-12-20,ST405,SUP003,OFF-LA-10004008,8,1.49,2014-12-26,2014-12-30,Late,11.92
PUR001873,2014-12-20,ST204,SUP003,OFF-BI-10002133,12,23.58,2014-12-26,2014-12-30,Late,282.96
PUR001874,2014-12-20,ST564,SUP008,OFF-LA-10004544,10,6.84,2014-12-26,2014-12-31,Late,68.4
PUR001875,2014-12-20,ST410,SUP013,FUR-CH-10002602,6,107.81,2014-12-27,2014-12-31,Late,646.86
PUR001876,2014-12-20,ST022,SUP002,TEC-PH-10001817,14,242.07,2014-12-24,2014-12-24,On Time,3388.98
PUR001877,2014-12-20,ST243,SUP013,OFF-LA-10001297,13,5.38,2014-12-23,2014-12-27,Late,69.94
PUR001878,2014-12-20,ST009,SUP010,OFF-ST-10001228,12,10.2,2014-12-26,2014-12-28,Late,122.39999999999999
PUR001879,2014-12-20,ST440,SUP002,OFF-BI-10003981,11,2.21,2014-12-24,2014-12-27,Late,24.31
PUR001880,2014-12-20,ST256,SUP003,OFF-EN-10003286,6,4.59,2014-12-25,2014-12-30,Late,27.54
PUR001881,2014-12-20,ST254,SUP012,FUR-BO-10004015,5,100.41,2014-12-26,2014-12-26,On Time,502.04999999999995
PUR001882,2014-12-20,ST106,SUP013,OFF-LA-10000452,17,1.71,2014-12-27,2014-12-30,Late,29.07
PUR001883,2014-12-20,ST606,SUP014,OFF-BI-10003650,7,256.48,2014-12-24,2014-12-24,On Time,1795.3600000000001
PUR001884,2014-12-20,ST281,SUP001,OFF-AR-10003582,5,18.78,2014-12-24,2014-12-24,On Time,93.9
PUR001885,2014-12-20,ST094,SUP004,FUR-FU-10004018,15,9.82,2014-12-23,2014-12-25,Late,147.3
PUR001886,2014-12-20,ST237,SUP012,OFF-AP-10001242,15,56.62,2014-12-24,2014-12-25,Late,849.3
PUR001887,2014-12-20,ST438,SUP009,TEC-PH-10001918,15,99.66,2014-12-23,2014-12-24,Late,1494.8999999999999
PUR001888,2014-12-20,ST360,SUP005,OFF-BI-10002954,5,2.27,2014-12-26,2014-12-26,On Time,11.35
PUR001889,2014-12-20,ST042,SUP003,OFF-ST-10003805,12,170.39,2014-12-23,2014-12-22,Early,2044.6799999999998
PUR001890,2014-12-20,ST287,SUP008,FUR-FU-10001935,12,2.06,2014-12-27,2014-12-26,Early,24.72
PUR001891,2014-12-20,ST373,SUP008,TEC-MA-10002428,15,79.87,2014-12-25,2014-12-26,Late,1198.0500000000002
PUR001892,2014-12-20,ST566,SUP001,OFF-ST-10003479,5,34.01,2014-12-24,2014-12-25,Late,170.04999999999998
PUR001893,2014-12-20,ST604,SUP006,OFF-PA-10000174,13,5.71,2014-12-27,2014-12-30,Late,74.23
PUR001894,2014-12-20,ST216,SUP005,OFF-LA-10002762,13,6.29,2014-12-27,2014-12-29,Late,81.77
PUR001895,2014-12-20,ST617,SUP003,OFF-AR-10000203,4,3.27,2014-12-23,2014-12-22,Early,13.08
PUR001896,2014-12-20,ST196,SUP015,OFF-AP-10004249,20,9.56,2014-12-24,2014-12-28,Late,191.20000000000002
PUR001897,2014-12-20,ST560,SUP002,OFF-AR-10001315,16,1.36,2014-12-27,2014-12-28,Late,21.76
PUR001898,2014-12-20,ST207,SUP013,FUR-CH-10002320,11,234.81,2014-12-27,2014-12-31,Late,2582.91
PUR001899,2014-12-20,ST429,SUP004,FUR-BO-10004709,6,41.1,2014-12-27,2014-12-31,Late,246.60000000000002
PUR001900,2014-12-20,ST574,SUP013,OFF-AP-10000828,10,140.51,2014-12-25,2014-12-26,Late,1405.1
PUR001901,2014-12-20,ST447,SUP002,FUR-FU-10002505,16,2.35,2014-12-23,2014-12-25,Late,37.6
PUR001902,2014-12-20,ST023,SUP009,FUR-FU-10004270,15,6.1,2014-12-24,2014-12-27,Late,91.5
PUR001903,2014-12-20,ST297,SUP003,OFF-LA-10003923,10,7.69,2014-12-23,2014-12-26,Late,76.9
PUR001904,2014-12-20,ST195,SUP012,FUR-CH-10003846,3,89.82,2014-12-26,2014-12-28,Late,269.46
PUR001905,2014-12-20,ST170,SUP002,FUR-CH-10001146,19,48.95,2014-12-26,2014-12-31,Late,930.0500000000001
PUR001906,2014-12-20,ST400,SUP013,FUR-FU-10001591,18,6.91,2014-12-26,2014-12-29,Late,124.38
PUR001907,2014-12-20,ST164,SUP001,TEC-PH-10004536,10,95.31,2014-12-27,2014-12-27,On Time,953.1
PUR001908,2014-12-20,ST526,SUP015,OFF-LA-10001613,20,1.53,2014-12-26,2014-12-29,Late,30.6
PUR001909,2014-12-20,ST226,SUP014,OFF-FA-10000936,18,1.72,2014-12-25,2014-12-29,Late,30.96
PUR001910,2014-12-20,ST230,SUP003,OFF-AR-10003759,10,1.01,2014-12-23,2014-12-26,Late,10.1
PUR001911,2014-12-20,ST152,SUP011,OFF-PA-10002246,9,3.15,2014-12-25,2014-12-25,On Time,28.349999999999998
PUR001912,2014-12-20,ST255,SUP001,OFF-AR-10000246,10,2.21,2014-12-24,2014-12-27,Late,22.1
PUR001913,2014-12-20,ST620,SUP006,OFF-AR-10001573,5,1.49,2014-12-25,2014-12-26,Late,7.45
PUR001914,2014-12-20,ST563,SUP015,FUR-TA-10002645,4,205.73,2014-12-25,2014-12-29,Late,822.92
PUR001915,2014-12-20,ST302,SUP010,OFF-BI-10000014,6,5.68,2014-12-25,2014-12-24,Early,34.08
PUR001916,2014-12-20,ST287,SUP004,OFF-LA-10002271,2,1.71,2014-12-24,2014-12-25,Late,3.42
PUR001917,2014-12-20,ST598,SUP014,OFF-LA-10000407,2,2.71,2014-12-23,2014-12-27,Late,5.42
PUR001918,2014-12-20,ST619,SUP005,OFF-LA-10002787,14,2.12,2014-12-27,2014-12-27,On Time,29.68
PUR001919,2014-12-20,ST209,SUP005,OFF-ST-10004180,16,42.15,2014-12-27,2014-12-31,Late,674.4
PUR001920,2014-12-20,ST445,SUP004,FUR-CH-10004983,14,115.42,2014-12-25,2014-12-25,On Time,1615.88
PUR001921,2015-01-05,ST471,SUP003,OFF-AP-10002945,17,185.07,2015-01-09,2015-01-14,Late,3146.19
PUR001922,2015-01-05,ST185,SUP008,OFF-PA-10004475,7,26.29,2015-01-10,2015-01-09,Early,184.03
PUR001923,2015-01-05,ST404,SUP003,OFF-PA-10000726,11,4.67,2015-01-12,2015-01-12,On Time,51.37
PUR001924,2015-01-05,ST252,SUP007,OFF-PA-10004040,4,2.83,2015-01-11,2015-01-15,Late,11.32
PUR001925,2015-01-05,ST141,SUP009,OFF-BI-10004967,14,1.01,2015-01-08,2015-01-11,Late,14.14
PUR001926,2015-01-05,ST113,SUP001,OFF-ST-10002574,5,134.77,2015-01-08,2015-01-13,Late,673.85
PUR001927,2015-01-05,ST086,SUP013,OFF-EN-10004955,3,2.56,2015-01-10,2015-01-10,On Time,7.68
PUR001928,2015-01-05,ST109,SUP001,OFF-PA-10000791,2,2.78,2015-01-12,2015-01-16,Late,5.56
PUR001929,2015-01-05,ST208,SUP002,TEC-AC-10003628,12,17.98,2015-01-09,2015-01-11,Late,215.76
PUR001930,2015-01-05,ST168,SUP014,OFF-SU-10004261,20,13.2,2015-01-10,2015-01-11,Late,264.0
PUR001931,2015-01-05,ST557,SUP001,TEC-PH-10000011,17,9.68,2015-01-10,2015-01-14,Late,164.56
PUR001932,2015-01-05,ST046,SUP014,FUR-FU-10003878,19,9.32,2015-01-08,2015-01-11,Late,177.08
PUR001933,2015-01-05,ST426,SUP015,OFF-ST-10001228,11,9.52,2015-01-09,2015-01-08,Early,104.72
PUR001934,2015-01-05,ST395,SUP007,OFF-PA-10000482,9,18.19,2015-01-09,2015-01-10,Late,163.71
PUR001935,2015-01-05,ST394,SUP015,OFF-ST-10002974,11,28.83,2015-01-08,2015-01-10,Late,317.13
PUR001936,2015-01-05,ST105,SUP004,OFF-BI-10002412,7,3.5,2015-01-10,2015-01-11,Late,24.5
PUR001937,2015-01-05,ST370,SUP002,OFF-BI-10000309,4,7.94,2015-01-08,2015-01-07,Early,31.76
PUR001938,2015-01-05,ST343,SUP009,FUR-CH-10004860,6,88.81,2015-01-12,2015-01-12,On Time,532.86
PUR001939,2015-01-05,ST309,SUP011,OFF-EN-10001453,15,30.06,2015-01-12,2015-01-17,Late,450.9
PUR001940,2015-01-05,ST278,SUP002,OFF-EN-10003072,11,1.96,2015-01-11,2015-01-15,Late,21.56
PUR001941,2015-01-05,ST079,SUP013,TEC-AC-10004864,13,22.61,2015-01-08,2015-01-13,Late,293.93
PUR001942,2015-01-05,ST328,SUP003,OFF-PA-10002137,6,4.52,2015-01-09,2015-01-11,Late,27.119999999999997
PUR001943,2015-01-05,ST490,SUP013,OFF-BI-10000285,16,4.09,2015-01-08,2015-01-07,Early,65.44
PUR001944,2015-01-05,ST286,SUP012,TEC-AC-10001606,20,61.09,2015-01-09,2015-01-08,Early,1221.8000000000002
PUR001945,2015-01-05,ST395,SUP003,TEC-AC-10000158,12,31.25,2015-01-10,2015-01-11,Late,375.0
PUR001946,2015-01-05,ST424,SUP012,OFF-PA-10004665,17,6.58,2015-01-12,2015-01-17,Late,111.86
PUR001947,2015-01-05,ST252,SUP011,OFF-BI-10003876,12,19.85,2015-01-11,2015-01-13,Late,238.20000000000002
PUR001948,2015-01-05,ST505,SUP009,FUR-CH-10002880,19,109.4,2015-01-12,2015-01-15,Late,2078.6
PUR001949,2015-01-05,ST432,SUP010,FUR-FU-10003724,9,6.05,2015-01-12,2015-01-15,Late,54.449999999999996
PUR001950,2015-01-05,ST371,SUP004,FUR-FU-10004017,9,51.62,2015-01-08,2015-01-08,On Time,464.58
PUR001951,2015-01-05,ST137,SUP008,FUR-FU-10004973,2,10.63,2015-01-08,2015-01-07,Early,21.26
PUR001952,2015-01-05,ST143,SUP014,OFF-AR-10004062,13,7.64,2015-01-10,2015-01-12,Late,99.32
PUR001953,2015-01-05,ST432,SUP009,OFF-EN-10002500,6,7.5,2015-01-09,2015-01-09,On Time,45.0
PUR001954,2015-01-05,ST121,SUP003,FUR-FU-10002445,9,5.18,2015-01-09,2015-01-11,Late,46.62
PUR001955,2015-01-05,ST381,SUP007,OFF-PA-10000380,2,4.33,2015-01-08,2015-01-12,Late,8.66
PUR001956,2015-01-05,ST489,SUP002,OFF-FA-10004395,5,4.62,2015-01-12,2015-01-17,Late,23.1
PUR001957,2015-01-05,ST145,SUP006,OFF-AR-10003958,7,2.11,2015-01-08,2015-01-08,On Time,14.77
PUR001958,2015-01-05,ST427,SUP014,OFF-ST-10001418,4,53.93,2015-01-09,2015-01-14,Late,215.72
PUR001959,2015-01-05,ST541,SUP003,OFF-FA-10000053,7,1.84,2015-01-10,2015-01-12,Late,12.88
PUR001960,2015-01-05,ST014,SUP008,OFF-AR-10000588,15,15.34,2015-01-10,2015-01-09,Early,230.1
PUR001961,2015-01-05,ST033,SUP011,FUR-FU-10003394,6,52.96,2015-01-12,2015-01-17,Late,317.76
PUR001962,2015-01-05,ST406,SUP001,OFF-AR-10003217,7,3.52,2015-01-11,2015-01-15,Late,24.64
PUR001963,2015-01-05,ST265,SUP014,OFF-FA-10000621,16,1.85,2015-01-12,2015-01-15,Late,29.6
PUR001964,2015-01-05,ST161,SUP007,OFF-ST-10001490,11,130.16,2015-01-10,2015-01-09,Early,1431.76
PUR001965,2015-01-05,ST217,SUP003,OFF-BI-10000546,18,1.43,2015-01-11,2015-01-14,Late,25.74
PUR001966,2015-01-05,ST573,SUP003,TEC-PH-10000895,3,125.7,2015-01-12,2015-01-17,Late,377.1
PUR001967,2015-01-05,ST489,SUP008,OFF-AP-10001271,4,39.57,2015-01-10,2015-01-14,Late,158.28
PUR001968,2015-01-05,ST056,SUP003,OFF-AP-10000891,14,97.79,2015-01-10,2015-01-14,Late,1369.0600000000002
PUR001969,2015-01-05,ST107,SUP002,OFF-PA-10001972,15,3.16,2015-01-08,2015-01-09,Late,47.400000000000006
PUR001970,2015-01-05,ST167,SUP005,OFF-ST-10001932,12,150.45,2015-01-12,2015-01-11,Early,1805.3999999999999
PUR001971,2015-01-05,ST317,SUP001,OFF-AP-10004708,4,25.47,2015-01-09,2015-01-12,Late,101.88
PUR001972,2015-01-05,ST247,SUP001,FUR-FU-10003664,8,69.65,2015-01-10,2015-01-09,Early,557.2
PUR001973,2015-01-05,ST496,SUP010,OFF-PA-10001947,20,3.09,2015-01-08,2015-01-07,Early,61.8
PUR001974,2015-01-05,ST009,SUP005,TEC-AC-10003133,12,4.61,2015-01-10,2015-01-15,Late,55.32000000000001
PUR001975,2015-01-05,ST200,SUP009,OFF-AR-10003514,11,2.91,2015-01-10,2015-01-15,Late,32.010000000000005
PUR001976,2015-01-05,ST100,SUP003,OFF-BI-10004209,14,4.62,2015-01-10,2015-01-12,Late,64.68
PUR001977,2015-01-05,ST154,SUP013,TEC-PH-10001128,18,99.38,2015-01-08,2015-01-11,Late,1788.84
PUR001978,2015-01-05,ST039,SUP014,OFF-BI-10000301,14,3.22,2015-01-10,2015-01-10,On Time,45.080000000000005
PUR001979,2015-01-05,ST096,SUP002,OFF-AR-10000538,6,20.42,2015-01-09,2015-01-09,On Time,122.52000000000001
PUR001980,2015-01-05,ST514,SUP003,OFF-BI-10002026,6,28.31,2015-01-12,2015-01-16,Late,169.85999999999999
PUR001981,2015-01-05,ST459,SUP006,OFF-BI-10000773,18,4.62,2015-01-09,2015-01-10,Late,83.16
PUR001982,2015-01-05,ST442,SUP014,OFF-PA-10001776,11,4.78,2015-01-08,2015-01-12,Late,52.580000000000005
PUR001983,2015-01-05,ST622,SUP010,TEC-PH-10003012,14,103.63,2015-01-08,2015-01-08,On Time,1450.82
PUR001984,2015-01-05,ST100,SUP008,TEC-AC-10001266,20,7.33,2015-01-08,2015-01-08,On Time,146.6
PUR001985,2015-01-05,ST090,SUP013,OFF-AP-10000692,11,14.73,2015-01-11,2015-01-10,Early,162.03
PUR001986,2015-01-05,ST303,SUP015,OFF-AR-10002067,16,14.13,2015-01-09,2015-01-08,Early,226.08
PUR001987,2015-01-05,ST092,SUP006,FUR-CH-10003973,10,271.76,2015-01-08,2015-01-08,On Time,2717.6
PUR001988,2015-01-05,ST263,SUP008,FUR-FU-10001602,16,29.6,2015-01-11,2015-01-15,Late,473.6
PUR001989,2015-01-05,ST500,SUP010,OFF-BI-10002003,6,2.29,2015-01-08,2015-01-09,Late,13.74
PUR001990,2015-01-05,ST133,SUP014,OFF-PA-10000697,11,2.38,2015-01-11,2015-01-12,Late,26.18
PUR001991,2015-01-05,ST383,SUP006,OFF-LA-10001175,18,1.57,2015-01-08,2015-01-12,Late,28.26
PUR001992,2015-01-05,ST044,SUP005,TEC-PH-10002200,15,236.42,2015-01-12,2015-01-16,Late,3546.2999999999997
PUR001993,2015-01-05,ST575,SUP004,OFF-SU-10001218,3,8.29,2015-01-08,2015-01-08,On Time,24.869999999999997
PUR001994,2015-01-05,ST584,SUP003,OFF-AR-10001446,5,7.75,2015-01-11,2015-01-16,Late,38.75
PUR001995,2015-01-05,ST474,SUP014,TEC-AC-10004510,4,13.91,2015-01-08,2015-01-09,Late,55.64
PUR001996,2015-01-05,ST477,SUP009,FUR-CH-10001394,16,244.14,2015-01-08,2015-01-07,Early,3906.24
PUR001997,2015-01-05,ST407,SUP015,FUR-FU-10004586,7,3.61,2015-01-11,2015-01-11,On Time,25.27
PUR001998,2015-01-05,ST351,SUP006,FUR-TA-10003715,14,190.07,2015-01-12,2015-01-14,Late,2660.98
PUR001999,2015-01-05,ST118,SUP008,FUR-FU-10004460,8,26.16,2015-01-10,2015-01-12,Late,209.28
PUR002000,2015-01-05,ST150,SUP008,OFF-LA-10000134,3,1.62,2015-01-09,2015-01-10,Late,4.86
PUR002001,2015-01-20,ST390,SUP010,FUR-FU-10004270,20,5.51,2015-01-23,2015-01-28,Late,110.19999999999999
PUR002002,2015-01-20,ST219,SUP008,FUR-CH-10004853,13,113.4,2015-01-23,2015-01-23,On Time,1474.2
PUR002003,2015-01-20,ST434,SUP011,TEC-PH-10002583,2,20.71,2015-01-25,2015-01-26,Late,41.42
PUR002004,2015-01-20,ST281,SUP002,TEC-PH-10001536,7,11.53,2015-01-26,2015-01-25,Early,80.71
PUR002005,2015-01-20,ST430,SUP008,OFF-PA-10001295,11,10.6,2015-01-27,2015-01-27,On Time,116.6
PUR002006,2015-01-20,ST095,SUP001,OFF-BI-10002824,10,7.69,2015-01-26,2015-01-27,Late,76.9
PUR002007,2015-01-20,ST430,SUP006,OFF-PA-10003790,11,11.51,2015-01-26,2015-01-28,Late,126.61
PUR002008,2015-01-20,ST448,SUP003,OFF-AP-10002892,19,16.69,2015-01-25,2015-01-29,Late,317.11
PUR002009,2015-01-20,ST575,SUP001,OFF-BI-10001071,20,31.91,2015-01-27,2015-01-27,On Time,638.2
PUR002010,2015-01-20,ST632,SUP010,FUR-FU-10002960,4,3.8,2015-01-24,2015-01-25,Late,15.2
PUR002011,2015-01-20,ST470,SUP015,FUR-TA-10004607,12,108.11,2015-01-24,2015-01-26,Late,1297.32
PUR002012,2015-01-20,ST417,SUP011,TEC-MA-10002428,12,78.66,2015-01-25,2015-01-28,Late,943.92
PUR002013,2015-01-20,ST129,SUP014,OFF-PA-10001970,2,18.2,2015-01-26,2015-01-30,Late,36.4
PUR002014,2015-01-20,ST193,SUP004,FUR-TA-10004154,20,205.73,2015-01-26,2015-01-30,Late,4114.599999999999
PUR002015,2015-01-20,ST387,SUP010,OFF-BI-10003196,19,1.97,2015-01-24,2015-01-25,Late,37.43
PUR002016,2015-01-20,ST591,SUP011,TEC-PH-10002483,8,270.65,2015-01-23,2015-01-24,Late,2165.2
PUR002017,2015-01-20,ST315,SUP015,OFF-PA-10004071,13,26.06,2015-01-27,2015-02-01,Late,338.78
PUR002018,2015-01-20,ST467,SUP011,OFF-FA-10001883,5,8.01,2015-01-26,2015-01-28,Late,40.05
PUR002019,2015-01-20,ST437,SUP009,OFF-PA-10000029,13,3.27,2015-01-27,2015-02-01,Late,42.51
PUR002020,2015-01-20,ST470,SUP003,OFF-BI-10000069,12,7.48,2015-01-26,2015-01-27,Late,89.76
PUR002021,2015-01-20,ST556,SUP003,TEC-AC-10000057,7,23.94,2015-01-26,2015-01-28,Late,167.58
PUR002022,2015-01-20,ST448,SUP012,FUR-CH-10004860,11,101.47,2015-01-25,2015-01-29,Late,1116.17
PUR002023,2015-01-20,ST107,SUP013,OFF-PA-10002250,5,3.35,2015-01-23,2015-01-27,Late,16.75
PUR002024,2015-01-20,ST107,SUP007,TEC-MA-10000864,2,243.12,2015-01-26,2015-01-30,Late,486.24
PUR002025,2015-01-20,ST516,SUP008,TEC-AC-10000736,19,47.1,2015-01-27,2015-02-01,Late,894.9
PUR002026,2015-01-20,ST431,SUP014,OFF-AR-10000422,3,1.65,2015-01-24,2015-01-24,On Time,4.949999999999999
PUR002027,2015-01-20,ST201,SUP002,OFF-BI-10002954,16,2.4,2015-01-26,2015-01-25,Early,38.4
PUR002028,2015-01-20,ST476,SUP015,OFF-EN-10001219,13,4.26,2015-01-26,2015-01-31,Late,55.379999999999995
PUR002029,2015-01-20,ST230,SUP006,FUR-FU-10003553,14,37.2,2015-01-27,2015-01-28,Late,520.8000000000001
PUR002030,2015-01-20,ST315,SUP005,OFF-BI-10002071,10,3.38,2015-01-26,2015-01-30,Late,33.8
PUR002031,2015-01-20,ST425,SUP015,FUR-CH-10002965,9,132.17,2015-01-23,2015-01-22,Early,1189.53
PUR002032,2015-01-20,ST532,SUP006,OFF-PA-10002377,2,10.55,2015-01-27,2015-01-28,Late,21.1
PUR002033,2015-01-20,ST441,SUP010,FUR-CH-10003817,12,42.55,2015-01-24,2015-01-27,Late,510.59999999999997
PUR002034,2015-01-20,ST403,SUP011,OFF-PA-10001972,14,3.16,2015-01-23,2015-01-28,Late,44.24
PUR002035,2015-01-20,ST400,SUP011,FUR-FU-10001876,20,20.49,2015-01-24,2015-01-26,Late,409.79999999999995
PUR002036,2015-01-20,ST237,SUP007,OFF-EN-10001539,12,4.14,2015-01-23,2015-01-27,Late,49.67999999999999
PUR002037,2015-01-20,ST591,SUP011,OFF-BI-10001679,6,4.44,2015-01-26,2015-01-31,Late,26.64
PUR002038,2015-01-20,ST331,SUP003,FUR-FU-10002045,10,13.29,2015-01-24,2015-01-23,Early,132.89999999999998
PUR002039,2015-01-20,ST608,SUP001,FUR-CH-10004086,4,187.48,2015-01-24,2015-01-23,Early,749.92
PUR002040,2015-01-20,ST586,SUP002,OFF-AR-10004752,19,2.08,2015-01-26,2015-01-25,Early,39.52
PUR002041,2015-01-20,ST367,SUP011,FUR-TA-10001095,6,151.0,2015-01-24,2015-01-24,On Time,906.0
PUR002042,2015-01-20,ST252,SUP009,OFF-BI-10003355,9,2.48,2015-01-26,2015-01-31,Late,22.32
PUR002043,2015-01-20,ST085,SUP005,FUR-CH-10002774,10,37.35,2015-01-24,2015-01-28,Late,373.5
PUR002044,2015-01-20,ST106,SUP010,FUR-FU-10002506,2,11.75,2015-01-23,2015-01-25,Late,23.5
PUR002045,2015-01-20,ST269,SUP005,OFF-FA-10002280,5,2.4,2015-01-24,2015-01-23,Early,12.0
PUR002046,2015-01-20,ST213,SUP006,OFF-LA-10004345,4,2.5,2015-01-26,2015-01-25,Early,10.0
PUR002047,2015-01-20,ST076,SUP007,FUR-FU-10001488,17,89.79,2015-01-26,2015-01-30,Late,1526.43
PUR002048,2015-01-20,ST385,SUP007,OFF-ST-10001328,4,10.52,2015-01-25,2015-01-29,Late,42.08
PUR002049,2015-01-20,ST306,SUP003,OFF-LA-10000443,16,2.08,2015-01-23,2015-01-23,On Time,33.28
PUR002050,2015-01-20,ST033,SUP014,TEC-AC-10002800,20,33.35,2015-01-23,2015-01-24,Late,667.0
PUR002051,2015-01-20,ST615,SUP010,TEC-PH-10001760,13,105.13,2015-01-27,2015-01-26,Early,1366.69
PUR002052,2015-01-20,ST125,SUP005,OFF-AP-10004532,7,15.02,2015-01-24,2015-01-27,Late,105.14
PUR002053,2015-01-20,ST525,SUP009,FUR-CH-10004626,2,77.23,2015-01-24,2015-01-24,On Time,154.46
PUR002054,2015-01-20,ST031,SUP004,TEC-PH-10000586,13,44.46,2015-01-25,2015-01-25,On Time,577.98
PUR002055,2015-01-20,ST130,SUP012,OFF-BI-10000145,9,1.46,2015-01-25,2015-01-26,Late,13.14
PUR002056,2015-01-20,ST357,SUP002,OFF-BI-10002949,17,3.03,2015-01-27,2015-01-31,Late,51.51
PUR002057,2015-01-20,ST508,SUP013,FUR-BO-10001811,11,209.3,2015-01-26,2015-01-29,Late,2302.3
PUR002058,2015-01-20,ST178,SUP005,OFF-BI-10002982,14,3.84,2015-01-24,2015-01-28,Late,53.76
PUR002059,2015-01-20,ST598,SUP002,OFF-FA-10000053,10,2.02,2015-01-27,2015-01-28,Late,20.2
PUR002060,2015-01-20,ST500,SUP012,FUR-CH-10000785,7,141.8,2015-01-26,2015-01-28,Late,992.6000000000001
PUR002061,2015-01-20,ST327,SUP005,OFF-LA-10002195,15,1.63,2015-01-27,2015-01-26,Early,24.45
PUR002062,2015-01-20,ST362,SUP010,OFF-AR-10003405,14,4.09,2015-01-25,2015-01-29,Late,57.26
PUR002063,2015-01-20,ST035,SUP015,OFF-PA-10001260,4,4.36,2015-01-27,2015-01-28,Late,17.44
PUR002064,2015-01-20,ST544,SUP010,OFF-SU-10002573,20,12.05,2015-01-25,2015-01-27,Late,241.0
PUR002065,2015-01-20,ST331,SUP013,TEC-AC-10003870,2,182.73,2015-01-26,2015-01-31,Late,365.46
PUR002066,2015-01-20,ST221,SUP002,OFF-AR-10003759,7,0.97,2015-01-25,2015-01-26,Late,6.79
PUR002067,2015-01-20,ST010,SUP002,FUR-CH-10002017,6,20.25,2015-01-25,2015-01-29,Late,121.5
PUR002068,2015-01-20,ST477,SUP004,TEC-PH-10003012,2,114.07,2015-01-27,2015-02-01,Late,228.14
PUR002069,2015-01-20,ST068,SUP009,OFF-PA-10001363,12,7.03,2015-01-26,2015-01-27,Late,84.36
PUR002070,2015-01-20,ST575,SUP002,FUR-FU-10001867,8,7.7,2015-01-25,2015-01-29,Late,61.6
PUR002071,2015-01-20,ST432,SUP011,TEC-AC-10004859,4,10.64,2015-01-26,2015-01-27,Late,42.56
PUR002072,2015-01-20,ST506,SUP001,OFF-PA-10000007,12,1.83,2015-01-26,2015-01-25,Early,21.96
PUR002073,2015-01-20,ST464,SUP002,FUR-FU-10001037,10,5.13,2015-01-24,2015-01-27,Late,51.3
PUR002074,2015-01-20,ST591,SUP004,OFF-AP-10001634,12,2.62,2015-01-23,2015-01-24,Late,31.44
PUR002075,2015-01-20,ST590,SUP014,TEC-PH-10001425,2,59.25,2015-01-23,2015-01-25,Late,118.5
PUR002076,2015-01-20,ST038,SUP007,FUR-CH-10004287,11,181.63,2015-01-27,2015-01-30,Late,1997.9299999999998
PUR002077,2015-01-20,ST072,SUP001,OFF-PA-10003036,3,3.8,2015-01-26,2015-01-25,Early,11.399999999999999
PUR002078,2015-01-20,ST325,SUP005,OFF-PA-10003302,15,19.62,2015-01-25,2015-01-27,Late,294.3
PUR002079,2015-01-20,ST506,SUP006,FUR-FU-10004848,4,27.65,2015-01-27,2015-01-26,Early,110.6
PUR002080,2015-01-20,ST506,SUP008,OFF-BI-10004224,14,35.51,2015-01-23,2015-01-28,Late,497.14
PUR002081,2015-02-05,ST030,SUP002,OFF-ST-10002011,13,332.8,2015-02-09,2015-02-08,Early,4326.400000000001
PUR002082,2015-02-05,ST447,SUP006,OFF-LA-10004545,2,6.16,2015-02-09,2015-02-09,On Time,12.32
PUR002083,2015-02-05,ST378,SUP015,OFF-AR-10001446,4,7.59,2015-02-12,2015-02-11,Early,30.36
PUR002084,2015-02-05,ST045,SUP013,OFF-LA-10000452,3,1.56,2015-02-08,2015-02-07,Early,4.68
PUR002085,2015-02-05,ST628,SUP006,OFF-PA-10000675,11,19.13,2015-02-11,2015-02-12,Late,210.42999999999998
PUR002086,2015-02-05,ST472,SUP010,OFF-AR-10001374,7,4.78,2015-02-08,2015-02-08,On Time,33.46
PUR002087,2015-02-05,ST599,SUP013,OFF-FA-10001561,12,1.57,2015-02-11,2015-02-15,Late,18.84
PUR002088,2015-02-05,ST541,SUP009,TEC-PH-10003356,16,5.2,2015-02-09,2015-02-12,Late,83.2
PUR002089,2015-02-05,ST330,SUP005,TEC-AC-10004469,17,23.09,2015-02-11,2015-02-11,On Time,392.53
PUR002090,2015-02-05,ST085,SUP005,FUR-FU-10002918,4,77.15,2015-02-10,2015-02-13,Late,308.6
PUR002091,2015-02-05,ST211,SUP012,OFF-AR-10001468,9,23.57,2015-02-08,2015-02-07,Early,212.13
PUR002092,2015-02-05,ST222,SUP001,FUR-CH-10003606,17,84.21,2015-02-11,2015-02-16,Late,1431.57
PUR002093,2015-02-05,ST349,SUP002,OFF-BI-10004001,14,8.63,2015-02-09,2015-02-14,Late,120.82000000000001
PUR002094,2015-02-05,ST321,SUP009,OFF-BI-10003694,20,5.93,2015-02-10,2015-02-14,Late,118.6
PUR002095,2015-02-05,ST517,SUP014,TEC-PH-10000526,16,71.26,2015-02-08,2015-02-08,On Time,1140.16
PUR002096,2015-02-05,ST464,SUP007,OFF-SU-10004290,9,5.41,2015-02-12,2015-02-15,Late,48.69
PUR002097,2015-02-05,ST071,SUP004,OFF-AR-10002067,8,15.5,2015-02-10,2015-02-12,Late,124.0
PUR002098,2015-02-05,ST592,SUP014,OFF-LA-10000081,7,2.02,2015-02-08,2015-02-08,On Time,14.14
PUR002099,2015-02-05,ST113,SUP012,OFF-AR-10004344,16,9.41,2015-02-09,2015-02-08,Early,150.56
PUR002100,2015-02-05,ST488,SUP001,FUR-FU-10003553,16,38.68,2015-02-12,2015-02-14,Late,618.88
PUR002101,2015-02-05,ST564,SUP015,OFF-BI-10001031,13,2.7,2015-02-08,2015-02-09,Late,35.1
PUR002102,2015-02-05,ST515,SUP007,OFF-PA-10000246,15,5.12,2015-02-11,2015-02-14,Late,76.8
PUR002103,2015-02-05,ST379,SUP005,TEC-PH-10003601,12,105.17,2015-02-08,2015-02-07,Early,1262.04
PUR002104,2015-02-05,ST199,SUP007,TEC-PH-10004539,14,144.36,2015-02-10,2015-02-10,On Time,2021.0400000000002
PUR002105,2015-02-05,ST543,SUP005,OFF-PA-10003134,14,23.37,2015-02-12,2015-02-14,Late,327.18
PUR002106,2015-02-05,ST052,SUP011,FUR-CH-10001394,18,242.43,2015-02-09,2015-02-08,Early,4363.74
PUR002107,2015-02-05,ST037,SUP015,OFF-AR-10003183,9,2.16,2015-02-12,2015-02-13,Late,19.44
PUR002108,2015-02-05,ST283,SUP002,OFF-FA-10001229,9,1.94,2015-02-09,2015-02-12,Late,17.46
PUR002109,2015-02-05,ST226,SUP002,FUR-TA-10004154,14,218.91,2015-02-10,2015-02-12,Late,3064.74
PUR002110,2015-02-05,ST356,SUP004,FUR-FU-10000246,8,7.99,2015-02-10,2015-02-14,Late,63.92
PUR002111,2015-02-05,ST190,SUP002,OFF-ST-10003805,11,165.3,2015-02-12,2015-02-16,Late,1818.3000000000002
PUR002112,2015-02-05,ST245,SUP014,TEC-AC-10002370,17,1.4,2015-02-09,2015-02-10,Late,23.799999999999997
PUR002113,2015-02-05,ST467,SUP006,OFF-ST-10000689,4,115.68,2015-02-09,2015-02-08,Early,462.72
PUR002114,2015-02-05,ST182,SUP001,TEC-AC-10000736,17,50.46,2015-02-10,2015-02-09,Early,857.82
PUR002115,2015-02-05,ST010,SUP014,OFF-PA-10003893,7,2.44,2015-02-12,2015-02-13,Late,17.08
PUR002116,2015-02-05,ST254,SUP008,OFF-BI-10001191,17,13.2,2015-02-11,2015-02-10,Early,224.39999999999998
PUR002117,2015-02-05,ST298,SUP010,TEC-AC-10000109,3,45.27,2015-02-09,2015-02-12,Late,135.81
PUR002118,2015-02-05,ST097,SUP003,OFF-PA-10000659,18,6.69,2015-02-08,2015-02-09,Late,120.42
PUR002119,2015-02-05,ST360,SUP012,OFF-PA-10002245,12,3.26,2015-02-12,2015-02-13,Late,39.12
PUR002120,2015-02-05,ST014,SUP008,TEC-AC-10001772,17,9.26,2015-02-10,2015-02-11,Late,157.42
PUR002121,2015-02-05,ST611,SUP013,FUR-FU-10004090,12,16.06,2015-02-11,2015-02-10,Early,192.71999999999997
PUR002122,2015-02-05,ST022,SUP012,OFF-PA-10002464,10,3.06,2015-02-09,2015-02-11,Late,30.6
PUR002123,2015-02-05,ST366,SUP003,OFF-BI-10002215,9,3.96,2015-02-11,2015-02-10,Early,35.64
PUR002124,2015-02-05,ST442,SUP012,TEC-PH-10001299,9,109.67,2015-02-10,2015-02-10,On Time,987.03
PUR002125,2015-02-05,ST111,SUP007,FUR-FU-10003535,4,15.19,2015-02-10,2015-02-14,Late,60.76
PUR002126,2015-02-05,ST540,SUP008,OFF-FA-10000611,19,0.83,2015-02-09,2015-02-10,Late,15.77
PUR002127,2015-02-05,ST604,SUP007,OFF-FA-10002780,13,1.73,2015-02-11,2015-02-12,Late,22.49
PUR002128,2015-02-05,ST533,SUP010,OFF-BI-10001658,11,12.62,2015-02-10,2015-02-15,Late,138.82
PUR002129,2015-02-05,ST581,SUP008,TEC-AC-10003237,5,5.96,2015-02-10,2015-02-11,Late,29.8
PUR002130,2015-02-05,ST151,SUP008,OFF-AP-10001962,5,6.88,2015-02-11,2015-02-15,Late,34.4
PUR002131,2015-02-05,ST572,SUP005,FUR-FU-10003708,6,48.14,2015-02-09,2015-02-10,Late,288.84000000000003
PUR002132,2015-02-05,ST302,SUP013,FUR-FU-10002878,17,17.18,2015-02-08,2015-02-10,Late,292.06
PUR002133,2015-02-05,ST608,SUP014,OFF-ST-10003123,3,23.87,2015-02-08,2015-02-07,Early,71.61
PUR002134,2015-02-05,ST361,SUP007,FUR-CH-10000513,17,113.7,2015-02-08,2015-02-07,Early,1932.9
PUR002135,2015-02-05,ST291,SUP015,FUR-FU-10000723,10,34.88,2015-02-12,2015-02-16,Late,348.8
PUR002136,2015-02-05,ST278,SUP002,OFF-AR-10002956,19,15.16,2015-02-09,2015-02-13,Late,288.04
PUR002137,2015-02-05,ST083,SUP015,OFF-AP-10002311,8,38.01,2015-02-10,2015-02-10,On Time,304.08
PUR002138,2015-02-05,ST255,SUP006,TEC-AC-10003038,3,7.21,2015-02-11,2015-02-13,Late,21.63
PUR002139,2015-02-05,ST268,SUP002,OFF-ST-10002756,14,146.47,2015-02-10,2015-02-13,Late,2050.58
PUR002140,2015-02-05,ST331,SUP007,OFF-AP-10002191,11,40.36,2015-02-12,2015-02-12,On Time,443.96
PUR002141,2015-02-05,ST568,SUP007,FUR-CH-10003746,8,219.55,2015-02-09,2015-02-10,Late,1756.4
PUR002142,2015-02-05,ST473,SUP010,OFF-PA-10001260,11,4.04,2015-02-12,2015-02-12,On Time,44.44
PUR002143,2015-02-05,ST448,SUP014,FUR-FU-10001847,14,2.8,2015-02-08,2015-02-08,On Time,39.199999999999996
PUR002144,2015-02-05,ST516,SUP006,OFF-AP-10000240,18,37.53,2015-02-10,2015-02-12,Late,675.54
PUR002145,2015-02-05,ST421,SUP007,OFF-FA-10004838,13,1.78,2015-02-11,2015-02-10,Early,23.14
PUR002146,2015-02-05,ST432,SUP013,OFF-ST-10002574,19,125.06,2015-02-08,2015-02-13,Late,2376.14
PUR002147,2015-02-05,ST249,SUP005,TEC-PH-10001557,6,71.69,2015-02-12,2015-02-15,Late,430.14
PUR002148,2015-02-05,ST580,SUP009,OFF-BI-10001617,13,5.07,2015-02-10,2015-02-09,Early,65.91
PUR002149,2015-02-05,ST007,SUP011,OFF-LA-10003148,14,3.15,2015-02-11,2015-02-16,Late,44.1
PUR002150,2015-02-05,ST087,SUP001,FUR-CH-10000015,18,159.01,2015-02-08,2015-02-09,Late,2862.18
PUR002151,2015-02-05,ST298,SUP002,FUR-CH-10002331,5,271.86,2015-02-12,2015-02-14,Late,1359.3000000000002
PUR002152,2015-02-05,ST599,SUP002,TEC-AC-10002800,12,34.86,2015-02-12,2015-02-16,Late,418.32
PUR002153,2015-02-05,ST148,SUP009,OFF-BI-10002412,3,3.32,2015-02-12,2015-02-16,Late,9.959999999999999
PUR002154,2015-02-05,ST159,SUP015,FUR-CH-10002602,17,103.6,2015-02-10,2015-02-14,Late,1761.1999999999998
PUR002155,2015-02-05,ST007,SUP015,FUR-FU-10002456,11,4.33,2015-02-11,2015-02-14,Late,47.63
PUR002156,2015-02-05,ST157,SUP001,OFF-AP-10004249,8,8.06,2015-02-12,2015-02-11,Early,64.48
PUR002157,2015-02-05,ST107,SUP004,FUR-FU-10001591,18,6.51,2015-02-11,2015-02-10,Early,117.17999999999999
PUR002158,2015-02-05,ST125,SUP001,OFF-AR-10003504,18,3.0,2015-02-10,2015-02-12,Late,54.0
PUR002159,2015-02-05,ST241,SUP014,OFF-BI-10002827,17,3.27,2015-02-12,2015-02-13,Late,55.59
PUR002160,2015-02-05,ST127,SUP010,TEC-PH-10001448,16,51.44,2015-02-11,2015-02-11,On Time,823.04
PUR002161,2015-02-20,ST247,SUP014,TEC-AC-10003399,2,19.69,2015-02-24,2015-02-27,Late,39.38
PUR002162,2015-02-20,ST297,SUP008,FUR-FU-10001756,19,12.71,2015-02-25,2015-03-01,Late,241.49
PUR002163,2015-02-20,ST377,SUP008,TEC-PH-10003555,5,24.6,2015-02-25,2015-02-27,Late,123.0
PUR002164,2015-02-20,ST476,SUP002,OFF-PA-10004735,14,3.5,2015-02-26,2015-03-03,Late,49.0
PUR002165,2015-02-20,ST469,SUP005,OFF-ST-10004950,15,13.25,2015-02-23,2015-02-26,Late,198.75
PUR002166,2015-02-20,ST035,SUP005,FUR-FU-10002045,14,11.23,2015-02-27,2015-03-01,Late,157.22
PUR002167,2015-02-20,ST143,SUP006,OFF-BI-10003656,3,99.29,2015-02-26,2015-03-02,Late,297.87
PUR002168,2015-02-20,ST367,SUP003,OFF-BI-10004099,16,3.67,2015-02-27,2015-03-04,Late,58.72
PUR002169,2015-02-20,ST538,SUP015,OFF-AR-10002656,18,3.96,2015-02-26,2015-03-01,Late,71.28
PUR002170,2015-02-20,ST361,SUP003,OFF-LA-10002945,4,3.18,2015-02-27,2015-02-28,Late,12.72
PUR002171,2015-02-20,ST144,SUP013,TEC-AC-10003628,16,17.52,2015-02-25,2015-03-02,Late,280.32
PUR002172,2015-02-20,ST496,SUP002,FUR-FU-10000629,11,8.68,2015-02-26,2015-02-28,Late,95.47999999999999
PUR002173,2015-02-20,ST520,SUP015,TEC-AC-10001465,7,25.81,2015-02-27,2015-02-28,Late,180.67
PUR002174,2015-02-20,ST595,SUP010,OFF-BI-10001525,6,2.18,2015-02-25,2015-02-28,Late,13.080000000000002
PUR002175,2015-02-20,ST163,SUP001,TEC-CO-10004202,14,178.13,2015-02-24,2015-02-23,Early,2493.8199999999997
PUR002176,2015-02-20,ST488,SUP011,FUR-CH-10003817,5,45.55,2015-02-25,2015-03-02,Late,227.75
PUR002177,2015-02-20,ST243,SUP013,OFF-BI-10001757,9,2.8,2015-02-23,2015-02-23,On Time,25.2
PUR002178,2015-02-20,ST066,SUP007,OFF-AR-10004441,14,2.52,2015-02-23,2015-02-26,Late,35.28
PUR002179,2015-02-20,ST075,SUP014,TEC-PH-10004700,10,4.98,2015-02-26,2015-03-03,Late,49.800000000000004
PUR002180,2015-02-20,ST031,SUP014,FUR-BO-10000468,13,41.68,2015-02-24,2015-02-25,Late,541.84
PUR002181,2015-02-20,ST137,SUP007,OFF-ST-10002214,5,8.69,2015-02-27,2015-03-02,Late,43.449999999999996
PUR002182,2015-02-20,ST449,SUP008,FUR-TA-10004086,8,62.98,2015-02-25,2015-02-25,On Time,503.84
PUR002183,2015-02-20,ST542,SUP007,OFF-BI-10001098,8,11.43,2015-02-24,2015-02-23,Early,91.44
PUR002184,2015-02-20,ST099,SUP011,OFF-PA-10001815,20,22.6,2015-02-24,2015-02-23,Early,452.0
PUR002185,2015-02-20,ST418,SUP006,OFF-PA-10004405,6,1.67,2015-02-27,2015-03-02,Late,10.02
PUR002186,2015-02-20,ST541,SUP011,OFF-PA-10002709,4,2.95,2015-02-26,2015-02-26,On Time,11.8
PUR002187,2015-02-20,ST513,SUP008,OFF-ST-10000689,8,125.69,2015-02-25,2015-02-26,Late,1005.52
PUR002188,2015-02-20,ST069,SUP013,TEC-CO-10003236,19,346.9,2015-02-26,2015-02-28,Late,6591.099999999999
PUR002189,2015-02-20,ST081,SUP010,OFF-AP-10001626,14,3.09,2015-02-24,2015-03-01,Late,43.26
PUR002190,2015-02-20,ST511,SUP002,OFF-PA-10001295,18,9.47,2015-02-24,2015-02-23,Early,170.46
PUR002191,2015-02-20,ST297,SUP004,OFF-PA-10000659,19,6.93,2015-02-25,2015-02-27,Late,131.67
PUR002192,2015-02-20,ST162,SUP014,TEC-AC-10003063,13,18.04,2015-02-25,2015-02-24,Early,234.51999999999998
PUR002193,2015-02-20,ST531,SUP014,FUR-CH-10003833,19,52.61,2015-02-27,2015-03-02,Late,999.59
PUR002194,2015-02-20,ST560,SUP001,OFF-AR-10003469,11,0.9,2015-02-23,2015-02-26,Late,9.9
PUR002195,2015-02-20,ST031,SUP005,TEC-PH-10000895,17,144.83,2015-02-23,2015-02-24,Late,2462.11
PUR002196,2015-02-20,ST061,SUP006,OFF-BI-10001460,15,7.65,2015-02-24,2015-02-24,On Time,114.75
PUR002197,2015-02-20,ST064,SUP006,OFF-PA-10000994,19,57.98,2015-02-24,2015-02-26,Late,1101.62
PUR002198,2015-02-20,ST625,SUP010,OFF-LA-10001982,4,2.07,2015-02-23,2015-02-24,Late,8.28
PUR002199,2015-02-20,ST628,SUP010,OFF-BI-10002309,4,3.16,2015-02-23,2015-02-26,Late,12.64
PUR002200,2015-02-20,ST043,SUP005,OFF-ST-10000736,17,84.68,2015-02-23,2015-02-22,Early,1439.5600000000002
PUR002201,2015-02-20,ST359,SUP011,OFF-FA-10000053,17,1.86,2015-02-26,2015-02-28,Late,31.62
PUR002202,2015-02-20,ST234,SUP015,TEC-PH-10002834,11,142.59,2015-02-23,2015-02-22,Early,1568.49
PUR002203,2015-02-20,ST201,SUP013,OFF-ST-10004123,2,95.96,2015-02-27,2015-03-02,Late,191.92
PUR002204,2015-02-20,ST019,SUP012,FUR-CH-10002647,14,55.17,2015-02-27,2015-03-01,Late,772.38
PUR002205,2015-02-20,ST129,SUP007,TEC-PH-10003437,3,51.31,2015-02-26,2015-03-02,Late,153.93
PUR002206,2015-02-20,ST449,SUP002,FUR-FU-10001706,15,1.62,2015-02-23,2015-02-26,Late,24.3
PUR002207,2015-02-20,ST448,SUP006,FUR-FU-10001940,13,4.33,2015-02-23,2015-02-23,On Time,56.29
PUR002208,2015-02-20,ST233,SUP001,OFF-BI-10001658,9,12.36,2015-02-26,2015-03-02,Late,111.24
PUR002209,2015-02-20,ST016,SUP013,OFF-PA-10001363,19,6.6,2015-02-24,2015-03-01,Late,125.39999999999999
PUR002210,2015-02-20,ST450,SUP003,FUR-FU-10004053,3,10.56,2015-02-24,2015-02-25,Late,31.68
PUR002211,2015-02-20,ST251,SUP010,OFF-BI-10002072,3,4.18,2015-02-25,2015-02-25,On Time,12.54
PUR002212,2015-02-20,ST079,SUP002,FUR-CH-10002304,14,19.4,2015-02-23,2015-02-24,Late,271.59999999999997
PUR002213,2015-02-20,ST366,SUP012,OFF-EN-10002600,19,1.44,2015-02-24,2015-02-26,Late,27.36
PUR002214,2015-02-20,ST565,SUP013,OFF-AR-10001761,11,4.07,2015-02-25,2015-03-02,Late,44.77
PUR002215,2015-02-20,ST327,SUP005,OFF-PA-10003790,9,12.4,2015-02-27,2015-03-02,Late,111.60000000000001
PUR002216,2015-02-20,ST421,SUP015,FUR-FU-10004091,5,18.55,2015-02-27,2015-03-01,Late,92.75
PUR002217,2015-02-20,ST141,SUP015,OFF-ST-10001291,10,11.3,2015-02-27,2015-02-27,On Time,113.0
PUR002218,2015-02-20,ST126,SUP004,OFF-PA-10004530,11,6.14,2015-02-25,2015-03-01,Late,67.53999999999999
PUR002219,2015-02-20,ST451,SUP004,OFF-SU-10001664,6,5.75,2015-02-26,2015-02-25,Early,34.5
PUR002220,2015-02-20,ST277,SUP001,OFF-BI-10000301,2,3.23,2015-02-25,2015-02-28,Late,6.46
PUR002221,2015-02-20,ST062,SUP002,OFF-ST-10000142,14,287.48,2015-02-25,2015-03-02,Late,4024.7200000000003
PUR002222,2015-02-20,ST392,SUP014,FUR-FU-10000747,14,38.13,2015-02-26,2015-02-28,Late,533.82
PUR002223,2015-02-20,ST189,SUP007,OFF-BI-10001249,3,3.26,2015-02-26,2015-03-01,Late,9.78
PUR002224,2015-02-20,ST555,SUP001,OFF-BI-10000174,3,3.11,2015-02-25,2015-02-24,Early,9.33
PUR002225,2015-02-20,ST269,SUP015,OFF-PA-10000551,12,2.87,2015-02-27,2015-02-27,On Time,34.44
PUR002226,2015-02-20,ST445,SUP014,OFF-LA-10000081,2,1.89,2015-02-26,2015-03-03,Late,3.78
PUR002227,2015-02-20,ST398,SUP009,OFF-AP-10002518,3,134.13,2015-02-25,2015-03-02,Late,402.39
PUR002228,2015-02-20,ST582,SUP010,OFF-ST-10004507,19,12.43,2015-02-27,2015-02-28,Late,236.17
PUR002229,2015-02-20,ST244,SUP008,OFF-AP-10004487,7,63.94,2015-02-24,2015-02-23,Early,447.58
PUR002230,2015-02-20,ST088,SUP005,OFF-AR-10000817,10,2.13,2015-02-24,2015-03-01,Late,21.299999999999997
PUR002231,2015-02-20,ST405,SUP010,OFF-BI-10002103,19,4.5,2015-02-23,2015-02-26,Late,85.5
PUR002232,2015-02-20,ST257,SUP011,OFF-BI-10004519,10,88.76,2015-02-27,2015-02-26,Early,887.6
PUR002233,2015-02-20,ST329,SUP011,OFF-ST-10003716,5,188.21,2015-02-25,2015-03-02,Late,941.0500000000001
PUR002234,2015-02-20,ST451,SUP001,TEC-AC-10004145,7,190.33,2015-02-23,2015-02-25,Late,1332.3100000000002
PUR002235,2015-02-20,ST570,SUP008,OFF-BI-10002194,3,4.62,2015-02-24,2015-02-26,Late,13.86
PUR002236,2015-02-20,ST284,SUP002,OFF-PA-10001166,3,5.1,2015-02-27,2015-03-02,Late,15.299999999999999
PUR002237,2015-02-20,ST185,SUP008,TEC-AC-10001606,12,67.61,2015-02-25,2015-03-02,Late,811.3199999999999
PUR002238,2015-02-20,ST131,SUP008,OFF-BI-10003712,10,2.38,2015-02-24,2015-02-28,Late,23.799999999999997
PUR002239,2015-02-20,ST051,SUP010,OFF-AP-10000275,7,219.58,2015-02-24,2015-02-23,Early,1537.0600000000002
PUR002240,2015-02-20,ST451,SUP009,OFF-PA-10003172,3,3.16,2015-02-27,2015-02-28,Late,9.48
PUR002241,2015-03-05,ST063,SUP004,OFF-BI-10000977,3,16.59,2015-03-10,2015-03-11,Late,49.769999999999996
PUR002242,2015-03-05,ST362,SUP014,OFF-BI-10004022,2,1.55,2015-03-12,2015-03-16,Late,3.1
PUR002243,2015-03-05,ST112,SUP006,OFF-BI-10001757,3,2.61,2015-03-08,2015-03-11,Late,7.83
PUR002244,2015-03-05,ST243,SUP002,OFF-BI-10004002,16,8.3,2015-03-09,2015-03-10,Late,132.8
PUR002245,2015-03-05,ST426,SUP014,OFF-PA-10000029,20,3.28,2015-03-08,2015-03-12,Late,65.6
PUR002246,2015-03-05,ST026,SUP003,OFF-PA-10000295,15,3.62,2015-03-10,2015-03-13,Late,54.300000000000004
PUR002247,2015-03-05,ST384,SUP007,OFF-LA-10004544,13,7.16,2015-03-11,2015-03-12,Late,93.08
PUR002248,2015-03-05,ST298,SUP001,OFF-BI-10004632,2,119.75,2015-03-09,2015-03-12,Late,239.5
PUR002249,2015-03-05,ST321,SUP004,TEC-PH-10001530,2,212.31,2015-03-12,2015-03-16,Late,424.62
PUR002250,2015-03-05,ST353,SUP012,TEC-PH-10002844,18,27.36,2015-03-09,2015-03-11,Late,492.48
PUR002251,2015-03-05,ST154,SUP012,OFF-PA-10002479,20,2.63,2015-03-11,2015-03-16,Late,52.599999999999994
PUR002252,2015-03-05,ST230,SUP015,OFF-ST-10002182,4,22.34,2015-03-12,2015-03-15,Late,89.36
PUR002253,2015-03-05,ST429,SUP012,FUR-FU-10000672,20,7.96,2015-03-12,2015-03-16,Late,159.2
PUR002254,2015-03-05,ST053,SUP009,FUR-TA-10001039,5,68.05,2015-03-12,2015-03-14,Late,340.25
PUR002255,2015-03-05,ST276,SUP006,OFF-EN-10002621,18,4.91,2015-03-09,2015-03-14,Late,88.38
PUR002256,2015-03-05,ST337,SUP004,FUR-TA-10003473,20,277.63,2015-03-09,2015-03-14,Late,5552.6
PUR002257,2015-03-05,ST119,SUP006,OFF-PA-10000143,13,2.6,2015-03-09,2015-03-11,Late,33.800000000000004
PUR002258,2015-03-05,ST574,SUP006,TEC-AC-10001908,15,63.2,2015-03-12,2015-03-11,Early,948.0
PUR002259,2015-03-05,ST236,SUP010,OFF-LA-10002762,13,6.84,2015-03-11,2015-03-16,Late,88.92
PUR002260,2015-03-05,ST129,SUP014,OFF-LA-10002271,15,1.52,2015-03-12,2015-03-12,On Time,22.8
PUR002261,2015-03-05,ST142,SUP011,FUR-FU-10004973,15,11.31,2015-03-12,2015-03-13,Late,169.65
PUR002262,2015-03-05,ST084,SUP002,OFF-LA-10000081,11,1.89,2015-03-11,2015-03-13,Late,20.79
PUR002263,2015-03-05,ST507,SUP010,OFF-BI-10002072,18,4.76,2015-03-09,2015-03-09,On Time,85.67999999999999
PUR002264,2015-03-05,ST429,SUP002,OFF-ST-10003208,16,116.35,2015-03-10,2015-03-15,Late,1861.6
PUR002265,2015-03-05,ST104,SUP008,OFF-BI-10002794,19,21.78,2015-03-09,2015-03-14,Late,413.82000000000005
PUR002266,2015-03-05,ST171,SUP001,OFF-PA-10002160,3,3.14,2015-03-08,2015-03-08,On Time,9.42
PUR002267,2015-03-05,ST398,SUP015,OFF-ST-10000918,18,8.66,2015-03-11,2015-03-12,Late,155.88
PUR002268,2015-03-05,ST248,SUP009,TEC-AC-10001383,6,20.34,2015-03-10,2015-03-09,Early,122.03999999999999
PUR002269,2015-03-05,ST345,SUP015,OFF-BI-10002353,12,8.33,2015-03-12,2015-03-15,Late,99.96000000000001
PUR002270,2015-03-05,ST076,SUP001,OFF-FA-10000134,5,4.41,2015-03-10,2015-03-12,Late,22.05
PUR002271,2015-03-05,ST447,SUP012,OFF-BI-10001524,15,11.2,2015-03-10,2015-03-15,Late,168.0
PUR002272,2015-03-05,ST188,SUP012,OFF-PA-10000380,17,4.34,2015-03-12,2015-03-17,Late,73.78
PUR002273,2015-03-05,ST008,SUP015,OFF-PA-10002005,18,3.09,2015-03-12,2015-03-15,Late,55.62
PUR002274,2015-03-05,ST389,SUP008,FUR-BO-10001798,13,113.85,2015-03-10,2015-03-12,Late,1480.05
PUR002275,2015-03-05,ST287,SUP010,TEC-PH-10000673,7,33.85,2015-03-08,2015-03-08,On Time,236.95000000000002
PUR002276,2015-03-05,ST578,SUP001,TEC-AC-10002345,11,10.86,2015-03-12,2015-03-15,Late,119.46
PUR002277,2015-03-05,ST437,SUP015,OFF-EN-10000461,20,4.64,2015-03-10,2015-03-11,Late,92.8
PUR002278,2015-03-05,ST147,SUP003,FUR-FU-10004963,14,4.89,2015-03-08,2015-03-13,Late,68.46
PUR002279,2015-03-05,ST589,SUP005,OFF-PA-10000157,8,10.44,2015-03-12,2015-03-13,Late,83.52
PUR002280,2015-03-05,ST122,SUP003,OFF-AP-10004708,5,26.2,2015-03-10,2015-03-11,Late,131.0
PUR002281,2015-03-05,ST174,SUP015,FUR-CH-10004218,17,74.81,2015-03-10,2015-03-11,Late,1271.77
PUR002282,2015-03-05,ST286,SUP011,OFF-LA-10001771,5,2.92,2015-03-09,2015-03-08,Early,14.6
PUR002283,2015-03-05,ST173,SUP009,OFF-PA-10004040,8,3.08,2015-03-08,2015-03-11,Late,24.64
PUR002284,2015-03-05,ST551,SUP009,OFF-BI-10002976,3,2.39,2015-03-09,2015-03-08,Early,7.17
PUR002285,2015-03-05,ST379,SUP001,OFF-AR-10003056,17,3.24,2015-03-09,2015-03-10,Late,55.080000000000005
PUR002286,2015-03-05,ST534,SUP008,TEC-AC-10004227,20,12.03,2015-03-09,2015-03-14,Late,240.6
PUR002287,2015-03-05,ST123,SUP002,OFF-SU-10000381,16,6.34,2015-03-11,2015-03-13,Late,101.44
PUR002288,2015-03-05,ST141,SUP014,OFF-PA-10001560,17,3.05,2015-03-10,2015-03-14,Late,51.849999999999994
PUR002289,2015-03-05,ST081,SUP013,OFF-PA-10001837,5,3.69,2015-03-09,2015-03-13,Late,18.45
PUR002290,2015-03-05,ST344,SUP009,OFF-AR-10002956,4,15.72,2015-03-10,2015-03-12,Late,62.88
PUR002291,2015-03-05,ST323,SUP002,OFF-AP-10002945,18,208.37,2015-03-08,2015-03-10,Late,3750.66
PUR002292,2015-03-05,ST534,SUP013,OFF-BI-10000666,5,16.6,2015-03-10,2015-03-10,On Time,83.0
PUR002293,2015-03-05,ST037,SUP015,TEC-AC-10001267,19,18.55,2015-03-08,2015-03-08,On Time,352.45
PUR002294,2015-03-05,ST226,SUP014,OFF-AP-10002867,6,50.38,2015-03-09,2015-03-10,Late,302.28000000000003
PUR002295,2015-03-05,ST192,SUP014,OFF-AP-10002118,17,141.36,2015-03-11,2015-03-12,Late,2403.1200000000003
PUR002296,2015-03-05,ST091,SUP015,OFF-EN-10003845,6,1.87,2015-03-12,2015-03-17,Late,11.22
PUR002297,2015-03-05,ST503,SUP002,OFF-PA-10002137,8,3.85,2015-03-12,2015-03-15,Late,30.8
PUR002298,2015-03-05,ST429,SUP001,OFF-ST-10002352,8,6.15,2015-03-10,2015-03-13,Late,49.2
PUR002299,2015-03-05,ST358,SUP004,OFF-AR-10001958,14,12.55,2015-03-11,2015-03-14,Late,175.70000000000002
PUR002300,2015-03-05,ST238,SUP014,FUR-TA-10001676,7,39.19,2015-03-10,2015-03-14,Late,274.33
PUR002301,2015-03-05,ST402,SUP011,OFF-BI-10004236,17,7.91,2015-03-12,2015-03-13,Late,134.47
PUR002302,2015-03-05,ST225,SUP002,OFF-PA-10001800,19,3.36,2015-03-08,2015-03-13,Late,63.839999999999996
PUR002303,2015-03-05,ST334,SUP008,FUR-TA-10001095,11,135.47,2015-03-09,2015-03-13,Late,1490.17
PUR002304,2015-03-05,ST327,SUP008,OFF-BI-10001597,15,19.67,2015-03-08,2015-03-09,Late,295.05
PUR002305,2015-03-05,ST496,SUP013,FUR-FU-10001986,14,37.15,2015-03-11,2015-03-14,Late,520.1
PUR002306,2015-03-05,ST298,SUP001,FUR-FU-10001876,15,21.57,2015-03-10,2015-03-13,Late,323.55
PUR002307,2015-03-05,ST419,SUP013,OFF-BI-10003984,8,16.3,2015-03-08,2015-03-11,Late,130.4
PUR002308,2015-03-05,ST422,SUP006,OFF-FA-10003112,12,4.13,2015-03-11,2015-03-16,Late,49.56
PUR002309,2015-03-05,ST056,SUP005,OFF-BI-10002049,16,2.6,2015-03-10,2015-03-12,Late,41.6
PUR002310,2015-03-05,ST047,SUP014,FUR-TA-10004767,9,48.78,2015-03-10,2015-03-12,Late,439.02
PUR002311,2015-03-05,ST171,SUP015,OFF-BI-10000404,15,4.3,2015-03-12,2015-03-12,On Time,64.5
PUR002312,2015-03-05,ST626,SUP010,OFF-PA-10001243,5,3.32,2015-03-10,2015-03-10,On Time,16.599999999999998
PUR002313,2015-03-05,ST022,SUP012,OFF-BI-10003718,19,57.81,2015-03-11,2015-03-10,Early,1098.39
PUR002314,2015-03-05,ST567,SUP013,OFF-PA-10001970,12,17.95,2015-03-08,2015-03-12,Late,215.39999999999998
PUR002315,2015-03-05,ST549,SUP006,TEC-AC-10000420,3,46.37,2015-03-09,2015-03-09,On Time,139.10999999999999
PUR002316,2015-03-05,ST235,SUP012,OFF-AR-10000369,19,1.01,2015-03-10,2015-03-15,Late,19.19
PUR002317,2015-03-05,ST424,SUP006,FUR-FU-10003268,7,34.61,2015-03-09,2015-03-12,Late,242.26999999999998
PUR002318,2015-03-05,ST021,SUP001,TEC-PH-10003095,9,11.94,2015-03-12,2015-03-11,Early,107.46
PUR002319,2015-03-05,ST044,SUP008,OFF-BI-10002824,18,8.04,2015-03-09,2015-03-10,Late,144.71999999999997
PUR002320,2015-03-05,ST254,SUP011,OFF-ST-10000636,11,14.54,2015-03-08,2015-03-09,Late,159.94
PUR002321,2015-03-20,ST411,SUP007,OFF-BI-10002003,5,2.24,2015-03-24,2015-03-29,Late,11.200000000000001
PUR002322,2015-03-20,ST076,SUP002,OFF-PA-10000477,10,3.14,2015-03-27,2015-03-31,Late,31.400000000000002
PUR002323,2015-03-20,ST555,SUP012,OFF-AR-10003602,15,2.8,2015-03-27,2015-03-27,On Time,42.0
PUR002324,2015-03-20,ST401,SUP013,OFF-AR-10001940,5,1.96,2015-03-24,2015-03-29,Late,9.8
PUR002325,2015-03-20,ST525,SUP007,OFF-PA-10001166,11,5.31,2015-03-23,2015-03-24,Late,58.41
PUR002326,2015-03-20,ST271,SUP002,OFF-EN-10003134,10,5.79,2015-03-27,2015-03-29,Late,57.9
PUR002327,2015-03-20,ST228,SUP002,OFF-ST-10001228,14,9.91,2015-03-26,2015-03-29,Late,138.74
PUR002328,2015-03-20,ST547,SUP015,TEC-PH-10001448,10,47.83,2015-03-27,2015-03-27,On Time,478.29999999999995
PUR002329,2015-03-20,ST404,SUP008,FUR-FU-10003708,14,43.29,2015-03-25,2015-03-30,Late,606.06
PUR002330,2015-03-20,ST230,SUP008,OFF-FA-10004968,19,3.82,2015-03-27,2015-03-26,Early,72.58
PUR002331,2015-03-20,ST379,SUP008,FUR-CH-10004477,14,45.58,2015-03-26,2015-03-29,Late,638.12
PUR002332,2015-03-20,ST148,SUP006,TEC-PH-10002549,5,171.91,2015-03-23,2015-03-22,Early,859.55
PUR002333,2015-03-20,ST502,SUP014,TEC-PH-10004536,19,94.55,2015-03-27,2015-03-27,On Time,1796.45
PUR002334,2015-03-20,ST485,SUP010,OFF-BI-10002794,4,19.4,2015-03-27,2015-03-31,Late,77.6
PUR002335,2015-03-20,ST506,SUP001,FUR-TA-10004152,20,78.48,2015-03-25,2015-03-27,Late,1569.6000000000001
PUR002336,2015-03-20,ST155,SUP014,OFF-BI-10001718,11,35.54,2015-03-23,2015-03-24,Late,390.94
PUR002337,2015-03-20,ST006,SUP014,OFF-PA-10002659,20,1.86,2015-03-25,2015-03-29,Late,37.2
PUR002338,2015-03-20,ST501,SUP013,OFF-PA-10001954,8,12.96,2015-03-27,2015-03-29,Late,103.68
PUR002339,2015-03-20,ST330,SUP004,OFF-AR-10004042,12,13.94,2015-03-26,2015-03-30,Late,167.28
PUR002340,2015-03-20,ST084,SUP014,OFF-ST-10002743,17,112.83,2015-03-23,2015-03-25,Late,1918.11
PUR002341,2015-03-20,ST014,SUP013,TEC-AC-10004571,4,56.55,2015-03-24,2015-03-27,Late,226.2
PUR002342,2015-03-20,ST117,SUP008,OFF-EN-10001335,5,5.1,2015-03-23,2015-03-25,Late,25.5
PUR002343,2015-03-20,ST538,SUP013,OFF-ST-10000689,17,115.79,2015-03-26,2015-03-26,On Time,1968.43
PUR002344,2015-03-20,ST304,SUP001,TEC-PH-10000895,19,131.01,2015-03-23,2015-03-25,Late,2489.1899999999996
PUR002345,2015-03-20,ST278,SUP015,FUR-CH-10004289,11,83.17,2015-03-27,2015-03-28,Late,914.87
PUR002346,2015-03-20,ST145,SUP003,OFF-AR-10001149,13,1.93,2015-03-25,2015-03-28,Late,25.09
PUR002347,2015-03-20,ST381,SUP012,FUR-FU-10001935,8,2.32,2015-03-27,2015-03-30,Late,18.56
PUR002348,2015-03-20,ST339,SUP004,FUR-CH-10002647,10,52.94,2015-03-24,2015-03-24,On Time,529.4
PUR002349,2015-03-20,ST011,SUP008,TEC-PH-10003072,18,79.79,2015-03-25,2015-03-27,Late,1436.22
PUR002350,2015-03-20,ST006,SUP002,OFF-BI-10002393,7,2.88,2015-03-25,2015-03-29,Late,20.16
PUR002351,2015-03-20,ST551,SUP002,OFF-AR-10003481,8,2.19,2015-03-26,2015-03-27,Late,17.52
PUR002352,2015-03-20,ST609,SUP008,OFF-BI-10003910,5,3.87,2015-03-24,2015-03-23,Early,19.35
PUR002353,2015-03-20,ST232,SUP015,FUR-FU-10000010,13,3.52,2015-03-25,2015-03-29,Late,45.76
PUR002354,2015-03-20,ST292,SUP005,OFF-LA-10000134,2,1.74,2015-03-26,2015-03-29,Late,3.48
PUR002355,2015-03-20,ST413,SUP013,TEC-AC-10004127,11,6.94,2015-03-25,2015-03-28,Late,76.34
PUR002356,2015-03-20,ST080,SUP004,FUR-FU-10004586,19,3.55,2015-03-27,2015-03-27,On Time,67.45
PUR002357,2015-03-20,ST183,SUP005,TEC-AC-10003095,5,89.75,2015-03-25,2015-03-28,Late,448.75
PUR002358,2015-03-20,ST602,SUP009,OFF-BI-10003638,5,9.67,2015-03-26,2015-03-27,Late,48.35
PUR002359,2015-03-20,ST620,SUP010,FUR-TA-10002607,20,62.79,2015-03-25,2015-03-30,Late,1255.8
PUR002360,2015-03-20,ST238,SUP001,TEC-AC-10001539,17,48.22,2015-03-24,2015-03-23,Early,819.74
PUR002361,2015-03-20,ST001,SUP008,OFF-EN-10004846,6,1.26,2015-03-25,2015-03-24,Early,7.5600000000000005
PUR002362,2015-03-20,ST451,SUP013,OFF-SU-10004115,3,4.92,2015-03-26,2015-03-30,Late,14.76
PUR002363,2015-03-20,ST121,SUP009,FUR-TA-10003473,17,279.6,2015-03-24,2015-03-27,Late,4753.200000000001
PUR002364,2015-03-20,ST486,SUP007,OFF-ST-10003994,14,54.66,2015-03-25,2015-03-26,Late,765.24
PUR002365,2015-03-20,ST620,SUP002,OFF-BI-10004728,18,2.51,2015-03-24,2015-03-24,On Time,45.17999999999999
PUR002366,2015-03-20,ST448,SUP014,OFF-PA-10000743,10,3.62,2015-03-27,2015-03-29,Late,36.2
PUR002367,2015-03-20,ST124,SUP005,FUR-FU-10003724,17,6.44,2015-03-27,2015-03-29,Late,109.48
PUR002368,2015-03-20,ST375,SUP014,OFF-BI-10001628,13,5.37,2015-03-26,2015-03-31,Late,69.81
PUR002369,2015-03-20,ST632,SUP004,OFF-BI-10001078,13,2.87,2015-03-27,2015-03-27,On Time,37.31
PUR002370,2015-03-20,ST011,SUP015,OFF-AR-10002135,14,33.36,2015-03-24,2015-03-26,Late,467.03999999999996
PUR002371,2015-03-20,ST601,SUP001,OFF-PA-10004359,13,54.81,2015-03-25,2015-03-26,Late,712.53
PUR002372,2015-03-20,ST260,SUP015,OFF-BI-10002049,5,2.86,2015-03-27,2015-03-26,Early,14.299999999999999
PUR002373,2015-03-20,ST491,SUP005,OFF-ST-10001128,10,97.61,2015-03-26,2015-03-25,Early,976.1
PUR002374,2015-03-20,ST586,SUP001,TEC-PH-10000011,10,9.93,2015-03-23,2015-03-28,Late,99.3
PUR002375,2015-03-20,ST466,SUP011,OFF-BI-10004584,17,184.12,2015-03-26,2015-03-26,On Time,3130.04
PUR002376,2015-03-20,ST559,SUP011,TEC-PH-10002075,17,93.92,2015-03-23,2015-03-22,Early,1596.64
PUR002377,2015-03-20,ST157,SUP015,OFF-AP-10001947,13,11.78,2015-03-24,2015-03-29,Late,153.14
PUR002378,2015-03-20,ST123,SUP014,TEC-AC-10002550,6,20.72,2015-03-23,2015-03-25,Late,124.32
PUR002379,2015-03-20,ST558,SUP014,FUR-FU-10002937,3,47.77,2015-03-25,2015-03-30,Late,143.31
PUR002380,2015-03-20,ST018,SUP012,FUR-FU-10002191,8,3.74,2015-03-25,2015-03-30,Late,29.92
PUR002381,2015-03-20,ST601,SUP003,OFF-BI-10000050,12,4.18,2015-03-25,2015-03-28,Late,50.16
PUR002382,2015-03-20,ST427,SUP007,FUR-BO-10000362,2,143.25,2015-03-23,2015-03-22,Early,286.5
PUR002383,2015-03-20,ST152,SUP009,OFF-FA-10004854,8,6.48,2015-03-25,2015-03-24,Early,51.84
PUR002384,2015-03-20,ST624,SUP005,OFF-AR-10004344,7,8.65,2015-03-24,2015-03-28,Late,60.550000000000004
PUR002385,2015-03-20,ST004,SUP011,FUR-FU-10004091,18,20.0,2015-03-25,2015-03-26,Late,360.0
PUR002386,2015-03-20,ST478,SUP006,FUR-TA-10001539,19,174.72,2015-03-27,2015-04-01,Late,3319.68
PUR002387,2015-03-20,ST091,SUP008,TEC-AC-10003027,4,26.61,2015-03-23,2015-03-22,Early,106.44
PUR002388,2015-03-20,ST326,SUP003,TEC-PH-10004080,7,51.2,2015-03-27,2015-03-31,Late,358.40000000000003
PUR002389,2015-03-20,ST011,SUP013,TEC-AC-10002006,2,11.62,2015-03-24,2015-03-28,Late,23.24
PUR002390,2015-03-20,ST253,SUP015,FUR-CH-10000847,13,213.62,2015-03-25,2015-03-30,Late,2777.06
PUR002391,2015-03-20,ST136,SUP012,OFF-ST-10003479,8,38.82,2015-03-25,2015-03-24,Early,310.56
PUR002392,2015-03-20,ST286,SUP003,OFF-PA-10001295,14,10.27,2015-03-24,2015-03-27,Late,143.78
PUR002393,2015-03-20,ST193,SUP014,OFF-EN-10002831,12,19.43,2015-03-25,2015-03-25,On Time,233.16
PUR002394,2015-03-20,ST451,SUP005,FUR-FU-10003374,7,38.93,2015-03-25,2015-03-24,Early,272.51
PUR002395,2015-03-20,ST358,SUP006,OFF-LA-10001175,17,1.43,2015-03-27,2015-03-29,Late,24.31
PUR002396,2015-03-20,ST600,SUP014,TEC-CO-10003763,7,336.62,2015-03-26,2015-03-26,On Time,2356.34
PUR002397,2015-03-20,ST445,SUP012,OFF-FA-10002676,19,1.17,2015-03-25,2015-03-29,Late,22.229999999999997
PUR002398,2015-03-20,ST516,SUP012,OFF-AR-10003829,11,2.19,2015-03-27,2015-04-01,Late,24.09
PUR002399,2015-03-20,ST216,SUP013,OFF-BI-10001759,10,1.78,2015-03-25,2015-03-25,On Time,17.8
PUR002400,2015-03-20,ST119,SUP015,FUR-BO-10001519,16,42.07,2015-03-27,2015-03-31,Late,673.12
PUR002401,2015-04-05,ST601,SUP008,OFF-AP-10003040,7,24.76,2015-04-10,2015-04-11,Late,173.32000000000002
PUR002402,2015-04-05,ST035,SUP010,OFF-ST-10004835,20,4.03,2015-04-10,2015-04-14,Late,80.60000000000001
PUR002403,2015-04-05,ST009,SUP014,OFF-PA-10001937,5,3.46,2015-04-09,2015-04-11,Late,17.3
PUR002404,2015-04-05,ST103,SUP011,TEC-AC-10003174,17,62.54,2015-04-09,2015-04-10,Late,1063.18
PUR002405,2015-04-05,ST191,SUP009,TEC-MA-10001148,11,257.99,2015-04-08,2015-04-10,Late,2837.8900000000003
PUR002406,2015-04-05,ST446,SUP012,FUR-TA-10003469,16,118.73,2015-04-11,2015-04-13,Late,1899.68
PUR002407,2015-04-05,ST616,SUP006,OFF-AR-10003373,9,21.5,2015-04-10,2015-04-12,Late,193.5
PUR002408,2015-04-05,ST240,SUP015,FUR-CH-10002602,14,107.26,2015-04-12,2015-04-11,Early,1501.64
PUR002409,2015-04-05,ST592,SUP005,FUR-FU-10003708,15,47.2,2015-04-11,2015-04-14,Late,708.0
PUR002410,2015-04-05,ST308,SUP003,TEC-AC-10002567,2,47.75,2015-04-12,2015-04-16,Late,95.5
PUR002411,2015-04-05,ST143,SUP010,TEC-PH-10002660,18,47.92,2015-04-09,2015-04-13,Late,862.5600000000001
PUR002412,2015-04-05,ST093,SUP001,OFF-AP-10003849,12,283.85,2015-04-10,2015-04-15,Late,3406.2000000000003
PUR002413,2015-04-05,ST406,SUP008,FUR-BO-10001918,6,151.91,2015-04-09,2015-04-11,Late,911.46
PUR002414,2015-04-05,ST177,SUP004,FUR-CH-10004754,2,22.58,2015-04-10,2015-04-11,Late,45.16
PUR002415,2015-04-05,ST209,SUP014,OFF-ST-10001370,4,63.18,2015-04-11,2015-04-10,Early,252.72
PUR002416,2015-04-05,ST384,SUP009,OFF-LA-10000134,9,1.49,2015-04-08,2015-04-10,Late,13.41
PUR002417,2015-04-05,ST564,SUP008,OFF-PA-10003797,7,3.26,2015-04-11,2015-04-15,Late,22.82
PUR002418,2015-04-05,ST386,SUP011,OFF-PA-10002120,8,30.34,2015-04-11,2015-04-15,Late,242.72
PUR002419,2015-04-05,ST397,SUP002,OFF-BI-10003982,9,11.59,2015-04-09,2015-04-10,Late,104.31
PUR002420,2015-04-05,ST290,SUP006,OFF-ST-10000344,6,9.74,2015-04-11,2015-04-14,Late,58.44
PUR002421,2015-04-05,ST501,SUP006,OFF-BI-10000050,14,3.9,2015-04-12,2015-04-11,Early,54.6
PUR002422,2015-04-05,ST241,SUP003,FUR-TA-10000198,9,510.38,2015-04-10,2015-04-11,Late,4593.42
PUR002423,2015-04-05,ST626,SUP001,OFF-BI-10001524,12,10.91,2015-04-12,2015-04-17,Late,130.92000000000002
PUR002424,2015-04-05,ST236,SUP011,FUR-FU-10002505,14,2.48,2015-04-09,2015-04-11,Late,34.72
PUR002425,2015-04-05,ST446,SUP005,OFF-EN-10001509,8,0.98,2015-04-08,2015-04-09,Late,7.84
PUR002426,2015-04-05,ST155,SUP007,OFF-PA-10003724,14,2.85,2015-04-10,2015-04-11,Late,39.9
PUR002427,2015-04-05,ST036,SUP008,FUR-FU-10003773,14,73.25,2015-04-10,2015-04-12,Late,1025.5
PUR002428,2015-04-05,ST530,SUP011,OFF-LA-10004484,7,2.08,2015-04-08,2015-04-10,Late,14.56
PUR002429,2015-04-05,ST104,SUP012,FUR-CH-10001270,4,58.52,2015-04-11,2015-04-16,Late,234.08
PUR002430,2015-04-05,ST589,SUP003,FUR-CH-10001797,2,25.47,2015-04-12,2015-04-14,Late,50.94
PUR002431,2015-04-05,ST412,SUP011,TEC-PH-10002103,16,61.06,2015-04-11,2015-04-16,Late,976.96
PUR002432,2015-04-05,ST119,SUP005,OFF-BI-10003291,3,4.44,2015-04-12,2015-04-17,Late,13.32
PUR002433,2015-04-05,ST485,SUP013,TEC-PH-10004165,16,203.58,2015-04-10,2015-04-15,Late,3257.28
PUR002434,2015-04-05,ST184,SUP002,OFF-LA-10000248,19,2.14,2015-04-11,2015-04-14,Late,40.660000000000004
PUR002435,2015-04-05,ST154,SUP002,FUR-TA-10004256,14,416.93,2015-04-08,2015-04-09,Late,5837.02
PUR002436,2015-04-05,ST630,SUP009,OFF-ST-10004340,20,43.19,2015-04-11,2015-04-13,Late,863.8
PUR002437,2015-04-05,ST125,SUP001,FUR-FU-10004188,3,75.17,2015-04-11,2015-04-13,Late,225.51
PUR002438,2015-04-05,ST379,SUP010,OFF-ST-10003208,13,117.24,2015-04-10,2015-04-12,Late,1524.12
PUR002439,2015-04-05,ST025,SUP013,TEC-PH-10002563,12,96.5,2015-04-12,2015-04-13,Late,1158.0
PUR002440,2015-04-05,ST018,SUP007,OFF-ST-10000025,7,85.99,2015-04-11,2015-04-12,Late,601.93
PUR002441,2015-04-05,ST115,SUP010,OFF-FA-10003059,11,1.25,2015-04-10,2015-04-14,Late,13.75
PUR002442,2015-04-05,ST255,SUP007,OFF-ST-10002011,3,307.92,2015-04-09,2015-04-08,Early,923.76
PUR002443,2015-04-05,ST149,SUP012,OFF-BI-10002071,19,2.88,2015-04-11,2015-04-13,Late,54.72
PUR002444,2015-04-05,ST250,SUP008,OFF-ST-10003455,10,11.12,2015-04-12,2015-04-15,Late,111.19999999999999
PUR002445,2015-04-05,ST382,SUP006,TEC-PH-10003484,16,85.81,2015-04-08,2015-04-08,On Time,1372.96
PUR002446,2015-04-05,ST081,SUP012,TEC-PH-10002645,5,366.14,2015-04-10,2015-04-14,Late,1830.6999999999998
PUR002447,2015-04-05,ST189,SUP001,FUR-FU-10003577,11,9.04,2015-04-10,2015-04-14,Late,99.44
PUR002448,2015-04-05,ST120,SUP007,TEC-PH-10001557,4,74.79,2015-04-09,2015-04-12,Late,299.16
PUR002449,2015-04-05,ST527,SUP010,FUR-TA-10004154,10,245.89,2015-04-12,2015-04-17,Late,2458.8999999999996
PUR002450,2015-04-05,ST384,SUP001,OFF-PA-10001790,9,25.95,2015-04-12,2015-04-14,Late,233.54999999999998
PUR002451,2015-04-05,ST282,SUP007,TEC-AC-10001772,8,10.25,2015-04-09,2015-04-10,Late,82.0
PUR002452,2015-04-05,ST409,SUP010,OFF-EN-10003845,18,2.06,2015-04-09,2015-04-13,Late,37.08
PUR002453,2015-04-05,ST213,SUP007,OFF-AR-10004790,11,8.57,2015-04-08,2015-04-13,Late,94.27000000000001
PUR002454,2015-04-05,ST274,SUP005,TEC-AC-10001114,15,28.05,2015-04-11,2015-04-14,Late,420.75
PUR002455,2015-04-05,ST019,SUP004,OFF-AR-10003514,12,2.45,2015-04-10,2015-04-10,On Time,29.400000000000002
PUR002456,2015-04-05,ST624,SUP012,OFF-BI-10003460,4,2.33,2015-04-11,2015-04-14,Late,9.32
PUR002457,2015-04-05,ST555,SUP006,OFF-ST-10002276,15,64.21,2015-04-11,2015-04-13,Late,963.1499999999999
PUR002458,2015-04-05,ST328,SUP006,TEC-PH-10003589,19,8.44,2015-04-10,2015-04-15,Late,160.35999999999999
PUR002459,2015-04-05,ST511,SUP014,OFF-ST-10002214,16,7.77,2015-04-09,2015-04-12,Late,124.32
PUR002460,2015-04-05,ST413,SUP005,OFF-FA-10000840,7,0.63,2015-04-08,2015-04-12,Late,4.41
PUR002461,2015-04-05,ST499,SUP011,OFF-BI-10004022,20,1.64,2015-04-12,2015-04-13,Late,32.8
PUR002462,2015-04-05,ST379,SUP009,FUR-BO-10003546,4,71.31,2015-04-10,2015-04-11,Late,285.24
PUR002463,2015-04-05,ST031,SUP008,OFF-ST-10002615,12,113.63,2015-04-09,2015-04-12,Late,1363.56
PUR002464,2015-04-05,ST579,SUP006,TEC-PH-10001299,20,100.79,2015-04-11,2015-04-13,Late,2015.8000000000002
PUR002465,2015-04-05,ST570,SUP005,OFF-AR-10000246,2,2.16,2015-04-11,2015-04-11,On Time,4.32
PUR002466,2015-04-05,ST388,SUP003,OFF-BI-10000756,14,2.3,2015-04-12,2015-04-17,Late,32.199999999999996
PUR002467,2015-04-05,ST217,SUP004,TEC-CO-10001046,5,353.96,2015-04-08,2015-04-11,Late,1769.8
PUR002468,2015-04-05,ST411,SUP003,TEC-PH-10001459,11,290.82,2015-04-12,2015-04-14,Late,3199.02
PUR002469,2015-04-05,ST614,SUP007,TEC-PH-10003811,13,90.73,2015-04-10,2015-04-11,Late,1179.49
PUR002470,2015-04-05,ST326,SUP011,OFF-ST-10000876,13,9.19,2015-04-12,2015-04-15,Late,119.47
PUR002471,2015-04-05,ST414,SUP014,FUR-CH-10003817,19,44.57,2015-04-11,2015-04-16,Late,846.83
PUR002472,2015-04-05,ST461,SUP015,OFF-BI-10001900,16,3.04,2015-04-09,2015-04-14,Late,48.64
PUR002473,2015-04-05,ST546,SUP001,OFF-PA-10000357,7,24.38,2015-04-10,2015-04-15,Late,170.66
PUR002474,2015-04-05,ST101,SUP011,OFF-BI-10002854,16,14.45,2015-04-11,2015-04-14,Late,231.2
PUR002475,2015-04-05,ST194,SUP007,OFF-PA-10000143,15,3.01,2015-04-08,2015-04-11,Late,45.15
PUR002476,2015-04-05,ST516,SUP010,OFF-BI-10000069,9,7.52,2015-04-08,2015-04-11,Late,67.67999999999999
PUR002477,2015-04-05,ST333,SUP001,OFF-AR-10003727,20,12.62,2015-04-12,2015-04-12,On Time,252.39999999999998
PUR002478,2015-04-05,ST094,SUP008,OFF-BI-10002706,7,7.82,2015-04-10,2015-04-09,Early,54.74
PUR002479,2015-04-05,ST198,SUP014,FUR-FU-10002364,14,5.29,2015-04-09,2015-04-11,Late,74.06
PUR002480,2015-04-05,ST180,SUP004,OFF-AR-10003478,13,5.1,2015-04-11,2015-04-15,Late,66.3
PUR002481,2015-04-20,ST067,SUP005,TEC-PH-10002660,8,49.18,2015-04-23,2015-04-23,On Time,393.44
PUR002482,2015-04-20,ST618,SUP004,TEC-AC-10003116,20,10.74,2015-04-26,2015-04-26,On Time,214.8
PUR002483,2015-04-20,ST114,SUP009,OFF-ST-10000675,7,27.82,2015-04-27,2015-05-02,Late,194.74
PUR002484,2015-04-20,ST164,SUP015,TEC-PH-10002447,12,157.14,2015-04-24,2015-04-26,Late,1885.6799999999998
PUR002485,2015-04-20,ST417,SUP001,FUR-BO-10001519,4,39.83,2015-04-27,2015-04-29,Late,159.32
PUR002486,2015-04-20,ST267,SUP007,OFF-ST-10003479,14,33.81,2015-04-27,2015-04-26,Early,473.34000000000003
PUR002487,2015-04-20,ST493,SUP008,FUR-FU-10001591,19,7.38,2015-04-23,2015-04-24,Late,140.22
PUR002488,2015-04-20,ST041,SUP012,FUR-CH-10002965,14,156.35,2015-04-25,2015-04-27,Late,2188.9
PUR002489,2015-04-20,ST439,SUP008,FUR-TA-10002607,18,61.09,2015-04-23,2015-04-22,Early,1099.6200000000001
PUR002490,2015-04-20,ST594,SUP013,TEC-PH-10003092,6,34.92,2015-04-23,2015-04-27,Late,209.52
PUR002491,2015-04-20,ST348,SUP011,TEC-AC-10003095,7,83.5,2015-04-24,2015-04-24,On Time,584.5
PUR002492,2015-04-20,ST338,SUP002,FUR-FU-10001706,17,1.51,2015-04-23,2015-04-25,Late,25.67
PUR002493,2015-04-20,ST267,SUP013,OFF-AR-10004817,17,3.85,2015-04-25,2015-04-26,Late,65.45
PUR002494,2015-04-20,ST265,SUP008,OFF-AR-10004691,16,15.29,2015-04-27,2015-04-28,Late,244.64
PUR002495,2015-04-20,ST535,SUP003,FUR-FU-10002505,3,2.41,2015-04-25,2015-04-24,Early,7.23
PUR002496,2015-04-20,ST372,SUP010,OFF-AR-10004260,9,20.13,2015-04-25,2015-04-26,Late,181.17
PUR002497,2015-04-20,ST487,SUP005,TEC-PH-10001760,7,106.9,2015-04-26,2015-04-30,Late,748.3000000000001
PUR002498,2015-04-20,ST132,SUP013,FUR-TA-10003954,11,250.9,2015-04-24,2015-04-27,Late,2759.9
PUR002499,2015-04-20,ST234,SUP005,FUR-CH-10004886,11,74.05,2015-04-23,2015-04-28,Late,814.55
PUR002500,2015-04-20,ST599,SUP003,OFF-EN-10003845,8,2.03,2015-04-23,2015-04-24,Late,16.24
PUR002501,2015-04-20,ST530,SUP012,TEC-AC-10003280,13,24.74,2015-04-26,2015-04-28,Late,321.62
PUR002502,2015-04-20,ST160,SUP011,OFF-PA-10000174,7,5.96,2015-04-27,2015-05-02,Late,41.72
PUR002503,2015-04-20,ST388,SUP006,FUR-CH-10000595,18,172.16,2015-04-26,2015-04-30,Late,3098.88
PUR002504,2015-04-20,ST180,SUP008,OFF-BI-10004022,7,1.61,2015-04-26,2015-04-28,Late,11.270000000000001
PUR002505,2015-04-20,ST351,SUP002,OFF-ST-10000777,2,28.1,2015-04-24,2015-04-25,Late,56.2
PUR002506,2015-04-20,ST624,SUP005,OFF-FA-10002815,8,2.22,2015-04-23,2015-04-27,Late,17.76
PUR002507,2015-04-20,ST584,SUP008,TEC-AC-10004396,8,15.69,2015-04-23,2015-04-28,Late,125.52
PUR002508,2015-04-20,ST208,SUP012,TEC-AC-10004510,18,15.9,2015-04-25,2015-04-29,Late,286.2
PUR002509,2015-04-20,ST338,SUP002,FUR-TA-10003473,3,283.74,2015-04-27,2015-04-26,Early,851.22
PUR002510,2015-04-20,ST551,SUP009,FUR-FU-10003623,10,19.69,2015-04-23,2015-04-28,Late,196.9
PUR002511,2015-04-20,ST254,SUP009,FUR-CH-10001270,3,59.73,2015-04-24,2015-04-25,Late,179.19
PUR002512,2015-04-20,ST251,SUP011,OFF-PA-10001184,7,3.17,2015-04-24,2015-04-28,Late,22.189999999999998
PUR002513,2015-04-20,ST273,SUP010,OFF-AP-10002311,16,36.05,2015-04-27,2015-04-28,Late,576.8
PUR002514,2015-04-20,ST066,SUP012,FUR-FU-10000320,4,1.96,2015-04-24,2015-04-27,Late,7.84
PUR002515,2015-04-20,ST250,SUP004,OFF-ST-10000876,11,8.17,2015-04-27,2015-05-02,Late,89.87
PUR002516,2015-04-20,ST550,SUP002,OFF-BI-10000138,20,2.42,2015-04-23,2015-04-24,Late,48.4
PUR002517,2015-04-20,ST453,SUP002,FUR-CH-10004086,4,194.55,2015-04-23,2015-04-25,Late,778.2
PUR002518,2015-04-20,ST221,SUP010,OFF-PA-10002195,8,2.72,2015-04-27,2015-04-29,Late,21.76
PUR002519,2015-04-20,ST441,SUP010,OFF-PA-10001804,11,3.52,2015-04-23,2015-04-27,Late,38.72
PUR002520,2015-04-20,ST604,SUP004,OFF-PA-10002615,16,2.51,2015-04-27,2015-05-02,Late,40.16
PUR002521,2015-04-20,ST417,SUP005,OFF-PA-10002464,16,3.24,2015-04-27,2015-04-28,Late,51.84
PUR002522,2015-04-20,ST520,SUP006,OFF-AR-10000817,17,2.06,2015-04-26,2015-04-29,Late,35.02
PUR002523,2015-04-20,ST271,SUP005,OFF-PA-10004734,11,3.97,2015-04-27,2015-04-27,On Time,43.67
PUR002524,2015-04-20,ST516,SUP009,OFF-BI-10003984,12,14.44,2015-04-25,2015-04-29,Late,173.28
PUR002525,2015-04-20,ST187,SUP013,OFF-AR-10002335,16,1.76,2015-04-26,2015-04-25,Early,28.16
PUR002526,2015-04-20,ST482,SUP009,OFF-AR-10004602,12,17.86,2015-04-26,2015-04-26,On Time,214.32
PUR002527,2015-04-20,ST312,SUP007,OFF-PA-10002606,7,2.65,2015-04-23,2015-04-28,Late,18.55
PUR002528,2015-04-20,ST552,SUP011,FUR-FU-10002554,16,17.89,2015-04-24,2015-04-24,On Time,286.24
PUR002529,2015-04-20,ST315,SUP004,OFF-AR-10002445,5,4.62,2015-04-27,2015-04-28,Late,23.1
PUR002530,2015-04-20,ST106,SUP008,TEC-PH-10004922,12,52.92,2015-04-25,2015-04-28,Late,635.04
PUR002531,2015-04-20,ST332,SUP003,OFF-LA-10004425,8,1.55,2015-04-24,2015-04-24,On Time,12.4
PUR002532,2015-04-20,ST162,SUP014,TEC-PH-10002726,14,27.75,2015-04-27,2015-05-01,Late,388.5
PUR002533,2015-04-20,ST486,SUP009,OFF-PA-10003302,7,18.13,2015-04-27,2015-05-02,Late,126.91
PUR002534,2015-04-20,ST235,SUP005,TEC-AC-10002006,15,11.65,2015-04-25,2015-04-27,Late,174.75
PUR002535,2015-04-20,ST342,SUP005,OFF-BI-10002824,11,7.99,2015-04-25,2015-04-30,Late,87.89
PUR002536,2015-04-20,ST577,SUP007,TEC-PH-10004188,12,24.24,2015-04-26,2015-05-01,Late,290.88
PUR002537,2015-04-20,ST057,SUP007,TEC-AC-10003023,15,43.87,2015-04-26,2015-04-27,Late,658.05
PUR002538,2015-04-20,ST281,SUP013,OFF-ST-10004634,6,8.59,2015-04-23,2015-04-28,Late,51.54
PUR002539,2015-04-20,ST263,SUP012,FUR-FU-10000629,8,7.53,2015-04-25,2015-04-30,Late,60.24
PUR002540,2015-04-20,ST392,SUP007,OFF-SU-10000151,13,1422.27,2015-04-25,2015-04-28,Late,18489.51
PUR002541,2015-04-20,ST221,SUP013,FUR-CH-10003535,19,53.03,2015-04-27,2015-04-30,Late,1007.57
PUR002542,2015-04-20,ST077,SUP002,OFF-AR-10001427,16,4.74,2015-04-24,2015-04-24,On Time,75.84
PUR002543,2015-04-20,ST608,SUP012,OFF-BI-10000977,12,17.15,2015-04-26,2015-04-25,Early,205.79999999999998
PUR002544,2015-04-20,ST499,SUP015,FUR-FU-10000023,14,3.42,2015-04-24,2015-04-25,Late,47.879999999999995
PUR002545,2015-04-20,ST058,SUP002,TEC-AC-10003033,20,215.54,2015-04-25,2015-04-26,Late,4310.8
PUR002546,2015-04-20,ST292,SUP015,FUR-FU-10003394,19,56.55,2015-04-23,2015-04-25,Late,1074.45
PUR002547,2015-04-20,ST333,SUP002,OFF-PA-10004665,6,7.19,2015-04-26,2015-05-01,Late,43.14
PUR002548,2015-04-20,ST307,SUP010,OFF-PA-10002262,6,3.62,2015-04-27,2015-04-27,On Time,21.72
PUR002549,2015-04-20,ST336,SUP004,FUR-BO-10003433,19,26.44,2015-04-27,2015-04-30,Late,502.36
PUR002550,2015-04-20,ST299,SUP014,OFF-EN-10003286,10,4.44,2015-04-23,2015-04-23,On Time,44.400000000000006
PUR002551,2015-04-20,ST322,SUP012,FUR-TA-10002958,4,232.67,2015-04-25,2015-04-30,Late,930.68
PUR002552,2015-04-20,ST189,SUP004,OFF-BI-10001031,16,2.97,2015-04-25,2015-04-27,Late,47.52
PUR002553,2015-04-20,ST204,SUP006,OFF-PA-10000130,9,2.34,2015-04-25,2015-04-26,Late,21.06
PUR002554,2015-04-20,ST421,SUP011,FUR-BO-10001608,2,49.4,2015-04-26,2015-04-28,Late,98.8
PUR002555,2015-04-20,ST542,SUP014,OFF-PA-10000520,17,3.57,2015-04-23,2015-04-26,Late,60.69
PUR002556,2015-04-20,ST033,SUP007,OFF-AP-10002191,13,39.01,2015-04-27,2015-05-02,Late,507.13
PUR002557,2015-04-20,ST290,SUP008,OFF-BI-10000201,12,1.3,2015-04-27,2015-04-28,Late,15.600000000000001
PUR002558,2015-04-20,ST095,SUP010,TEC-AC-10001990,4,42.71,2015-04-27,2015-05-02,Late,170.84
PUR002559,2015-04-20,ST526,SUP013,OFF-PA-10002105,5,3.39,2015-04-23,2015-04-26,Late,16.95
PUR002560,2015-04-20,ST075,SUP004,OFF-AP-10002578,16,37.0,2015-04-26,2015-05-01,Late,592.0
PUR002561,2015-05-05,ST156,SUP015,TEC-AC-10003832,10,122.04,2015-05-10,2015-05-09,Early,1220.4
PUR002562,2015-05-05,ST465,SUP006,OFF-AP-10004859,7,10.94,2015-05-12,2015-05-17,Late,76.58
PUR002563,2015-05-05,ST589,SUP007,FUR-FU-10003394,15,62.59,2015-05-10,2015-05-09,Early,938.85
PUR002564,2015-05-05,ST331,SUP004,OFF-PA-10000380,14,3.77,2015-05-11,2015-05-11,On Time,52.78
PUR002565,2015-05-05,ST335,SUP010,TEC-PH-10000193,10,36.44,2015-05-12,2015-05-14,Late,364.4
PUR002566,2015-05-05,ST364,SUP010,OFF-AR-10001683,8,6.44,2015-05-12,2015-05-12,On Time,51.52
PUR002567,2015-05-05,ST316,SUP004,OFF-ST-10002205,8,17.14,2015-05-09,2015-05-08,Early,137.12
PUR002568,2015-05-05,ST041,SUP014,FUR-FU-10004848,2,27.52,2015-05-09,2015-05-12,Late,55.04
PUR002569,2015-05-05,ST323,SUP006,OFF-FA-10002701,13,1.76,2015-05-09,2015-05-13,Late,22.88
PUR002570,2015-05-05,ST435,SUP003,OFF-AR-10000657,8,1.35,2015-05-10,2015-05-10,On Time,10.8
PUR002571,2015-05-05,ST141,SUP001,OFF-ST-10000991,8,117.6,2015-05-11,2015-05-10,Early,940.8
PUR002572,2015-05-05,ST214,SUP014,TEC-AC-10004708,14,14.98,2015-05-11,2015-05-10,Early,209.72
PUR002573,2015-05-05,ST211,SUP004,OFF-AR-10003251,16,1.65,2015-05-11,2015-05-14,Late,26.4
PUR002574,2015-05-05,ST519,SUP003,OFF-PA-10003302,5,17.25,2015-05-12,2015-05-16,Late,86.25
PUR002575,2015-05-05,ST215,SUP013,OFF-AP-10004540,18,53.35,2015-05-08,2015-05-10,Late,960.3000000000001
PUR002576,2015-05-05,ST426,SUP006,OFF-AP-10003040,13,26.12,2015-05-09,2015-05-09,On Time,339.56
PUR002577,2015-05-05,ST490,SUP006,OFF-BI-10002976,4,2.32,2015-05-10,2015-05-13,Late,9.28
PUR002578,2015-05-05,ST008,SUP001,OFF-AR-10004042,5,13.9,2015-05-11,2015-05-16,Late,69.5
PUR002579,2015-05-05,ST103,SUP014,OFF-AR-10004648,15,14.42,2015-05-10,2015-05-11,Late,216.3
PUR002580,2015-05-05,ST308,SUP007,OFF-PA-10004888,11,3.6,2015-05-09,2015-05-13,Late,39.6
PUR002581,2015-05-05,ST400,SUP013,OFF-BI-10004528,4,1.9,2015-05-11,2015-05-10,Early,7.6
PUR002582,2015-05-05,ST332,SUP015,TEC-PH-10002660,10,53.33,2015-05-08,2015-05-08,On Time,533.3
PUR002583,2015-05-05,ST132,SUP001,TEC-PH-10000673,9,31.61,2015-05-12,2015-05-12,On Time,284.49
PUR002584,2015-05-05,ST040,SUP013,FUR-TA-10004152,6,77.5,2015-05-08,2015-05-11,Late,465.0
PUR002585,2015-05-05,ST301,SUP011,FUR-TA-10000688,8,194.06,2015-05-10,2015-05-13,Late,1552.48
PUR002586,2015-05-05,ST177,SUP007,OFF-ST-10004634,15,8.35,2015-05-09,2015-05-12,Late,125.25
PUR002587,2015-05-05,ST186,SUP013,OFF-PA-10003205,6,4.54,2015-05-10,2015-05-09,Early,27.240000000000002
PUR002588,2015-05-05,ST314,SUP004,OFF-PA-10003797,7,3.05,2015-05-11,2015-05-15,Late,21.349999999999998
PUR002589,2015-05-05,ST329,SUP005,OFF-PA-10000575,13,3.91,2015-05-08,2015-05-13,Late,50.83
PUR002590,2015-05-05,ST482,SUP015,OFF-AR-10003481,2,2.25,2015-05-08,2015-05-12,Late,4.5
PUR002591,2015-05-05,ST553,SUP001,OFF-AR-10003829,6,2.52,2015-05-11,2015-05-16,Late,15.120000000000001
PUR002592,2015-05-05,ST016,SUP002,FUR-TA-10001676,18,34.03,2015-05-10,2015-05-10,On Time,612.54
PUR002593,2015-05-05,ST116,SUP002,OFF-LA-10004008,4,1.53,2015-05-11,2015-05-13,Late,6.12
PUR002594,2015-05-05,ST451,SUP009,OFF-AR-10003752,15,6.68,2015-05-09,2015-05-14,Late,100.19999999999999
PUR002595,2015-05-05,ST264,SUP008,OFF-PA-10001639,2,3.24,2015-05-09,2015-05-10,Late,6.48
PUR002596,2015-05-05,ST099,SUP010,OFF-LA-10001613,19,1.43,2015-05-11,2015-05-13,Late,27.169999999999998
PUR002597,2015-05-05,ST528,SUP004,OFF-AP-10000696,20,9.07,2015-05-09,2015-05-14,Late,181.4
PUR002598,2015-05-05,ST098,SUP002,TEC-MA-10003230,6,435.5,2015-05-11,2015-05-12,Late,2613.0
PUR002599,2015-05-05,ST190,SUP005,OFF-LA-10002762,5,6.31,2015-05-10,2015-05-11,Late,31.549999999999997
PUR002600,2015-05-05,ST530,SUP009,OFF-AR-10004757,16,2.27,2015-05-12,2015-05-13,Late,36.32
PUR002601,2015-05-05,ST149,SUP006,FUR-CH-10002758,6,164.91,2015-05-12,2015-05-16,Late,989.46
PUR002602,2015-05-05,ST395,SUP013,OFF-SU-10002301,3,3.26,2015-05-08,2015-05-13,Late,9.78
PUR002603,2015-05-05,ST147,SUP001,OFF-LA-10003720,8,2.14,2015-05-08,2015-05-13,Late,17.12
PUR002604,2015-05-05,ST012,SUP006,OFF-ST-10000532,9,26.55,2015-05-12,2015-05-14,Late,238.95000000000002
PUR002605,2015-05-05,ST592,SUP004,OFF-BI-10001116,17,2.94,2015-05-11,2015-05-13,Late,49.98
PUR002606,2015-05-05,ST559,SUP005,OFF-AP-10001205,8,38.86,2015-05-11,2015-05-10,Early,310.88
PUR002607,2015-05-05,ST346,SUP009,OFF-AP-10001626,10,2.97,2015-05-10,2015-05-10,On Time,29.700000000000003
PUR002608,2015-05-05,ST500,SUP014,FUR-BO-10004409,10,49.48,2015-05-12,2015-05-14,Late,494.79999999999995
PUR002609,2015-05-05,ST532,SUP006,OFF-ST-10003656,5,96.24,2015-05-10,2015-05-09,Early,481.2
PUR002610,2015-05-05,ST557,SUP001,OFF-PA-10002787,13,3.32,2015-05-09,2015-05-08,Early,43.16
PUR002611,2015-05-05,ST114,SUP014,FUR-FU-10002116,9,72.01,2015-05-08,2015-05-11,Late,648.09
PUR002612,2015-05-05,ST315,SUP006,OFF-ST-10001097,11,154.77,2015-05-11,2015-05-13,Late,1702.47
PUR002613,2015-05-05,ST517,SUP002,OFF-FA-10001843,19,1.44,2015-05-09,2015-05-11,Late,27.36
PUR002614,2015-05-05,ST228,SUP014,FUR-TA-10001705,18,157.7,2015-05-08,2015-05-08,On Time,2838.6
PUR002615,2015-05-05,ST156,SUP013,OFF-ST-10003479,13,37.18,2015-05-12,2015-05-17,Late,483.34
PUR002616,2015-05-05,ST546,SUP013,TEC-AC-10004877,18,6.38,2015-05-10,2015-05-13,Late,114.84
PUR002617,2015-05-05,ST171,SUP009,OFF-LA-10002945,9,3.53,2015-05-10,2015-05-10,On Time,31.77
PUR002618,2015-05-05,ST232,SUP011,OFF-PA-10004475,5,29.04,2015-05-09,2015-05-12,Late,145.2
PUR002619,2015-05-05,ST051,SUP005,TEC-AC-10002049,15,166.66,2015-05-11,2015-05-12,Late,2499.9
PUR002620,2015-05-05,ST488,SUP007,FUR-TA-10004154,14,241.69,2015-05-11,2015-05-12,Late,3383.66
PUR002621,2015-05-05,ST001,SUP005,OFF-PA-10004041,6,4.25,2015-05-08,2015-05-09,Late,25.5
PUR002622,2015-05-05,ST628,SUP004,OFF-BI-10000315,19,10.21,2015-05-12,2015-05-11,Early,193.99
PUR002623,2015-05-05,ST148,SUP003,OFF-PA-10001260,3,4.63,2015-05-11,2015-05-16,Late,13.89
PUR002624,2015-05-05,ST249,SUP013,FUR-FU-10004091,7,21.45,2015-05-11,2015-05-16,Late,150.15
PUR002625,2015-05-05,ST606,SUP007,OFF-BI-10001922,7,3.24,2015-05-09,2015-05-09,On Time,22.68
PUR002626,2015-05-05,ST144,SUP005,OFF-FA-10001883,13,7.04,2015-05-11,2015-05-10,Early,91.52
PUR002627,2015-05-05,ST211,SUP003,FUR-FU-10003601,20,82.35,2015-05-11,2015-05-11,On Time,1647.0
PUR002628,2015-05-05,ST121,SUP001,TEC-AC-10003433,10,0.57,2015-05-12,2015-05-13,Late,5.699999999999999
PUR002629,2015-05-05,ST613,SUP011,OFF-AP-10003842,18,21.1,2015-05-11,2015-05-11,On Time,379.8
PUR002630,2015-05-05,ST555,SUP002,TEC-PH-10002834,16,129.56,2015-05-12,2015-05-14,Late,2072.96
PUR002631,2015-05-05,ST350,SUP013,OFF-AR-10002818,6,14.06,2015-05-10,2015-05-09,Early,84.36
PUR002632,2015-05-05,ST116,SUP005,TEC-AC-10004568,14,24.2,2015-05-11,2015-05-13,Late,338.8
PUR002633,2015-05-05,ST499,SUP012,TEC-CO-10001449,20,291.31,2015-05-10,2015-05-10,On Time,5826.2
PUR002634,2015-05-05,ST618,SUP012,TEC-PH-10002789,18,104.83,2015-05-12,2015-05-17,Late,1886.94
PUR002635,2015-05-05,ST507,SUP014,TEC-AC-10002399,13,12.26,2015-05-11,2015-05-13,Late,159.38
PUR002636,2015-05-05,ST287,SUP014,OFF-BI-10001524,3,11.21,2015-05-10,2015-05-11,Late,33.63
PUR002637,2015-05-05,ST258,SUP011,TEC-CO-10001943,18,102.37,2015-05-10,2015-05-09,Early,1842.66
PUR002638,2015-05-05,ST498,SUP013,TEC-PH-10001615,2,18.94,2015-05-09,2015-05-12,Late,37.88
PUR002639,2015-05-05,ST273,SUP007,FUR-FU-10001473,17,10.99,2015-05-08,2015-05-13,Late,186.83
PUR002640,2015-05-05,ST580,SUP014,OFF-PA-10001736,17,19.01,2015-05-11,2015-05-14,Late,323.17
PUR002641,2015-05-20,ST392,SUP011,OFF-LA-10001297,18,5.78,2015-05-23,2015-05-26,Late,104.04
PUR002642,2015-05-20,ST101,SUP013,OFF-BI-10002867,5,32.86,2015-05-27,2015-05-26,Early,164.3
PUR002643,2015-05-20,ST370,SUP004,OFF-BI-10003712,5,2.74,2015-05-27,2015-05-31,Late,13.700000000000001
PUR002644,2015-05-20,ST041,SUP012,TEC-PH-10002726,15,27.9,2015-05-25,2015-05-29,Late,418.5
PUR002645,2015-05-20,ST536,SUP010,TEC-PH-10001918,16,107.12,2015-05-23,2015-05-25,Late,1713.92
PUR002646,2015-05-20,ST222,SUP001,TEC-AC-10004633,15,4.05,2015-05-27,2015-05-27,On Time,60.75
PUR002647,2015-05-20,ST102,SUP006,OFF-AP-10000390,2,46.3,2015-05-25,2015-05-27,Late,92.6
PUR002648,2015-05-20,ST260,SUP014,OFF-AR-10003469,2,0.96,2015-05-25,2015-05-30,Late,1.92
PUR002649,2015-05-20,ST284,SUP004,FUR-BO-10003034,13,106.77,2015-05-26,2015-05-31,Late,1388.01
PUR002650,2015-05-20,ST270,SUP012,TEC-AC-10002323,3,18.55,2015-05-24,2015-05-24,On Time,55.650000000000006
PUR002651,2015-05-20,ST330,SUP009,TEC-PH-10000912,19,6.26,2015-05-26,2015-05-31,Late,118.94
PUR002652,2015-05-20,ST512,SUP003,OFF-PA-10003465,13,10.42,2015-05-23,2015-05-24,Late,135.46
PUR002653,2015-05-20,ST234,SUP012,FUR-FU-10003976,13,8.5,2015-05-25,2015-05-30,Late,110.5
PUR002654,2015-05-20,ST093,SUP012,TEC-PH-10003589,11,8.61,2015-05-26,2015-05-27,Late,94.71
PUR002655,2015-05-20,ST392,SUP013,OFF-AR-10004344,17,9.0,2015-05-24,2015-05-25,Late,153.0
PUR002656,2015-05-20,ST449,SUP013,OFF-EN-10003072,17,1.96,2015-05-25,2015-05-30,Late,33.32
PUR002657,2015-05-20,ST017,SUP006,TEC-AC-10003441,7,17.4,2015-05-23,2015-05-23,On Time,121.79999999999998
PUR002658,2015-05-20,ST574,SUP009,OFF-BI-10004330,20,19.57,2015-05-25,2015-05-30,Late,391.4
PUR002659,2015-05-20,ST078,SUP007,FUR-BO-10001519,19,44.52,2015-05-24,2015-05-23,Early,845.8800000000001
PUR002660,2015-05-20,ST415,SUP015,OFF-BI-10003314,4,2.56,2015-05-25,2015-05-25,On Time,10.24
PUR002661,2015-05-20,ST137,SUP007,FUR-FU-10004848,12,27.52,2015-05-26,2015-05-25,Early,330.24
PUR002662,2015-05-20,ST332,SUP002,TEC-PH-10004667,11,100.78,2015-05-24,2015-05-26,Late,1108.58
PUR002663,2015-05-20,ST281,SUP003,OFF-FA-10002676,3,1.1,2015-05-23,2015-05-25,Late,3.3000000000000003
PUR002664,2015-05-20,ST252,SUP004,TEC-AC-10004864,9,22.2,2015-05-24,2015-05-26,Late,199.79999999999998
PUR002665,2015-05-20,ST250,SUP005,OFF-BI-10001072,8,7.61,2015-05-23,2015-05-28,Late,60.88
PUR002666,2015-05-20,ST570,SUP007,OFF-BI-10001670,17,20.12,2015-05-27,2015-05-30,Late,342.04
PUR002667,2015-05-20,ST532,SUP014,TEC-CO-10000971,8,206.31,2015-05-27,2015-05-29,Late,1650.48
PUR002668,2015-05-20,ST268,SUP007,OFF-AP-10002892,20,17.34,2015-05-25,2015-05-30,Late,346.8
PUR002669,2015-05-20,ST241,SUP006,OFF-LA-10001158,10,5.31,2015-05-25,2015-05-28,Late,53.099999999999994
PUR002670,2015-05-20,ST138,SUP012,OFF-BI-10003656,13,84.03,2015-05-25,2015-05-30,Late,1092.39
PUR002671,2015-05-20,ST132,SUP010,OFF-FA-10000992,9,1.99,2015-05-23,2015-05-28,Late,17.91
PUR002672,2015-05-20,ST322,SUP009,FUR-CH-10004540,18,26.07,2015-05-23,2015-05-28,Late,469.26
PUR002673,2015-05-20,ST568,SUP012,OFF-ST-10001713,9,53.11,2015-05-24,2015-05-26,Late,477.99
PUR002674,2015-05-20,ST472,SUP001,OFF-LA-10004853,10,2.73,2015-05-27,2015-05-29,Late,27.3
PUR002675,2015-05-20,ST176,SUP002,OFF-AR-10003045,17,1.65,2015-05-23,2015-05-26,Late,28.049999999999997
PUR002676,2015-05-20,ST356,SUP001,OFF-PA-10001457,16,8.22,2015-05-26,2015-05-31,Late,131.52
PUR002677,2015-05-20,ST067,SUP006,OFF-PA-10002421,6,10.71,2015-05-25,2015-05-28,Late,64.26
PUR002678,2015-05-20,ST029,SUP012,FUR-FU-10001095,10,17.89,2015-05-27,2015-05-29,Late,178.9
PUR002679,2015-05-20,ST406,SUP003,OFF-ST-10004123,15,94.7,2015-05-24,2015-05-28,Late,1420.5
PUR002680,2015-05-20,ST312,SUP012,OFF-ST-10001097,16,160.91,2015-05-25,2015-05-25,On Time,2574.56
PUR002681,2015-05-20,ST417,SUP009,OFF-AR-10000588,20,15.56,2015-05-24,2015-05-29,Late,311.2
PUR002682,2015-05-20,ST323,SUP010,OFF-ST-10003692,19,47.04,2015-05-23,2015-05-26,Late,893.76
PUR002683,2015-05-20,ST602,SUP006,TEC-PH-10001615,3,21.46,2015-05-23,2015-05-28,Late,64.38
PUR002684,2015-05-20,ST424,SUP009,OFF-EN-10001415,4,2.85,2015-05-24,2015-05-28,Late,11.4
PUR002685,2015-05-20,ST184,SUP010,FUR-CH-10001714,8,131.84,2015-05-24,2015-05-23,Early,1054.72
PUR002686,2015-05-20,ST092,SUP006,OFF-BI-10001191,17,13.58,2015-05-23,2015-05-25,Late,230.86
PUR002687,2015-05-20,ST397,SUP011,TEC-MA-10003589,20,135.19,2015-05-26,2015-05-28,Late,2703.8
PUR002688,2015-05-20,ST188,SUP006,TEC-AC-10001383,17,19.24,2015-05-23,2015-05-24,Late,327.08
PUR002689,2015-05-20,ST259,SUP007,FUR-BO-10004467,13,75.77,2015-05-26,2015-05-25,Early,985.01
PUR002690,2015-05-20,ST233,SUP004,OFF-LA-10004345,7,2.38,2015-05-25,2015-05-29,Late,16.66
PUR002691,2015-05-20,ST097,SUP013,OFF-PA-10004983,4,3.26,2015-05-27,2015-05-28,Late,13.04
PUR002692,2015-05-20,ST571,SUP001,OFF-AR-10001177,2,2.51,2015-05-23,2015-05-27,Late,5.02
PUR002693,2015-05-20,ST542,SUP001,OFF-ST-10003442,13,18.97,2015-05-23,2015-05-22,Early,246.60999999999999
PUR002694,2015-05-20,ST582,SUP001,OFF-FA-10004248,12,2.69,2015-05-27,2015-05-28,Late,32.28
PUR002695,2015-05-20,ST511,SUP004,OFF-BI-10003984,4,16.5,2015-05-24,2015-05-27,Late,66.0
PUR002696,2015-05-20,ST159,SUP002,OFF-BI-10004224,8,40.53,2015-05-27,2015-05-28,Late,324.24
PUR002697,2015-05-20,ST182,SUP008,OFF-BI-10003981,20,2.17,2015-05-27,2015-05-27,On Time,43.4
PUR002698,2015-05-20,ST551,SUP001,OFF-BI-10001765,16,16.32,2015-05-23,2015-05-28,Late,261.12
PUR002699,2015-05-20,ST358,SUP002,OFF-AP-10003622,11,2.51,2015-05-24,2015-05-27,Late,27.61
PUR002700,2015-05-20,ST510,SUP002,FUR-FU-10004586,18,3.22,2015-05-24,2015-05-27,Late,57.96
PUR002701,2015-05-20,ST346,SUP015,OFF-AR-10001972,6,1.37,2015-05-26,2015-05-30,Late,8.22
PUR002702,2015-05-20,ST459,SUP013,OFF-ST-10001522,19,94.17,2015-05-23,2015-05-27,Late,1789.23
PUR002703,2015-05-20,ST375,SUP004,OFF-ST-10003282,19,39.29,2015-05-24,2015-05-24,On Time,746.51
PUR002704,2015-05-20,ST043,SUP007,FUR-BO-10003159,17,98.11,2015-05-25,2015-05-24,Early,1667.87
PUR002705,2015-05-20,ST606,SUP015,OFF-PA-10002615,17,2.53,2015-05-23,2015-05-28,Late,43.01
PUR002706,2015-05-20,ST329,SUP011,FUR-TA-10004154,18,205.44,2015-05-27,2015-05-30,Late,3697.92
PUR002707,2015-05-20,ST404,SUP009,OFF-PA-10002222,20,12.83,2015-05-27,2015-05-31,Late,256.6
PUR002708,2015-05-20,ST459,SUP003,OFF-FA-10000624,8,1.71,2015-05-24,2015-05-25,Late,13.68
PUR002709,2015-05-20,ST085,SUP007,OFF-AP-10001492,15,6.26,2015-05-26,2015-05-25,Early,93.89999999999999
PUR002710,2015-05-20,ST496,SUP009,OFF-ST-10000934,17,37.74,2015-05-27,2015-05-29,Late,641.58
PUR002711,2015-05-20,ST295,SUP013,TEC-AC-10001267,11,17.96,2015-05-23,2015-05-26,Late,197.56
PUR002712,2015-05-20,ST315,SUP002,OFF-AP-10000027,3,8.91,2015-05-27,2015-05-31,Late,26.73
PUR002713,2015-05-20,ST322,SUP011,OFF-PA-10001954,20,12.44,2015-05-23,2015-05-26,Late,248.79999999999998
PUR002714,2015-05-20,ST395,SUP005,FUR-FU-10003724,2,5.63,2015-05-24,2015-05-25,Late,11.26
PUR002715,2015-05-20,ST445,SUP014,TEC-MA-10001570,19,46.54,2015-05-27,2015-05-30,Late,884.26
PUR002716,2015-05-20,ST046,SUP011,TEC-CO-10001571,7,275.48,2015-05-24,2015-05-23,Early,1928.3600000000001
PUR002717,2015-05-20,ST227,SUP015,TEC-MA-10003353,16,431.63,2015-05-25,2015-05-24,Early,6906.08
PUR002718,2015-05-20,ST628,SUP010,FUR-FU-10000397,8,14.34,2015-05-23,2015-05-22,Early,114.72
PUR002719,2015-05-20,ST120,SUP012,OFF-PA-10003845,14,2.77,2015-05-25,2015-05-24,Early,38.78
PUR002720,2015-05-20,ST339,SUP015,TEC-AC-10001432,9,45.16,2015-05-24,2015-05-26,Late,406.43999999999994
PUR002721,2015-06-05,ST412,SUP014,OFF-AR-10000246,9,2.0,2015-06-08,2015-06-08,On Time,18.0
PUR002722,2015-06-05,ST265,SUP010,OFF-FA-10000624,6,1.83,2015-06-11,2015-06-15,Late,10.98
PUR002723,2015-06-05,ST318,SUP015,OFF-AR-10001149,20,1.99,2015-06-09,2015-06-13,Late,39.8
PUR002724,2015-06-05,ST426,SUP001,TEC-PH-10000369,10,89.07,2015-06-11,2015-06-13,Late,890.6999999999999
PUR002725,2015-06-05,ST500,SUP004,OFF-AR-10004648,10,15.72,2015-06-10,2015-06-13,Late,157.20000000000002
PUR002726,2015-06-05,ST043,SUP007,FUR-FU-10004351,2,5.59,2015-06-11,2015-06-11,On Time,11.18
PUR002727,2015-06-05,ST119,SUP002,OFF-AR-10003770,9,1.87,2015-06-09,2015-06-14,Late,16.830000000000002
PUR002728,2015-06-05,ST336,SUP009,OFF-SU-10000157,17,106.79,2015-06-09,2015-06-13,Late,1815.43
PUR002729,2015-06-05,ST408,SUP012,OFF-BI-10004728,10,2.84,2015-06-10,2015-06-13,Late,28.4
PUR002730,2015-06-05,ST268,SUP010,OFF-SU-10001165,11,5.91,2015-06-08,2015-06-13,Late,65.01
PUR002731,2015-06-05,ST207,SUP015,FUR-FU-10001934,5,15.2,2015-06-08,2015-06-11,Late,76.0
PUR002732,2015-06-05,ST037,SUP009,OFF-BI-10001787,17,3.14,2015-06-11,2015-06-13,Late,53.38
PUR002733,2015-06-05,ST398,SUP001,OFF-AP-10001962,5,5.8,2015-06-09,2015-06-08,Early,29.0
PUR002734,2015-06-05,ST380,SUP010,FUR-FU-10004090,4,14.12,2015-06-11,2015-06-15,Late,56.48
PUR002735,2015-06-05,ST043,SUP013,FUR-TA-10004147,6,86.32,2015-06-12,2015-06-17,Late,517.92
PUR002736,2015-06-05,ST326,SUP012,OFF-BI-10003708,8,4.32,2015-06-08,2015-06-11,Late,34.56
PUR002737,2015-06-05,ST257,SUP006,OFF-BI-10003166,2,6.51,2015-06-09,2015-06-10,Late,13.02
PUR002738,2015-06-05,ST058,SUP011,FUR-FU-10002501,16,7.49,2015-06-11,2015-06-13,Late,119.84
PUR002739,2015-06-05,ST066,SUP009,TEC-PH-10004094,6,127.45,2015-06-09,2015-06-09,On Time,764.7
PUR002740,2015-06-05,ST450,SUP012,OFF-AR-10003582,8,19.6,2015-06-08,2015-06-13,Late,156.8
PUR002741,2015-06-05,ST617,SUP004,FUR-FU-10001196,16,3.69,2015-06-12,2015-06-13,Late,59.04
PUR002742,2015-06-05,ST326,SUP009,FUR-FU-10000222,19,20.29,2015-06-08,2015-06-07,Early,385.51
PUR002743,2015-06-05,ST018,SUP009,OFF-ST-10004963,4,14.27,2015-06-12,2015-06-16,Late,57.08
PUR002744,2015-06-05,ST380,SUP006,OFF-LA-10001982,7,2.04,2015-06-08,2015-06-08,On Time,14.280000000000001
PUR002745,2015-06-05,ST391,SUP001,OFF-AR-10002987,5,12.14,2015-06-08,2015-06-11,Late,60.7
PUR002746,2015-06-05,ST581,SUP013,FUR-FU-10003981,3,1.28,2015-06-08,2015-06-13,Late,3.84
PUR002747,2015-06-05,ST578,SUP001,FUR-BO-10003966,9,151.15,2015-06-12,2015-06-11,Early,1360.3500000000001
PUR002748,2015-06-05,ST488,SUP015,FUR-FU-10003731,2,7.4,2015-06-12,2015-06-16,Late,14.8
PUR002749,2015-06-05,ST397,SUP010,FUR-BO-10001608,14,50.92,2015-06-11,2015-06-15,Late,712.88
PUR002750,2015-06-05,ST257,SUP010,OFF-AR-10002335,9,1.98,2015-06-10,2015-06-14,Late,17.82
PUR002751,2015-06-05,ST157,SUP015,FUR-CH-10001802,16,95.18,2015-06-11,2015-06-14,Late,1522.88
PUR002752,2015-06-05,ST179,SUP005,OFF-BI-10003355,13,2.45,2015-06-11,2015-06-12,Late,31.85
PUR002753,2015-06-05,ST443,SUP001,OFF-PA-10002713,7,3.62,2015-06-10,2015-06-10,On Time,25.34
PUR002754,2015-06-05,ST555,SUP012,FUR-BO-10002824,3,119.82,2015-06-09,2015-06-11,Late,359.46
PUR002755,2015-06-05,ST214,SUP006,FUR-BO-10004709,6,48.3,2015-06-11,2015-06-13,Late,289.79999999999995
PUR002756,2015-06-05,ST455,SUP008,OFF-FA-10000840,15,0.6,2015-06-11,2015-06-13,Late,9.0
PUR002757,2015-06-05,ST409,SUP011,OFF-BI-10000301,13,3.13,2015-06-09,2015-06-13,Late,40.69
PUR002758,2015-06-05,ST196,SUP004,OFF-EN-10004030,18,1.81,2015-06-12,2015-06-12,On Time,32.58
PUR002759,2015-06-05,ST419,SUP009,TEC-PH-10000347,13,3.9,2015-06-10,2015-06-14,Late,50.699999999999996
PUR002760,2015-06-05,ST482,SUP003,FUR-FU-10002396,11,6.88,2015-06-08,2015-06-11,Late,75.67999999999999
PUR002761,2015-06-05,ST423,SUP014,TEC-AC-10002567,16,49.15,2015-06-08,2015-06-08,On Time,786.4
PUR002762,2015-06-05,ST161,SUP015,TEC-PH-10002310,8,113.77,2015-06-11,2015-06-14,Late,910.16
PUR002763,2015-06-05,ST025,SUP008,FUR-BO-10002545,15,180.78,2015-06-09,2015-06-11,Late,2711.7
PUR002764,2015-06-05,ST577,SUP005,OFF-AP-10001469,20,30.6,2015-06-09,2015-06-13,Late,612.0
PUR002765,2015-06-05,ST203,SUP013,FUR-FU-10003394,14,58.94,2015-06-09,2015-06-11,Late,825.16
PUR002766,2015-06-05,ST134,SUP014,FUR-CH-10000513,12,117.55,2015-06-11,2015-06-12,Late,1410.6
PUR002767,2015-06-05,ST037,SUP015,OFF-ST-10003208,18,134.9,2015-06-08,2015-06-13,Late,2428.2000000000003
PUR002768,2015-06-05,ST055,SUP001,OFF-LA-10003223,4,2.3,2015-06-10,2015-06-15,Late,9.2
PUR002769,2015-06-05,ST366,SUP015,OFF-BI-10003719,4,12.97,2015-06-09,2015-06-13,Late,51.88
PUR002770,2015-06-05,ST068,SUP005,FUR-TA-10004767,6,55.01,2015-06-10,2015-06-13,Late,330.06
PUR002771,2015-06-05,ST458,SUP014,TEC-PH-10002890,12,34.04,2015-06-11,2015-06-12,Late,408.48
PUR002772,2015-06-05,ST576,SUP002,OFF-BI-10004632,7,123.08,2015-06-09,2015-06-09,On Time,861.56
PUR002773,2015-06-05,ST420,SUP009,OFF-AR-10002656,7,4.14,2015-06-09,2015-06-12,Late,28.979999999999997
PUR002774,2015-06-05,ST288,SUP012,OFF-AR-10003560,19,4.12,2015-06-09,2015-06-08,Early,78.28
PUR002775,2015-06-05,ST041,SUP002,FUR-TA-10001676,6,39.41,2015-06-09,2015-06-11,Late,236.45999999999998
PUR002776,2015-06-05,ST021,SUP003,OFF-LA-10004093,17,3.78,2015-06-12,2015-06-16,Late,64.25999999999999
PUR002777,2015-06-05,ST586,SUP010,FUR-CH-10004853,13,116.43,2015-06-09,2015-06-11,Late,1513.5900000000001
PUR002778,2015-06-05,ST581,SUP011,OFF-AR-10004691,2,17.31,2015-06-10,2015-06-11,Late,34.62
PUR002779,2015-06-05,ST182,SUP002,OFF-PA-10004040,4,3.29,2015-06-09,2015-06-12,Late,13.16
PUR002780,2015-06-05,ST154,SUP015,OFF-ST-10001496,11,138.07,2015-06-08,2015-06-13,Late,1518.77
PUR002781,2015-06-05,ST300,SUP006,OFF-BI-10004465,8,4.33,2015-06-08,2015-06-09,Late,34.64
PUR002782,2015-06-05,ST605,SUP015,TEC-PH-10004522,17,39.62,2015-06-11,2015-06-11,On Time,673.54
PUR002783,2015-06-05,ST526,SUP004,OFF-AR-10001547,13,1.73,2015-06-10,2015-06-13,Late,22.49
PUR002784,2015-06-05,ST171,SUP015,OFF-AP-10003266,2,8.57,2015-06-08,2015-06-12,Late,17.14
PUR002785,2015-06-05,ST460,SUP005,OFF-BI-10003684,9,11.44,2015-06-11,2015-06-12,Late,102.96
PUR002786,2015-06-05,ST470,SUP013,TEC-PH-10004042,3,112.31,2015-06-08,2015-06-09,Late,336.93
PUR002787,2015-06-05,ST011,SUP014,TEC-AC-10000290,19,4.06,2015-06-12,2015-06-11,Early,77.13999999999999
PUR002788,2015-06-05,ST482,SUP015,OFF-PA-10000595,11,12.04,2015-06-11,2015-06-13,Late,132.44
PUR002789,2015-06-05,ST385,SUP005,OFF-ST-10002406,3,11.2,2015-06-10,2015-06-11,Late,33.599999999999994
PUR002790,2015-06-05,ST435,SUP013,OFF-AR-10002240,18,29.9,2015-06-11,2015-06-15,Late,538.1999999999999
PUR002791,2015-06-05,ST268,SUP006,TEC-AC-10000158,12,26.34,2015-06-12,2015-06-12,On Time,316.08
PUR002792,2015-06-05,ST461,SUP002,FUR-CH-10003981,17,174.49,2015-06-08,2015-06-13,Late,2966.33
PUR002793,2015-06-05,ST117,SUP015,OFF-BI-10003460,12,2.44,2015-06-08,2015-06-13,Late,29.28
PUR002794,2015-06-05,ST249,SUP002,OFF-PA-10003129,6,27.51,2015-06-08,2015-06-08,On Time,165.06
PUR002795,2015-06-05,ST243,SUP010,OFF-BI-10004330,13,18.57,2015-06-08,2015-06-13,Late,241.41
PUR002796,2015-06-05,ST350,SUP001,OFF-PA-10002615,4,2.15,2015-06-12,2015-06-11,Early,8.6
PUR002797,2015-06-05,ST472,SUP014,OFF-PA-10002005,6,3.43,2015-06-10,2015-06-15,Late,20.580000000000002
PUR002798,2015-06-05,ST143,SUP001,OFF-AR-10004344,5,8.95,2015-06-09,2015-06-13,Late,44.75
PUR002799,2015-06-05,ST094,SUP012,OFF-BI-10004209,4,4.14,2015-06-08,2015-06-10,Late,16.56
PUR002800,2015-06-05,ST082,SUP012,OFF-ST-10002562,9,6.36,2015-06-11,2015-06-12,Late,57.24
PUR002801,2015-06-20,ST203,SUP014,OFF-EN-10003001,18,41.77,2015-06-26,2015-06-29,Late,751.86
PUR002802,2015-06-20,ST607,SUP012,OFF-PA-10004735,7,3.35,2015-06-23,2015-06-25,Late,23.45
PUR002803,2015-06-20,ST181,SUP002,FUR-CH-10003312,7,261.71,2015-06-24,2015-06-25,Late,1831.9699999999998
PUR002804,2015-06-20,ST194,SUP010,FUR-FU-10000087,6,14.42,2015-06-23,2015-06-27,Late,86.52
PUR002805,2015-06-20,ST330,SUP014,OFF-ST-10003306,4,95.11,2015-06-24,2015-06-24,On Time,380.44
PUR002806,2015-06-20,ST304,SUP010,TEC-PH-10004896,14,22.18,2015-06-27,2015-06-29,Late,310.52
PUR002807,2015-06-20,ST437,SUP004,OFF-AR-10000122,18,4.3,2015-06-25,2015-06-30,Late,77.39999999999999
PUR002808,2015-06-20,ST008,SUP009,OFF-FA-10004248,13,2.88,2015-06-25,2015-06-26,Late,37.44
PUR002809,2015-06-20,ST506,SUP002,OFF-ST-10000129,7,94.27,2015-06-25,2015-06-29,Late,659.89
PUR002810,2015-06-20,ST441,SUP014,TEC-AC-10004633,3,4.01,2015-06-23,2015-06-27,Late,12.03
PUR002811,2015-06-20,ST091,SUP012,FUR-BO-10001972,16,90.61,2015-06-25,2015-06-28,Late,1449.76
PUR002812,2015-06-20,ST068,SUP010,FUR-CH-10002073,13,195.44,2015-06-27,2015-06-28,Late,2540.72
PUR002813,2015-06-20,ST492,SUP012,OFF-AP-10003287,12,36.34,2015-06-25,2015-06-27,Late,436.08000000000004
PUR002814,2015-06-20,ST560,SUP006,OFF-ST-10000885,11,10.6,2015-06-24,2015-06-24,On Time,116.6
PUR002815,2015-06-20,ST362,SUP012,OFF-ST-10000078,20,203.11,2015-06-26,2015-06-28,Late,4062.2000000000003
PUR002816,2015-06-20,ST413,SUP013,TEC-PH-10003645,16,115.39,2015-06-26,2015-07-01,Late,1846.24
PUR002817,2015-06-20,ST395,SUP003,OFF-BI-10000145,16,1.58,2015-06-26,2015-06-25,Early,25.28
PUR002818,2015-06-20,ST153,SUP007,FUR-FU-10003930,6,48.27,2015-06-26,2015-06-27,Late,289.62
PUR002819,2015-06-20,ST177,SUP014,OFF-BI-10002794,2,20.63,2015-06-24,2015-06-27,Late,41.26
PUR002820,2015-06-20,ST401,SUP001,OFF-PA-10003790,7,11.64,2015-06-26,2015-06-26,On Time,81.48
PUR002821,2015-06-20,ST510,SUP001,OFF-AR-10003560,10,3.88,2015-06-26,2015-06-26,On Time,38.8
PUR002822,2015-06-20,ST563,SUP014,OFF-AP-10002651,11,219.12,2015-06-25,2015-06-25,On Time,2410.32
PUR002823,2015-06-20,ST512,SUP012,FUR-TA-10000617,8,177.01,2015-06-26,2015-06-28,Late,1416.08
PUR002824,2015-06-20,ST062,SUP011,TEC-PH-10000675,7,60.52,2015-06-25,2015-06-24,Early,423.64000000000004
PUR002825,2015-06-20,ST489,SUP012,OFF-AR-10000817,4,2.19,2015-06-27,2015-06-28,Late,8.76
PUR002826,2015-06-20,ST222,SUP008,TEC-CO-10004115,6,241.49,2015-06-26,2015-06-28,Late,1448.94
PUR002827,2015-06-20,ST163,SUP011,OFF-AR-10003514,2,2.91,2015-06-25,2015-06-29,Late,5.82
PUR002828,2015-06-20,ST627,SUP007,OFF-BI-10001196,11,12.3,2015-06-23,2015-06-26,Late,135.3
PUR002829,2015-06-20,ST383,SUP006,OFF-AP-10004036,6,11.46,2015-06-24,2015-06-25,Late,68.76
PUR002830,2015-06-20,ST019,SUP002,TEC-PH-10001459,20,340.03,2015-06-26,2015-06-27,Late,6800.599999999999
PUR002831,2015-06-20,ST240,SUP006,OFF-BI-10004656,15,1.07,2015-06-25,2015-06-29,Late,16.05
PUR002832,2015-06-20,ST349,SUP009,TEC-MA-10004552,17,202.61,2015-06-27,2015-07-02,Late,3444.3700000000003
PUR002833,2015-06-20,ST131,SUP015,OFF-BI-10004632,12,133.58,2015-06-25,2015-06-30,Late,1602.96
PUR002834,2015-06-20,ST608,SUP004,OFF-ST-10000419,20,14.71,2015-06-27,2015-06-27,On Time,294.20000000000005
PUR002835,2015-06-20,ST020,SUP008,TEC-AC-10001990,9,40.7,2015-06-25,2015-06-28,Late,366.3
PUR002836,2015-06-20,ST330,SUP003,FUR-FU-10003829,5,2.05,2015-06-23,2015-06-26,Late,10.25
PUR002837,2015-06-20,ST273,SUP015,OFF-BI-10002103,17,4.66,2015-06-23,2015-06-25,Late,79.22
PUR002838,2015-06-20,ST283,SUP013,TEC-AC-10000199,14,5.4,2015-06-24,2015-06-25,Late,75.60000000000001
PUR002839,2015-06-20,ST004,SUP004,OFF-ST-10000604,3,25.93,2015-06-25,2015-06-26,Late,77.78999999999999
PUR002840,2015-06-20,ST280,SUP013,OFF-EN-10004459,17,3.94,2015-06-25,2015-06-27,Late,66.98
PUR002841,2015-06-20,ST205,SUP009,OFF-PA-10002893,12,5.14,2015-06-24,2015-06-27,Late,61.67999999999999
PUR002842,2015-06-20,ST200,SUP001,OFF-PA-10000552,5,3.23,2015-06-27,2015-07-02,Late,16.15
PUR002843,2015-06-20,ST386,SUP013,OFF-BI-10004967,18,1.05,2015-06-26,2015-06-30,Late,18.900000000000002
PUR002844,2015-06-20,ST148,SUP004,OFF-PA-10002923,2,23.48,2015-06-25,2015-06-24,Early,46.96
PUR002845,2015-06-20,ST432,SUP013,OFF-EN-10002600,2,1.58,2015-06-23,2015-06-24,Late,3.16
PUR002846,2015-06-20,ST458,SUP003,OFF-ST-10001505,16,5.24,2015-06-26,2015-06-29,Late,83.84
PUR002847,2015-06-20,ST322,SUP013,FUR-FU-10004963,7,5.17,2015-06-23,2015-06-24,Late,36.19
PUR002848,2015-06-20,ST622,SUP012,FUR-CH-10000229,16,238.13,2015-06-26,2015-06-27,Late,3810.08
PUR002849,2015-06-20,ST018,SUP006,OFF-PA-10000295,7,3.43,2015-06-23,2015-06-22,Early,24.01
PUR002850,2015-06-20,ST146,SUP006,FUR-TA-10003473,12,292.67,2015-06-25,2015-06-30,Late,3512.04
PUR002851,2015-06-20,ST445,SUP011,OFF-ST-10001325,14,7.73,2015-06-25,2015-06-27,Late,108.22
PUR002852,2015-06-20,ST036,SUP014,OFF-AR-10001374,7,4.25,2015-06-25,2015-06-26,Late,29.75
PUR002853,2015-06-20,ST524,SUP001,OFF-AR-10000634,20,3.28,2015-06-23,2015-06-27,Late,65.6
PUR002854,2015-06-20,ST070,SUP015,OFF-PA-10001357,6,24.89,2015-06-24,2015-06-24,On Time,149.34
PUR002855,2015-06-20,ST241,SUP012,FUR-FU-10003664,5,68.09,2015-06-23,2015-06-28,Late,340.45000000000005
PUR002856,2015-06-20,ST084,SUP006,FUR-FU-10002508,13,5.29,2015-06-26,2015-06-27,Late,68.77
PUR002857,2015-06-20,ST064,SUP009,OFF-ST-10003722,4,9.95,2015-06-27,2015-06-29,Late,39.8
PUR002858,2015-06-20,ST092,SUP009,OFF-EN-10001099,14,5.49,2015-06-24,2015-06-26,Late,76.86
PUR002859,2015-06-20,ST268,SUP015,FUR-FU-10002759,7,11.8,2015-06-24,2015-06-24,On Time,82.60000000000001
PUR002860,2015-06-20,ST025,SUP009,OFF-BI-10004364,3,3.36,2015-06-23,2015-06-27,Late,10.08
PUR002861,2015-06-20,ST225,SUP001,OFF-BI-10001679,9,4.42,2015-06-24,2015-06-24,On Time,39.78
PUR002862,2015-06-20,ST397,SUP006,OFF-PA-10000501,6,13.75,2015-06-26,2015-06-25,Early,82.5
PUR002863,2015-06-20,ST025,SUP008,OFF-BI-10001890,18,1.96,2015-06-26,2015-06-29,Late,35.28
PUR002864,2015-06-20,ST037,SUP010,TEC-PH-10003072,4,69.46,2015-06-24,2015-06-24,On Time,277.84
PUR002865,2015-06-20,ST083,SUP006,FUR-FU-10002364,20,5.23,2015-06-27,2015-06-28,Late,104.60000000000001
PUR002866,2015-06-20,ST407,SUP003,OFF-ST-10000636,18,17.35,2015-06-24,2015-06-24,On Time,312.3
PUR002867,2015-06-20,ST289,SUP011,OFF-BI-10004236,19,7.15,2015-06-25,2015-06-28,Late,135.85
PUR002868,2015-06-20,ST207,SUP003,TEC-AC-10003590,13,16.61,2015-06-27,2015-06-28,Late,215.93
PUR002869,2015-06-20,ST267,SUP015,TEC-PH-10002115,12,45.86,2015-06-26,2015-06-25,Early,550.3199999999999
PUR002870,2015-06-20,ST618,SUP008,FUR-FU-10004666,11,9.1,2015-06-27,2015-07-02,Late,100.1
PUR002871,2015-06-20,ST043,SUP002,OFF-PA-10001471,14,3.71,2015-06-26,2015-07-01,Late,51.94
PUR002872,2015-06-20,ST211,SUP014,OFF-ST-10001469,5,53.21,2015-06-24,2015-06-29,Late,266.05
PUR002873,2015-06-20,ST220,SUP005,FUR-CH-10002024,20,587.22,2015-06-27,2015-07-02,Late,11744.400000000001
PUR002874,2015-06-20,ST236,SUP001,OFF-PA-10003724,11,2.69,2015-06-27,2015-07-02,Late,29.59
PUR002875,2015-06-20,ST318,SUP001,OFF-AP-10001626,10,2.72,2015-06-23,2015-06-23,On Time,27.200000000000003
PUR002876,2015-06-20,ST512,SUP004,OFF-BI-10001524,7,11.7,2015-06-26,2015-06-30,Late,81.89999999999999
PUR002877,2015-06-20,ST617,SUP007,OFF-AR-10000658,12,8.25,2015-06-24,2015-06-26,Late,99.0
PUR002878,2015-06-20,ST255,SUP005,OFF-ST-10001558,17,13.97,2015-06-23,2015-06-26,Late,237.49
PUR002879,2015-06-20,ST032,SUP014,TEC-MA-10000029,5,42.96,2015-06-27,2015-06-26,Early,214.8
PUR002880,2015-06-20,ST001,SUP015,TEC-AC-10002076,2,55.45,2015-06-25,2015-06-27,Late,110.9
PUR002881,2015-07-05,ST100,SUP003,OFF-AR-10001972,14,1.3,2015-07-08,2015-07-09,Late,18.2
PUR002882,2015-07-05,ST382,SUP007,OFF-LA-10001297,8,5.54,2015-07-08,2015-07-09,Late,44.32
PUR002883,2015-07-05,ST036,SUP005,OFF-PA-10002581,15,17.56,2015-07-08,2015-07-09,Late,263.4
PUR002884,2015-07-05,ST210,SUP015,OFF-AR-10001958,6,11.65,2015-07-08,2015-07-12,Late,69.9
PUR002885,2015-07-05,ST488,SUP015,FUR-CH-10000229,2,268.26,2015-07-09,2015-07-08,Early,536.52
PUR002886,2015-07-05,ST467,SUP004,OFF-SU-10000898,5,9.05,2015-07-12,2015-07-16,Late,45.25
PUR002887,2015-07-05,ST577,SUP001,FUR-FU-10001986,19,34.07,2015-07-11,2015-07-10,Early,647.33
PUR002888,2015-07-05,ST387,SUP007,FUR-CH-10000155,6,203.06,2015-07-08,2015-07-07,Early,1218.3600000000001
PUR002889,2015-07-05,ST423,SUP008,OFF-AR-10001231,17,1.49,2015-07-09,2015-07-08,Early,25.33
PUR002890,2015-07-05,ST065,SUP011,TEC-AC-10004510,20,15.89,2015-07-10,2015-07-14,Late,317.8
PUR002891,2015-07-05,ST274,SUP004,TEC-AC-10001109,11,18.16,2015-07-08,2015-07-12,Late,199.76
PUR002892,2015-07-05,ST241,SUP004,TEC-PH-10002293,10,15.73,2015-07-11,2015-07-16,Late,157.3
PUR002893,2015-07-05,ST577,SUP001,OFF-PA-10004621,2,3.7,2015-07-11,2015-07-14,Late,7.4
PUR002894,2015-07-05,ST049,SUP012,OFF-PA-10003441,17,3.57,2015-07-10,2015-07-11,Late,60.69
PUR002895,2015-07-05,ST484,SUP008,FUR-CH-10002017,4,19.56,2015-07-12,2015-07-12,On Time,78.24
PUR002896,2015-07-05,ST565,SUP006,FUR-FU-10003773,13,73.02,2015-07-12,2015-07-12,On Time,949.26
PUR002897,2015-07-05,ST417,SUP006,TEC-PH-10001198,12,54.97,2015-07-09,2015-07-12,Late,659.64
PUR002898,2015-07-05,ST300,SUP006,TEC-PH-10002538,14,26.23,2015-07-09,2015-07-14,Late,367.22
PUR002899,2015-07-05,ST369,SUP007,OFF-BI-10000831,17,1.48,2015-07-11,2015-07-10,Early,25.16
PUR002900,2015-07-05,ST368,SUP006,OFF-BI-10003712,10,2.7,2015-07-11,2015-07-13,Late,27.0
PUR002901,2015-07-05,ST044,SUP003,OFF-SU-10001218,19,8.48,2015-07-10,2015-07-13,Late,161.12
PUR002902,2015-07-05,ST164,SUP009,OFF-EN-10003055,6,22.42,2015-07-12,2015-07-12,On Time,134.52
PUR002903,2015-07-05,ST084,SUP007,OFF-BI-10001989,8,11.62,2015-07-11,2015-07-10,Early,92.96
PUR002904,2015-07-05,ST107,SUP009,TEC-PH-10004586,18,254.18,2015-07-12,2015-07-11,Early,4575.24
PUR002905,2015-07-05,ST169,SUP011,FUR-BO-10003159,10,113.72,2015-07-09,2015-07-13,Late,1137.2
PUR002906,2015-07-05,ST383,SUP006,OFF-ST-10003208,12,128.56,2015-07-12,2015-07-14,Late,1542.72
PUR002907,2015-07-05,ST225,SUP007,OFF-BI-10004187,18,1.01,2015-07-12,2015-07-13,Late,18.18
PUR002908,2015-07-05,ST232,SUP002,OFF-PA-10000223,15,3.5,2015-07-11,2015-07-11,On Time,52.5
PUR002909,2015-07-05,ST517,SUP015,OFF-PA-10004243,8,10.29,2015-07-08,2015-07-10,Late,82.32
PUR002910,2015-07-05,ST314,SUP012,OFF-AR-10001044,6,19.99,2015-07-09,2015-07-14,Late,119.94
PUR002911,2015-07-05,ST555,SUP004,OFF-LA-10001613,14,1.41,2015-07-08,2015-07-13,Late,19.74
PUR002912,2015-07-05,ST303,SUP001,FUR-FU-10004864,8,27.5,2015-07-08,2015-07-08,On Time,220.0
PUR002913,2015-07-05,ST074,SUP011,FUR-BO-10004409,7,54.45,2015-07-08,2015-07-09,Late,381.15000000000003
PUR002914,2015-07-05,ST367,SUP007,TEC-PH-10001760,16,114.98,2015-07-11,2015-07-10,Early,1839.68
PUR002915,2015-07-05,ST214,SUP006,OFF-BI-10000666,11,14.8,2015-07-10,2015-07-12,Late,162.8
PUR002916,2015-07-05,ST630,SUP011,FUR-CH-10000785,20,145.16,2015-07-12,2015-07-11,Early,2903.2
PUR002917,2015-07-05,ST328,SUP008,TEC-AC-10002942,17,62.73,2015-07-10,2015-07-09,Early,1066.4099999999999
PUR002918,2015-07-05,ST393,SUP014,FUR-FU-10001979,10,30.68,2015-07-12,2015-07-17,Late,306.8
PUR002919,2015-07-05,ST360,SUP010,OFF-PA-10001639,5,3.32,2015-07-11,2015-07-10,Early,16.599999999999998
PUR002920,2015-07-05,ST089,SUP008,OFF-AR-10003811,14,1.46,2015-07-11,2015-07-12,Late,20.439999999999998
PUR002921,2015-07-05,ST097,SUP004,OFF-BI-10002082,19,15.28,2015-07-11,2015-07-13,Late,290.32
PUR002922,2015-07-05,ST036,SUP008,FUR-FU-10004164,12,2.63,2015-07-10,2015-07-11,Late,31.56
PUR002923,2015-07-05,ST463,SUP014,FUR-FU-10000308,19,51.19,2015-07-09,2015-07-12,Late,972.6099999999999
PUR002924,2015-07-05,ST132,SUP011,OFF-EN-10001539,15,3.79,2015-07-12,2015-07-17,Late,56.85
PUR002925,2015-07-05,ST071,SUP008,TEC-PH-10001819,2,25.43,2015-07-12,2015-07-12,On Time,50.86
PUR002926,2015-07-05,ST398,SUP010,OFF-PA-10002606,16,2.77,2015-07-12,2015-07-16,Late,44.32
PUR002927,2015-07-05,ST530,SUP002,OFF-PA-10000019,3,3.2,2015-07-11,2015-07-11,On Time,9.600000000000001
PUR002928,2015-07-05,ST041,SUP003,OFF-BI-10004001,16,8.82,2015-07-10,2015-07-13,Late,141.12
PUR002929,2015-07-05,ST159,SUP011,TEC-AC-10002018,12,3.93,2015-07-08,2015-07-08,On Time,47.160000000000004
PUR002930,2015-07-05,ST397,SUP001,TEC-PH-10003092,17,32.56,2015-07-09,2015-07-14,Late,553.52
PUR002931,2015-07-05,ST229,SUP003,OFF-AP-10002222,14,5.75,2015-07-10,2015-07-15,Late,80.5
PUR002932,2015-07-05,ST456,SUP004,OFF-AR-10002656,20,4.5,2015-07-08,2015-07-07,Early,90.0
PUR002933,2015-07-05,ST620,SUP012,FUR-FU-10000448,7,14.09,2015-07-12,2015-07-11,Early,98.63
PUR002934,2015-07-05,ST441,SUP013,OFF-FA-10002988,16,1.02,2015-07-08,2015-07-12,Late,16.32
PUR002935,2015-07-05,ST557,SUP006,OFF-AR-10001419,18,3.12,2015-07-08,2015-07-10,Late,56.160000000000004
PUR002936,2015-07-05,ST571,SUP007,FUR-CH-10004997,17,136.35,2015-07-11,2015-07-10,Early,2317.95
PUR002937,2015-07-05,ST367,SUP015,OFF-PA-10000482,4,18.45,2015-07-11,2015-07-13,Late,73.8
PUR002938,2015-07-05,ST141,SUP015,OFF-FA-10000840,18,0.65,2015-07-08,2015-07-07,Early,11.700000000000001
PUR002939,2015-07-05,ST202,SUP003,OFF-ST-10000675,7,23.31,2015-07-11,2015-07-15,Late,163.17
PUR002940,2015-07-05,ST490,SUP005,OFF-AR-10000817,19,1.96,2015-07-08,2015-07-13,Late,37.24
PUR002941,2015-07-05,ST574,SUP002,OFF-BI-10004632,7,130.59,2015-07-08,2015-07-08,On Time,914.13
PUR002942,2015-07-05,ST401,SUP003,TEC-AC-10000892,8,53.54,2015-07-08,2015-07-09,Late,428.32
PUR002943,2015-07-05,ST116,SUP001,OFF-BI-10004600,3,202.81,2015-07-12,2015-07-16,Late,608.4300000000001
PUR002944,2015-07-05,ST311,SUP001,OFF-BI-10001982,10,2.82,2015-07-09,2015-07-10,Late,28.2
PUR002945,2015-07-05,ST219,SUP013,OFF-BI-10003355,9,2.78,2015-07-09,2015-07-13,Late,25.02
PUR002946,2015-07-05,ST102,SUP004,OFF-PA-10004101,17,3.35,2015-07-09,2015-07-11,Late,56.95
PUR002947,2015-07-05,ST073,SUP009,OFF-BI-10004233,19,8.54,2015-07-09,2015-07-13,Late,162.26
PUR002948,2015-07-05,ST070,SUP003,OFF-BI-10002309,6,3.11,2015-07-11,2015-07-14,Late,18.66
PUR002949,2015-07-05,ST424,SUP004,FUR-CH-10002331,4,284.95,2015-07-10,2015-07-10,On Time,1139.8
PUR002950,2015-07-05,ST443,SUP013,OFF-BI-10002432,10,2.63,2015-07-08,2015-07-13,Late,26.299999999999997
PUR002951,2015-07-05,ST198,SUP001,OFF-BI-10000948,12,7.99,2015-07-10,2015-07-12,Late,95.88
PUR002952,2015-07-05,ST231,SUP014,FUR-CH-10003956,16,67.42,2015-07-09,2015-07-11,Late,1078.72
PUR002953,2015-07-05,ST162,SUP011,OFF-PA-10003072,18,3.63,2015-07-09,2015-07-12,Late,65.34
PUR002954,2015-07-05,ST077,SUP013,OFF-LA-10001771,18,2.57,2015-07-11,2015-07-14,Late,46.26
PUR002955,2015-07-05,ST087,SUP009,OFF-PA-10004255,2,3.31,2015-07-09,2015-07-14,Late,6.62
PUR002956,2015-07-05,ST288,SUP007,OFF-PA-10002262,3,3.28,2015-07-11,2015-07-15,Late,9.84
PUR002957,2015-07-05,ST620,SUP009,OFF-AR-10003651,12,2.24,2015-07-10,2015-07-11,Late,26.880000000000003
PUR002958,2015-07-05,ST604,SUP007,OFF-PA-10004248,17,2.91,2015-07-12,2015-07-16,Late,49.47
PUR002959,2015-07-05,ST094,SUP006,OFF-AR-10002135,20,31.74,2015-07-11,2015-07-12,Late,634.8
PUR002960,2015-07-05,ST065,SUP011,OFF-LA-10001158,19,5.4,2015-07-10,2015-07-14,Late,102.60000000000001
PUR002961,2015-07-20,ST296,SUP014,OFF-BI-10004828,10,9.28,2015-07-27,2015-07-30,Late,92.8
PUR002962,2015-07-20,ST332,SUP015,OFF-AR-10004582,9,0.87,2015-07-24,2015-07-27,Late,7.83
PUR002963,2015-07-20,ST197,SUP005,TEC-AC-10003399,8,20.38,2015-07-25,2015-07-28,Late,163.04
PUR002964,2015-07-20,ST435,SUP010,OFF-PA-10002250,15,2.92,2015-07-24,2015-07-29,Late,43.8
PUR002965,2015-07-20,ST303,SUP012,OFF-LA-10003121,6,2.37,2015-07-24,2015-07-28,Late,14.22
PUR002966,2015-07-20,ST329,SUP009,FUR-CH-10001708,13,116.11,2015-07-24,2015-07-29,Late,1509.43
PUR002967,2015-07-20,ST121,SUP003,OFF-BI-10001525,16,2.13,2015-07-25,2015-07-29,Late,34.08
PUR002968,2015-07-20,ST346,SUP013,OFF-BI-10002103,9,4.42,2015-07-24,2015-07-28,Late,39.78
PUR002969,2015-07-20,ST496,SUP007,FUR-CH-10002126,17,171.27,2015-07-25,2015-07-28,Late,2911.59
PUR002970,2015-07-20,ST261,SUP003,TEC-PH-10003691,16,95.2,2015-07-27,2015-07-26,Early,1523.2
PUR002971,2015-07-20,ST564,SUP007,OFF-SU-10001935,10,1.94,2015-07-26,2015-07-25,Early,19.4
PUR002972,2015-07-20,ST261,SUP015,OFF-BI-10004632,4,120.49,2015-07-26,2015-07-28,Late,481.96
PUR002973,2015-07-20,ST524,SUP005,OFF-BI-10001107,19,7.8,2015-07-27,2015-07-29,Late,148.2
PUR002974,2015-07-20,ST502,SUP007,FUR-CH-10002965,8,139.84,2015-07-27,2015-07-26,Early,1118.72
PUR002975,2015-07-20,ST123,SUP006,OFF-PA-10000100,17,20.64,2015-07-24,2015-07-24,On Time,350.88
PUR002976,2015-07-20,ST056,SUP013,FUR-FU-10000771,5,3.54,2015-07-23,2015-07-28,Late,17.7
PUR002977,2015-07-20,ST549,SUP009,OFF-BI-10002976,4,2.09,2015-07-25,2015-07-25,On Time,8.36
PUR002978,2015-07-20,ST434,SUP011,OFF-AR-10003514,5,2.89,2015-07-24,2015-07-23,Early,14.450000000000001
PUR002979,2015-07-20,ST346,SUP002,OFF-ST-10002974,20,27.81,2015-07-27,2015-07-31,Late,556.1999999999999
PUR002980,2015-07-20,ST237,SUP004,OFF-ST-10002182,10,19.59,2015-07-24,2015-07-27,Late,195.9
PUR002981,2015-07-20,ST566,SUP015,OFF-AP-10002578,20,38.02,2015-07-25,2015-07-30,Late,760.4000000000001
PUR002982,2015-07-20,ST599,SUP009,OFF-PA-10001934,9,3.07,2015-07-25,2015-07-30,Late,27.63
PUR002983,2015-07-20,ST393,SUP014,FUR-TA-10003954,9,251.83,2015-07-24,2015-07-27,Late,2266.4700000000003
PUR002984,2015-07-20,ST585,SUP002,OFF-AR-10002335,2,2.08,2015-07-27,2015-07-28,Late,4.16
PUR002985,2015-07-20,ST417,SUP004,OFF-PA-10003270,17,2.69,2015-07-24,2015-07-24,On Time,45.73
PUR002986,2015-07-20,ST178,SUP015,OFF-AP-10001271,16,38.03,2015-07-24,2015-07-25,Late,608.48
PUR002987,2015-07-20,ST316,SUP011,TEC-AC-10003198,5,56.51,2015-07-26,2015-07-29,Late,282.55
PUR002988,2015-07-20,ST103,SUP004,TEC-PH-10001433,14,74.07,2015-07-23,2015-07-25,Late,1036.98
PUR002989,2015-07-20,ST394,SUP012,OFF-PA-10000312,16,12.19,2015-07-27,2015-08-01,Late,195.04
PUR002990,2015-07-20,ST279,SUP013,OFF-BI-10002799,14,2.53,2015-07-24,2015-07-28,Late,35.419999999999995
PUR002991,2015-07-20,ST537,SUP015,FUR-TA-10001889,17,343.44,2015-07-25,2015-07-26,Late,5838.48
PUR002992,2015-07-20,ST398,SUP010,FUR-TA-10002607,2,59.54,2015-07-26,2015-07-29,Late,119.08
PUR002993,2015-07-20,ST080,SUP012,FUR-BO-10003894,8,48.42,2015-07-27,2015-08-01,Late,387.36
PUR002994,2015-07-20,ST213,SUP007,OFF-BI-10002854,14,13.09,2015-07-24,2015-07-25,Late,183.26
PUR002995,2015-07-20,ST298,SUP004,FUR-BO-10002613,13,192.95,2015-07-24,2015-07-26,Late,2508.35
PUR002996,2015-07-20,ST577,SUP011,OFF-FA-10004248,17,3.0,2015-07-24,2015-07-28,Late,51.0
PUR002997,2015-07-20,ST023,SUP013,OFF-ST-10004804,4,50.48,2015-07-26,2015-07-29,Late,201.92
PUR002998,2015-07-20,ST503,SUP001,FUR-CH-10000155,13,209.27,2015-07-26,2015-07-30,Late,2720.51
PUR002999,2015-07-20,ST448,SUP002,OFF-SU-10004664,16,6.25,2015-07-25,2015-07-26,Late,100.0
PUR003000,2015-07-20,ST267,SUP015,TEC-MA-10000752,9,7.44,2015-07-26,2015-07-26,On Time,66.96000000000001
PUR003001,2015-07-20,ST530,SUP010,OFF-AR-10004602,7,15.62,2015-07-27,2015-07-30,Late,109.33999999999999
PUR003002,2015-07-20,ST374,SUP007,FUR-BO-10000780,8,180.5,2015-07-23,2015-07-28,Late,1444.0
PUR003003,2015-07-20,ST163,SUP015,OFF-AP-10001563,9,31.66,2015-07-23,2015-07-26,Late,284.94
PUR003004,2015-07-20,ST538,SUP002,OFF-BI-10001758,19,2.58,2015-07-25,2015-07-27,Late,49.02
PUR003005,2015-07-20,ST447,SUP014,OFF-BI-10000822,6,2.68,2015-07-25,2015-07-30,Late,16.080000000000002
PUR003006,2015-07-20,ST171,SUP005,OFF-LA-10003148,7,3.22,2015-07-27,2015-07-26,Early,22.540000000000003
PUR003007,2015-07-20,ST054,SUP010,TEC-PH-10000673,9,36.31,2015-07-27,2015-07-31,Late,326.79
PUR003008,2015-07-20,ST434,SUP008,TEC-PH-10001944,7,97.84,2015-07-24,2015-07-24,On Time,684.88
PUR003009,2015-07-20,ST618,SUP004,OFF-EN-10003001,2,47.25,2015-07-23,2015-07-22,Early,94.5
PUR003010,2015-07-20,ST184,SUP013,OFF-PA-10000061,5,3.21,2015-07-27,2015-07-26,Early,16.05
PUR003011,2015-07-20,ST184,SUP006,OFF-BI-10004001,16,9.3,2015-07-24,2015-07-27,Late,148.8
PUR003012,2015-07-20,ST334,SUP001,OFF-ST-10000736,7,73.79,2015-07-24,2015-07-29,Late,516.5300000000001
PUR003013,2015-07-20,ST513,SUP001,FUR-FU-10003464,10,13.83,2015-07-27,2015-07-26,Early,138.3
PUR003014,2015-07-20,ST481,SUP001,FUR-CH-10000225,14,71.31,2015-07-24,2015-07-29,Late,998.34
PUR003015,2015-07-20,ST377,SUP010,TEC-MA-10002937,6,304.99,2015-07-27,2015-08-01,Late,1829.94
PUR003016,2015-07-20,ST180,SUP008,TEC-CO-10004115,10,253.08,2015-07-23,2015-07-27,Late,2530.8
PUR003017,2015-07-20,ST044,SUP010,FUR-CH-10004287,9,182.85,2015-07-23,2015-07-25,Late,1645.6499999999999
PUR003018,2015-07-20,ST542,SUP008,OFF-PA-10003395,6,49.08,2015-07-26,2015-07-30,Late,294.48
PUR003019,2015-07-20,ST414,SUP012,OFF-PA-10004609,14,3.4,2015-07-27,2015-07-29,Late,47.6
PUR003020,2015-07-20,ST592,SUP010,OFF-BI-10004728,18,2.53,2015-07-26,2015-07-31,Late,45.54
PUR003021,2015-07-20,ST171,SUP007,TEC-AC-10004469,10,22.48,2015-07-27,2015-08-01,Late,224.8
PUR003022,2015-07-20,ST212,SUP001,OFF-AR-10004078,17,3.78,2015-07-23,2015-07-26,Late,64.25999999999999
PUR003023,2015-07-20,ST619,SUP002,OFF-AR-10001044,13,19.71,2015-07-26,2015-07-28,Late,256.23
PUR003024,2015-07-20,ST323,SUP001,OFF-AR-10003723,14,2.04,2015-07-26,2015-07-26,On Time,28.560000000000002
PUR003025,2015-07-20,ST151,SUP013,TEC-AC-10001714,2,23.7,2015-07-26,2015-07-31,Late,47.4
PUR003026,2015-07-20,ST144,SUP012,OFF-BI-10002026,20,28.42,2015-07-25,2015-07-27,Late,568.4000000000001
PUR003027,2015-07-20,ST233,SUP015,OFF-AR-10002987,9,10.87,2015-07-26,2015-07-27,Late,97.83
PUR003028,2015-07-20,ST477,SUP012,OFF-FA-10003059,17,1.19,2015-07-25,2015-07-25,On Time,20.23
PUR003029,2015-07-20,ST252,SUP001,TEC-PH-10002890,16,31.0,2015-07-24,2015-07-28,Late,496.0
PUR003030,2015-07-20,ST359,SUP001,FUR-FU-10001918,5,2.77,2015-07-26,2015-07-28,Late,13.85
PUR003031,2015-07-20,ST364,SUP005,OFF-AR-10003338,15,5.11,2015-07-27,2015-07-30,Late,76.65
PUR003032,2015-07-20,ST491,SUP014,OFF-AR-10000937,17,18.59,2015-07-23,2015-07-24,Late,316.03
PUR003033,2015-07-20,ST519,SUP015,OFF-BI-10002954,12,2.23,2015-07-24,2015-07-23,Early,26.759999999999998
PUR003034,2015-07-20,ST576,SUP012,FUR-FU-10002107,5,1.16,2015-07-25,2015-07-24,Early,5.8
PUR003035,2015-07-20,ST534,SUP011,OFF-BI-10003305,2,3.24,2015-07-25,2015-07-24,Early,6.48
PUR003036,2015-07-20,ST628,SUP013,OFF-ST-10000563,16,28.23,2015-07-26,2015-07-27,Late,451.68
PUR003037,2015-07-20,ST530,SUP001,OFF-BI-10002432,12,2.57,2015-07-27,2015-07-26,Early,30.839999999999996
PUR003038,2015-07-20,ST527,SUP007,FUR-FU-10000010,16,3.61,2015-07-23,2015-07-27,Late,57.76
PUR003039,2015-07-20,ST519,SUP010,TEC-AC-10004353,19,41.51,2015-07-23,2015-07-23,On Time,788.6899999999999
PUR003040,2015-07-20,ST451,SUP012,OFF-FA-10002988,14,0.99,2015-07-25,2015-07-25,On Time,13.86
PUR003041,2015-08-05,ST096,SUP004,OFF-LA-10002762,6,6.99,2015-08-12,2015-08-14,Late,41.94
PUR003042,2015-08-05,ST046,SUP001,TEC-AC-10003628,10,16.44,2015-08-10,2015-08-09,Early,164.4
PUR003043,2015-08-05,ST199,SUP010,TEC-PH-10001363,6,374.61,2015-08-11,2015-08-16,Late,2247.66
PUR003044,2015-08-05,ST262,SUP010,OFF-PA-10002319,6,19.48,2015-08-09,2015-08-08,Early,116.88
PUR003045,2015-08-05,ST272,SUP001,OFF-PA-10000575,4,3.37,2015-08-11,2015-08-16,Late,13.48
PUR003046,2015-08-05,ST170,SUP015,TEC-PH-10001615,4,19.43,2015-08-11,2015-08-10,Early,77.72
PUR003047,2015-08-05,ST351,SUP013,OFF-AR-10004344,4,9.05,2015-08-12,2015-08-16,Late,36.2
PUR003048,2015-08-05,ST591,SUP005,OFF-FA-10002988,13,1.1,2015-08-12,2015-08-15,Late,14.3
PUR003049,2015-08-05,ST540,SUP006,OFF-BI-10004224,12,37.98,2015-08-09,2015-08-13,Late,455.76
PUR003050,2015-08-05,ST609,SUP005,OFF-AP-10002350,20,13.62,2015-08-09,2015-08-09,On Time,272.4
PUR003051,2015-08-05,ST337,SUP005,OFF-LA-10001569,2,2.65,2015-08-12,2015-08-13,Late,5.3
PUR003052,2015-08-05,ST053,SUP007,OFF-SU-10003505,17,120.47,2015-08-12,2015-08-13,Late,2047.99
PUR003053,2015-08-05,ST569,SUP003,OFF-EN-10002312,10,5.21,2015-08-09,2015-08-14,Late,52.1
PUR003054,2015-08-05,ST476,SUP004,TEC-PH-10004165,9,218.99,2015-08-09,2015-08-08,Early,1970.91
PUR003055,2015-08-05,ST410,SUP007,TEC-AC-10000865,19,49.03,2015-08-11,2015-08-14,Late,931.57
PUR003056,2015-08-05,ST167,SUP004,FUR-FU-10004017,12,47.61,2015-08-12,2015-08-14,Late,571.3199999999999
PUR003057,2015-08-05,ST059,SUP015,OFF-ST-10001325,4,8.07,2015-08-11,2015-08-13,Late,32.28
PUR003058,2015-08-05,ST032,SUP008,OFF-PA-10002787,15,3.14,2015-08-10,2015-08-11,Late,47.1
PUR003059,2015-08-05,ST504,SUP008,OFF-AR-10003582,5,19.49,2015-08-11,2015-08-14,Late,97.44999999999999
PUR003060,2015-08-05,ST241,SUP014,FUR-FU-10000175,8,9.29,2015-08-10,2015-08-10,On Time,74.32
PUR003061,2015-08-05,ST335,SUP010,FUR-FU-10000576,7,150.19,2015-08-12,2015-08-14,Late,1051.33
PUR003062,2015-08-05,ST009,SUP002,OFF-BI-10004826,4,7.9,2015-08-09,2015-08-12,Late,31.6
PUR003063,2015-08-05,ST156,SUP002,OFF-PA-10002230,15,2.54,2015-08-08,2015-08-07,Early,38.1
PUR003064,2015-08-05,ST299,SUP003,FUR-CH-10004886,17,64.63,2015-08-10,2015-08-14,Late,1098.71
PUR003065,2015-08-05,ST042,SUP002,TEC-AC-10001714,13,25.97,2015-08-09,2015-08-10,Late,337.61
PUR003066,2015-08-05,ST085,SUP010,OFF-BI-10001718,12,31.2,2015-08-08,2015-08-11,Late,374.4
PUR003067,2015-08-05,ST175,SUP004,OFF-PA-10001526,2,2.7,2015-08-11,2015-08-16,Late,5.4
PUR003068,2015-08-05,ST299,SUP010,OFF-AR-10000034,17,2.38,2015-08-12,2015-08-17,Late,40.46
PUR003069,2015-08-05,ST292,SUP010,OFF-AP-10000692,18,13.34,2015-08-09,2015-08-08,Early,240.12
PUR003070,2015-08-05,ST162,SUP005,OFF-BI-10003694,16,5.76,2015-08-12,2015-08-11,Early,92.16
PUR003071,2015-08-05,ST291,SUP012,OFF-ST-10002301,17,20.57,2015-08-08,2015-08-10,Late,349.69
PUR003072,2015-08-05,ST485,SUP012,OFF-PA-10003441,12,3.48,2015-08-11,2015-08-12,Late,41.76
PUR003073,2015-08-05,ST411,SUP011,OFF-BI-10004230,18,17.27,2015-08-11,2015-08-16,Late,310.86
PUR003074,2015-08-05,ST317,SUP014,OFF-EN-10001415,9,2.95,2015-08-10,2015-08-10,On Time,26.55
PUR003075,2015-08-05,ST159,SUP012,OFF-PA-10004451,9,3.34,2015-08-08,2015-08-07,Early,30.06
PUR003076,2015-08-05,ST152,SUP002,FUR-BO-10004015,3,95.23,2015-08-08,2015-08-10,Late,285.69
PUR003077,2015-08-05,ST290,SUP002,OFF-PA-10000520,6,3.13,2015-08-10,2015-08-14,Late,18.78
PUR003078,2015-08-05,ST494,SUP012,TEC-AC-10001998,12,13.4,2015-08-11,2015-08-13,Late,160.8
PUR003079,2015-08-05,ST566,SUP011,OFF-ST-10000464,5,27.18,2015-08-12,2015-08-13,Late,135.9
PUR003080,2015-08-05,ST035,SUP011,OFF-PA-10002581,8,18.39,2015-08-10,2015-08-10,On Time,147.12
PUR003081,2015-08-05,ST051,SUP002,OFF-PA-10004101,14,3.16,2015-08-08,2015-08-13,Late,44.24
PUR003082,2015-08-05,ST510,SUP014,TEC-AC-10001284,10,13.0,2015-08-11,2015-08-15,Late,130.0
PUR003083,2015-08-05,ST332,SUP014,OFF-AR-10004441,14,2.54,2015-08-11,2015-08-11,On Time,35.56
PUR003084,2015-08-05,ST433,SUP012,OFF-PA-10003892,12,27.19,2015-08-10,2015-08-15,Late,326.28000000000003
PUR003085,2015-08-05,ST008,SUP003,OFF-BI-10000138,20,2.61,2015-08-09,2015-08-10,Late,52.199999999999996
PUR003086,2015-08-05,ST343,SUP015,OFF-ST-10000615,15,7.51,2015-08-09,2015-08-08,Early,112.64999999999999
PUR003087,2015-08-05,ST508,SUP010,OFF-BI-10001765,6,17.08,2015-08-10,2015-08-10,On Time,102.47999999999999
PUR003088,2015-08-05,ST010,SUP013,FUR-FU-10001473,7,11.45,2015-08-10,2015-08-14,Late,80.14999999999999
PUR003089,2015-08-05,ST346,SUP006,FUR-FU-10002505,12,2.43,2015-08-08,2015-08-07,Early,29.160000000000004
PUR003090,2015-08-05,ST207,SUP009,OFF-ST-10002974,17,32.16,2015-08-09,2015-08-09,On Time,546.7199999999999
PUR003091,2015-08-05,ST518,SUP014,FUR-CH-10003981,12,189.04,2015-08-10,2015-08-13,Late,2268.48
PUR003092,2015-08-05,ST628,SUP010,OFF-FA-10001135,14,2.09,2015-08-12,2015-08-12,On Time,29.259999999999998
PUR003093,2015-08-05,ST041,SUP012,TEC-AC-10001109,15,18.33,2015-08-11,2015-08-15,Late,274.95
PUR003094,2015-08-05,ST468,SUP009,OFF-AP-10000828,20,131.53,2015-08-08,2015-08-09,Late,2630.6
PUR003095,2015-08-05,ST065,SUP010,FUR-CH-10001708,12,100.64,2015-08-11,2015-08-16,Late,1207.68
PUR003096,2015-08-05,ST624,SUP015,OFF-PA-10000788,15,3.66,2015-08-12,2015-08-12,On Time,54.900000000000006
PUR003097,2015-08-05,ST461,SUP004,OFF-PA-10003001,12,3.71,2015-08-10,2015-08-11,Late,44.519999999999996
PUR003098,2015-08-05,ST594,SUP011,TEC-PH-10000149,3,15.7,2015-08-10,2015-08-12,Late,47.099999999999994
PUR003099,2015-08-05,ST042,SUP004,OFF-PA-10001593,10,2.96,2015-08-09,2015-08-14,Late,29.6
PUR003100,2015-08-05,ST441,SUP001,FUR-FU-10001706,16,1.52,2015-08-08,2015-08-07,Early,24.32
PUR003101,2015-08-05,ST560,SUP015,OFF-ST-10003208,10,129.75,2015-08-11,2015-08-10,Early,1297.5
PUR003102,2015-08-05,ST314,SUP012,OFF-LA-10003766,18,1.76,2015-08-12,2015-08-16,Late,31.68
PUR003103,2015-08-05,ST219,SUP010,TEC-AC-10000710,3,9.39,2015-08-12,2015-08-16,Late,28.17
PUR003104,2015-08-05,ST241,SUP002,OFF-PA-10004082,19,3.82,2015-08-11,2015-08-14,Late,72.58
PUR003105,2015-08-05,ST206,SUP011,OFF-BI-10002867,12,30.2,2015-08-08,2015-08-12,Late,362.4
PUR003106,2015-08-05,ST252,SUP011,OFF-AR-10001022,15,1.79,2015-08-11,2015-08-10,Early,26.85
PUR003107,2015-08-05,ST265,SUP012,OFF-PA-10001260,5,4.08,2015-08-09,2015-08-13,Late,20.4
PUR003108,2015-08-05,ST166,SUP007,OFF-AR-10001860,11,4.59,2015-08-11,2015-08-11,On Time,50.489999999999995
PUR003109,2015-08-05,ST296,SUP013,OFF-AR-10001683,7,5.94,2015-08-10,2015-08-13,Late,41.580000000000005
PUR003110,2015-08-05,ST160,SUP002,TEC-PH-10000526,19,71.03,2015-08-08,2015-08-13,Late,1349.57
PUR003111,2015-08-05,ST277,SUP002,FUR-BO-10002613,2,214.53,2015-08-09,2015-08-08,Early,429.06
PUR003112,2015-08-05,ST548,SUP009,TEC-PH-10002033,16,203.92,2015-08-11,2015-08-14,Late,3262.72
PUR003113,2015-08-05,ST285,SUP010,TEC-CO-10001449,5,310.82,2015-08-08,2015-08-09,Late,1554.1
PUR003114,2015-08-05,ST194,SUP007,OFF-AR-10001166,4,4.49,2015-08-12,2015-08-13,Late,17.96
PUR003115,2015-08-05,ST089,SUP010,TEC-AC-10001767,2,38.52,2015-08-08,2015-08-08,On Time,77.04
PUR003116,2015-08-05,ST548,SUP009,OFF-SU-10000898,6,9.56,2015-08-09,2015-08-11,Late,57.36
PUR003117,2015-08-05,ST399,SUP014,OFF-AR-10002375,13,2.11,2015-08-11,2015-08-10,Early,27.43
PUR003118,2015-08-05,ST218,SUP007,TEC-PH-10003012,18,115.37,2015-08-09,2015-08-09,On Time,2076.66
PUR003119,2015-08-05,ST069,SUP012,FUR-CH-10001891,17,73.9,2015-08-09,2015-08-14,Late,1256.3000000000002
PUR003120,2015-08-05,ST397,SUP008,TEC-PH-10004094,17,118.34,2015-08-10,2015-08-14,Late,2011.78
PUR003121,2015-08-20,ST038,SUP001,OFF-PA-10001878,13,24.36,2015-08-26,2015-08-26,On Time,316.68
PUR003122,2015-08-20,ST382,SUP001,OFF-BI-10003727,2,2.2,2015-08-25,2015-08-27,Late,4.4
PUR003123,2015-08-20,ST475,SUP014,FUR-FU-10003731,2,7.86,2015-08-23,2015-08-23,On Time,15.72
PUR003124,2015-08-20,ST120,SUP009,FUR-FU-10000221,5,3.42,2015-08-27,2015-08-27,On Time,17.1
PUR003125,2015-08-20,ST349,SUP009,OFF-BI-10001597,17,21.29,2015-08-23,2015-08-26,Late,361.93
PUR003126,2015-08-20,ST325,SUP011,OFF-AP-10000576,3,59.58,2015-08-24,2015-08-25,Late,178.74
PUR003127,2015-08-20,ST040,SUP005,TEC-AC-10002567,19,54.49,2015-08-23,2015-08-22,Early,1035.31
PUR003128,2015-08-20,ST265,SUP003,OFF-EN-10001335,11,5.65,2015-08-26,2015-08-26,On Time,62.150000000000006
PUR003129,2015-08-20,ST077,SUP007,TEC-AC-10001267,10,17.39,2015-08-27,2015-08-28,Late,173.9
PUR003130,2015-08-20,ST308,SUP012,OFF-PA-10001790,4,24.97,2015-08-26,2015-08-25,Early,99.88
PUR003131,2015-08-20,ST190,SUP006,OFF-PA-10004983,2,3.69,2015-08-23,2015-08-28,Late,7.38
PUR003132,2015-08-20,ST614,SUP010,OFF-ST-10003716,6,212.66,2015-08-23,2015-08-24,Late,1275.96
PUR003133,2015-08-20,ST342,SUP005,TEC-PH-10000576,5,91.91,2015-08-25,2015-08-24,Early,459.54999999999995
PUR003134,2015-08-20,ST081,SUP010,OFF-PA-10003001,7,3.53,2015-08-24,2015-08-23,Early,24.709999999999997
PUR003135,2015-08-20,ST564,SUP013,OFF-PA-10000304,10,3.24,2015-08-27,2015-09-01,Late,32.400000000000006
PUR003136,2015-08-20,ST592,SUP009,TEC-PH-10001819,4,24.85,2015-08-27,2015-08-28,Late,99.4
PUR003137,2015-08-20,ST414,SUP002,OFF-PA-10004381,19,25.77,2015-08-23,2015-08-24,Late,489.63
PUR003138,2015-08-20,ST276,SUP006,OFF-AR-10001044,15,16.95,2015-08-23,2015-08-23,On Time,254.25
PUR003139,2015-08-20,ST005,SUP010,OFF-LA-10003148,4,3.13,2015-08-23,2015-08-25,Late,12.52
PUR003140,2015-08-20,ST416,SUP006,OFF-PA-10002581,3,16.93,2015-08-27,2015-08-26,Early,50.79
PUR003141,2015-08-20,ST254,SUP009,TEC-MA-10003979,10,332.63,2015-08-23,2015-08-24,Late,3326.3
PUR003142,2015-08-20,ST583,SUP015,FUR-FU-10000010,7,3.21,2015-08-23,2015-08-27,Late,22.47
PUR003143,2015-08-20,ST130,SUP012,FUR-FU-10002918,2,80.49,2015-08-24,2015-08-28,Late,160.98
PUR003144,2015-08-20,ST006,SUP007,FUR-FU-10004748,18,36.96,2015-08-27,2015-08-28,Late,665.28
PUR003145,2015-08-20,ST193,SUP013,TEC-AC-10002473,20,17.73,2015-08-26,2015-08-29,Late,354.6
PUR003146,2015-08-20,ST628,SUP004,OFF-PA-10001593,9,3.0,2015-08-26,2015-08-26,On Time,27.0
PUR003147,2015-08-20,ST415,SUP003,OFF-AR-10004269,18,2.85,2015-08-27,2015-08-29,Late,51.300000000000004
PUR003148,2015-08-20,ST632,SUP004,OFF-PA-10001019,20,10.14,2015-08-23,2015-08-27,Late,202.8
PUR003149,2015-08-20,ST510,SUP010,TEC-PH-10004165,15,193.52,2015-08-23,2015-08-22,Early,2902.8
PUR003150,2015-08-20,ST260,SUP012,OFF-ST-10002352,14,6.01,2015-08-24,2015-08-27,Late,84.14
PUR003151,2015-08-20,ST123,SUP010,OFF-ST-10001780,7,523.36,2015-08-24,2015-08-24,On Time,3663.52
PUR003152,2015-08-20,ST048,SUP004,OFF-AR-10004272,3,1.19,2015-08-23,2015-08-27,Late,3.57
PUR003153,2015-08-20,ST284,SUP004,TEC-MA-10000423,14,10.8,2015-08-23,2015-08-26,Late,151.20000000000002
PUR003154,2015-08-20,ST114,SUP012,TEC-MA-10001016,2,87.35,2015-08-23,2015-08-25,Late,174.7
PUR003155,2015-08-20,ST148,SUP008,OFF-AP-10001271,5,36.03,2015-08-24,2015-08-28,Late,180.15
PUR003156,2015-08-20,ST421,SUP006,FUR-CH-10000513,5,127.02,2015-08-26,2015-08-30,Late,635.1
PUR003157,2015-08-20,ST207,SUP008,FUR-CH-10000847,18,223.09,2015-08-24,2015-08-24,On Time,4015.62
PUR003158,2015-08-20,ST249,SUP014,FUR-CH-10003396,14,66.5,2015-08-26,2015-08-28,Late,931.0
PUR003159,2015-08-20,ST004,SUP005,OFF-SU-10004261,10,12.09,2015-08-26,2015-08-28,Late,120.9
PUR003160,2015-08-20,ST062,SUP015,FUR-CH-10000665,7,96.42,2015-08-26,2015-08-29,Late,674.94
PUR003161,2015-08-20,ST295,SUP002,OFF-BI-10004728,11,2.45,2015-08-24,2015-08-25,Late,26.950000000000003
PUR003162,2015-08-20,ST015,SUP013,OFF-ST-10002554,10,44.84,2015-08-26,2015-08-31,Late,448.40000000000003
PUR003163,2015-08-20,ST357,SUP008,OFF-AP-10000891,18,83.8,2015-08-25,2015-08-29,Late,1508.3999999999999
PUR003164,2015-08-20,ST283,SUP012,OFF-AP-10003278,9,10.23,2015-08-26,2015-08-28,Late,92.07000000000001
PUR003165,2015-08-20,ST449,SUP004,OFF-PA-10001166,10,4.68,2015-08-24,2015-08-23,Early,46.8
PUR003166,2015-08-20,ST225,SUP007,OFF-BI-10001132,9,2.82,2015-08-27,2015-08-30,Late,25.38
PUR003167,2015-08-20,ST380,SUP012,TEC-AC-10001383,6,19.12,2015-08-27,2015-08-28,Late,114.72
PUR003168,2015-08-20,ST529,SUP011,FUR-CH-10001714,5,132.48,2015-08-25,2015-08-29,Late,662.4
PUR003169,2015-08-20,ST110,SUP010,OFF-PA-10000809,14,3.05,2015-08-24,2015-08-25,Late,42.699999999999996
PUR003170,2015-08-20,ST570,SUP013,OFF-BI-10002827,10,3.17,2015-08-27,2015-08-30,Late,31.7
PUR003171,2015-08-20,ST509,SUP011,OFF-EN-10002500,18,7.62,2015-08-27,2015-08-26,Early,137.16
PUR003172,2015-08-20,ST568,SUP006,FUR-BO-10000362,6,143.73,2015-08-26,2015-08-29,Late,862.3799999999999
PUR003173,2015-08-20,ST192,SUP004,FUR-FU-10004973,12,9.84,2015-08-23,2015-08-27,Late,118.08
PUR003174,2015-08-20,ST258,SUP007,OFF-EN-10002504,11,15.04,2015-08-25,2015-08-28,Late,165.44
PUR003175,2015-08-20,ST617,SUP011,OFF-BI-10003925,8,210.93,2015-08-27,2015-08-30,Late,1687.44
PUR003176,2015-08-20,ST201,SUP008,OFF-FA-10002763,13,2.47,2015-08-24,2015-08-25,Late,32.11
PUR003177,2015-08-20,ST483,SUP006,OFF-BI-10001031,3,3.03,2015-08-24,2015-08-27,Late,9.09
PUR003178,2015-08-20,ST576,SUP007,OFF-BI-10004600,12,202.12,2015-08-23,2015-08-27,Late,2425.44
PUR003179,2015-08-20,ST141,SUP015,OFF-AP-10002518,4,116.34,2015-08-24,2015-08-26,Late,465.36
PUR003180,2015-08-20,ST548,SUP007,FUR-BO-10001811,3,198.25,2015-08-23,2015-08-22,Early,594.75
PUR003181,2015-08-20,ST227,SUP003,FUR-CH-10000553,19,24.49,2015-08-24,2015-08-24,On Time,465.30999999999995
PUR003182,2015-08-20,ST012,SUP005,OFF-AR-10000034,13,2.38,2015-08-27,2015-08-29,Late,30.939999999999998
PUR003183,2015-08-20,ST603,SUP011,TEC-PH-10001552,5,9.46,2015-08-26,2015-08-26,On Time,47.300000000000004
PUR003184,2015-08-20,ST627,SUP004,OFF-BI-10004140,4,2.39,2015-08-23,2015-08-22,Early,9.56
PUR003185,2015-08-20,ST247,SUP009,FUR-TA-10004607,10,126.71,2015-08-23,2015-08-25,Late,1267.1
PUR003186,2015-08-20,ST007,SUP011,OFF-BI-10001267,10,3.23,2015-08-26,2015-08-31,Late,32.3
PUR003187,2015-08-20,ST339,SUP015,OFF-AR-10002656,8,4.46,2015-08-23,2015-08-22,Early,35.68
PUR003188,2015-08-20,ST590,SUP015,OFF-AR-10004602,18,16.83,2015-08-25,2015-08-24,Early,302.93999999999994
PUR003189,2015-08-20,ST366,SUP015,TEC-MA-10000029,15,41.46,2015-08-26,2015-08-29,Late,621.9
PUR003190,2015-08-20,ST586,SUP002,OFF-AR-10001026,7,1.12,2015-08-23,2015-08-27,Late,7.840000000000001
PUR003191,2015-08-20,ST161,SUP014,TEC-PH-10002262,10,40.21,2015-08-24,2015-08-28,Late,402.1
PUR003192,2015-08-20,ST215,SUP004,TEC-AC-10000710,3,9.83,2015-08-24,2015-08-24,On Time,29.490000000000002
PUR003193,2015-08-20,ST461,SUP011,OFF-BI-10000962,11,8.23,2015-08-24,2015-08-27,Late,90.53
PUR003194,2015-08-20,ST210,SUP012,TEC-AC-10004633,6,3.55,2015-08-25,2015-08-29,Late,21.299999999999997
PUR003195,2015-08-20,ST158,SUP007,FUR-BO-10001608,11,56.8,2015-08-23,2015-08-28,Late,624.8
PUR003196,2015-08-20,ST176,SUP001,OFF-AR-10002952,7,9.56,2015-08-25,2015-08-24,Early,66.92
PUR003197,2015-08-20,ST431,SUP014,FUR-FU-10001095,19,15.35,2015-08-23,2015-08-22,Early,291.65
PUR003198,2015-08-20,ST426,SUP003,TEC-AC-10004114,7,22.02,2015-08-23,2015-08-25,Late,154.14
PUR003199,2015-08-20,ST273,SUP003,OFF-BI-10002432,9,2.79,2015-08-27,2015-08-31,Late,25.11
PUR003200,2015-08-20,ST606,SUP009,TEC-PH-10000148,19,13.71,2015-08-27,2015-08-28,Late,260.49
PUR003201,2015-09-05,ST546,SUP010,OFF-PA-10002005,16,3.14,2015-09-12,2015-09-12,On Time,50.24
PUR003202,2015-09-05,ST456,SUP010,OFF-ST-10001526,16,87.71,2015-09-10,2015-09-11,Late,1403.36
PUR003203,2015-09-05,ST021,SUP015,FUR-CH-10003833,10,52.93,2015-09-09,2015-09-11,Late,529.3
PUR003204,2015-09-05,ST477,SUP009,OFF-AP-10001962,11,6.14,2015-09-08,2015-09-13,Late,67.53999999999999
PUR003205,2015-09-05,ST130,SUP012,OFF-LA-10004544,20,6.83,2015-09-08,2015-09-08,On Time,136.6
PUR003206,2015-09-05,ST574,SUP002,TEC-PH-10001425,19,62.77,2015-09-11,2015-09-13,Late,1192.63
PUR003207,2015-09-05,ST139,SUP014,OFF-PA-10002222,20,12.86,2015-09-08,2015-09-11,Late,257.2
PUR003208,2015-09-05,ST130,SUP004,FUR-CH-10004886,7,69.62,2015-09-09,2015-09-08,Early,487.34000000000003
PUR003209,2015-09-05,ST076,SUP009,OFF-AR-10001954,18,3.83,2015-09-09,2015-09-12,Late,68.94
PUR003210,2015-09-05,ST551,SUP009,OFF-EN-10003134,19,5.35,2015-09-08,2015-09-09,Late,101.64999999999999
PUR003211,2015-09-05,ST183,SUP003,OFF-AP-10004708,10,26.12,2015-09-08,2015-09-10,Late,261.2
PUR003212,2015-09-05,ST144,SUP004,TEC-PH-10000127,17,20.96,2015-09-09,2015-09-13,Late,356.32
PUR003213,2015-09-05,ST453,SUP010,OFF-AP-10000358,4,9.25,2015-09-08,2015-09-10,Late,37.0
PUR003214,2015-09-05,ST330,SUP013,OFF-PA-10003363,19,3.09,2015-09-11,2015-09-11,On Time,58.709999999999994
PUR003215,2015-09-05,ST031,SUP006,FUR-BO-10004218,10,123.9,2015-09-08,2015-09-13,Late,1239.0
PUR003216,2015-09-05,ST025,SUP013,FUR-CH-10003199,2,89.07,2015-09-08,2015-09-07,Early,178.14
PUR003217,2015-09-05,ST600,SUP012,TEC-PH-10004447,12,95.96,2015-09-08,2015-09-07,Early,1151.52
PUR003218,2015-09-05,ST101,SUP013,OFF-AR-10002952,8,9.58,2015-09-11,2015-09-16,Late,76.64
PUR003219,2015-09-05,ST620,SUP001,OFF-BI-10002852,19,8.65,2015-09-08,2015-09-12,Late,164.35
PUR003220,2015-09-05,ST389,SUP006,FUR-CH-10003535,6,55.56,2015-09-08,2015-09-13,Late,333.36
PUR003221,2015-09-05,ST300,SUP013,FUR-FU-10000023,18,3.39,2015-09-10,2015-09-10,On Time,61.02
PUR003222,2015-09-05,ST615,SUP003,FUR-CH-10004983,4,125.09,2015-09-12,2015-09-15,Late,500.36
PUR003223,2015-09-05,ST079,SUP009,OFF-ST-10001932,17,159.06,2015-09-09,2015-09-09,On Time,2704.02
PUR003224,2015-09-05,ST044,SUP013,OFF-BI-10000546,11,1.47,2015-09-10,2015-09-12,Late,16.169999999999998
PUR003225,2015-09-05,ST479,SUP007,OFF-BI-10003656,17,83.36,2015-09-08,2015-09-07,Early,1417.12
PUR003226,2015-09-05,ST252,SUP005,OFF-ST-10001713,3,45.81,2015-09-11,2015-09-12,Late,137.43
PUR003227,2015-09-05,ST529,SUP012,TEC-AC-10004568,12,20.81,2015-09-10,2015-09-13,Late,249.71999999999997
PUR003228,2015-09-05,ST126,SUP010,FUR-TA-10000849,6,120.3,2015-09-09,2015-09-11,Late,721.8
PUR003229,2015-09-05,ST234,SUP009,OFF-BI-10000315,6,10.46,2015-09-10,2015-09-11,Late,62.760000000000005
PUR003230,2015-09-05,ST175,SUP014,OFF-PA-10002558,3,24.24,2015-09-12,2015-09-14,Late,72.72
PUR003231,2015-09-05,ST482,SUP001,OFF-BI-10001116,3,2.77,2015-09-08,2015-09-10,Late,8.31
PUR003232,2015-09-05,ST629,SUP010,OFF-ST-10000615,8,7.75,2015-09-12,2015-09-14,Late,62.0
PUR003233,2015-09-05,ST539,SUP001,OFF-AR-10000034,13,2.73,2015-09-09,2015-09-09,On Time,35.49
PUR003234,2015-09-05,ST049,SUP013,FUR-FU-10003829,4,1.91,2015-09-08,2015-09-13,Late,7.64
PUR003235,2015-09-05,ST128,SUP009,OFF-BI-10002854,14,13.32,2015-09-12,2015-09-15,Late,186.48000000000002
PUR003236,2015-09-05,ST265,SUP012,OFF-ST-10000352,2,24.07,2015-09-09,2015-09-12,Late,48.14
PUR003237,2015-09-05,ST255,SUP015,OFF-PA-10003883,17,3.54,2015-09-12,2015-09-12,On Time,60.18
PUR003238,2015-09-05,ST542,SUP004,OFF-AP-10000938,14,75.88,2015-09-08,2015-09-10,Late,1062.32
PUR003239,2015-09-05,ST068,SUP011,OFF-BI-10001922,10,2.99,2015-09-09,2015-09-13,Late,29.900000000000002
PUR003240,2015-09-05,ST175,SUP005,OFF-BI-10002003,14,2.16,2015-09-12,2015-09-15,Late,30.240000000000002
PUR003241,2015-09-05,ST022,SUP003,OFF-LA-10003930,11,49.21,2015-09-09,2015-09-11,Late,541.3100000000001
PUR003242,2015-09-05,ST542,SUP012,OFF-BI-10002071,6,3.05,2015-09-11,2015-09-11,On Time,18.299999999999997
PUR003243,2015-09-05,ST258,SUP013,OFF-ST-10003470,5,255.39,2015-09-08,2015-09-10,Late,1276.9499999999998
PUR003244,2015-09-05,ST400,SUP005,FUR-FU-10000206,3,1.64,2015-09-09,2015-09-10,Late,4.92
PUR003245,2015-09-05,ST044,SUP014,FUR-BO-10001601,13,111.56,2015-09-09,2015-09-11,Late,1450.28
PUR003246,2015-09-05,ST349,SUP006,TEC-AC-10003628,9,17.54,2015-09-12,2015-09-16,Late,157.85999999999999
PUR003247,2015-09-05,ST024,SUP014,OFF-LA-10003510,7,15.81,2015-09-08,2015-09-10,Late,110.67
PUR003248,2015-09-05,ST287,SUP013,OFF-ST-10003641,14,74.25,2015-09-10,2015-09-13,Late,1039.5
PUR003249,2015-09-05,ST518,SUP009,OFF-ST-10002756,20,146.28,2015-09-08,2015-09-13,Late,2925.6
PUR003250,2015-09-05,ST248,SUP006,FUR-BO-10002916,9,144.89,2015-09-12,2015-09-16,Late,1304.0099999999998
PUR003251,2015-09-05,ST283,SUP014,OFF-PA-10004519,18,2.29,2015-09-10,2015-09-14,Late,41.22
PUR003252,2015-09-05,ST064,SUP014,TEC-AC-10001838,6,113.21,2015-09-10,2015-09-09,Early,679.26
PUR003253,2015-09-05,ST299,SUP001,OFF-ST-10003123,11,26.25,2015-09-09,2015-09-09,On Time,288.75
PUR003254,2015-09-05,ST364,SUP013,TEC-PH-10002170,8,47.46,2015-09-09,2015-09-14,Late,379.68
PUR003255,2015-09-05,ST126,SUP006,OFF-EN-10004483,18,7.9,2015-09-11,2015-09-15,Late,142.20000000000002
PUR003256,2015-09-05,ST105,SUP013,TEC-AC-10004145,9,204.3,2015-09-08,2015-09-07,Early,1838.7
PUR003257,2015-09-05,ST127,SUP012,TEC-PH-10002350,16,20.26,2015-09-12,2015-09-11,Early,324.16
PUR003258,2015-09-05,ST203,SUP002,OFF-SU-10003567,8,8.83,2015-09-11,2015-09-11,On Time,70.64
PUR003259,2015-09-05,ST232,SUP006,FUR-CH-10002961,6,71.4,2015-09-08,2015-09-10,Late,428.40000000000003
PUR003260,2015-09-05,ST627,SUP002,OFF-BI-10004654,3,4.84,2015-09-12,2015-09-14,Late,14.52
PUR003261,2015-09-05,ST473,SUP002,TEC-CO-10001449,12,342.66,2015-09-12,2015-09-17,Late,4111.92
PUR003262,2015-09-05,ST538,SUP012,TEC-AC-10000023,15,14.17,2015-09-08,2015-09-07,Early,212.55
PUR003263,2015-09-05,ST031,SUP001,OFF-BI-10003984,7,14.24,2015-09-12,2015-09-11,Early,99.68
PUR003264,2015-09-05,ST563,SUP002,FUR-TA-10001768,12,218.94,2015-09-09,2015-09-14,Late,2627.2799999999997
PUR003265,2015-09-05,ST387,SUP004,FUR-FU-10001935,18,2.37,2015-09-10,2015-09-12,Late,42.660000000000004
PUR003266,2015-09-05,ST611,SUP005,OFF-PA-10003441,17,3.21,2015-09-08,2015-09-12,Late,54.57
PUR003267,2015-09-05,ST219,SUP015,TEC-PH-10004875,15,6.32,2015-09-11,2015-09-12,Late,94.80000000000001
PUR003268,2015-09-05,ST079,SUP001,TEC-AC-10003237,13,5.6,2015-09-10,2015-09-13,Late,72.8
PUR003269,2015-09-05,ST539,SUP014,OFF-PA-10002749,4,3.62,2015-09-12,2015-09-13,Late,14.48
PUR003270,2015-09-05,ST237,SUP004,OFF-ST-10003058,5,16.92,2015-09-11,2015-09-14,Late,84.60000000000001
PUR003271,2015-09-05,ST601,SUP001,FUR-FU-10003039,17,27.57,2015-09-09,2015-09-14,Late,468.69
PUR003272,2015-09-05,ST162,SUP014,OFF-PA-10000788,15,3.16,2015-09-09,2015-09-12,Late,47.400000000000006
PUR003273,2015-09-05,ST463,SUP004,OFF-SU-10001664,18,5.9,2015-09-10,2015-09-11,Late,106.2
PUR003274,2015-09-05,ST262,SUP002,FUR-FU-10001488,12,83.4,2015-09-08,2015-09-12,Late,1000.8000000000001
PUR003275,2015-09-05,ST418,SUP009,OFF-AR-10002240,11,25.86,2015-09-08,2015-09-13,Late,284.46
PUR003276,2015-09-05,ST346,SUP013,OFF-AP-10001492,13,6.55,2015-09-09,2015-09-11,Late,85.14999999999999
PUR003277,2015-09-05,ST048,SUP013,FUR-CH-10001215,14,370.37,2015-09-12,2015-09-16,Late,5185.18
PUR003278,2015-09-05,ST437,SUP003,TEC-AC-10003027,5,24.25,2015-09-08,2015-09-07,Early,121.25
PUR003279,2015-09-05,ST533,SUP001,OFF-FA-10001883,8,8.28,2015-09-09,2015-09-10,Late,66.24
PUR003280,2015-09-05,ST091,SUP010,TEC-PH-10002415,14,216.69,2015-09-08,2015-09-10,Late,3033.66
PUR003281,2015-09-20,ST329,SUP002,OFF-PA-10002787,6,3.49,2015-09-24,2015-09-23,Early,20.94
PUR003282,2015-09-20,ST349,SUP005,OFF-BI-10004970,7,2.31,2015-09-25,2015-09-24,Early,16.17
PUR003283,2015-09-20,ST447,SUP003,OFF-ST-10000419,15,13.47,2015-09-27,2015-09-26,Early,202.05
PUR003284,2015-09-20,ST435,SUP008,FUR-FU-10001473,17,11.93,2015-09-27,2015-10-01,Late,202.81
PUR003285,2015-09-20,ST271,SUP009,OFF-LA-10003190,6,1.5,2015-09-25,2015-09-29,Late,9.0
PUR003286,2015-09-20,ST568,SUP005,OFF-AR-10000614,3,2.44,2015-09-23,2015-09-28,Late,7.32
PUR003287,2015-09-20,ST199,SUP013,OFF-BI-10003650,18,300.05,2015-09-25,2015-09-26,Late,5400.900000000001
PUR003288,2015-09-20,ST564,SUP011,OFF-PA-10002222,9,12.28,2015-09-27,2015-09-27,On Time,110.52
PUR003289,2015-09-20,ST384,SUP004,OFF-AR-10001955,15,12.63,2015-09-27,2015-10-01,Late,189.45000000000002
PUR003290,2015-09-20,ST380,SUP011,FUR-BO-10004695,5,126.91,2015-09-26,2015-09-30,Late,634.55
PUR003291,2015-09-20,ST520,SUP001,FUR-TA-10004767,2,51.46,2015-09-25,2015-09-28,Late,102.92
PUR003292,2015-09-20,ST297,SUP013,OFF-BI-10002160,20,2.06,2015-09-25,2015-09-28,Late,41.2
PUR003293,2015-09-20,ST464,SUP012,OFF-PA-10003172,7,3.66,2015-09-25,2015-09-28,Late,25.62
PUR003294,2015-09-20,ST587,SUP010,FUR-FU-10004053,7,11.31,2015-09-27,2015-10-01,Late,79.17
PUR003295,2015-09-20,ST385,SUP010,OFF-AP-10004036,15,12.0,2015-09-25,2015-09-30,Late,180.0
PUR003296,2015-09-20,ST615,SUP013,OFF-PA-10001295,19,10.14,2015-09-26,2015-09-25,Early,192.66000000000003
PUR003297,2015-09-20,ST375,SUP009,OFF-ST-10000689,18,118.88,2015-09-27,2015-09-29,Late,2139.84
PUR003298,2015-09-20,ST579,SUP006,OFF-PA-10003673,20,3.48,2015-09-23,2015-09-24,Late,69.6
PUR003299,2015-09-20,ST318,SUP015,OFF-BI-10002393,2,3.27,2015-09-27,2015-09-30,Late,6.54
PUR003300,2015-09-20,ST195,SUP015,OFF-PA-10000176,8,10.76,2015-09-23,2015-09-23,On Time,86.08
PUR003301,2015-09-20,ST441,SUP003,OFF-PA-10004071,9,27.66,2015-09-26,2015-09-29,Late,248.94
PUR003302,2015-09-20,ST418,SUP001,OFF-AP-10003842,19,25.04,2015-09-27,2015-10-01,Late,475.76
PUR003303,2015-09-20,ST159,SUP008,OFF-BI-10001107,2,8.43,2015-09-26,2015-09-30,Late,16.86
PUR003304,2015-09-20,ST032,SUP007,OFF-AP-10001366,5,7.95,2015-09-26,2015-09-26,On Time,39.75
PUR003305,2015-09-20,ST234,SUP012,OFF-AP-10002518,8,121.55,2015-09-27,2015-09-30,Late,972.4
PUR003306,2015-09-20,ST617,SUP011,FUR-CH-10003833,9,50.03,2015-09-25,2015-09-29,Late,450.27
PUR003307,2015-09-20,ST142,SUP009,FUR-FU-10004188,9,81.74,2015-09-27,2015-10-02,Late,735.66
PUR003308,2015-09-20,ST004,SUP005,OFF-AP-10001634,2,2.75,2015-09-25,2015-09-27,Late,5.5
PUR003309,2015-09-20,ST580,SUP015,FUR-FU-10003832,5,7.4,2015-09-27,2015-09-29,Late,37.0
PUR003310,2015-09-20,ST151,SUP013,OFF-BI-10002799,12,2.53,2015-09-26,2015-09-29,Late,30.36
PUR003311,2015-09-20,ST445,SUP003,OFF-AR-10003251,13,1.68,2015-09-25,2015-09-24,Early,21.84
PUR003312,2015-09-20,ST353,SUP007,OFF-AR-10004344,19,8.55,2015-09-26,2015-09-30,Late,162.45000000000002
PUR003313,2015-09-20,ST016,SUP004,OFF-BI-10001636,4,4.94,2015-09-27,2015-09-29,Late,19.76
PUR003314,2015-09-20,ST150,SUP014,OFF-BI-10002735,15,16.72,2015-09-24,2015-09-29,Late,250.79999999999998
PUR003315,2015-09-20,ST124,SUP006,OFF-AR-10000937,18,19.71,2015-09-25,2015-09-30,Late,354.78000000000003
PUR003316,2015-09-20,ST555,SUP007,OFF-BI-10001900,8,3.35,2015-09-24,2015-09-24,On Time,26.8
PUR003317,2015-09-20,ST522,SUP005,TEC-AC-10002800,20,34.42,2015-09-25,2015-09-29,Late,688.4000000000001
PUR003318,2015-09-20,ST169,SUP014,OFF-SU-10002503,3,4.32,2015-09-26,2015-10-01,Late,12.96
PUR003319,2015-09-20,ST527,SUP011,OFF-PA-10002586,9,2.38,2015-09-26,2015-09-29,Late,21.419999999999998
PUR003320,2015-09-20,ST065,SUP007,OFF-AP-10002287,14,3.5,2015-09-23,2015-09-22,Early,49.0
PUR003321,2015-09-20,ST084,SUP002,OFF-BI-10003708,14,4.1,2015-09-24,2015-09-29,Late,57.39999999999999
PUR003322,2015-09-20,ST027,SUP014,OFF-PA-10001667,12,3.5,2015-09-23,2015-09-22,Early,42.0
PUR003323,2015-09-20,ST286,SUP010,OFF-BI-10003638,14,10.51,2015-09-23,2015-09-24,Late,147.14
PUR003324,2015-09-20,ST056,SUP006,OFF-PA-10000061,4,3.61,2015-09-26,2015-09-28,Late,14.44
PUR003325,2015-09-20,ST201,SUP009,OFF-BI-10000977,7,17.61,2015-09-27,2015-09-29,Late,123.27
PUR003326,2015-09-20,ST378,SUP001,OFF-SU-10003505,15,112.86,2015-09-24,2015-09-28,Late,1692.9
PUR003327,2015-09-20,ST508,SUP015,OFF-PA-10001776,10,4.69,2015-09-26,2015-09-28,Late,46.900000000000006
PUR003328,2015-09-20,ST460,SUP001,OFF-SU-10000381,11,6.47,2015-09-24,2015-09-28,Late,71.17
PUR003329,2015-09-20,ST134,SUP007,FUR-CH-10002647,14,56.03,2015-09-27,2015-09-27,On Time,784.4200000000001
PUR003330,2015-09-20,ST095,SUP013,OFF-FA-10000992,13,1.7,2015-09-26,2015-09-30,Late,22.099999999999998
PUR003331,2015-09-20,ST049,SUP015,OFF-PA-10002751,17,3.57,2015-09-24,2015-09-27,Late,60.69
PUR003332,2015-09-20,ST024,SUP005,OFF-BI-10003305,4,3.4,2015-09-26,2015-09-29,Late,13.6
PUR003333,2015-09-20,ST204,SUP004,FUR-CH-10001394,19,234.04,2015-09-24,2015-09-26,Late,4446.76
PUR003334,2015-09-20,ST322,SUP003,OFF-ST-10001780,9,451.94,2015-09-25,2015-09-29,Late,4067.46
PUR003335,2015-09-20,ST411,SUP015,OFF-AR-10001177,7,2.19,2015-09-23,2015-09-25,Late,15.33
PUR003336,2015-09-20,ST011,SUP008,OFF-PA-10002230,19,2.76,2015-09-24,2015-09-29,Late,52.44
PUR003337,2015-09-20,ST618,SUP002,TEC-PH-10004977,7,144.11,2015-09-24,2015-09-23,Early,1008.7700000000001
PUR003338,2015-09-20,ST433,SUP013,OFF-ST-10003994,14,51.69,2015-09-24,2015-09-29,Late,723.66
PUR003339,2015-09-20,ST136,SUP006,TEC-AC-10001267,18,19.69,2015-09-26,2015-09-28,Late,354.42
PUR003340,2015-09-20,ST386,SUP006,OFF-ST-10000991,19,113.16,2015-09-23,2015-09-23,On Time,2150.04
PUR003341,2015-09-20,ST559,SUP015,OFF-BI-10000546,8,1.45,2015-09-25,2015-09-26,Late,11.6
PUR003342,2015-09-20,ST173,SUP012,OFF-AP-10001947,10,13.25,2015-09-27,2015-09-28,Late,132.5
PUR003343,2015-09-20,ST302,SUP007,OFF-PA-10001934,3,3.07,2015-09-27,2015-09-26,Early,9.209999999999999
PUR003344,2015-09-20,ST055,SUP005,OFF-LA-10004689,5,1.51,2015-09-24,2015-09-26,Late,7.55
PUR003345,2015-09-20,ST105,SUP014,OFF-AP-10001626,8,2.98,2015-09-26,2015-09-28,Late,23.84
PUR003346,2015-09-20,ST475,SUP003,OFF-FA-10002988,19,0.94,2015-09-26,2015-09-30,Late,17.86
PUR003347,2015-09-20,ST077,SUP003,OFF-ST-10004835,18,3.86,2015-09-23,2015-09-28,Late,69.48
PUR003348,2015-09-20,ST504,SUP015,FUR-CH-10003199,7,86.69,2015-09-27,2015-09-30,Late,606.8299999999999
PUR003349,2015-09-20,ST268,SUP004,OFF-AP-10000326,7,25.8,2015-09-27,2015-09-29,Late,180.6
PUR003350,2015-09-20,ST504,SUP006,FUR-FU-10001487,7,5.03,2015-09-27,2015-09-29,Late,35.21
PUR003351,2015-09-20,ST238,SUP014,OFF-LA-10003121,9,2.35,2015-09-27,2015-09-27,On Time,21.150000000000002
PUR003352,2015-09-20,ST557,SUP003,OFF-AR-10003394,5,2.3,2015-09-25,2015-09-27,Late,11.5
PUR003353,2015-09-20,ST461,SUP010,OFF-BI-10001543,2,18.11,2015-09-23,2015-09-25,Late,36.22
PUR003354,2015-09-20,ST439,SUP011,OFF-LA-10004345,20,2.53,2015-09-26,2015-09-30,Late,50.599999999999994
PUR003355,2015-09-20,ST063,SUP012,OFF-BI-10002082,5,16.49,2015-09-26,2015-10-01,Late,82.44999999999999
PUR003356,2015-09-20,ST531,SUP007,OFF-ST-10000142,17,283.62,2015-09-24,2015-09-29,Late,4821.54
PUR003357,2015-09-20,ST386,SUP001,OFF-LA-10002475,2,3.77,2015-09-27,2015-09-27,On Time,7.54
PUR003358,2015-09-20,ST185,SUP003,OFF-FA-10004838,4,1.86,2015-09-24,2015-09-28,Late,7.44
PUR003359,2015-09-20,ST089,SUP003,FUR-FU-10001706,13,1.55,2015-09-26,2015-09-30,Late,20.150000000000002
PUR003360,2015-09-20,ST553,SUP006,TEC-PH-10000141,13,44.09,2015-09-26,2015-09-25,Early,573.1700000000001
PUR003361,2015-10-05,ST075,SUP003,TEC-AC-10001142,10,69.75,2015-10-12,2015-10-16,Late,697.5
PUR003362,2015-10-05,ST143,SUP010,OFF-FA-10002988,7,0.94,2015-10-10,2015-10-13,Late,6.58
PUR003363,2015-10-05,ST609,SUP013,OFF-BI-10000050,14,4.23,2015-10-08,2015-10-11,Late,59.220000000000006
PUR003364,2015-10-05,ST275,SUP011,OFF-BI-10001634,20,3.74,2015-10-09,2015-10-11,Late,74.80000000000001
PUR003365,2015-10-05,ST017,SUP009,TEC-PH-10003691,19,90.5,2015-10-09,2015-10-09,On Time,1719.5
PUR003366,2015-10-05,ST035,SUP013,OFF-PA-10002245,3,3.52,2015-10-12,2015-10-16,Late,10.56
PUR003367,2015-10-05,ST444,SUP009,TEC-AC-10000736,9,52.86,2015-10-12,2015-10-16,Late,475.74
PUR003368,2015-10-05,ST134,SUP005,OFF-BI-10001553,10,4.76,2015-10-10,2015-10-13,Late,47.599999999999994
PUR003369,2015-10-05,ST525,SUP010,TEC-MA-10001681,12,219.19,2015-10-12,2015-10-16,Late,2630.2799999999997
PUR003370,2015-10-05,ST356,SUP005,TEC-PH-10003988,4,8.08,2015-10-11,2015-10-15,Late,32.32
PUR003371,2015-10-05,ST037,SUP013,OFF-FA-10004838,19,1.81,2015-10-11,2015-10-10,Early,34.39
PUR003372,2015-10-05,ST558,SUP004,OFF-AR-10001026,13,1.34,2015-10-11,2015-10-13,Late,17.42
PUR003373,2015-10-05,ST192,SUP009,OFF-AP-10003217,14,122.08,2015-10-08,2015-10-11,Late,1709.12
PUR003374,2015-10-05,ST080,SUP013,TEC-PH-10000376,16,7.06,2015-10-12,2015-10-11,Early,112.96
PUR003375,2015-10-05,ST505,SUP009,FUR-BO-10001972,16,100.31,2015-10-11,2015-10-14,Late,1604.96
PUR003376,2015-10-05,ST447,SUP010,OFF-BI-10000014,6,6.2,2015-10-12,2015-10-14,Late,37.2
PUR003377,2015-10-05,ST328,SUP003,FUR-CH-10002331,6,300.18,2015-10-12,2015-10-15,Late,1801.08
PUR003378,2015-10-05,ST040,SUP012,TEC-PH-10001924,8,52.43,2015-10-12,2015-10-13,Late,419.44
PUR003379,2015-10-05,ST191,SUP011,OFF-PA-10003591,18,5.17,2015-10-09,2015-10-10,Late,93.06
PUR003380,2015-10-05,ST031,SUP015,OFF-AR-10000475,3,8.84,2015-10-10,2015-10-15,Late,26.52
PUR003381,2015-10-05,ST340,SUP010,FUR-FU-10001706,14,1.56,2015-10-11,2015-10-14,Late,21.84
PUR003382,2015-10-05,ST172,SUP002,FUR-CH-10003774,3,71.72,2015-10-10,2015-10-13,Late,215.16
PUR003383,2015-10-05,ST384,SUP006,OFF-BI-10003314,7,2.6,2015-10-10,2015-10-11,Late,18.2
PUR003384,2015-10-05,ST472,SUP007,OFF-LA-10001613,7,1.6,2015-10-12,2015-10-14,Late,11.200000000000001
PUR003385,2015-10-05,ST627,SUP014,OFF-AR-10004817,8,3.4,2015-10-10,2015-10-10,On Time,27.2
PUR003386,2015-10-05,ST546,SUP003,OFF-AR-10004441,9,2.47,2015-10-12,2015-10-17,Late,22.23
PUR003387,2015-10-05,ST228,SUP014,FUR-FU-10001935,10,2.31,2015-10-09,2015-10-12,Late,23.1
PUR003388,2015-10-05,ST415,SUP006,OFF-EN-10001509,20,1.18,2015-10-09,2015-10-10,Late,23.599999999999998
PUR003389,2015-10-05,ST336,SUP015,OFF-FA-10003495,4,3.15,2015-10-09,2015-10-12,Late,12.6
PUR003390,2015-10-05,ST495,SUP015,OFF-ST-10002205,12,16.97,2015-10-09,2015-10-10,Late,203.64
PUR003391,2015-10-05,ST176,SUP010,TEC-AC-10004145,14,179.7,2015-10-11,2015-10-14,Late,2515.7999999999997
PUR003392,2015-10-05,ST352,SUP004,FUR-CH-10003968,9,67.06,2015-10-12,2015-10-15,Late,603.54
PUR003393,2015-10-05,ST517,SUP014,OFF-AR-10000369,13,0.95,2015-10-08,2015-10-11,Late,12.35
PUR003394,2015-10-05,ST502,SUP001,OFF-PA-10001815,14,24.33,2015-10-12,2015-10-13,Late,340.62
PUR003395,2015-10-05,ST333,SUP009,OFF-BI-10001078,14,2.99,2015-10-08,2015-10-11,Late,41.86
PUR003396,2015-10-05,ST295,SUP013,TEC-PH-10002115,12,51.33,2015-10-10,2015-10-10,On Time,615.96
PUR003397,2015-10-05,ST123,SUP011,TEC-CO-10001766,2,223.91,2015-10-12,2015-10-17,Late,447.82
PUR003398,2015-10-05,ST116,SUP014,FUR-CH-10002024,20,513.06,2015-10-11,2015-10-14,Late,10261.199999999999
PUR003399,2015-10-05,ST535,SUP004,OFF-AP-10001271,17,34.72,2015-10-10,2015-10-13,Late,590.24
PUR003400,2015-10-05,ST089,SUP001,OFF-PA-10000743,9,3.31,2015-10-10,2015-10-10,On Time,29.79
PUR003401,2015-10-05,ST301,SUP006,OFF-ST-10001228,14,9.94,2015-10-11,2015-10-10,Early,139.16
PUR003402,2015-10-05,ST110,SUP004,OFF-PA-10003441,12,3.59,2015-10-09,2015-10-13,Late,43.08
PUR003403,2015-10-05,ST220,SUP015,OFF-BI-10002557,7,2.21,2015-10-11,2015-10-13,Late,15.469999999999999
PUR003404,2015-10-05,ST437,SUP013,TEC-PH-10003437,18,48.27,2015-10-11,2015-10-16,Late,868.86
PUR003405,2015-10-05,ST273,SUP010,TEC-AC-10004864,12,18.92,2015-10-09,2015-10-13,Late,227.04000000000002
PUR003406,2015-10-05,ST090,SUP013,OFF-LA-10000081,5,1.87,2015-10-08,2015-10-13,Late,9.350000000000001
PUR003407,2015-10-05,ST631,SUP007,OFF-BI-10004826,13,8.03,2015-10-12,2015-10-11,Early,104.38999999999999
PUR003408,2015-10-05,ST062,SUP009,TEC-AC-10001101,20,11.66,2015-10-12,2015-10-16,Late,233.2
PUR003409,2015-10-05,ST279,SUP001,OFF-PA-10000595,6,12.97,2015-10-10,2015-10-10,On Time,77.82000000000001
PUR003410,2015-10-05,ST572,SUP009,OFF-LA-10003930,9,53.59,2015-10-10,2015-10-12,Late,482.31000000000006
PUR003411,2015-10-05,ST339,SUP015,OFF-SU-10000381,7,7.13,2015-10-12,2015-10-17,Late,49.91
PUR003412,2015-10-05,ST598,SUP006,TEC-PH-10004833,15,11.75,2015-10-12,2015-10-14,Late,176.25
PUR003413,2015-10-05,ST306,SUP005,OFF-BI-10003784,16,0.88,2015-10-09,2015-10-09,On Time,14.08
PUR003414,2015-10-05,ST346,SUP009,OFF-SU-10000157,17,121.74,2015-10-10,2015-10-13,Late,2069.58
PUR003415,2015-10-05,ST373,SUP007,FUR-CH-10001270,12,63.19,2015-10-10,2015-10-15,Late,758.28
PUR003416,2015-10-05,ST312,SUP003,OFF-BI-10002432,11,2.51,2015-10-12,2015-10-11,Early,27.61
PUR003417,2015-10-05,ST341,SUP007,OFF-AP-10002684,4,90.42,2015-10-08,2015-10-08,On Time,361.68
PUR003418,2015-10-05,ST160,SUP001,OFF-AR-10000380,2,28.62,2015-10-10,2015-10-11,Late,57.24
PUR003419,2015-10-05,ST238,SUP015,OFF-ST-10004180,9,45.42,2015-10-08,2015-10-08,On Time,408.78000000000003
PUR003420,2015-10-05,ST119,SUP014,FUR-TA-10004175,6,252.57,2015-10-10,2015-10-15,Late,1515.42
PUR003421,2015-10-05,ST332,SUP001,OFF-PA-10001878,12,23.69,2015-10-10,2015-10-12,Late,284.28000000000003
PUR003422,2015-10-05,ST436,SUP011,OFF-ST-10000107,3,22.85,2015-10-12,2015-10-16,Late,68.55000000000001
PUR003423,2015-10-05,ST311,SUP005,FUR-FU-10003829,7,2.17,2015-10-10,2015-10-15,Late,15.19
PUR003424,2015-10-05,ST396,SUP007,FUR-CH-10002961,18,73.14,2015-10-12,2015-10-15,Late,1316.52
PUR003425,2015-10-05,ST228,SUP014,TEC-CO-10001449,17,289.79,2015-10-11,2015-10-13,Late,4926.43
PUR003426,2015-10-05,ST424,SUP005,OFF-PA-10004082,16,4.17,2015-10-09,2015-10-13,Late,66.72
PUR003427,2015-10-05,ST528,SUP014,OFF-BI-10002133,2,20.21,2015-10-09,2015-10-10,Late,40.42
PUR003428,2015-10-05,ST539,SUP002,TEC-PH-10001552,11,8.11,2015-10-09,2015-10-14,Late,89.21
PUR003429,2015-10-05,ST109,SUP013,OFF-AP-10003281,7,8.81,2015-10-09,2015-10-09,On Time,61.67
PUR003430,2015-10-05,ST147,SUP010,TEC-AC-10004227,4,11.3,2015-10-08,2015-10-12,Late,45.2
PUR003431,2015-10-05,ST387,SUP001,OFF-AR-10000127,11,2.39,2015-10-08,2015-10-07,Early,26.290000000000003
PUR003432,2015-10-05,ST502,SUP005,TEC-AC-10001908,18,61.68,2015-10-09,2015-10-09,On Time,1110.24
PUR003433,2015-10-05,ST546,SUP001,FUR-CH-10002126,19,174.37,2015-10-09,2015-10-14,Late,3313.03
PUR003434,2015-10-05,ST090,SUP012,OFF-SU-10002503,17,3.96,2015-10-11,2015-10-11,On Time,67.32
PUR003435,2015-10-05,ST476,SUP008,OFF-ST-10003442,7,22.3,2015-10-10,2015-10-11,Late,156.1
PUR003436,2015-10-05,ST496,SUP005,OFF-ST-10002370,13,15.38,2015-10-09,2015-10-11,Late,199.94
PUR003437,2015-10-05,ST334,SUP001,TEC-PH-10004447,6,110.31,2015-10-09,2015-10-12,Late,661.86
PUR003438,2015-10-05,ST465,SUP013,OFF-AP-10001492,4,6.39,2015-10-11,2015-10-15,Late,25.56
PUR003439,2015-10-05,ST402,SUP002,OFF-BI-10001097,19,3.01,2015-10-08,2015-10-11,Late,57.19
PUR003440,2015-10-05,ST481,SUP002,OFF-ST-10004337,7,63.91,2015-10-09,2015-10-08,Early,447.37
PUR003441,2015-10-20,ST454,SUP004,OFF-BI-10000216,16,6.73,2015-10-24,2015-10-27,Late,107.68
PUR003442,2015-10-20,ST030,SUP014,OFF-AP-10002082,20,15.48,2015-10-25,2015-10-25,On Time,309.6
PUR003443,2015-10-20,ST630,SUP010,TEC-AC-10002473,7,15.59,2015-10-24,2015-10-28,Late,109.13
PUR003444,2015-10-20,ST438,SUP002,OFF-BI-10001078,15,2.95,2015-10-25,2015-10-29,Late,44.25
PUR003445,2015-10-20,ST242,SUP005,FUR-FU-10000629,20,7.32,2015-10-27,2015-10-30,Late,146.4
PUR003446,2015-10-20,ST333,SUP003,OFF-BI-10001628,6,5.43,2015-10-25,2015-10-29,Late,32.58
PUR003447,2015-10-20,ST554,SUP014,FUR-CH-10003379,9,226.1,2015-10-24,2015-10-25,Late,2034.8999999999999
PUR003448,2015-10-20,ST428,SUP005,OFF-ST-10003306,19,110.35,2015-10-23,2015-10-25,Late,2096.65
PUR003449,2015-10-20,ST505,SUP015,TEC-PH-10003580,16,165.6,2015-10-24,2015-10-24,On Time,2649.6
PUR003450,2015-10-20,ST585,SUP001,TEC-PH-10003589,14,8.96,2015-10-25,2015-10-26,Late,125.44000000000001
PUR003451,2015-10-20,ST511,SUP013,OFF-PA-10002365,10,3.42,2015-10-27,2015-10-31,Late,34.2
PUR003452,2015-10-20,ST619,SUP008,OFF-BI-10003091,5,111.12,2015-10-27,2015-10-29,Late,555.6
PUR003453,2015-10-20,ST451,SUP003,OFF-PA-10002245,2,3.08,2015-10-23,2015-10-23,On Time,6.16
PUR003454,2015-10-20,ST611,SUP011,TEC-PH-10001530,3,222.68,2015-10-26,2015-10-31,Late,668.04
PUR003455,2015-10-20,ST116,SUP012,OFF-FA-10003059,18,1.31,2015-10-24,2015-10-26,Late,23.580000000000002
PUR003456,2015-10-20,ST532,SUP009,OFF-BI-10004600,12,187.75,2015-10-24,2015-10-24,On Time,2253.0
PUR003457,2015-10-20,ST101,SUP011,FUR-FU-10000023,6,2.99,2015-10-24,2015-10-29,Late,17.94
PUR003458,2015-10-20,ST056,SUP013,OFF-ST-10000419,13,13.17,2015-10-27,2015-10-27,On Time,171.21
PUR003459,2015-10-20,ST272,SUP001,FUR-FU-10002116,7,59.68,2015-10-27,2015-10-29,Late,417.76
PUR003460,2015-10-20,ST583,SUP009,OFF-PA-10000587,16,3.8,2015-10-26,2015-10-27,Late,60.8
PUR003461,2015-10-20,ST382,SUP012,OFF-PA-10002764,8,6.01,2015-10-27,2015-10-28,Late,48.08
PUR003462,2015-10-20,ST404,SUP009,OFF-ST-10000675,7,24.08,2015-10-23,2015-10-28,Late,168.56
PUR003463,2015-10-20,ST310,SUP005,TEC-MA-10003979,3,335.72,2015-10-24,2015-10-26,Late,1007.1600000000001
PUR003464,2015-10-20,ST588,SUP014,TEC-MA-10004679,4,254.81,2015-10-25,2015-10-24,Early,1019.24
PUR003465,2015-10-20,ST167,SUP014,OFF-PA-10004782,16,3.08,2015-10-24,2015-10-29,Late,49.28
PUR003466,2015-10-20,ST096,SUP014,TEC-PH-10003357,20,59.46,2015-10-23,2015-10-28,Late,1189.2
PUR003467,2015-10-20,ST601,SUP003,TEC-PH-10004165,6,209.31,2015-10-25,2015-10-29,Late,1255.8600000000001
PUR003468,2015-10-20,ST490,SUP004,TEC-PH-10000576,2,91.85,2015-10-25,2015-10-29,Late,183.7
PUR003469,2015-10-20,ST202,SUP010,TEC-AC-10004659,18,44.53,2015-10-23,2015-10-26,Late,801.54
PUR003470,2015-10-20,ST216,SUP002,FUR-FU-10003142,15,4.0,2015-10-27,2015-10-29,Late,60.0
PUR003471,2015-10-20,ST149,SUP002,TEC-PH-10002834,4,137.93,2015-10-26,2015-10-25,Early,551.72
PUR003472,2015-10-20,ST213,SUP002,TEC-PH-10001433,6,78.35,2015-10-24,2015-10-23,Early,470.09999999999997
PUR003473,2015-10-20,ST143,SUP013,FUR-CH-10000863,16,131.96,2015-10-23,2015-10-22,Early,2111.36
PUR003474,2015-10-20,ST413,SUP007,FUR-CH-10000847,4,198.79,2015-10-23,2015-10-23,On Time,795.16
PUR003475,2015-10-20,ST033,SUP010,TEC-PH-10003505,7,59.85,2015-10-26,2015-10-26,On Time,418.95
PUR003476,2015-10-20,ST542,SUP015,OFF-ST-10002615,12,118.46,2015-10-26,2015-10-26,On Time,1421.52
PUR003477,2015-10-20,ST220,SUP012,FUR-CH-10003981,8,197.98,2015-10-23,2015-10-24,Late,1583.84
PUR003478,2015-10-20,ST346,SUP007,OFF-PA-10001736,20,17.63,2015-10-24,2015-10-27,Late,352.59999999999997
PUR003479,2015-10-20,ST309,SUP008,FUR-FU-10003394,2,59.93,2015-10-27,2015-10-26,Early,119.86
PUR003480,2015-10-20,ST181,SUP005,OFF-AR-10002240,6,29.4,2015-10-23,2015-10-22,Early,176.39999999999998
PUR003481,2015-10-20,ST405,SUP009,FUR-TA-10002530,11,116.08,2015-10-27,2015-10-27,On Time,1276.8799999999999
PUR003482,2015-10-20,ST335,SUP010,FUR-TA-10002041,12,171.05,2015-10-24,2015-10-24,On Time,2052.6000000000004
PUR003483,2015-10-20,ST606,SUP001,FUR-TA-10002958,11,211.22,2015-10-24,2015-10-28,Late,2323.42
PUR003484,2015-10-20,ST390,SUP006,FUR-CH-10002965,13,161.23,2015-10-23,2015-10-28,Late,2095.99
PUR003485,2015-10-20,ST583,SUP004,OFF-PA-10000100,2,22.18,2015-10-27,2015-10-28,Late,44.36
PUR003486,2015-10-20,ST509,SUP010,OFF-PA-10000019,6,3.56,2015-10-23,2015-10-28,Late,21.36
PUR003487,2015-10-20,ST122,SUP008,FUR-FU-10004848,5,25.86,2015-10-24,2015-10-25,Late,129.3
PUR003488,2015-10-20,ST563,SUP006,OFF-ST-10000344,8,9.79,2015-10-25,2015-10-28,Late,78.32
PUR003489,2015-10-20,ST134,SUP013,FUR-BO-10004467,13,79.17,2015-10-24,2015-10-29,Late,1029.21
PUR003490,2015-10-20,ST160,SUP002,FUR-TA-10001520,2,56.39,2015-10-23,2015-10-23,On Time,112.78
PUR003491,2015-10-20,ST127,SUP007,FUR-FU-10002597,17,3.11,2015-10-25,2015-10-28,Late,52.87
PUR003492,2015-10-20,ST507,SUP009,OFF-BI-10004236,7,7.89,2015-10-25,2015-10-24,Early,55.23
PUR003493,2015-10-20,ST454,SUP001,OFF-PA-10000223,7,3.44,2015-10-23,2015-10-25,Late,24.08
PUR003494,2015-10-20,ST423,SUP001,FUR-FU-10001468,15,165.02,2015-10-24,2015-10-24,On Time,2475.3
PUR003495,2015-10-20,ST110,SUP009,OFF-AR-10003045,6,1.73,2015-10-25,2015-10-26,Late,10.379999999999999
PUR003496,2015-10-20,ST008,SUP003,FUR-CH-10000225,10,83.9,2015-10-24,2015-10-28,Late,839.0
PUR003497,2015-10-20,ST128,SUP001,FUR-TA-10004619,11,101.09,2015-10-23,2015-10-26,Late,1111.99
PUR003498,2015-10-20,ST509,SUP007,OFF-BI-10001097,13,3.44,2015-10-27,2015-11-01,Late,44.72
PUR003499,2015-10-20,ST316,SUP015,TEC-AC-10004145,16,187.43,2015-10-27,2015-10-26,Early,2998.88
PUR003500,2015-10-20,ST357,SUP011,FUR-FU-10000206,13,1.52,2015-10-25,2015-10-26,Late,19.76
PUR003501,2015-10-20,ST258,SUP004,OFF-AP-10002867,15,52.93,2015-10-26,2015-10-31,Late,793.95
PUR003502,2015-10-20,ST258,SUP013,FUR-CH-10000015,5,148.64,2015-10-26,2015-10-28,Late,743.1999999999999
PUR003503,2015-10-20,ST061,SUP009,OFF-BI-10000201,2,1.13,2015-10-23,2015-10-28,Late,2.26
PUR003504,2015-10-20,ST028,SUP004,OFF-PA-10004609,18,3.12,2015-10-26,2015-10-29,Late,56.160000000000004
PUR003505,2015-10-20,ST283,SUP007,OFF-PA-10003016,9,1.59,2015-10-23,2015-10-25,Late,14.31
PUR003506,2015-10-20,ST558,SUP001,OFF-EN-10002831,7,19.47,2015-10-23,2015-10-26,Late,136.29
PUR003507,2015-10-20,ST376,SUP011,OFF-AR-10003251,5,1.77,2015-10-26,2015-10-25,Early,8.85
PUR003508,2015-10-20,ST111,SUP014,OFF-AR-10003856,6,2.1,2015-10-25,2015-10-29,Late,12.600000000000001
PUR003509,2015-10-20,ST521,SUP004,OFF-PA-10001838,3,2.98,2015-10-23,2015-10-25,Late,8.94
PUR003510,2015-10-20,ST474,SUP001,OFF-BI-10001758,16,2.6,2015-10-24,2015-10-25,Late,41.6
PUR003511,2015-10-20,ST295,SUP014,OFF-ST-10002370,4,16.61,2015-10-25,2015-10-28,Late,66.44
PUR003512,2015-10-20,ST411,SUP004,OFF-PA-10004101,10,3.36,2015-10-24,2015-10-23,Early,33.6
PUR003513,2015-10-20,ST446,SUP010,FUR-CH-10000988,8,91.75,2015-10-24,2015-10-25,Late,734.0
PUR003514,2015-10-20,ST364,SUP011,FUR-TA-10001950,19,435.51,2015-10-26,2015-10-28,Late,8274.69
PUR003515,2015-10-20,ST031,SUP008,TEC-PH-10003012,15,111.44,2015-10-24,2015-10-23,Early,1671.6
PUR003516,2015-10-20,ST206,SUP004,TEC-AC-10004420,19,96.18,2015-10-27,2015-10-29,Late,1827.42
PUR003517,2015-10-20,ST451,SUP015,OFF-PA-10003465,7,10.5,2015-10-25,2015-10-30,Late,73.5
PUR003518,2015-10-20,ST153,SUP007,OFF-AP-10003057,15,181.07,2015-10-23,2015-10-24,Late,2716.0499999999997
PUR003519,2015-10-20,ST142,SUP004,OFF-BI-10004995,20,670.86,2015-10-26,2015-10-25,Early,13417.2
PUR003520,2015-10-20,ST413,SUP005,FUR-FU-10004270,3,5.54,2015-10-26,2015-10-28,Late,16.62
PUR003521,2015-11-05,ST604,SUP006,FUR-FU-10000073,5,4.96,2015-11-08,2015-11-13,Late,24.8
PUR003522,2015-11-05,ST458,SUP001,OFF-SU-10002557,4,10.96,2015-11-12,2015-11-14,Late,43.84
PUR003523,2015-11-05,ST039,SUP005,OFF-PA-10000380,16,3.86,2015-11-08,2015-11-12,Late,61.76
PUR003524,2015-11-05,ST566,SUP009,FUR-TA-10002533,10,118.84,2015-11-08,2015-11-13,Late,1188.4
PUR003525,2015-11-05,ST277,SUP014,OFF-PA-10002222,20,12.97,2015-11-12,2015-11-11,Early,259.40000000000003
PUR003526,2015-11-05,ST068,SUP012,OFF-PA-10000501,12,13.06,2015-11-10,2015-11-15,Late,156.72
PUR003527,2015-11-05,ST624,SUP010,OFF-AR-10000122,7,3.8,2015-11-12,2015-11-11,Early,26.599999999999998
PUR003528,2015-11-05,ST613,SUP014,TEC-PH-10001557,20,67.24,2015-11-11,2015-11-13,Late,1344.8
PUR003529,2015-11-05,ST230,SUP011,OFF-BI-10002429,18,17.38,2015-11-08,2015-11-08,On Time,312.84
PUR003530,2015-11-05,ST124,SUP011,OFF-AR-10003158,16,2.67,2015-11-11,2015-11-13,Late,42.72
PUR003531,2015-11-05,ST421,SUP002,OFF-BI-10004654,19,4.86,2015-11-11,2015-11-10,Early,92.34
PUR003532,2015-11-05,ST051,SUP005,OFF-BI-10001116,6,2.59,2015-11-11,2015-11-13,Late,15.54
PUR003533,2015-11-05,ST179,SUP004,OFF-BI-10004593,20,26.97,2015-11-10,2015-11-12,Late,539.4
PUR003534,2015-11-05,ST528,SUP012,OFF-BI-10003719,7,12.69,2015-11-12,2015-11-15,Late,88.83
PUR003535,2015-11-05,ST117,SUP015,OFF-ST-10003656,11,94.65,2015-11-12,2015-11-14,Late,1041.15
PUR003536,2015-11-05,ST271,SUP014,OFF-BI-10004209,2,4.04,2015-11-09,2015-11-11,Late,8.08
PUR003537,2015-11-05,ST053,SUP008,OFF-PA-10000859,6,1.8,2015-11-12,2015-11-14,Late,10.8
PUR003538,2015-11-05,ST092,SUP002,OFF-PA-10003823,19,18.21,2015-11-11,2015-11-10,Early,345.99
PUR003539,2015-11-05,ST029,SUP011,OFF-BI-10002225,7,11.08,2015-11-10,2015-11-09,Early,77.56
PUR003540,2015-11-05,ST086,SUP013,OFF-SU-10002881,19,888.58,2015-11-09,2015-11-10,Late,16883.02
PUR003541,2015-11-05,ST599,SUP009,TEC-PH-10003645,20,119.9,2015-11-11,2015-11-11,On Time,2398.0
PUR003542,2015-11-05,ST023,SUP008,FUR-FU-10003975,5,35.73,2015-11-12,2015-11-15,Late,178.64999999999998
PUR003543,2015-11-05,ST521,SUP015,TEC-PH-10003012,20,119.49,2015-11-08,2015-11-13,Late,2389.7999999999997
PUR003544,2015-11-05,ST409,SUP015,OFF-ST-10000025,4,98.15,2015-11-10,2015-11-11,Late,392.6
PUR003545,2015-11-05,ST124,SUP013,FUR-FU-10004053,19,10.7,2015-11-11,2015-11-12,Late,203.29999999999998
PUR003546,2015-11-05,ST239,SUP015,FUR-BO-10004360,18,140.42,2015-11-12,2015-11-14,Late,2527.56
PUR003547,2015-11-05,ST012,SUP015,OFF-AR-10004648,18,14.34,2015-11-12,2015-11-12,On Time,258.12
PUR003548,2015-11-05,ST554,SUP005,TEC-PH-10001809,3,119.48,2015-11-08,2015-11-10,Late,358.44
PUR003549,2015-11-05,ST096,SUP011,OFF-AR-10003752,17,6.01,2015-11-09,2015-11-14,Late,102.17
PUR003550,2015-11-05,ST307,SUP002,TEC-PH-10001198,8,51.25,2015-11-12,2015-11-14,Late,410.0
PUR003551,2015-11-05,ST087,SUP011,OFF-EN-10001335,4,5.76,2015-11-09,2015-11-12,Late,23.04
PUR003552,2015-11-05,ST277,SUP010,OFF-AR-10003856,17,2.13,2015-11-09,2015-11-12,Late,36.21
PUR003553,2015-11-05,ST155,SUP009,FUR-CH-10002647,15,53.87,2015-11-11,2015-11-15,Late,808.05
PUR003554,2015-11-05,ST489,SUP011,TEC-PH-10004922,14,51.03,2015-11-08,2015-11-09,Late,714.4200000000001
PUR003555,2015-11-05,ST121,SUP004,OFF-ST-10001172,3,16.23,2015-11-10,2015-11-15,Late,48.69
PUR003556,2015-11-05,ST116,SUP007,FUR-FU-10004909,4,11.11,2015-11-10,2015-11-12,Late,44.44
PUR003557,2015-11-05,ST255,SUP009,TEC-AC-10003116,3,10.82,2015-11-09,2015-11-11,Late,32.46
PUR003558,2015-11-05,ST567,SUP013,OFF-PA-10000791,11,2.71,2015-11-12,2015-11-12,On Time,29.81
PUR003559,2015-11-05,ST110,SUP006,FUR-CH-10004675,12,164.02,2015-11-11,2015-11-14,Late,1968.2400000000002
PUR003560,2015-11-05,ST047,SUP011,OFF-EN-10003567,14,10.91,2015-11-12,2015-11-14,Late,152.74
PUR003561,2015-11-05,ST393,SUP007,OFF-LA-10001641,11,1.75,2015-11-12,2015-11-12,On Time,19.25
PUR003562,2015-11-05,ST027,SUP007,TEC-PH-10004071,10,7.93,2015-11-10,2015-11-12,Late,79.3
PUR003563,2015-11-05,ST455,SUP002,OFF-BI-10001078,18,2.64,2015-11-08,2015-11-08,On Time,47.52
PUR003564,2015-11-05,ST146,SUP007,OFF-PA-10000357,19,24.07,2015-11-09,2015-11-10,Late,457.33
PUR003565,2015-11-05,ST417,SUP014,OFF-BI-10000948,20,7.96,2015-11-10,2015-11-13,Late,159.2
PUR003566,2015-11-05,ST588,SUP009,OFF-BI-10001543,19,17.31,2015-11-09,2015-11-10,Late,328.89
PUR003567,2015-11-05,ST514,SUP012,TEC-PH-10000560,19,246.96,2015-11-09,2015-11-12,Late,4692.24
PUR003568,2015-11-05,ST265,SUP003,OFF-FA-10000053,3,1.99,2015-11-11,2015-11-13,Late,5.97
PUR003569,2015-11-05,ST540,SUP013,OFF-BI-10000320,6,4.13,2015-11-11,2015-11-14,Late,24.78
PUR003570,2015-11-05,ST065,SUP001,OFF-AR-10001149,20,1.74,2015-11-08,2015-11-09,Late,34.8
PUR003571,2015-11-05,ST116,SUP014,OFF-LA-10001934,4,3.65,2015-11-12,2015-11-17,Late,14.6
PUR003572,2015-11-05,ST615,SUP013,FUR-CH-10002024,9,544.83,2015-11-09,2015-11-14,Late,4903.47
PUR003573,2015-11-05,ST239,SUP002,FUR-FU-10002885,8,3.12,2015-11-09,2015-11-11,Late,24.96
PUR003574,2015-11-05,ST192,SUP006,OFF-ST-10002406,15,11.63,2015-11-09,2015-11-08,Early,174.45000000000002
PUR003575,2015-11-05,ST097,SUP009,OFF-PA-10002245,10,3.17,2015-11-11,2015-11-12,Late,31.7
PUR003576,2015-11-05,ST286,SUP006,OFF-BI-10002072,2,4.7,2015-11-10,2015-11-12,Late,9.4
PUR003577,2015-11-05,ST100,SUP010,FUR-FU-10001290,6,27.27,2015-11-11,2015-11-12,Late,163.62
PUR003578,2015-11-05,ST297,SUP012,OFF-AR-10000658,3,8.94,2015-11-10,2015-11-09,Early,26.82
PUR003579,2015-11-05,ST065,SUP014,FUR-CH-10000513,20,116.31,2015-11-11,2015-11-16,Late,2326.2
PUR003580,2015-11-05,ST067,SUP015,FUR-FU-10001706,17,1.73,2015-11-12,2015-11-12,On Time,29.41
PUR003581,2015-11-05,ST560,SUP010,OFF-ST-10001522,10,89.98,2015-11-08,2015-11-11,Late,899.8000000000001
PUR003582,2015-11-05,ST003,SUP012,TEC-AC-10001553,19,14.65,2015-11-11,2015-11-13,Late,278.35
PUR003583,2015-11-05,ST082,SUP005,OFF-FA-10000134,19,3.72,2015-11-11,2015-11-12,Late,70.68
PUR003584,2015-11-05,ST232,SUP002,FUR-CH-10004063,15,203.74,2015-11-10,2015-11-13,Late,3056.1000000000004
PUR003585,2015-11-05,ST386,SUP011,OFF-LA-10003121,7,2.42,2015-11-10,2015-11-13,Late,16.939999999999998
PUR003586,2015-11-05,ST255,SUP009,FUR-FU-10000023,15,3.38,2015-11-12,2015-11-14,Late,50.699999999999996
PUR003587,2015-11-05,ST519,SUP015,OFF-BI-10000848,19,2.92,2015-11-11,2015-11-14,Late,55.48
PUR003588,2015-11-05,ST093,SUP014,TEC-PH-10000376,11,7.67,2015-11-10,2015-11-11,Late,84.37
PUR003589,2015-11-05,ST051,SUP006,OFF-PA-10002870,20,3.27,2015-11-08,2015-11-07,Early,65.4
PUR003590,2015-11-05,ST185,SUP011,FUR-BO-10000362,6,137.51,2015-11-08,2015-11-13,Late,825.06
PUR003591,2015-11-05,ST391,SUP004,OFF-FA-10000304,17,1.41,2015-11-08,2015-11-09,Late,23.97
PUR003592,2015-11-05,ST433,SUP002,FUR-CH-10000553,5,22.65,2015-11-08,2015-11-08,On Time,113.25
PUR003593,2015-11-05,ST405,SUP009,OFF-BI-10001525,19,2.2,2015-11-09,2015-11-11,Late,41.800000000000004
PUR003594,2015-11-05,ST129,SUP012,OFF-ST-10000876,12,8.51,2015-11-08,2015-11-11,Late,102.12
PUR003595,2015-11-05,ST614,SUP006,OFF-PA-10003016,20,1.64,2015-11-08,2015-11-10,Late,32.8
PUR003596,2015-11-05,ST609,SUP001,FUR-BO-10004015,17,84.38,2015-11-12,2015-11-13,Late,1434.46
PUR003597,2015-11-05,ST257,SUP010,OFF-AR-10004602,6,15.89,2015-11-09,2015-11-08,Early,95.34
PUR003598,2015-11-05,ST281,SUP007,OFF-AP-10002945,11,218.38,2015-11-12,2015-11-15,Late,2402.18
PUR003599,2015-11-05,ST052,SUP007,FUR-CH-10002335,15,165.43,2015-11-10,2015-11-15,Late,2481.4500000000003
PUR003600,2015-11-05,ST319,SUP001,OFF-BI-10000301,15,3.08,2015-11-10,2015-11-12,Late,46.2
PUR003601,2015-11-20,ST349,SUP008,FUR-TA-10001950,13,405.5,2015-11-27,2015-11-26,Early,5271.5
PUR003602,2015-11-20,ST327,SUP005,OFF-BI-10002571,20,5.24,2015-11-24,2015-11-24,On Time,104.80000000000001
PUR003603,2015-11-20,ST436,SUP001,OFF-BI-10004209,18,4.69,2015-11-24,2015-11-24,On Time,84.42
PUR003604,2015-11-20,ST391,SUP007,TEC-AC-10003198,13,59.71,2015-11-24,2015-11-29,Late,776.23
PUR003605,2015-11-20,ST297,SUP006,OFF-BI-10001890,7,1.96,2015-11-23,2015-11-22,Early,13.719999999999999
PUR003606,2015-11-20,ST623,SUP010,TEC-PH-10004094,14,120.1,2015-11-25,2015-11-25,On Time,1681.3999999999999
PUR003607,2015-11-20,ST436,SUP015,FUR-FU-10002298,3,84.07,2015-11-24,2015-11-29,Late,252.20999999999998
PUR003608,2015-11-20,ST302,SUP003,FUR-CH-10000785,7,123.7,2015-11-24,2015-11-29,Late,865.9
PUR003609,2015-11-20,ST490,SUP015,TEC-PH-10002415,16,218.04,2015-11-26,2015-11-27,Late,3488.64
PUR003610,2015-11-20,ST628,SUP006,FUR-BO-10001811,14,195.28,2015-11-23,2015-11-25,Late,2733.92
PUR003611,2015-11-20,ST288,SUP003,TEC-AC-10002001,2,92.8,2015-11-23,2015-11-22,Early,185.6
PUR003612,2015-11-20,ST516,SUP014,OFF-AR-10004602,13,17.91,2015-11-25,2015-11-28,Late,232.83
PUR003613,2015-11-20,ST007,SUP001,FUR-TA-10003469,18,119.8,2015-11-27,2015-11-26,Early,2156.4
PUR003614,2015-11-20,ST406,SUP009,TEC-PH-10000486,5,81.93,2015-11-26,2015-11-30,Late,409.65000000000003
PUR003615,2015-11-20,ST201,SUP003,OFF-ST-10002562,17,7.42,2015-11-23,2015-11-23,On Time,126.14
PUR003616,2015-11-20,ST455,SUP006,TEC-AC-10001383,20,21.14,2015-11-23,2015-11-28,Late,422.8
PUR003617,2015-11-20,ST419,SUP012,OFF-PA-10001804,10,3.44,2015-11-25,2015-11-30,Late,34.4
PUR003618,2015-11-20,ST078,SUP007,TEC-AC-10000358,7,29.67,2015-11-24,2015-11-28,Late,207.69
PUR003619,2015-11-20,ST209,SUP001,TEC-AC-10000682,5,11.69,2015-11-27,2015-11-28,Late,58.449999999999996
PUR003620,2015-11-20,ST491,SUP015,OFF-BI-10001757,9,2.68,2015-11-25,2015-11-25,On Time,24.12
PUR003621,2015-11-20,ST396,SUP010,OFF-BI-10002012,15,0.91,2015-11-27,2015-11-26,Early,13.65
PUR003622,2015-11-20,ST173,SUP014,OFF-BI-10004364,16,3.3,2015-11-25,2015-11-26,Late,52.8
PUR003623,2015-11-20,ST127,SUP003,TEC-AC-10002049,18,145.41,2015-11-27,2015-12-01,Late,2617.38
PUR003624,2015-11-20,ST260,SUP015,TEC-AC-10002253,9,141.4,2015-11-25,2015-11-30,Late,1272.6000000000001
PUR003625,2015-11-20,ST440,SUP011,FUR-BO-10004834,10,616.92,2015-11-25,2015-11-26,Late,6169.2
PUR003626,2015-11-20,ST347,SUP008,TEC-PH-10003988,13,7.51,2015-11-24,2015-11-29,Late,97.63
PUR003627,2015-11-20,ST115,SUP002,OFF-PA-10000552,8,3.6,2015-11-24,2015-11-24,On Time,28.8
PUR003628,2015-11-20,ST293,SUP008,OFF-AP-10003040,6,27.04,2015-11-27,2015-11-30,Late,162.24
PUR003629,2015-11-20,ST087,SUP010,FUR-BO-10003159,17,108.44,2015-11-26,2015-11-28,Late,1843.48
PUR003630,2015-11-20,ST301,SUP004,OFF-EN-10001141,14,5.9,2015-11-24,2015-11-26,Late,82.60000000000001
PUR003631,2015-11-20,ST569,SUP014,TEC-AC-10003610,7,28.27,2015-11-27,2015-11-29,Late,197.89
PUR003632,2015-11-20,ST487,SUP015,OFF-BI-10004182,7,1.13,2015-11-25,2015-11-29,Late,7.909999999999999
PUR003633,2015-11-20,ST069,SUP001,OFF-LA-10001613,2,1.51,2015-11-27,2015-12-02,Late,3.02
PUR003634,2015-11-20,ST043,SUP014,OFF-PA-10004100,14,3.68,2015-11-25,2015-11-26,Late,51.52
PUR003635,2015-11-20,ST236,SUP010,OFF-PA-10002713,8,3.37,2015-11-25,2015-11-29,Late,26.96
PUR003636,2015-11-20,ST274,SUP003,OFF-PA-10001125,19,17.05,2015-11-27,2015-11-27,On Time,323.95
PUR003637,2015-11-20,ST313,SUP015,OFF-PA-10003016,12,1.85,2015-11-23,2015-11-22,Early,22.200000000000003
PUR003638,2015-11-20,ST406,SUP012,OFF-ST-10004963,5,14.58,2015-11-26,2015-11-28,Late,72.9
PUR003639,2015-11-20,ST069,SUP015,TEC-PH-10004977,18,133.21,2015-11-26,2015-11-27,Late,2397.78
PUR003640,2015-11-20,ST369,SUP005,OFF-LA-10000414,7,5.14,2015-11-25,2015-11-26,Late,35.98
PUR003641,2015-11-20,ST216,SUP009,FUR-TA-10001095,15,125.39,2015-11-27,2015-11-28,Late,1880.85
PUR003642,2015-11-20,ST223,SUP010,OFF-BI-10001524,4,10.86,2015-11-26,2015-11-30,Late,43.44
PUR003643,2015-11-20,ST329,SUP011,OFF-BI-10002026,19,24.75,2015-11-24,2015-11-28,Late,470.25
PUR003644,2015-11-20,ST515,SUP008,TEC-PH-10000149,5,13.72,2015-11-27,2015-12-01,Late,68.60000000000001
PUR003645,2015-11-20,ST396,SUP012,OFF-PA-10003063,10,2.24,2015-11-27,2015-11-30,Late,22.400000000000002
PUR003646,2015-11-20,ST541,SUP010,FUR-TA-10002041,20,157.19,2015-11-27,2015-12-02,Late,3143.8
PUR003647,2015-11-20,ST614,SUP013,OFF-AR-10004260,6,20.15,2015-11-23,2015-11-24,Late,120.89999999999999
PUR003648,2015-11-20,ST137,SUP012,FUR-FU-10002885,12,2.98,2015-11-26,2015-11-25,Early,35.76
PUR003649,2015-11-20,ST141,SUP011,OFF-ST-10000943,10,14.85,2015-11-25,2015-11-27,Late,148.5
PUR003650,2015-11-20,ST613,SUP002,OFF-BI-10004022,9,1.36,2015-11-27,2015-12-01,Late,12.24
PUR003651,2015-11-20,ST275,SUP003,FUR-FU-10001488,14,88.35,2015-11-24,2015-11-24,On Time,1236.8999999999999
PUR003652,2015-11-20,ST461,SUP010,OFF-AR-10000246,19,2.12,2015-11-24,2015-11-27,Late,40.28
PUR003653,2015-11-20,ST106,SUP013,FUR-FU-10003142,9,3.45,2015-11-24,2015-11-23,Early,31.05
PUR003654,2015-11-20,ST161,SUP007,FUR-TA-10001771,19,173.23,2015-11-27,2015-11-27,On Time,3291.37
PUR003655,2015-11-20,ST051,SUP009,OFF-PA-10004285,7,3.49,2015-11-27,2015-11-30,Late,24.43
PUR003656,2015-11-20,ST046,SUP002,TEC-CO-10002095,8,256.72,2015-11-23,2015-11-22,Early,2053.76
PUR003657,2015-11-20,ST003,SUP015,OFF-AP-10002518,7,119.54,2015-11-23,2015-11-22,Early,836.7800000000001
PUR003658,2015-11-20,ST389,SUP007,OFF-BI-10002437,18,7.62,2015-11-23,2015-11-22,Early,137.16
PUR003659,2015-11-20,ST612,SUP011,FUR-FU-10000320,2,1.87,2015-11-27,2015-12-02,Late,3.74
PUR003660,2015-11-20,ST012,SUP002,OFF-PA-10004665,17,6.97,2015-11-27,2015-11-26,Early,118.49
PUR003661,2015-11-20,ST096,SUP007,OFF-ST-10001128,11,100.96,2015-11-25,2015-11-24,Early,1110.56
PUR003662,2015-11-20,ST327,SUP005,OFF-BI-10002764,9,1.78,2015-11-24,2015-11-28,Late,16.02
PUR003663,2015-11-20,ST049,SUP013,OFF-PA-10000788,4,3.43,2015-11-26,2015-11-27,Late,13.72
PUR003664,2015-11-20,ST564,SUP013,OFF-AR-10002375,15,2.46,2015-11-24,2015-11-24,On Time,36.9
PUR003665,2015-11-20,ST603,SUP014,OFF-ST-10004507,12,12.04,2015-11-25,2015-11-30,Late,144.48
PUR003666,2015-11-20,ST018,SUP004,FUR-FU-10004963,5,4.6,2015-11-26,2015-12-01,Late,23.0
PUR003667,2015-11-20,ST379,SUP001,OFF-LA-10000240,14,4.2,2015-11-25,2015-11-26,Late,58.800000000000004
PUR003668,2015-11-20,ST077,SUP014,TEC-PH-10003171,20,31.58,2015-11-25,2015-11-24,Early,631.5999999999999
PUR003669,2015-11-20,ST400,SUP015,FUR-FU-10000409,3,7.99,2015-11-26,2015-11-27,Late,23.97
PUR003670,2015-11-20,ST403,SUP015,OFF-BI-10003460,4,2.08,2015-11-25,2015-11-26,Late,8.32
PUR003671,2015-11-20,ST231,SUP012,OFF-PA-10002377,4,11.81,2015-11-25,2015-11-24,Early,47.24
PUR003672,2015-11-20,ST409,SUP002,FUR-FU-10004864,16,30.65,2015-11-27,2015-12-02,Late,490.4
PUR003673,2015-11-20,ST481,SUP010,OFF-EN-10001990,20,2.87,2015-11-23,2015-11-26,Late,57.400000000000006
PUR003674,2015-11-20,ST200,SUP009,OFF-AR-10000475,2,8.29,2015-11-26,2015-11-28,Late,16.58
PUR003675,2015-11-20,ST145,SUP009,OFF-SU-10001574,19,2.4,2015-11-26,2015-11-29,Late,45.6
PUR003676,2015-11-20,ST164,SUP007,OFF-PA-10004451,20,3.41,2015-11-26,2015-11-29,Late,68.2
PUR003677,2015-11-20,ST240,SUP009,OFF-AR-10000462,16,0.96,2015-11-27,2015-11-29,Late,15.36
PUR003678,2015-11-20,ST580,SUP015,OFF-PA-10002464,19,2.98,2015-11-23,2015-11-25,Late,56.62
PUR003679,2015-11-20,ST497,SUP011,OFF-EN-10001434,18,29.54,2015-11-27,2015-11-26,Early,531.72
PUR003680,2015-11-20,ST606,SUP013,OFF-PA-10003022,13,6.14,2015-11-26,2015-11-26,On Time,79.82
PUR003681,2015-12-05,ST584,SUP002,TEC-PH-10000215,13,25.28,2015-12-11,2015-12-13,Late,328.64
PUR003682,2015-12-05,ST130,SUP004,OFF-ST-10001837,2,32.87,2015-12-08,2015-12-07,Early,65.74
PUR003683,2015-12-05,ST368,SUP012,TEC-PH-10002103,6,66.75,2015-12-11,2015-12-16,Late,400.5
PUR003684,2015-12-05,ST192,SUP014,OFF-AP-10000026,18,43.96,2015-12-11,2015-12-10,Early,791.28
PUR003685,2015-12-05,ST006,SUP009,TEC-AC-10002800,11,35.6,2015-12-12,2015-12-13,Late,391.6
PUR003686,2015-12-05,ST473,SUP013,OFF-ST-10003816,6,147.63,2015-12-10,2015-12-11,Late,885.78
PUR003687,2015-12-05,ST472,SUP002,OFF-AR-10003394,18,2.07,2015-12-11,2015-12-13,Late,37.26
PUR003688,2015-12-05,ST142,SUP011,TEC-PH-10003357,11,57.34,2015-12-11,2015-12-12,Late,630.74
PUR003689,2015-12-05,ST077,SUP013,OFF-PA-10000100,14,21.33,2015-12-08,2015-12-11,Late,298.62
PUR003690,2015-12-05,ST624,SUP002,FUR-FU-10001918,19,2.68,2015-12-12,2015-12-14,Late,50.92
PUR003691,2015-12-05,ST167,SUP003,OFF-AR-10003903,6,29.93,2015-12-09,2015-12-12,Late,179.57999999999998
PUR003692,2015-12-05,ST077,SUP010,OFF-ST-10001418,17,57.78,2015-12-11,2015-12-10,Early,982.26
PUR003693,2015-12-05,ST273,SUP006,FUR-FU-10002456,10,4.33,2015-12-09,2015-12-08,Early,43.3
PUR003694,2015-12-05,ST382,SUP005,FUR-FU-10004071,19,86.7,2015-12-11,2015-12-16,Late,1647.3
PUR003695,2015-12-05,ST518,SUP013,OFF-BI-10001249,3,3.32,2015-12-09,2015-12-08,Early,9.959999999999999
PUR003696,2015-12-05,ST376,SUP014,OFF-BI-10000773,20,3.95,2015-12-11,2015-12-16,Late,79.0
PUR003697,2015-12-05,ST051,SUP001,OFF-ST-10003282,2,44.84,2015-12-08,2015-12-12,Late,89.68
PUR003698,2015-12-05,ST351,SUP012,TEC-AC-10002567,14,48.32,2015-12-11,2015-12-12,Late,676.48
PUR003699,2015-12-05,ST140,SUP004,TEC-PH-10003012,3,108.44,2015-12-10,2015-12-15,Late,325.32
PUR003700,2015-12-05,ST167,SUP009,TEC-PH-10002834,17,148.27,2015-12-12,2015-12-15,Late,2520.59
PUR003701,2015-12-05,ST287,SUP015,OFF-ST-10000675,12,27.39,2015-12-08,2015-12-07,Early,328.68
PUR003702,2015-12-05,ST530,SUP011,FUR-FU-10002111,4,4.5,2015-12-09,2015-12-09,On Time,18.0
PUR003703,2015-12-05,ST093,SUP004,OFF-FA-10004838,10,1.88,2015-12-09,2015-12-11,Late,18.799999999999997
PUR003704,2015-12-05,ST556,SUP015,OFF-ST-10003479,4,36.18,2015-12-10,2015-12-09,Early,144.72
PUR003705,2015-12-05,ST360,SUP013,OFF-AR-10004685,17,2.83,2015-12-12,2015-12-16,Late,48.11
PUR003706,2015-12-05,ST381,SUP010,OFF-ST-10000642,3,17.92,2015-12-08,2015-12-11,Late,53.760000000000005
PUR003707,2015-12-05,ST112,SUP015,OFF-AR-10003759,7,1.07,2015-12-08,2015-12-09,Late,7.49
PUR003708,2015-12-05,ST045,SUP012,FUR-FU-10000308,7,47.8,2015-12-10,2015-12-10,On Time,334.59999999999997
PUR003709,2015-12-05,ST140,SUP010,FUR-CH-10002965,16,133.61,2015-12-09,2015-12-08,Early,2137.76
PUR003710,2015-12-05,ST441,SUP013,OFF-ST-10001228,3,10.26,2015-12-12,2015-12-13,Late,30.78
PUR003711,2015-12-05,ST263,SUP008,FUR-CH-10004626,2,69.08,2015-12-08,2015-12-11,Late,138.16
PUR003712,2015-12-05,ST336,SUP009,OFF-PA-10002254,20,15.06,2015-12-10,2015-12-10,On Time,301.2
PUR003713,2015-12-05,ST480,SUP009,OFF-AR-10004078,6,4.33,2015-12-11,2015-12-14,Late,25.98
PUR003714,2015-12-05,ST423,SUP014,OFF-ST-10002574,19,140.16,2015-12-10,2015-12-10,On Time,2663.04
PUR003715,2015-12-05,ST119,SUP008,OFF-BI-10000136,10,2.97,2015-12-11,2015-12-16,Late,29.700000000000003
PUR003716,2015-12-05,ST528,SUP013,FUR-CH-10000454,4,186.48,2015-12-09,2015-12-11,Late,745.92
PUR003717,2015-12-05,ST552,SUP013,OFF-BI-10004995,8,779.73,2015-12-08,2015-12-08,On Time,6237.84
PUR003718,2015-12-05,ST047,SUP006,TEC-AC-10004227,4,11.08,2015-12-09,2015-12-10,Late,44.32
PUR003719,2015-12-05,ST228,SUP007,TEC-PH-10001809,19,116.15,2015-12-09,2015-12-08,Early,2206.85
PUR003720,2015-12-05,ST369,SUP004,OFF-BI-10002949,16,3.48,2015-12-11,2015-12-12,Late,55.68
PUR003721,2015-12-05,ST248,SUP014,OFF-BI-10004465,18,4.17,2015-12-10,2015-12-15,Late,75.06
PUR003722,2015-12-05,ST416,SUP001,TEC-PH-10002923,6,26.57,2015-12-10,2015-12-13,Late,159.42000000000002
PUR003723,2015-12-05,ST459,SUP007,OFF-EN-10004459,15,3.54,2015-12-09,2015-12-12,Late,53.1
PUR003724,2015-12-05,ST258,SUP012,OFF-AR-10004956,19,3.74,2015-12-10,2015-12-13,Late,71.06
PUR003725,2015-12-05,ST182,SUP005,FUR-FU-10001602,18,29.21,2015-12-10,2015-12-15,Late,525.78
PUR003726,2015-12-05,ST306,SUP013,FUR-FU-10000965,9,29.93,2015-12-11,2015-12-11,On Time,269.37
PUR003727,2015-12-05,ST055,SUP006,FUR-FU-10004864,19,27.65,2015-12-11,2015-12-16,Late,525.35
PUR003728,2015-12-05,ST052,SUP012,OFF-PA-10004888,16,3.66,2015-12-11,2015-12-12,Late,58.56
PUR003729,2015-12-05,ST082,SUP006,TEC-PH-10004959,16,77.17,2015-12-10,2015-12-12,Late,1234.72
PUR003730,2015-12-05,ST010,SUP003,OFF-PA-10002036,7,3.11,2015-12-12,2015-12-11,Early,21.77
PUR003731,2015-12-05,ST333,SUP015,OFF-PA-10004071,19,31.37,2015-12-08,2015-12-07,Early,596.03
PUR003732,2015-12-05,ST029,SUP005,OFF-AR-10003514,17,2.74,2015-12-12,2015-12-11,Early,46.580000000000005
PUR003733,2015-12-05,ST103,SUP002,TEC-PH-10000923,9,7.03,2015-12-11,2015-12-16,Late,63.27
PUR003734,2015-12-05,ST616,SUP002,OFF-ST-10002205,18,17.68,2015-12-08,2015-12-08,On Time,318.24
PUR003735,2015-12-05,ST456,SUP012,OFF-BI-10004656,12,1.19,2015-12-11,2015-12-10,Early,14.28
PUR003736,2015-12-05,ST416,SUP001,FUR-CH-10000863,7,125.45,2015-12-12,2015-12-13,Late,878.15
PUR003737,2015-12-05,ST275,SUP015,OFF-ST-10001526,9,85.75,2015-12-08,2015-12-12,Late,771.75
PUR003738,2015-12-05,ST085,SUP015,TEC-AC-10002402,7,61.57,2015-12-09,2015-12-09,On Time,430.99
PUR003739,2015-12-05,ST580,SUP013,OFF-ST-10002301,16,21.75,2015-12-10,2015-12-15,Late,348.0
PUR003740,2015-12-05,ST428,SUP014,FUR-FU-10004960,3,13.68,2015-12-08,2015-12-07,Early,41.04
PUR003741,2015-12-05,ST188,SUP004,OFF-ST-10004123,12,83.9,2015-12-10,2015-12-15,Late,1006.8000000000001
PUR003742,2015-12-05,ST348,SUP011,FUR-FU-10004245,20,11.97,2015-12-08,2015-12-10,Late,239.4
PUR003743,2015-12-05,ST505,SUP014,TEC-PH-10004833,11,10.86,2015-12-08,2015-12-13,Late,119.46
PUR003744,2015-12-05,ST133,SUP014,TEC-PH-10002070,16,16.39,2015-12-11,2015-12-14,Late,262.24
PUR003745,2015-12-05,ST605,SUP006,OFF-AP-10000358,19,8.39,2015-12-10,2015-12-14,Late,159.41000000000003
PUR003746,2015-12-05,ST068,SUP011,FUR-CH-10002024,2,607.16,2015-12-08,2015-12-07,Early,1214.32
PUR003747,2015-12-05,ST222,SUP011,OFF-EN-10003845,14,1.91,2015-12-10,2015-12-15,Late,26.74
PUR003748,2015-12-05,ST593,SUP015,OFF-BI-10000756,2,1.99,2015-12-08,2015-12-07,Early,3.98
PUR003749,2015-12-05,ST220,SUP001,OFF-BI-10000545,10,368.94,2015-12-11,2015-12-10,Early,3689.4
PUR003750,2015-12-05,ST292,SUP013,OFF-ST-10000036,18,73.73,2015-12-08,2015-12-07,Early,1327.14
PUR003751,2015-12-05,ST097,SUP010,OFF-BI-10001575,19,15.46,2015-12-09,2015-12-13,Late,293.74
PUR003752,2015-12-05,ST179,SUP010,TEC-PH-10003589,12,10.07,2015-12-12,2015-12-13,Late,120.84
PUR003753,2015-12-05,ST383,SUP004,OFF-ST-10002756,13,140.92,2015-12-12,2015-12-13,Late,1831.9599999999998
PUR003754,2015-12-05,ST073,SUP007,OFF-ST-10001963,6,89.43,2015-12-08,2015-12-07,Early,536.58
PUR003755,2015-12-05,ST592,SUP010,FUR-FU-10002963,15,3.66,2015-12-08,2015-12-12,Late,54.900000000000006
PUR003756,2015-12-05,ST561,SUP007,OFF-PA-10003441,2,3.3,2015-12-08,2015-12-07,Early,6.6
PUR003757,2015-12-05,ST489,SUP008,TEC-AC-10002842,19,97.7,2015-12-10,2015-12-09,Early,1856.3
PUR003758,2015-12-05,ST274,SUP009,OFF-PA-10000143,9,3.02,2015-12-09,2015-12-13,Late,27.18
PUR003759,2015-12-05,ST296,SUP010,OFF-BI-10004099,8,3.96,2015-12-10,2015-12-13,Late,31.68
PUR003760,2015-12-05,ST003,SUP001,OFF-PA-10001667,13,3.53,2015-12-11,2015-12-13,Late,45.89
PUR003761,2015-12-20,ST161,SUP014,OFF-AP-10003849,16,261.76,2015-12-25,2015-12-26,Late,4188.16
PUR003762,2015-12-20,ST357,SUP011,OFF-PA-10000482,2,18.97,2015-12-23,2015-12-22,Early,37.94
PUR003763,2015-12-20,ST321,SUP007,FUR-FU-10000246,17,8.06,2015-12-25,2015-12-25,On Time,137.02
PUR003764,2015-12-20,ST471,SUP002,OFF-LA-10000407,14,2.52,2015-12-27,2015-12-28,Late,35.28
PUR003765,2015-12-20,ST192,SUP011,OFF-BI-10001718,7,34.47,2015-12-27,2015-12-31,Late,241.29
PUR003766,2015-12-20,ST316,SUP004,OFF-FA-10000624,6,1.69,2015-12-25,2015-12-30,Late,10.14
PUR003767,2015-12-20,ST033,SUP012,OFF-AR-10001860,5,4.06,2015-12-27,2015-12-26,Early,20.299999999999997
PUR003768,2015-12-20,ST365,SUP001,OFF-FA-10004854,15,6.5,2015-12-24,2015-12-23,Early,97.5
PUR003769,2015-12-20,ST523,SUP007,OFF-ST-10002352,19,5.97,2015-12-25,2015-12-25,On Time,113.42999999999999
PUR003770,2015-12-20,ST120,SUP015,OFF-ST-10001328,2,10.39,2015-12-23,2015-12-25,Late,20.78
PUR003771,2015-12-20,ST140,SUP013,TEC-AC-10001142,14,70.3,2015-12-27,2015-12-26,Early,984.1999999999999
PUR003772,2015-12-20,ST468,SUP006,OFF-ST-10003638,11,18.45,2015-12-25,2015-12-30,Late,202.95
PUR003773,2015-12-20,ST462,SUP009,FUR-CH-10003379,20,216.15,2015-12-25,2015-12-30,Late,4323.0
PUR003774,2015-12-20,ST176,SUP002,OFF-ST-10000934,20,43.94,2015-12-27,2015-12-31,Late,878.8
PUR003775,2015-12-20,ST172,SUP005,OFF-AR-10001044,20,19.45,2015-12-26,2015-12-25,Early,389.0
PUR003776,2015-12-20,ST430,SUP004,OFF-BI-10000756,9,2.31,2015-12-24,2015-12-29,Late,20.79
PUR003777,2015-12-20,ST469,SUP003,OFF-BI-10000301,2,3.48,2015-12-25,2015-12-26,Late,6.96
PUR003778,2015-12-20,ST474,SUP005,OFF-BI-10003656,18,86.04,2015-12-26,2015-12-25,Early,1548.72
PUR003779,2015-12-20,ST118,SUP008,TEC-PH-10001061,6,66.61,2015-12-23,2015-12-28,Late,399.65999999999997
PUR003780,2015-12-20,ST564,SUP004,OFF-PA-10002606,13,3.1,2015-12-23,2015-12-23,On Time,40.300000000000004
PUR003781,2015-12-20,ST102,SUP003,FUR-BO-10002213,8,302.98,2015-12-27,2015-12-31,Late,2423.84
PUR003782,2015-12-20,ST538,SUP015,TEC-PH-10000376,7,6.75,2015-12-23,2015-12-26,Late,47.25
PUR003783,2015-12-20,ST005,SUP012,OFF-BI-10001890,20,2.01,2015-12-25,2015-12-28,Late,40.199999999999996
PUR003784,2015-12-20,ST115,SUP013,OFF-LA-10003720,5,1.93,2015-12-27,2015-12-29,Late,9.65
PUR003785,2015-12-20,ST564,SUP006,OFF-FA-10002975,8,2.06,2015-12-27,2015-12-26,Early,16.48
PUR003786,2015-12-20,ST475,SUP010,OFF-LA-10002195,20,1.72,2015-12-26,2015-12-26,On Time,34.4
PUR003787,2015-12-20,ST046,SUP009,OFF-BI-10003364,5,14.81,2015-12-23,2015-12-28,Late,74.05
PUR003788,2015-12-20,ST548,SUP008,OFF-BI-10002309,12,3.14,2015-12-27,2016-01-01,Late,37.68
PUR003789,2015-12-20,ST624,SUP007,TEC-PH-10000347,8,3.3,2015-12-24,2015-12-27,Late,26.4
PUR003790,2015-12-20,ST522,SUP003,TEC-AC-10004568,20,22.58,2015-12-25,2015-12-26,Late,451.59999999999997
PUR003791,2015-12-20,ST099,SUP011,OFF-PA-10003228,11,27.82,2015-12-27,2015-12-27,On Time,306.02
PUR003792,2015-12-20,ST167,SUP008,OFF-PA-10000304,7,3.52,2015-12-23,2015-12-22,Early,24.64
PUR003793,2015-12-20,ST302,SUP010,FUR-BO-10003034,7,111.15,2015-12-27,2015-12-27,On Time,778.0500000000001
PUR003794,2015-12-20,ST061,SUP003,OFF-ST-10002301,9,18.67,2015-12-25,2015-12-24,Early,168.03000000000003
PUR003795,2015-12-20,ST217,SUP005,FUR-TA-10000617,10,169.63,2015-12-24,2015-12-28,Late,1696.3
PUR003796,2015-12-20,ST432,SUP002,OFF-AR-10003179,18,6.41,2015-12-25,2015-12-28,Late,115.38
PUR003797,2015-12-20,ST130,SUP011,FUR-FU-10004017,8,51.6,2015-12-23,2015-12-23,On Time,412.8
PUR003798,2015-12-20,ST284,SUP001,OFF-BI-10003784,3,0.9,2015-12-24,2015-12-24,On Time,2.7
PUR003799,2015-12-20,ST510,SUP008,TEC-PH-10001750,6,44.61,2015-12-25,2015-12-30,Late,267.65999999999997
PUR003800,2015-12-20,ST250,SUP002,OFF-PA-10001622,6,2.59,2015-12-25,2015-12-29,Late,15.54
PUR003801,2015-12-20,ST134,SUP013,OFF-BI-10003291,8,4.2,2015-12-27,2015-12-26,Early,33.6
PUR003802,2015-12-20,ST417,SUP001,FUR-TA-10003748,15,93.91,2015-12-25,2015-12-27,Late,1408.6499999999999
PUR003803,2015-12-20,ST059,SUP014,OFF-BI-10002071,8,2.83,2015-12-25,2015-12-29,Late,22.64
PUR003804,2015-12-20,ST468,SUP008,OFF-BI-10002827,9,3.25,2015-12-26,2015-12-27,Late,29.25
PUR003805,2015-12-20,ST626,SUP002,OFF-ST-10001780,14,532.09,2015-12-27,2015-12-27,On Time,7449.26
PUR003806,2015-12-20,ST024,SUP011,OFF-BI-10002072,6,4.58,2015-12-24,2015-12-27,Late,27.48
PUR003807,2015-12-20,ST076,SUP015,OFF-BI-10001636,4,4.48,2015-12-26,2015-12-27,Late,17.92
PUR003808,2015-12-20,ST163,SUP001,OFF-PA-10003673,14,3.93,2015-12-27,2015-12-31,Late,55.02
PUR003809,2015-12-20,ST030,SUP013,TEC-MA-10000752,18,7.36,2015-12-25,2015-12-25,On Time,132.48000000000002
PUR003810,2015-12-20,ST397,SUP002,OFF-FA-10000254,19,5.01,2015-12-26,2015-12-26,On Time,95.19
PUR003811,2015-12-20,ST208,SUP013,TEC-AC-10000303,6,27.15,2015-12-23,2015-12-25,Late,162.89999999999998
PUR003812,2015-12-20,ST376,SUP001,FUR-TA-10004086,17,60.55,2015-12-26,2015-12-29,Late,1029.35
PUR003813,2015-12-20,ST403,SUP007,OFF-BI-10004876,13,1.55,2015-12-26,2015-12-31,Late,20.150000000000002
PUR003814,2015-12-20,ST404,SUP012,OFF-PA-10004082,3,3.9,2015-12-24,2015-12-23,Early,11.7
PUR003815,2015-12-20,ST371,SUP007,TEC-PH-10003171,20,32.44,2015-12-25,2015-12-24,Early,648.8
PUR003816,2015-12-20,ST261,SUP013,FUR-CH-10003774,11,80.44,2015-12-25,2015-12-29,Late,884.8399999999999
PUR003817,2015-12-20,ST401,SUP007,FUR-CH-10001215,3,371.3,2015-12-24,2015-12-28,Late,1113.9
PUR003818,2015-12-20,ST231,SUP004,TEC-PH-10001459,11,317.3,2015-12-27,2015-12-29,Late,3490.3
PUR003819,2015-12-20,ST620,SUP011,TEC-MA-10001695,13,246.77,2015-12-26,2015-12-26,On Time,3208.01
PUR003820,2015-12-20,ST173,SUP014,FUR-TA-10004619,16,104.6,2015-12-26,2015-12-26,On Time,1673.6
PUR003821,2015-12-20,ST091,SUP002,TEC-PH-10002555,15,206.27,2015-12-25,2015-12-25,On Time,3094.05
PUR003822,2015-12-20,ST141,SUP007,OFF-BI-10001116,10,2.59,2015-12-25,2015-12-29,Late,25.9
PUR003823,2015-12-20,ST155,SUP005,OFF-BI-10003166,19,6.2,2015-12-23,2015-12-27,Late,117.8
PUR003824,2015-12-20,ST041,SUP011,TEC-AC-10000023,18,14.36,2015-12-27,2015-12-31,Late,258.48
PUR003825,2015-12-20,ST101,SUP010,OFF-PA-10001804,17,3.79,2015-12-27,2015-12-29,Late,64.43
PUR003826,2015-12-20,ST319,SUP012,TEC-PH-10002293,6,14.79,2015-12-23,2015-12-27,Late,88.74
PUR003827,2015-12-20,ST226,SUP005,OFF-BI-10001308,20,3.58,2015-12-24,2015-12-27,Late,71.6
PUR003828,2015-12-20,ST138,SUP015,OFF-ST-10001713,12,53.97,2015-12-25,2015-12-27,Late,647.64
PUR003829,2015-12-20,ST059,SUP011,TEC-PH-10002923,7,29.1,2015-12-25,2015-12-28,Late,203.70000000000002
PUR003830,2015-12-20,ST208,SUP005,FUR-FU-10000409,9,7.64,2015-12-23,2015-12-28,Late,68.75999999999999
PUR003831,2015-12-20,ST375,SUP012,OFF-LA-10004484,9,2.04,2015-12-27,2015-12-29,Late,18.36
PUR003832,2015-12-20,ST274,SUP012,OFF-ST-10002344,14,71.87,2015-12-25,2015-12-30,Late,1006.1800000000001
PUR003833,2015-12-20,ST578,SUP007,OFF-AR-10002399,16,2.65,2015-12-25,2015-12-27,Late,42.4
PUR003834,2015-12-20,ST601,SUP007,OFF-PA-10003441,12,3.57,2015-12-25,2015-12-29,Late,42.839999999999996
PUR003835,2015-12-20,ST246,SUP006,OFF-AR-10000799,12,4.7,2015-12-26,2015-12-27,Late,56.400000000000006
PUR003836,2015-12-20,ST278,SUP014,OFF-FA-10001332,20,1.52,2015-12-26,2015-12-28,Late,30.4
PUR003837,2015-12-20,ST066,SUP013,TEC-PH-10004071,18,7.12,2015-12-26,2015-12-26,On Time,128.16
PUR003838,2015-12-20,ST352,SUP003,FUR-CH-10001394,10,227.34,2015-12-25,2015-12-26,Late,2273.4
PUR003839,2015-12-20,ST009,SUP015,OFF-ST-10004123,2,91.63,2015-12-27,2015-12-28,Late,183.26
PUR003840,2015-12-20,ST350,SUP014,OFF-BI-10003984,11,15.15,2015-12-24,2015-12-29,Late,166.65
PUR003841,2016-01-05,ST381,SUP006,TEC-AC-10000865,14,49.91,2016-01-12,2016-01-14,Late,698.74
PUR003842,2016-01-05,ST187,SUP008,OFF-PA-10002195,14,2.84,2016-01-08,2016-01-13,Late,39.76
PUR003843,2016-01-05,ST283,SUP014,TEC-AC-10003038,9,6.54,2016-01-09,2016-01-09,On Time,58.86
PUR003844,2016-01-05,ST122,SUP010,OFF-AR-10001953,13,33.88,2016-01-10,2016-01-10,On Time,440.44000000000005
PUR003845,2016-01-05,ST293,SUP014,OFF-AR-10001374,14,4.07,2016-01-08,2016-01-12,Late,56.980000000000004
PUR003846,2016-01-05,ST201,SUP010,FUR-FU-10001876,10,21.41,2016-01-09,2016-01-14,Late,214.1
PUR003847,2016-01-05,ST120,SUP014,OFF-AR-10004648,7,16.01,2016-01-10,2016-01-15,Late,112.07000000000001
PUR003848,2016-01-05,ST058,SUP004,OFF-BI-10001120,12,1038.33,2016-01-11,2016-01-14,Late,12459.96
PUR003849,2016-01-05,ST469,SUP013,OFF-PA-10000477,15,2.76,2016-01-09,2016-01-08,Early,41.4
PUR003850,2016-01-05,ST125,SUP011,TEC-AC-10001772,2,8.83,2016-01-11,2016-01-14,Late,17.66
PUR003851,2016-01-05,ST124,SUP003,FUR-CH-10003379,13,231.68,2016-01-08,2016-01-09,Late,3011.84
PUR003852,2016-01-05,ST571,SUP015,OFF-AP-10001293,19,29.19,2016-01-10,2016-01-11,Late,554.61
PUR003853,2016-01-05,ST287,SUP014,OFF-AP-10003971,7,7.59,2016-01-09,2016-01-11,Late,53.129999999999995
PUR003854,2016-01-05,ST274,SUP005,OFF-SU-10001664,18,6.72,2016-01-11,2016-01-10,Early,120.96
PUR003855,2016-01-05,ST168,SUP011,OFF-ST-10001128,5,107.59,2016-01-08,2016-01-12,Late,537.95
PUR003856,2016-01-05,ST152,SUP006,OFF-AR-10004344,18,8.6,2016-01-09,2016-01-11,Late,154.79999999999998
PUR003857,2016-01-05,ST441,SUP010,OFF-FA-10000053,16,1.83,2016-01-11,2016-01-15,Late,29.28
PUR003858,2016-01-05,ST480,SUP004,OFF-ST-10004180,12,43.82,2016-01-08,2016-01-07,Early,525.84
PUR003859,2016-01-05,ST048,SUP011,OFF-ST-10002214,10,9.04,2016-01-10,2016-01-15,Late,90.39999999999999
PUR003860,2016-01-05,ST550,SUP015,TEC-AC-10002942,6,60.86,2016-01-08,2016-01-07,Early,365.15999999999997
PUR003861,2016-01-05,ST047,SUP009,OFF-SU-10000157,13,112.84,2016-01-08,2016-01-07,Early,1466.92
PUR003862,2016-01-05,ST183,SUP011,OFF-AR-10003504,6,3.03,2016-01-09,2016-01-08,Early,18.18
PUR003863,2016-01-05,ST200,SUP008,OFF-LA-10004545,11,6.22,2016-01-08,2016-01-10,Late,68.42
PUR003864,2016-01-05,ST588,SUP004,OFF-PA-10004947,2,2.4,2016-01-08,2016-01-13,Late,4.8
PUR003865,2016-01-05,ST089,SUP009,OFF-ST-10004459,8,375.33,2016-01-11,2016-01-11,On Time,3002.64
PUR003866,2016-01-05,ST388,SUP004,TEC-PH-10002584,3,411.77,2016-01-12,2016-01-13,Late,1235.31
PUR003867,2016-01-05,ST401,SUP009,TEC-AC-10003447,13,15.62,2016-01-09,2016-01-13,Late,203.06
PUR003868,2016-01-05,ST590,SUP003,OFF-AP-10002578,2,36.93,2016-01-11,2016-01-16,Late,73.86
PUR003869,2016-01-05,ST383,SUP012,TEC-AC-10003116,9,10.49,2016-01-12,2016-01-13,Late,94.41
PUR003870,2016-01-05,ST174,SUP003,OFF-AR-10000817,8,2.17,2016-01-09,2016-01-13,Late,17.36
PUR003871,2016-01-05,ST195,SUP010,OFF-BI-10004965,16,5.98,2016-01-12,2016-01-15,Late,95.68
PUR003872,2016-01-05,ST486,SUP006,OFF-BI-10001116,7,2.47,2016-01-09,2016-01-14,Late,17.290000000000003
PUR003873,2016-01-05,ST434,SUP004,OFF-ST-10002562,13,6.38,2016-01-11,2016-01-10,Early,82.94
PUR003874,2016-01-05,ST481,SUP001,OFF-ST-10003692,18,41.63,2016-01-11,2016-01-10,Early,749.34
PUR003875,2016-01-05,ST047,SUP008,OFF-PA-10004353,3,10.5,2016-01-12,2016-01-12,On Time,31.5
PUR003876,2016-01-05,ST124,SUP013,FUR-TA-10001039,14,64.99,2016-01-12,2016-01-17,Late,909.8599999999999
PUR003877,2016-01-05,ST391,SUP004,FUR-BO-10004695,7,148.55,2016-01-08,2016-01-07,Early,1039.8500000000001
PUR003878,2016-01-05,ST406,SUP003,OFF-BI-10001267,2,3.2,2016-01-08,2016-01-09,Late,6.4
PUR003879,2016-01-05,ST574,SUP009,OFF-EN-10002230,19,42.01,2016-01-09,2016-01-13,Late,798.1899999999999
PUR003880,2016-01-05,ST446,SUP008,OFF-AR-10003903,4,33.13,2016-01-10,2016-01-13,Late,132.52
PUR003881,2016-01-05,ST206,SUP008,OFF-ST-10002574,10,145.86,2016-01-10,2016-01-12,Late,1458.6000000000001
PUR003882,2016-01-05,ST222,SUP004,FUR-TA-10003238,10,413.36,2016-01-09,2016-01-09,On Time,4133.6
PUR003883,2016-01-05,ST018,SUP009,OFF-PA-10002751,7,3.57,2016-01-08,2016-01-13,Late,24.99
PUR003884,2016-01-05,ST355,SUP003,OFF-PA-10001977,11,27.43,2016-01-12,2016-01-16,Late,301.73
PUR003885,2016-01-05,ST189,SUP014,OFF-ST-10000036,20,67.13,2016-01-09,2016-01-13,Late,1342.6
PUR003886,2016-01-05,ST188,SUP007,OFF-LA-10001474,13,16.17,2016-01-12,2016-01-13,Late,210.21000000000004
PUR003887,2016-01-05,ST399,SUP001,OFF-BI-10000069,8,7.9,2016-01-09,2016-01-14,Late,63.2
PUR003888,2016-01-05,ST069,SUP004,TEC-PH-10002200,17,253.35,2016-01-08,2016-01-11,Late,4306.95
PUR003889,2016-01-05,ST504,SUP011,TEC-PH-10004071,3,6.96,2016-01-10,2016-01-09,Early,20.88
PUR003890,2016-01-05,ST323,SUP011,TEC-PH-10001619,9,125.41,2016-01-09,2016-01-14,Late,1128.69
PUR003891,2016-01-05,ST125,SUP013,TEC-AC-10001383,19,22.61,2016-01-12,2016-01-13,Late,429.59
PUR003892,2016-01-05,ST074,SUP011,FUR-FU-10000320,6,1.69,2016-01-09,2016-01-14,Late,10.14
PUR003893,2016-01-05,ST059,SUP011,TEC-AC-10003610,14,29.16,2016-01-12,2016-01-17,Late,408.24
PUR003894,2016-01-05,ST585,SUP004,OFF-AP-10000358,11,9.52,2016-01-11,2016-01-15,Late,104.72
PUR003895,2016-01-05,ST284,SUP006,FUR-FU-10000277,13,78.23,2016-01-11,2016-01-10,Early,1016.99
PUR003896,2016-01-05,ST075,SUP010,FUR-TA-10001539,13,173.56,2016-01-09,2016-01-13,Late,2256.28
PUR003897,2016-01-05,ST275,SUP007,FUR-FU-10000723,4,36.61,2016-01-08,2016-01-07,Early,146.44
PUR003898,2016-01-05,ST351,SUP011,OFF-AP-10003040,20,26.2,2016-01-10,2016-01-12,Late,524.0
PUR003899,2016-01-05,ST094,SUP015,FUR-FU-10004017,10,44.81,2016-01-12,2016-01-16,Late,448.1
PUR003900,2016-01-05,ST606,SUP004,OFF-PA-10001736,14,19.13,2016-01-10,2016-01-12,Late,267.82
PUR003901,2016-01-05,ST190,SUP013,OFF-PA-10003309,19,3.37,2016-01-08,2016-01-10,Late,64.03
PUR003902,2016-01-05,ST260,SUP001,TEC-MA-10003353,2,420.64,2016-01-09,2016-01-11,Late,841.28
PUR003903,2016-01-05,ST509,SUP002,TEC-MA-10002178,7,373.82,2016-01-08,2016-01-08,On Time,2616.74
PUR003904,2016-01-05,ST207,SUP002,TEC-AC-10004518,4,11.35,2016-01-12,2016-01-12,On Time,45.4
PUR003905,2016-01-05,ST414,SUP010,OFF-LA-10002271,15,1.73,2016-01-11,2016-01-14,Late,25.95
PUR003906,2016-01-05,ST038,SUP007,FUR-CH-10003968,20,64.3,2016-01-12,2016-01-15,Late,1286.0
PUR003907,2016-01-05,ST437,SUP003,OFF-BI-10001679,17,4.19,2016-01-11,2016-01-13,Late,71.23
PUR003908,2016-01-05,ST190,SUP010,TEC-PH-10001578,9,263.36,2016-01-09,2016-01-11,Late,2370.2400000000002
PUR003909,2016-01-05,ST472,SUP001,OFF-LA-10002043,14,5.57,2016-01-10,2016-01-14,Late,77.98
PUR003910,2016-01-05,ST487,SUP009,OFF-ST-10003442,20,22.56,2016-01-12,2016-01-14,Late,451.2
PUR003911,2016-01-05,ST213,SUP011,TEC-AC-10001956,13,36.35,2016-01-12,2016-01-16,Late,472.55
PUR003912,2016-01-05,ST094,SUP010,FUR-FU-10001889,11,6.63,2016-01-11,2016-01-12,Late,72.92999999999999
PUR003913,2016-01-05,ST593,SUP009,OFF-BI-10002799,11,2.62,2016-01-10,2016-01-10,On Time,28.82
PUR003914,2016-01-05,ST163,SUP001,OFF-BI-10001308,9,3.19,2016-01-08,2016-01-11,Late,28.71
PUR003915,2016-01-05,ST358,SUP001,OFF-LA-10001404,4,1.9,2016-01-11,2016-01-16,Late,7.6
PUR003916,2016-01-05,ST577,SUP005,OFF-EN-10004459,14,3.72,2016-01-11,2016-01-16,Late,52.080000000000005
PUR003917,2016-01-05,ST052,SUP012,OFF-PA-10002109,11,2.56,2016-01-08,2016-01-08,On Time,28.16
PUR003918,2016-01-05,ST406,SUP008,OFF-FA-10003495,15,3.32,2016-01-10,2016-01-11,Late,49.8
PUR003919,2016-01-05,ST509,SUP007,OFF-PA-10000595,19,12.74,2016-01-11,2016-01-12,Late,242.06
PUR003920,2016-01-05,ST317,SUP008,OFF-BI-10004236,20,7.84,2016-01-08,2016-01-10,Late,156.8
PUR003921,2016-01-20,ST437,SUP006,FUR-FU-10000222,8,21.26,2016-01-23,2016-01-24,Late,170.08
PUR003922,2016-01-20,ST251,SUP007,OFF-BI-10000201,12,1.12,2016-01-25,2016-01-26,Late,13.440000000000001
PUR003923,2016-01-20,ST603,SUP001,OFF-BI-10003650,9,271.88,2016-01-26,2016-01-27,Late,2446.92
PUR003924,2016-01-20,ST476,SUP003,OFF-AR-10004272,20,1.24,2016-01-26,2016-01-25,Early,24.8
PUR003925,2016-01-20,ST367,SUP010,OFF-AR-10004757,5,2.37,2016-01-24,2016-01-27,Late,11.850000000000001
PUR003926,2016-01-20,ST051,SUP004,OFF-EN-10002230,14,42.02,2016-01-25,2016-01-28,Late,588.2800000000001
PUR003927,2016-01-20,ST377,SUP003,OFF-LA-10000081,16,2.04,2016-01-25,2016-01-24,Early,32.64
PUR003928,2016-01-20,ST424,SUP008,OFF-BI-10002813,7,1.1,2016-01-24,2016-01-26,Late,7.700000000000001
PUR003929,2016-01-20,ST322,SUP002,OFF-LA-10001074,11,6.29,2016-01-27,2016-01-28,Late,69.19
PUR003930,2016-01-20,ST584,SUP009,OFF-PA-10001534,18,3.45,2016-01-25,2016-01-28,Late,62.1
PUR003931,2016-01-20,ST424,SUP005,OFF-AR-10001468,14,22.15,2016-01-26,2016-01-26,On Time,310.09999999999997
PUR003932,2016-01-20,ST269,SUP013,OFF-BI-10001294,11,7.04,2016-01-25,2016-01-29,Late,77.44
PUR003933,2016-01-20,ST075,SUP005,OFF-FA-10003112,9,4.17,2016-01-25,2016-01-28,Late,37.53
PUR003934,2016-01-20,ST618,SUP015,OFF-BI-10002026,5,26.3,2016-01-27,2016-01-27,On Time,131.5
PUR003935,2016-01-20,ST265,SUP014,TEC-PH-10004094,9,124.8,2016-01-25,2016-01-28,Late,1123.2
PUR003936,2016-01-20,ST277,SUP010,TEC-PH-10001459,16,297.43,2016-01-26,2016-01-27,Late,4758.88
PUR003937,2016-01-20,ST575,SUP011,OFF-AR-10001972,2,1.25,2016-01-24,2016-01-24,On Time,2.5
PUR003938,2016-01-20,ST513,SUP006,FUR-CH-10004477,9,39.32,2016-01-26,2016-01-26,On Time,353.88
PUR003939,2016-01-20,ST590,SUP004,OFF-ST-10002974,17,31.86,2016-01-27,2016-01-31,Late,541.62
PUR003940,2016-01-20,ST277,SUP015,OFF-LA-10004689,18,1.56,2016-01-23,2016-01-23,On Time,28.080000000000002
PUR003941,2016-01-20,ST585,SUP001,OFF-BI-10001636,7,4.19,2016-01-26,2016-01-26,On Time,29.330000000000002
PUR003942,2016-01-20,ST491,SUP002,OFF-BI-10000756,3,2.2,2016-01-23,2016-01-25,Late,6.6000000000000005
PUR003943,2016-01-20,ST532,SUP014,TEC-PH-10001944,12,98.11,2016-01-25,2016-01-25,On Time,1177.32
PUR003944,2016-01-20,ST423,SUP013,OFF-AR-10003373,11,23.2,2016-01-25,2016-01-26,Late,255.2
PUR003945,2016-01-20,ST129,SUP003,FUR-CH-10004675,17,166.45,2016-01-23,2016-01-23,On Time,2829.6499999999996
PUR003946,2016-01-20,ST581,SUP005,OFF-BI-10001787,2,3.03,2016-01-26,2016-01-31,Late,6.06
PUR003947,2016-01-20,ST152,SUP002,OFF-FA-10001883,11,7.52,2016-01-27,2016-01-27,On Time,82.72
PUR003948,2016-01-20,ST145,SUP001,OFF-PA-10000176,20,8.99,2016-01-25,2016-01-24,Early,179.8
PUR003949,2016-01-20,ST473,SUP004,TEC-AC-10004975,6,77.77,2016-01-25,2016-01-30,Late,466.62
PUR003950,2016-01-20,ST610,SUP009,OFF-EN-10003567,14,12.5,2016-01-26,2016-01-26,On Time,175.0
PUR003951,2016-01-20,ST483,SUP011,OFF-AP-10001205,12,39.87,2016-01-23,2016-01-26,Late,478.43999999999994
PUR003952,2016-01-20,ST588,SUP002,FUR-TA-10001705,15,183.77,2016-01-27,2016-01-27,On Time,2756.55
PUR003953,2016-01-20,ST566,SUP006,FUR-FU-10002396,4,6.95,2016-01-25,2016-01-25,On Time,27.8
PUR003954,2016-01-20,ST398,SUP007,OFF-AP-10000696,10,10.04,2016-01-24,2016-01-23,Early,100.39999999999999
PUR003955,2016-01-20,ST564,SUP009,FUR-FU-10002045,4,11.76,2016-01-25,2016-01-24,Early,47.04
PUR003956,2016-01-20,ST196,SUP003,OFF-BI-10001359,8,456.07,2016-01-26,2016-01-26,On Time,3648.56
PUR003957,2016-01-20,ST200,SUP004,TEC-PH-10000127,6,17.76,2016-01-25,2016-01-27,Late,106.56
PUR003958,2016-01-20,ST213,SUP007,OFF-FA-10002988,11,0.96,2016-01-23,2016-01-22,Early,10.559999999999999
PUR003959,2016-01-20,ST594,SUP008,OFF-ST-10001963,11,93.1,2016-01-26,2016-01-29,Late,1024.1
PUR003960,2016-01-20,ST029,SUP009,OFF-AR-10001860,14,4.69,2016-01-23,2016-01-26,Late,65.66000000000001
PUR003961,2016-01-20,ST145,SUP015,OFF-AR-10001149,12,1.99,2016-01-27,2016-02-01,Late,23.88
PUR003962,2016-01-20,ST052,SUP010,TEC-AC-10000109,10,41.54,2016-01-24,2016-01-29,Late,415.4
PUR003963,2016-01-20,ST449,SUP008,OFF-EN-10003001,4,45.81,2016-01-25,2016-01-24,Early,183.24
PUR003964,2016-01-20,ST310,SUP001,OFF-AR-10001615,16,13.99,2016-01-24,2016-01-29,Late,223.84
PUR003965,2016-01-20,ST550,SUP004,OFF-SU-10000898,12,9.0,2016-01-25,2016-01-24,Early,108.0
PUR003966,2016-01-20,ST625,SUP009,OFF-LA-10001569,7,2.51,2016-01-25,2016-01-27,Late,17.57
PUR003967,2016-01-20,ST345,SUP008,OFF-BI-10003712,14,2.42,2016-01-24,2016-01-24,On Time,33.879999999999995
PUR003968,2016-01-20,ST240,SUP003,FUR-FU-10002379,8,33.82,2016-01-23,2016-01-23,On Time,270.56
PUR003969,2016-01-20,ST588,SUP007,FUR-BO-10001811,2,195.28,2016-01-23,2016-01-23,On Time,390.56
PUR003970,2016-01-20,ST023,SUP004,OFF-PA-10002986,8,3.74,2016-01-24,2016-01-24,On Time,29.92
PUR003971,2016-01-20,ST070,SUP008,FUR-CH-10004886,10,67.82,2016-01-23,2016-01-27,Late,678.1999999999999
PUR003972,2016-01-20,ST011,SUP006,OFF-SU-10004231,15,7.64,2016-01-26,2016-01-31,Late,114.6
PUR003973,2016-01-20,ST625,SUP008,OFF-AP-10003622,15,2.14,2016-01-27,2016-01-28,Late,32.1
PUR003974,2016-01-20,ST059,SUP012,OFF-BI-10004995,12,698.06,2016-01-24,2016-01-25,Late,8376.72
PUR003975,2016-01-20,ST178,SUP002,TEC-PH-10004071,13,6.87,2016-01-24,2016-01-28,Late,89.31
PUR003976,2016-01-20,ST500,SUP005,FUR-FU-10000576,20,157.02,2016-01-24,2016-01-24,On Time,3140.4
PUR003977,2016-01-20,ST135,SUP012,OFF-AP-10002311,2,36.35,2016-01-23,2016-01-23,On Time,72.7
PUR003978,2016-01-20,ST596,SUP002,OFF-AR-10001770,19,1.89,2016-01-23,2016-01-22,Early,35.91
PUR003979,2016-01-20,ST136,SUP003,TEC-PH-10000369,16,94.66,2016-01-25,2016-01-24,Early,1514.56
PUR003980,2016-01-20,ST424,SUP014,TEC-PH-10002555,13,174.7,2016-01-25,2016-01-29,Late,2271.1
PUR003981,2016-01-20,ST105,SUP013,TEC-PH-10004042,19,116.77,2016-01-26,2016-01-30,Late,2218.63
PUR003982,2016-01-20,ST424,SUP005,OFF-AR-10001955,17,13.39,2016-01-23,2016-01-26,Late,227.63
PUR003983,2016-01-20,ST396,SUP001,OFF-BI-10004728,7,2.82,2016-01-25,2016-01-29,Late,19.74
PUR003984,2016-01-20,ST452,SUP014,FUR-FU-10002253,19,24.77,2016-01-24,2016-01-29,Late,470.63
PUR003985,2016-01-20,ST518,SUP006,FUR-FU-10002445,17,5.83,2016-01-23,2016-01-23,On Time,99.11
PUR003986,2016-01-20,ST599,SUP001,OFF-AP-10003287,6,35.35,2016-01-25,2016-01-27,Late,212.10000000000002
PUR003987,2016-01-20,ST261,SUP005,OFF-BI-10002557,14,2.39,2016-01-27,2016-01-31,Late,33.46
PUR003988,2016-01-20,ST256,SUP008,OFF-FA-10000936,6,1.97,2016-01-24,2016-01-26,Late,11.82
PUR003989,2016-01-20,ST191,SUP002,OFF-AR-10002956,20,17.17,2016-01-23,2016-01-23,On Time,343.40000000000003
PUR003990,2016-01-20,ST123,SUP001,FUR-CH-10002024,4,514.35,2016-01-27,2016-01-29,Late,2057.4
PUR003991,2016-01-20,ST355,SUP012,OFF-BI-10000279,18,6.96,2016-01-27,2016-01-29,Late,125.28
PUR003992,2016-01-20,ST076,SUP015,TEC-MA-10004458,3,53.23,2016-01-26,2016-01-31,Late,159.69
PUR003993,2016-01-20,ST299,SUP008,OFF-BI-10001634,3,3.98,2016-01-23,2016-01-28,Late,11.94
PUR003994,2016-01-20,ST107,SUP006,OFF-PA-10004101,9,3.44,2016-01-27,2016-01-30,Late,30.96
PUR003995,2016-01-20,ST613,SUP003,FUR-FU-10001876,10,21.6,2016-01-25,2016-01-29,Late,216.0
PUR003996,2016-01-20,ST180,SUP003,FUR-CH-10000665,5,105.56,2016-01-24,2016-01-26,Late,527.8
PUR003997,2016-01-20,ST226,SUP004,OFF-BI-10003963,14,4.05,2016-01-27,2016-01-29,Late,56.699999999999996
PUR003998,2016-01-20,ST297,SUP006,FUR-FU-10001852,7,1.1,2016-01-24,2016-01-24,On Time,7.700000000000001
PUR003999,2016-01-20,ST329,SUP007,TEC-PH-10002660,5,49.72,2016-01-25,2016-01-28,Late,248.6
PUR004000,2016-01-20,ST200,SUP004,OFF-FA-10000134,14,4.29,2016-01-23,2016-01-27,Late,60.06
PUR004001,2016-02-05,ST297,SUP004,OFF-AR-10004691,19,16.82,2016-02-10,2016-02-11,Late,319.58
PUR004002,2016-02-05,ST019,SUP014,TEC-AC-10000844,16,58.5,2016-02-10,2016-02-13,Late,936.0
PUR004003,2016-02-05,ST595,SUP010,TEC-PH-10004908,18,59.48,2016-02-10,2016-02-09,Early,1070.6399999999999
PUR004004,2016-02-05,ST171,SUP013,OFF-AR-10000940,10,2.13,2016-02-08,2016-02-13,Late,21.299999999999997
PUR004005,2016-02-05,ST520,SUP007,OFF-BI-10000309,13,7.94,2016-02-10,2016-02-09,Early,103.22
PUR004006,2016-02-05,ST459,SUP011,OFF-PA-10003729,12,3.16,2016-02-11,2016-02-12,Late,37.92
PUR004007,2016-02-05,ST215,SUP011,OFF-BI-10001267,7,3.14,2016-02-09,2016-02-12,Late,21.98
PUR004008,2016-02-05,ST190,SUP005,OFF-PA-10003651,12,3.41,2016-02-11,2016-02-13,Late,40.92
PUR004009,2016-02-05,ST164,SUP003,FUR-FU-10003577,17,8.85,2016-02-10,2016-02-13,Late,150.45
PUR004010,2016-02-05,ST409,SUP002,OFF-AR-10002375,6,2.1,2016-02-10,2016-02-13,Late,12.600000000000001
PUR004011,2016-02-05,ST138,SUP010,OFF-BI-10003656,4,85.22,2016-02-08,2016-02-12,Late,340.88
PUR004012,2016-02-05,ST162,SUP015,OFF-PA-10003673,13,3.71,2016-02-09,2016-02-12,Late,48.23
PUR004013,2016-02-05,ST421,SUP006,FUR-FU-10002671,11,6.43,2016-02-09,2016-02-08,Early,70.72999999999999
PUR004014,2016-02-05,ST596,SUP006,TEC-AC-10002399,6,13.17,2016-02-11,2016-02-11,On Time,79.02
PUR004015,2016-02-05,ST158,SUP011,OFF-AP-10002945,15,191.14,2016-02-11,2016-02-11,On Time,2867.1
PUR004016,2016-02-05,ST044,SUP003,OFF-AR-10000896,11,2.51,2016-02-11,2016-02-13,Late,27.61
PUR004017,2016-02-05,ST527,SUP005,OFF-BI-10003274,4,2.04,2016-02-08,2016-02-12,Late,8.16
PUR004018,2016-02-05,ST210,SUP004,FUR-FU-10001852,19,1.15,2016-02-08,2016-02-08,On Time,21.849999999999998
PUR004019,2016-02-05,ST045,SUP001,OFF-BI-10002794,19,21.99,2016-02-10,2016-02-13,Late,417.80999999999995
PUR004020,2016-02-05,ST161,SUP004,TEC-AC-10003033,19,236.61,2016-02-08,2016-02-13,Late,4495.59
PUR004021,2016-02-05,ST097,SUP003,OFF-ST-10003058,4,15.71,2016-02-09,2016-02-14,Late,62.84
PUR004022,2016-02-05,ST524,SUP005,FUR-FU-10004071,4,87.16,2016-02-08,2016-02-12,Late,348.64
PUR004023,2016-02-05,ST446,SUP014,FUR-TA-10002041,13,160.79,2016-02-12,2016-02-14,Late,2090.27
PUR004024,2016-02-05,ST306,SUP007,OFF-BI-10000343,19,2.6,2016-02-08,2016-02-07,Early,49.4
PUR004025,2016-02-05,ST269,SUP006,OFF-ST-10000675,20,23.43,2016-02-12,2016-02-15,Late,468.6
PUR004026,2016-02-05,ST137,SUP005,OFF-FA-10002988,3,1.0,2016-02-08,2016-02-07,Early,3.0
PUR004027,2016-02-05,ST515,SUP015,FUR-CH-10004086,14,193.78,2016-02-11,2016-02-13,Late,2712.92
PUR004028,2016-02-05,ST322,SUP014,OFF-PA-10002160,18,2.94,2016-02-12,2016-02-13,Late,52.92
PUR004029,2016-02-05,ST409,SUP005,OFF-AP-10002534,14,217.97,2016-02-10,2016-02-15,Late,3051.58
PUR004030,2016-02-05,ST133,SUP012,OFF-AR-10000634,5,3.18,2016-02-09,2016-02-10,Late,15.9
PUR004031,2016-02-05,ST447,SUP003,OFF-BI-10002982,7,3.27,2016-02-09,2016-02-09,On Time,22.89
PUR004032,2016-02-05,ST313,SUP001,TEC-PH-10002885,4,445.28,2016-02-08,2016-02-07,Early,1781.12
PUR004033,2016-02-05,ST545,SUP005,TEC-AC-10000109,11,39.69,2016-02-09,2016-02-14,Late,436.59
PUR004034,2016-02-05,ST524,SUP008,TEC-AC-10000927,5,25.81,2016-02-12,2016-02-17,Late,129.04999999999998
PUR004035,2016-02-05,ST630,SUP014,TEC-AC-10001109,5,15.97,2016-02-11,2016-02-11,On Time,79.85000000000001
PUR004036,2016-02-05,ST628,SUP010,TEC-AC-10002323,15,19.57,2016-02-10,2016-02-13,Late,293.55
PUR004037,2016-02-05,ST527,SUP003,OFF-AR-10000823,18,1.2,2016-02-09,2016-02-08,Early,21.599999999999998
PUR004038,2016-02-05,ST443,SUP004,OFF-SU-10001664,19,5.73,2016-02-11,2016-02-13,Late,108.87
PUR004039,2016-02-05,ST173,SUP012,OFF-AP-10001391,2,67.11,2016-02-08,2016-02-07,Early,134.22
PUR004040,2016-02-05,ST166,SUP004,TEC-PH-10002890,2,32.46,2016-02-12,2016-02-13,Late,64.92
PUR004041,2016-02-05,ST099,SUP004,FUR-FU-10001588,8,16.78,2016-02-08,2016-02-09,Late,134.24
PUR004042,2016-02-05,ST277,SUP003,OFF-EN-10003001,3,42.97,2016-02-09,2016-02-12,Late,128.91
PUR004043,2016-02-05,ST364,SUP001,FUR-BO-10003546,9,76.49,2016-02-12,2016-02-16,Late,688.41
PUR004044,2016-02-05,ST631,SUP014,FUR-TA-10001307,7,242.65,2016-02-09,2016-02-13,Late,1698.55
PUR004045,2016-02-05,ST062,SUP001,OFF-BI-10001890,20,1.96,2016-02-11,2016-02-13,Late,39.2
PUR004046,2016-02-05,ST469,SUP003,OFF-AP-10004249,19,9.08,2016-02-11,2016-02-11,On Time,172.52
PUR004047,2016-02-05,ST212,SUP009,OFF-PA-10003309,9,3.15,2016-02-12,2016-02-15,Late,28.349999999999998
PUR004048,2016-02-05,ST209,SUP015,OFF-PA-10001609,14,1.84,2016-02-09,2016-02-14,Late,25.76
PUR004049,2016-02-05,ST086,SUP012,OFF-PA-10001125,17,16.72,2016-02-12,2016-02-13,Late,284.24
PUR004050,2016-02-05,ST413,SUP009,OFF-BI-10003429,5,3.48,2016-02-09,2016-02-11,Late,17.4
PUR004051,2016-02-05,ST566,SUP007,OFF-PA-10000743,16,3.2,2016-02-10,2016-02-15,Late,51.2
PUR004052,2016-02-05,ST195,SUP002,OFF-PA-10000474,5,16.91,2016-02-09,2016-02-13,Late,84.55
PUR004053,2016-02-05,ST232,SUP004,OFF-PA-10002968,18,13.05,2016-02-12,2016-02-12,On Time,234.9
PUR004054,2016-02-05,ST521,SUP014,OFF-PA-10004675,5,3.55,2016-02-09,2016-02-10,Late,17.75
PUR004055,2016-02-05,ST065,SUP010,FUR-FU-10001889,7,6.99,2016-02-12,2016-02-14,Late,48.93
PUR004056,2016-02-05,ST021,SUP013,OFF-AR-10000127,12,2.43,2016-02-11,2016-02-13,Late,29.160000000000004
PUR004057,2016-02-05,ST045,SUP011,OFF-BI-10004817,17,6.09,2016-02-11,2016-02-16,Late,103.53
PUR004058,2016-02-05,ST007,SUP003,TEC-PH-10002922,13,125.99,2016-02-12,2016-02-15,Late,1637.87
PUR004059,2016-02-05,ST273,SUP014,FUR-BO-10004218,5,120.82,2016-02-09,2016-02-14,Late,604.0999999999999
PUR004060,2016-02-05,ST622,SUP008,FUR-CH-10002439,4,44.13,2016-02-11,2016-02-13,Late,176.52
PUR004061,2016-02-05,ST114,SUP009,OFF-PA-10000295,5,3.34,2016-02-10,2016-02-13,Late,16.7
PUR004062,2016-02-05,ST253,SUP009,FUR-BO-10004709,15,45.94,2016-02-12,2016-02-16,Late,689.0999999999999
PUR004063,2016-02-05,ST183,SUP008,OFF-FA-10000735,11,1.56,2016-02-08,2016-02-12,Late,17.16
PUR004064,2016-02-05,ST378,SUP007,TEC-PH-10001448,6,49.92,2016-02-11,2016-02-14,Late,299.52
PUR004065,2016-02-05,ST363,SUP010,FUR-FU-10000320,14,1.97,2016-02-12,2016-02-17,Late,27.58
PUR004066,2016-02-05,ST210,SUP008,FUR-FU-10003194,5,6.27,2016-02-10,2016-02-13,Late,31.349999999999998
PUR004067,2016-02-05,ST167,SUP015,OFF-BI-10001900,18,3.23,2016-02-10,2016-02-11,Late,58.14
PUR004068,2016-02-05,ST446,SUP011,OFF-ST-10001511,9,62.67,2016-02-08,2016-02-13,Late,564.03
PUR004069,2016-02-05,ST140,SUP015,OFF-ST-10000532,16,29.83,2016-02-12,2016-02-17,Late,477.28
PUR004070,2016-02-05,ST487,SUP011,OFF-AR-10002053,2,2.12,2016-02-09,2016-02-14,Late,4.24
PUR004071,2016-02-05,ST065,SUP005,OFF-AR-10003338,15,5.49,2016-02-11,2016-02-14,Late,82.35000000000001
PUR004072,2016-02-05,ST004,SUP009,OFF-BI-10000145,14,1.59,2016-02-12,2016-02-17,Late,22.26
PUR004073,2016-02-05,ST510,SUP011,OFF-BI-10002026,16,25.83,2016-02-10,2016-02-13,Late,413.28
PUR004074,2016-02-05,ST585,SUP014,TEC-PH-10001750,13,49.96,2016-02-10,2016-02-12,Late,649.48
PUR004075,2016-02-05,ST199,SUP009,OFF-BI-10003694,10,5.16,2016-02-12,2016-02-17,Late,51.6
PUR004076,2016-02-05,ST421,SUP002,OFF-ST-10002444,18,9.46,2016-02-11,2016-02-11,On Time,170.28000000000003
PUR004077,2016-02-05,ST352,SUP009,OFF-AR-10000716,11,3.63,2016-02-09,2016-02-11,Late,39.93
PUR004078,2016-02-05,ST110,SUP009,OFF-ST-10002301,20,20.28,2016-02-11,2016-02-12,Late,405.6
PUR004079,2016-02-05,ST297,SUP005,FUR-FU-10003919,20,29.64,2016-02-10,2016-02-09,Early,592.8
PUR004080,2016-02-05,ST404,SUP009,OFF-PA-10003893,7,2.43,2016-02-08,2016-02-09,Late,17.01
PUR004081,2016-02-20,ST033,SUP015,OFF-ST-10002406,7,9.96,2016-02-24,2016-02-26,Late,69.72
PUR004082,2016-02-20,ST407,SUP001,TEC-AC-10002370,6,1.46,2016-02-26,2016-02-27,Late,8.76
PUR004083,2016-02-20,ST019,SUP001,FUR-TA-10001520,19,60.44,2016-02-27,2016-02-27,On Time,1148.36
PUR004084,2016-02-20,ST368,SUP005,OFF-PA-10003016,10,1.74,2016-02-27,2016-02-26,Early,17.4
PUR004085,2016-02-20,ST553,SUP015,OFF-BI-10003910,9,3.82,2016-02-27,2016-03-01,Late,34.379999999999995
PUR004086,2016-02-20,ST043,SUP013,TEC-AC-10002049,8,167.18,2016-02-25,2016-02-27,Late,1337.44
PUR004087,2016-02-20,ST565,SUP009,OFF-BI-10001078,11,2.84,2016-02-24,2016-02-27,Late,31.24
PUR004088,2016-02-20,ST109,SUP014,OFF-PA-10000380,17,3.97,2016-02-27,2016-02-28,Late,67.49000000000001
PUR004089,2016-02-20,ST015,SUP004,OFF-AP-10002518,15,138.6,2016-02-24,2016-02-26,Late,2079.0
PUR004090,2016-02-20,ST001,SUP001,OFF-AR-10001662,13,2.17,2016-02-24,2016-02-23,Early,28.21
PUR004091,2016-02-20,ST413,SUP013,TEC-PH-10004188,13,25.57,2016-02-23,2016-02-26,Late,332.41
PUR004092,2016-02-20,ST367,SUP001,OFF-AR-10002067,13,15.11,2016-02-26,2016-02-27,Late,196.43
PUR004093,2016-02-20,ST579,SUP013,OFF-ST-10001932,5,168.05,2016-02-24,2016-02-29,Late,840.25
PUR004094,2016-02-20,ST302,SUP011,OFF-ST-10001370,16,73.89,2016-02-26,2016-02-28,Late,1182.24
PUR004095,2016-02-20,ST492,SUP013,TEC-PH-10004539,20,125.6,2016-02-23,2016-02-27,Late,2512.0
PUR004096,2016-02-20,ST425,SUP003,OFF-BI-10004187,5,0.98,2016-02-23,2016-02-22,Early,4.9
PUR004097,2016-02-20,ST438,SUP004,OFF-BI-10003527,5,652.15,2016-02-25,2016-02-29,Late,3260.75
PUR004098,2016-02-20,ST303,SUP005,FUR-FU-10002445,5,5.17,2016-02-25,2016-02-26,Late,25.85
PUR004099,2016-02-20,ST403,SUP001,FUR-FU-10002253,6,26.72,2016-02-26,2016-02-27,Late,160.32
PUR004100,2016-02-20,ST411,SUP009,OFF-BI-10003984,12,16.5,2016-02-25,2016-02-25,On Time,198.0
PUR004101,2016-02-20,ST146,SUP007,OFF-SU-10002881,11,887.98,2016-02-24,2016-02-23,Early,9767.78
PUR004102,2016-02-20,ST612,SUP010,OFF-PA-10000477,12,3.17,2016-02-26,2016-03-02,Late,38.04
PUR004103,2016-02-20,ST436,SUP015,OFF-AR-10003469,17,0.85,2016-02-24,2016-02-24,On Time,14.45
PUR004104,2016-02-20,ST340,SUP001,OFF-ST-10002957,7,4.88,2016-02-24,2016-02-24,On Time,34.16
PUR004105,2016-02-20,ST265,SUP001,OFF-AR-10001868,11,0.83,2016-02-26,2016-02-27,Late,9.129999999999999
PUR004106,2016-02-20,ST555,SUP005,FUR-TA-10004534,17,184.59,2016-02-25,2016-02-29,Late,3138.03
PUR004107,2016-02-20,ST616,SUP004,FUR-FU-10003806,12,132.75,2016-02-26,2016-02-27,Late,1593.0
PUR004108,2016-02-20,ST238,SUP014,OFF-PA-10001838,7,2.76,2016-02-27,2016-02-27,On Time,19.32
PUR004109,2016-02-20,ST084,SUP014,OFF-PA-10002137,12,3.86,2016-02-24,2016-02-25,Late,46.32
PUR004110,2016-02-20,ST105,SUP004,OFF-BI-10000050,12,4.05,2016-02-24,2016-02-28,Late,48.599999999999994
PUR004111,2016-02-20,ST404,SUP004,OFF-BI-10002852,3,7.57,2016-02-24,2016-02-28,Late,22.71
PUR004112,2016-02-20,ST070,SUP015,OFF-PA-10003309,7,3.67,2016-02-26,2016-02-26,On Time,25.689999999999998
PUR004113,2016-02-20,ST507,SUP008,TEC-PH-10001835,6,84.35,2016-02-24,2016-02-26,Late,506.09999999999997
PUR004114,2016-02-20,ST253,SUP009,OFF-PA-10001837,10,3.39,2016-02-27,2016-02-28,Late,33.9
PUR004115,2016-02-20,ST329,SUP011,OFF-BI-10001036,19,4.41,2016-02-27,2016-02-28,Late,83.79
PUR004116,2016-02-20,ST313,SUP011,OFF-FA-10002780,7,1.51,2016-02-24,2016-02-28,Late,10.57
PUR004117,2016-02-20,ST321,SUP014,FUR-CH-10000665,13,98.08,2016-02-23,2016-02-25,Late,1275.04
PUR004118,2016-02-20,ST501,SUP006,OFF-ST-10003722,5,10.91,2016-02-25,2016-02-28,Late,54.55
PUR004119,2016-02-20,ST345,SUP001,FUR-BO-10001972,4,99.38,2016-02-23,2016-02-26,Late,397.52
PUR004120,2016-02-20,ST095,SUP010,OFF-PA-10001937,3,3.28,2016-02-25,2016-02-27,Late,9.84
PUR004121,2016-02-20,ST236,SUP008,OFF-BI-10000138,16,2.34,2016-02-25,2016-02-29,Late,37.44
PUR004122,2016-02-20,ST305,SUP003,OFF-PA-10002036,8,3.21,2016-02-26,2016-03-02,Late,25.68
PUR004123,2016-02-20,ST303,SUP014,FUR-TA-10001857,18,99.34,2016-02-23,2016-02-28,Late,1788.1200000000001
PUR004124,2016-02-20,ST308,SUP010,OFF-ST-10001590,16,9.22,2016-02-27,2016-02-29,Late,147.52
PUR004125,2016-02-20,ST618,SUP014,OFF-LA-10000262,8,1.34,2016-02-24,2016-02-23,Early,10.72
PUR004126,2016-02-20,ST548,SUP009,FUR-FU-10002240,12,2.24,2016-02-23,2016-02-23,On Time,26.880000000000003
PUR004127,2016-02-20,ST432,SUP004,FUR-CH-10000309,8,293.1,2016-02-23,2016-02-28,Late,2344.8
PUR004128,2016-02-20,ST534,SUP004,OFF-PA-10004355,4,3.5,2016-02-27,2016-02-27,On Time,14.0
PUR004129,2016-02-20,ST486,SUP009,OFF-SU-10001574,15,2.78,2016-02-27,2016-03-01,Late,41.699999999999996
PUR004130,2016-02-20,ST070,SUP009,OFF-PA-10000675,7,22.21,2016-02-25,2016-03-01,Late,155.47
PUR004131,2016-02-20,ST202,SUP008,OFF-PA-10004353,7,10.35,2016-02-23,2016-02-24,Late,72.45
PUR004132,2016-02-20,ST065,SUP006,TEC-AC-10003911,19,104.22,2016-02-25,2016-02-25,On Time,1980.18
PUR004133,2016-02-20,ST419,SUP005,OFF-EN-10001539,5,4.08,2016-02-25,2016-03-01,Late,20.4
PUR004134,2016-02-20,ST232,SUP012,FUR-TA-10001866,8,151.78,2016-02-26,2016-03-02,Late,1214.24
PUR004135,2016-02-20,ST579,SUP009,OFF-BI-10000315,18,8.99,2016-02-23,2016-02-24,Late,161.82
PUR004136,2016-02-20,ST300,SUP004,OFF-SU-10001935,15,2.17,2016-02-25,2016-03-01,Late,32.55
PUR004137,2016-02-20,ST491,SUP012,OFF-FA-10000053,14,1.85,2016-02-26,2016-03-01,Late,25.900000000000002
PUR004138,2016-02-20,ST408,SUP010,FUR-BO-10002598,14,54.77,2016-02-27,2016-02-26,Early,766.7800000000001
PUR004139,2016-02-20,ST406,SUP014,FUR-CH-10003298,11,112.62,2016-02-24,2016-02-27,Late,1238.8200000000002
PUR004140,2016-02-20,ST441,SUP007,TEC-PH-10002660,20,48.51,2016-02-25,2016-02-26,Late,970.1999999999999
PUR004141,2016-02-20,ST600,SUP010,OFF-EN-10001990,3,3.08,2016-02-23,2016-02-27,Late,9.24
PUR004142,2016-02-20,ST610,SUP009,FUR-CH-10000785,3,123.54,2016-02-27,2016-02-28,Late,370.62
PUR004143,2016-02-20,ST545,SUP001,TEC-PH-10000560,17,238.28,2016-02-24,2016-02-29,Late,4050.76
PUR004144,2016-02-20,ST088,SUP012,TEC-PH-10000011,12,9.7,2016-02-27,2016-03-01,Late,116.39999999999999
PUR004145,2016-02-20,ST295,SUP005,FUR-FU-10001940,15,4.6,2016-02-24,2016-02-28,Late,69.0
PUR004146,2016-02-20,ST527,SUP012,TEC-PH-10004833,11,11.69,2016-02-27,2016-02-28,Late,128.59
PUR004147,2016-02-20,ST175,SUP008,OFF-AR-10000246,16,2.09,2016-02-27,2016-02-28,Late,33.44
PUR004148,2016-02-20,ST585,SUP012,TEC-AC-10004469,17,21.61,2016-02-25,2016-03-01,Late,367.37
PUR004149,2016-02-20,ST114,SUP009,OFF-PA-10002751,18,3.04,2016-02-27,2016-02-26,Early,54.72
PUR004150,2016-02-20,ST598,SUP008,OFF-PA-10002377,7,10.53,2016-02-26,2016-03-01,Late,73.71
PUR004151,2016-02-20,ST076,SUP015,OFF-BI-10002867,19,32.99,2016-02-24,2016-02-25,Late,626.8100000000001
PUR004152,2016-02-20,ST624,SUP011,OFF-AR-10003183,18,2.36,2016-02-26,2016-02-25,Early,42.48
PUR004153,2016-02-20,ST595,SUP006,OFF-PA-10000213,16,2.38,2016-02-27,2016-02-28,Late,38.08
PUR004154,2016-02-20,ST102,SUP013,OFF-BI-10002498,10,10.75,2016-02-25,2016-03-01,Late,107.5
PUR004155,2016-02-20,ST164,SUP013,OFF-ST-10000025,8,88.37,2016-02-27,2016-02-29,Late,706.96
PUR004156,2016-02-20,ST223,SUP003,OFF-ST-10004950,18,13.12,2016-02-23,2016-02-23,On Time,236.16
PUR004157,2016-02-20,ST445,SUP013,FUR-TA-10001889,18,348.05,2016-02-27,2016-02-26,Early,6264.900000000001
PUR004158,2016-02-20,ST504,SUP010,OFF-BI-10002412,4,3.24,2016-02-27,2016-02-26,Early,12.96
PUR004159,2016-02-20,ST591,SUP006,FUR-CH-10004063,10,221.13,2016-02-23,2016-02-28,Late,2211.3
PUR004160,2016-02-20,ST587,SUP010,OFF-AP-10002651,2,215.35,2016-02-24,2016-02-29,Late,430.7
PUR004161,2016-03-05,ST049,SUP010,FUR-CH-10000309,5,313.42,2016-03-10,2016-03-11,Late,1567.1000000000001
PUR004162,2016-03-05,ST434,SUP007,OFF-LA-10003510,6,16.68,2016-03-12,2016-03-12,On Time,100.08
PUR004163,2016-03-05,ST092,SUP006,OFF-AR-10000614,9,2.81,2016-03-10,2016-03-14,Late,25.29
PUR004164,2016-03-05,ST476,SUP001,OFF-PA-10003724,18,2.79,2016-03-08,2016-03-13,Late,50.22
PUR004165,2016-03-05,ST405,SUP011,OFF-PA-10001950,12,4.31,2016-03-08,2016-03-12,Late,51.72
PUR004166,2016-03-05,ST599,SUP004,FUR-FU-10001979,5,27.27,2016-03-08,2016-03-07,Early,136.35
PUR004167,2016-03-05,ST129,SUP009,OFF-AR-10004757,9,2.4,2016-03-12,2016-03-14,Late,21.599999999999998
PUR004168,2016-03-05,ST323,SUP014,FUR-TA-10003954,11,249.82,2016-03-10,2016-03-09,Early,2748.02
PUR004169,2016-03-05,ST588,SUP001,FUR-FU-10002874,9,28.34,2016-03-08,2016-03-12,Late,255.06
PUR004170,2016-03-05,ST104,SUP009,TEC-PH-10001079,18,82.73,2016-03-12,2016-03-16,Late,1489.14
PUR004171,2016-03-05,ST063,SUP006,OFF-AR-10001246,5,1.9,2016-03-09,2016-03-10,Late,9.5
PUR004172,2016-03-05,ST411,SUP004,OFF-AR-10001897,8,13.51,2016-03-08,2016-03-09,Late,108.08
PUR004173,2016-03-05,ST412,SUP007,TEC-PH-10004614,18,51.71,2016-03-09,2016-03-11,Late,930.78
PUR004174,2016-03-05,ST522,SUP006,OFF-BI-10001721,4,10.49,2016-03-12,2016-03-14,Late,41.96
PUR004175,2016-03-05,ST248,SUP006,TEC-AC-10001109,20,16.51,2016-03-12,2016-03-11,Early,330.20000000000005
PUR004176,2016-03-05,ST330,SUP009,OFF-PA-10000994,2,55.9,2016-03-11,2016-03-10,Early,111.8
PUR004177,2016-03-05,ST462,SUP005,FUR-FU-10004963,13,5.21,2016-03-09,2016-03-08,Early,67.73
PUR004178,2016-03-05,ST385,SUP014,OFF-AP-10000179,12,80.69,2016-03-09,2016-03-12,Late,968.28
PUR004179,2016-03-05,ST356,SUP006,OFF-AR-10001953,17,32.54,2016-03-08,2016-03-07,Early,553.18
PUR004180,2016-03-05,ST629,SUP007,TEC-PH-10001305,14,33.79,2016-03-08,2016-03-12,Late,473.06
PUR004181,2016-03-05,ST246,SUP015,OFF-BI-10003694,6,6.02,2016-03-11,2016-03-13,Late,36.12
PUR004182,2016-03-05,ST163,SUP014,OFF-SU-10000157,7,115.92,2016-03-12,2016-03-15,Late,811.44
PUR004183,2016-03-05,ST388,SUP011,TEC-PH-10002807,15,21.74,2016-03-11,2016-03-10,Early,326.09999999999997
PUR004184,2016-03-05,ST182,SUP005,OFF-ST-10000078,12,235.45,2016-03-12,2016-03-11,Early,2825.3999999999996
PUR004185,2016-03-05,ST071,SUP005,OFF-BI-10003984,14,16.05,2016-03-11,2016-03-10,Early,224.70000000000002
PUR004186,2016-03-05,ST473,SUP010,OFF-BI-10001670,3,20.33,2016-03-10,2016-03-14,Late,60.989999999999995
PUR004187,2016-03-05,ST307,SUP014,OFF-AP-10002651,8,198.77,2016-03-11,2016-03-16,Late,1590.16
PUR004188,2016-03-05,ST128,SUP006,OFF-PA-10002870,10,3.12,2016-03-08,2016-03-08,On Time,31.200000000000003
PUR004189,2016-03-05,ST503,SUP003,OFF-SU-10000381,19,6.67,2016-03-09,2016-03-08,Early,126.73
PUR004190,2016-03-05,ST214,SUP007,TEC-PH-10002660,10,47.35,2016-03-11,2016-03-11,On Time,473.5
PUR004191,2016-03-05,ST266,SUP005,OFF-ST-10000943,18,14.94,2016-03-10,2016-03-12,Late,268.92
PUR004192,2016-03-05,ST236,SUP010,OFF-FA-10002780,5,1.62,2016-03-12,2016-03-13,Late,8.100000000000001
PUR004193,2016-03-05,ST422,SUP010,OFF-AP-10000240,8,41.21,2016-03-12,2016-03-17,Late,329.68
PUR004194,2016-03-05,ST267,SUP007,OFF-BI-10001510,3,12.4,2016-03-12,2016-03-16,Late,37.2
PUR004195,2016-03-05,ST518,SUP003,OFF-LA-10000248,2,1.98,2016-03-12,2016-03-17,Late,3.96
PUR004196,2016-03-05,ST466,SUP009,FUR-FU-10004952,10,41.08,2016-03-10,2016-03-15,Late,410.79999999999995
PUR004197,2016-03-05,ST115,SUP006,FUR-TA-10003469,12,122.48,2016-03-09,2016-03-14,Late,1469.76
PUR004198,2016-03-05,ST465,SUP015,OFF-AR-10001683,12,6.15,2016-03-09,2016-03-14,Late,73.80000000000001
PUR004199,2016-03-05,ST202,SUP005,TEC-AC-10001874,17,38.83,2016-03-08,2016-03-12,Late,660.11
PUR004200,2016-03-05,ST123,SUP009,OFF-BI-10001249,15,3.66,2016-03-08,2016-03-13,Late,54.900000000000006
PUR004201,2016-03-05,ST278,SUP014,OFF-BI-10002852,14,8.97,2016-03-08,2016-03-08,On Time,125.58000000000001
PUR004202,2016-03-05,ST516,SUP010,FUR-CH-10004853,11,116.78,2016-03-12,2016-03-11,Early,1284.58
PUR004203,2016-03-05,ST482,SUP009,OFF-BI-10000285,18,3.91,2016-03-11,2016-03-15,Late,70.38
PUR004204,2016-03-05,ST240,SUP004,TEC-PH-10001750,13,52.62,2016-03-09,2016-03-11,Late,684.06
PUR004205,2016-03-05,ST015,SUP008,OFF-ST-10001476,11,27.28,2016-03-10,2016-03-09,Early,300.08000000000004
PUR004206,2016-03-05,ST013,SUP010,TEC-AC-10001908,9,67.82,2016-03-12,2016-03-11,Early,610.3799999999999
PUR004207,2016-03-05,ST430,SUP014,OFF-AR-10000380,13,24.95,2016-03-08,2016-03-08,On Time,324.34999999999997
PUR004208,2016-03-05,ST358,SUP003,FUR-CH-10003973,19,247.74,2016-03-10,2016-03-15,Late,4707.06
PUR004209,2016-03-05,ST269,SUP015,OFF-PA-10002479,7,3.18,2016-03-08,2016-03-12,Late,22.26
PUR004210,2016-03-05,ST088,SUP004,FUR-CH-10000513,7,126.86,2016-03-12,2016-03-11,Early,888.02
PUR004211,2016-03-05,ST008,SUP003,OFF-BI-10002393,13,3.07,2016-03-10,2016-03-15,Late,39.91
PUR004212,2016-03-05,ST507,SUP001,FUR-TA-10002958,10,197.82,2016-03-12,2016-03-17,Late,1978.1999999999998
PUR004213,2016-03-05,ST164,SUP004,TEC-AC-10004877,10,5.84,2016-03-10,2016-03-11,Late,58.4
PUR004214,2016-03-05,ST078,SUP011,OFF-PA-10000807,9,2.42,2016-03-08,2016-03-11,Late,21.78
PUR004215,2016-03-05,ST102,SUP005,FUR-FU-10003691,17,7.21,2016-03-09,2016-03-09,On Time,122.57
PUR004216,2016-03-05,ST029,SUP008,OFF-BI-10003876,10,21.59,2016-03-12,2016-03-16,Late,215.9
PUR004217,2016-03-05,ST400,SUP012,OFF-PA-10004039,19,28.41,2016-03-10,2016-03-15,Late,539.79
PUR004218,2016-03-05,ST182,SUP003,TEC-AC-10003038,20,7.11,2016-03-10,2016-03-09,Early,142.20000000000002
PUR004219,2016-03-05,ST148,SUP013,TEC-AC-10002049,17,166.16,2016-03-09,2016-03-10,Late,2824.72
PUR004220,2016-03-05,ST220,SUP015,OFF-BI-10001078,2,2.61,2016-03-09,2016-03-11,Late,5.22
PUR004221,2016-03-05,ST053,SUP014,TEC-AC-10000991,5,37.24,2016-03-08,2016-03-08,On Time,186.20000000000002
PUR004222,2016-03-05,ST102,SUP007,OFF-BI-10001460,11,7.84,2016-03-11,2016-03-11,On Time,86.24
PUR004223,2016-03-05,ST560,SUP003,OFF-AR-10001473,3,2.38,2016-03-11,2016-03-13,Late,7.14
PUR004224,2016-03-05,ST156,SUP015,TEC-AC-10002018,7,3.63,2016-03-08,2016-03-07,Early,25.41
PUR004225,2016-03-05,ST401,SUP004,OFF-BI-10001294,12,6.79,2016-03-11,2016-03-15,Late,81.48
PUR004226,2016-03-05,ST202,SUP006,TEC-PH-10002549,6,152.77,2016-03-11,2016-03-14,Late,916.6200000000001
PUR004227,2016-03-05,ST477,SUP006,TEC-AC-10002217,20,16.01,2016-03-11,2016-03-14,Late,320.20000000000005
PUR004228,2016-03-05,ST507,SUP002,FUR-CH-10002647,12,48.23,2016-03-09,2016-03-09,On Time,578.76
PUR004229,2016-03-05,ST013,SUP010,OFF-BI-10004022,12,1.64,2016-03-08,2016-03-13,Late,19.68
PUR004230,2016-03-05,ST092,SUP008,TEC-AC-10002006,16,10.41,2016-03-09,2016-03-14,Late,166.56
PUR004231,2016-03-05,ST165,SUP003,FUR-CH-10003833,3,53.43,2016-03-08,2016-03-07,Early,160.29
PUR004232,2016-03-05,ST580,SUP007,FUR-CH-10002780,8,69.71,2016-03-08,2016-03-12,Late,557.68
PUR004233,2016-03-05,ST400,SUP002,FUR-CH-10000422,18,76.01,2016-03-11,2016-03-11,On Time,1368.18
PUR004234,2016-03-05,ST260,SUP013,TEC-PH-10001557,7,64.75,2016-03-10,2016-03-15,Late,453.25
PUR004235,2016-03-05,ST115,SUP013,OFF-FA-10000624,10,1.88,2016-03-11,2016-03-10,Early,18.799999999999997
PUR004236,2016-03-05,ST071,SUP013,FUR-CH-10002304,20,18.19,2016-03-11,2016-03-16,Late,363.8
PUR004237,2016-03-05,ST251,SUP005,FUR-CH-10002073,2,186.29,2016-03-11,2016-03-10,Early,372.58
PUR004238,2016-03-05,ST309,SUP013,OFF-EN-10004483,6,8.85,2016-03-10,2016-03-15,Late,53.099999999999994
PUR004239,2016-03-05,ST096,SUP003,FUR-FU-10000794,6,5.65,2016-03-11,2016-03-10,Early,33.900000000000006
PUR004240,2016-03-05,ST602,SUP004,FUR-CH-10003981,6,176.7,2016-03-10,2016-03-15,Late,1060.1999999999998
PUR004241,2016-03-20,ST018,SUP012,OFF-AR-10000817,4,1.86,2016-03-27,2016-03-28,Late,7.44
PUR004242,2016-03-20,ST486,SUP008,OFF-ST-10001511,11,64.39,2016-03-24,2016-03-26,Late,708.29
PUR004243,2016-03-20,ST431,SUP003,OFF-ST-10001128,2,101.37,2016-03-25,2016-03-26,Late,202.74
PUR004244,2016-03-20,ST482,SUP003,OFF-AR-10000538,5,18.62,2016-03-26,2016-03-25,Early,93.10000000000001
PUR004245,2016-03-20,ST571,SUP005,OFF-ST-10001476,16,26.45,2016-03-23,2016-03-27,Late,423.2
PUR004246,2016-03-20,ST368,SUP006,TEC-AC-10003447,6,14.3,2016-03-27,2016-03-30,Late,85.80000000000001
PUR004247,2016-03-20,ST135,SUP001,OFF-PA-10001950,13,4.23,2016-03-23,2016-03-22,Early,54.99000000000001
PUR004248,2016-03-20,ST550,SUP006,OFF-BI-10004140,20,2.55,2016-03-27,2016-04-01,Late,51.0
PUR004249,2016-03-20,ST554,SUP007,FUR-CH-10002965,4,137.05,2016-03-26,2016-03-31,Late,548.2
PUR004250,2016-03-20,ST549,SUP013,OFF-SU-10000898,11,10.33,2016-03-26,2016-03-27,Late,113.63
PUR004251,2016-03-20,ST527,SUP013,TEC-PH-10002890,17,33.85,2016-03-26,2016-03-26,On Time,575.45
PUR004252,2016-03-20,ST010,SUP001,OFF-AR-10000422,8,1.59,2016-03-27,2016-03-30,Late,12.72
PUR004253,2016-03-20,ST025,SUP005,TEC-AC-10001465,10,24.47,2016-03-27,2016-03-31,Late,244.7
PUR004254,2016-03-20,ST571,SUP011,OFF-PA-10000659,9,7.08,2016-03-23,2016-03-26,Late,63.72
PUR004255,2016-03-20,ST299,SUP008,OFF-BI-10000309,5,7.87,2016-03-27,2016-04-01,Late,39.35
PUR004256,2016-03-20,ST308,SUP007,TEC-AC-10001266,20,6.62,2016-03-23,2016-03-22,Early,132.4
PUR004257,2016-03-20,ST542,SUP012,OFF-PA-10003309,14,3.42,2016-03-24,2016-03-26,Late,47.879999999999995
PUR004258,2016-03-20,ST334,SUP013,OFF-PA-10001526,6,2.71,2016-03-24,2016-03-25,Late,16.259999999999998
PUR004259,2016-03-20,ST277,SUP007,OFF-BI-10003981,19,2.21,2016-03-26,2016-03-25,Early,41.99
PUR004260,2016-03-20,ST588,SUP004,FUR-FU-10000794,18,5.62,2016-03-27,2016-03-29,Late,101.16
PUR004261,2016-03-20,ST152,SUP003,OFF-BI-10000174,12,2.88,2016-03-23,2016-03-23,On Time,34.56
PUR004262,2016-03-20,ST504,SUP004,FUR-CH-10003774,4,87.03,2016-03-24,2016-03-29,Late,348.12
PUR004263,2016-03-20,ST002,SUP006,OFF-AP-10000891,2,89.2,2016-03-24,2016-03-29,Late,178.4
PUR004264,2016-03-20,ST019,SUP001,TEC-PH-10003811,8,77.79,2016-03-27,2016-03-30,Late,622.32
PUR004265,2016-03-20,ST413,SUP005,OFF-EN-10002312,14,5.37,2016-03-26,2016-03-26,On Time,75.18
PUR004266,2016-03-20,ST004,SUP001,OFF-BI-10003429,20,2.98,2016-03-27,2016-03-30,Late,59.6
PUR004267,2016-03-20,ST093,SUP010,OFF-PA-10002160,20,3.11,2016-03-23,2016-03-24,Late,62.199999999999996
PUR004268,2016-03-20,ST024,SUP001,OFF-LA-10002043,5,5.28,2016-03-27,2016-04-01,Late,26.400000000000002
PUR004269,2016-03-20,ST156,SUP013,OFF-ST-10002743,4,109.9,2016-03-24,2016-03-24,On Time,439.6
PUR004270,2016-03-20,ST596,SUP008,TEC-PH-10004959,17,70.87,2016-03-27,2016-04-01,Late,1204.79
PUR004271,2016-03-20,ST046,SUP012,TEC-PH-10004447,20,107.52,2016-03-26,2016-03-25,Early,2150.4
PUR004272,2016-03-20,ST308,SUP006,OFF-FA-10000735,19,1.7,2016-03-27,2016-04-01,Late,32.3
PUR004273,2016-03-20,ST561,SUP014,OFF-LA-10002368,4,1.53,2016-03-26,2016-03-28,Late,6.12
PUR004274,2016-03-20,ST052,SUP001,FUR-CH-10001714,10,135.72,2016-03-23,2016-03-26,Late,1357.2
PUR004275,2016-03-20,ST225,SUP011,OFF-EN-10000056,20,33.08,2016-03-24,2016-03-26,Late,661.5999999999999
PUR004276,2016-03-20,ST251,SUP012,OFF-ST-10002344,5,85.56,2016-03-26,2016-03-25,Early,427.8
PUR004277,2016-03-20,ST326,SUP002,TEC-PH-10002262,5,43.05,2016-03-23,2016-03-27,Late,215.25
PUR004278,2016-03-20,ST266,SUP012,TEC-AC-10002842,19,102.87,2016-03-25,2016-03-28,Late,1954.5300000000002
PUR004279,2016-03-20,ST317,SUP013,OFF-BI-10001460,6,8.45,2016-03-24,2016-03-23,Early,50.699999999999996
PUR004280,2016-03-20,ST013,SUP013,OFF-PA-10001560,8,3.29,2016-03-23,2016-03-24,Late,26.32
PUR004281,2016-03-20,ST285,SUP004,OFF-FA-10000624,8,1.73,2016-03-26,2016-03-28,Late,13.84
PUR004282,2016-03-20,ST589,SUP007,OFF-BI-10004817,2,6.16,2016-03-27,2016-03-30,Late,12.32
PUR004283,2016-03-20,ST280,SUP015,OFF-ST-10001370,10,64.51,2016-03-26,2016-03-28,Late,645.1
PUR004284,2016-03-20,ST098,SUP001,OFF-ST-10004337,16,56.93,2016-03-23,2016-03-26,Late,910.88
PUR004285,2016-03-20,ST017,SUP011,OFF-ST-10002485,6,20.75,2016-03-24,2016-03-28,Late,124.5
PUR004286,2016-03-20,ST520,SUP012,OFF-PA-10003228,19,28.05,2016-03-24,2016-03-24,On Time,532.95
PUR004287,2016-03-20,ST296,SUP010,FUR-CH-10004698,9,58.46,2016-03-23,2016-03-23,On Time,526.14
PUR004288,2016-03-20,ST355,SUP009,OFF-BI-10003712,14,2.32,2016-03-27,2016-03-26,Early,32.48
PUR004289,2016-03-20,ST140,SUP006,OFF-BI-10002982,17,3.37,2016-03-26,2016-03-26,On Time,57.29
PUR004290,2016-03-20,ST422,SUP004,OFF-AR-10001547,13,1.66,2016-03-25,2016-03-25,On Time,21.58
PUR004291,2016-03-20,ST018,SUP008,OFF-ST-10004340,9,43.98,2016-03-23,2016-03-24,Late,395.82
PUR004292,2016-03-20,ST574,SUP002,FUR-FU-10003577,4,8.55,2016-03-24,2016-03-27,Late,34.2
PUR004293,2016-03-20,ST429,SUP002,OFF-AP-10000027,12,8.76,2016-03-23,2016-03-27,Late,105.12
PUR004294,2016-03-20,ST355,SUP006,TEC-CO-10004202,7,206.16,2016-03-27,2016-03-26,Early,1443.12
PUR004295,2016-03-20,ST408,SUP015,OFF-BI-10001510,11,13.02,2016-03-23,2016-03-22,Early,143.22
PUR004296,2016-03-20,ST225,SUP003,OFF-ST-10001490,3,124.05,2016-03-23,2016-03-24,Late,372.15
PUR004297,2016-03-20,ST088,SUP001,OFF-ST-10000078,15,213.46,2016-03-24,2016-03-27,Late,3201.9
PUR004298,2016-03-20,ST089,SUP008,TEC-AC-10003911,9,106.07,2016-03-23,2016-03-22,Early,954.6299999999999
PUR004299,2016-03-20,ST131,SUP015,OFF-AP-10003040,7,23.39,2016-03-27,2016-03-31,Late,163.73000000000002
PUR004300,2016-03-20,ST129,SUP002,OFF-SU-10000381,15,6.04,2016-03-23,2016-03-27,Late,90.6
PUR004301,2016-03-20,ST384,SUP012,FUR-FU-10002960,10,3.97,2016-03-23,2016-03-25,Late,39.7
PUR004302,2016-03-20,ST230,SUP006,OFF-EN-10004846,15,1.34,2016-03-25,2016-03-26,Late,20.1
PUR004303,2016-03-20,ST313,SUP015,OFF-BI-10003650,14,285.84,2016-03-24,2016-03-24,On Time,4001.7599999999998
PUR004304,2016-03-20,ST308,SUP004,OFF-PA-10001878,16,25.5,2016-03-26,2016-03-31,Late,408.0
PUR004305,2016-03-20,ST341,SUP002,TEC-AC-10002049,2,143.3,2016-03-24,2016-03-23,Early,286.6
PUR004306,2016-03-20,ST210,SUP012,TEC-AC-10000158,13,28.43,2016-03-25,2016-03-27,Late,369.59
PUR004307,2016-03-20,ST572,SUP006,FUR-CH-10004218,6,72.09,2016-03-26,2016-03-25,Early,432.54
PUR004308,2016-03-20,ST174,SUP009,FUR-BO-10004409,17,56.21,2016-03-24,2016-03-25,Late,955.57
PUR004309,2016-03-20,ST470,SUP003,FUR-TA-10003748,5,101.95,2016-03-24,2016-03-26,Late,509.75
PUR004310,2016-03-20,ST402,SUP009,OFF-LA-10004425,16,1.68,2016-03-26,2016-03-30,Late,26.88
PUR004311,2016-03-20,ST410,SUP015,OFF-BI-10004728,14,2.83,2016-03-24,2016-03-29,Late,39.620000000000005
PUR004312,2016-03-20,ST453,SUP002,TEC-AC-10004633,6,3.74,2016-03-26,2016-03-31,Late,22.44
PUR004313,2016-03-20,ST277,SUP014,OFF-BI-10000343,19,2.57,2016-03-27,2016-03-28,Late,48.83
PUR004314,2016-03-20,ST164,SUP002,OFF-BI-10004995,17,730.1,2016-03-27,2016-03-26,Early,12411.7
PUR004315,2016-03-20,ST423,SUP001,TEC-AC-10004469,8,21.75,2016-03-23,2016-03-28,Late,174.0
PUR004316,2016-03-20,ST495,SUP010,OFF-PA-10004610,18,2.26,2016-03-25,2016-03-25,On Time,40.67999999999999
PUR004317,2016-03-20,ST279,SUP014,OFF-PA-10000994,6,51.64,2016-03-24,2016-03-25,Late,309.84000000000003
PUR004318,2016-03-20,ST388,SUP007,TEC-PH-10000376,3,7.11,2016-03-27,2016-03-27,On Time,21.330000000000002
PUR004319,2016-03-20,ST444,SUP006,FUR-FU-10000629,5,7.44,2016-03-25,2016-03-28,Late,37.2
PUR004320,2016-03-20,ST589,SUP005,OFF-AR-10000658,13,7.76,2016-03-24,2016-03-23,Early,100.88
PUR004321,2016-04-05,ST290,SUP005,FUR-CH-10004063,14,209.54,2016-04-08,2016-04-13,Late,2933.56
PUR004322,2016-04-05,ST628,SUP012,OFF-SU-10004664,5,5.32,2016-04-11,2016-04-16,Late,26.6
PUR004323,2016-04-05,ST544,SUP002,OFF-ST-10002406,8,10.88,2016-04-09,2016-04-11,Late,87.04
PUR004324,2016-04-05,ST440,SUP011,OFF-AR-10001897,9,11.66,2016-04-09,2016-04-10,Late,104.94
PUR004325,2016-04-05,ST295,SUP010,FUR-TA-10002228,9,267.69,2016-04-12,2016-04-17,Late,2409.21
PUR004326,2016-04-05,ST067,SUP012,TEC-PH-10003645,18,126.92,2016-04-12,2016-04-15,Late,2284.56
PUR004327,2016-04-05,ST550,SUP007,OFF-BI-10002071,10,3.19,2016-04-08,2016-04-10,Late,31.9
PUR004328,2016-04-05,ST019,SUP013,OFF-ST-10001590,14,9.5,2016-04-10,2016-04-15,Late,133.0
PUR004329,2016-04-05,ST187,SUP001,FUR-FU-10000175,5,10.07,2016-04-08,2016-04-08,On Time,50.35
PUR004330,2016-04-05,ST286,SUP011,OFF-AR-10003394,13,2.07,2016-04-08,2016-04-13,Late,26.909999999999997
PUR004331,2016-04-05,ST122,SUP001,OFF-PA-10001260,7,4.18,2016-04-11,2016-04-10,Early,29.259999999999998
PUR004332,2016-04-05,ST435,SUP009,OFF-BI-10003925,11,210.21,2016-04-08,2016-04-13,Late,2312.31
PUR004333,2016-04-05,ST518,SUP002,OFF-AP-10000692,9,14.58,2016-04-11,2016-04-10,Early,131.22
PUR004334,2016-04-05,ST207,SUP001,OFF-PA-10002659,3,1.72,2016-04-08,2016-04-11,Late,5.16
PUR004335,2016-04-05,ST619,SUP010,OFF-PA-10003270,16,2.93,2016-04-08,2016-04-07,Early,46.88
PUR004336,2016-04-05,ST014,SUP001,TEC-PH-10002115,4,51.84,2016-04-09,2016-04-10,Late,207.36
PUR004337,2016-04-05,ST110,SUP004,OFF-AR-10001573,17,1.76,2016-04-11,2016-04-15,Late,29.92
PUR004338,2016-04-05,ST569,SUP008,OFF-PA-10001289,5,20.12,2016-04-11,2016-04-10,Early,100.60000000000001
PUR004339,2016-04-05,ST398,SUP013,OFF-BI-10001543,5,20.15,2016-04-09,2016-04-14,Late,100.75
PUR004340,2016-04-05,ST053,SUP010,OFF-BI-10001982,13,2.88,2016-04-12,2016-04-13,Late,37.44
PUR004341,2016-04-05,ST478,SUP005,TEC-PH-10001644,5,21.95,2016-04-12,2016-04-13,Late,109.75
PUR004342,2016-04-05,ST124,SUP011,TEC-PH-10001128,13,117.09,2016-04-08,2016-04-08,On Time,1522.17
PUR004343,2016-04-05,ST543,SUP006,TEC-PH-10002033,16,204.05,2016-04-09,2016-04-13,Late,3264.8
PUR004344,2016-04-05,ST171,SUP015,OFF-BI-10001249,5,3.12,2016-04-12,2016-04-15,Late,15.600000000000001
PUR004345,2016-04-05,ST483,SUP001,OFF-BI-10000145,16,1.6,2016-04-09,2016-04-14,Late,25.6
PUR004346,2016-04-05,ST233,SUP001,OFF-PA-10002689,16,3.44,2016-04-11,2016-04-10,Early,55.04
PUR004347,2016-04-05,ST566,SUP001,FUR-CH-10001854,15,245.71,2016-04-12,2016-04-11,Early,3685.65
PUR004348,2016-04-05,ST133,SUP003,OFF-AP-10002082,17,15.5,2016-04-09,2016-04-13,Late,263.5
PUR004349,2016-04-05,ST258,SUP007,OFF-BI-10002897,20,1.92,2016-04-11,2016-04-13,Late,38.4
PUR004350,2016-04-05,ST347,SUP008,FUR-CH-10004626,5,77.22,2016-04-09,2016-04-08,Early,386.1
PUR004351,2016-04-05,ST109,SUP009,OFF-ST-10002352,16,6.35,2016-04-08,2016-04-08,On Time,101.6
PUR004352,2016-04-05,ST563,SUP011,TEC-AC-10002370,11,1.35,2016-04-10,2016-04-15,Late,14.850000000000001
PUR004353,2016-04-05,ST033,SUP009,FUR-FU-10003553,13,40.98,2016-04-08,2016-04-08,On Time,532.74
PUR004354,2016-04-05,ST199,SUP005,FUR-FU-10000732,10,4.41,2016-04-09,2016-04-09,On Time,44.1
PUR004355,2016-04-05,ST125,SUP003,OFF-AR-10000940,14,2.35,2016-04-11,2016-04-14,Late,32.9
PUR004356,2016-04-05,ST617,SUP007,FUR-CH-10000595,3,189.15,2016-04-11,2016-04-14,Late,567.45
PUR004357,2016-04-05,ST408,SUP005,TEC-AC-10001606,13,66.3,2016-04-11,2016-04-10,Early,861.9
PUR004358,2016-04-05,ST366,SUP011,OFF-PA-10000474,14,19.91,2016-04-08,2016-04-10,Late,278.74
PUR004359,2016-04-05,ST374,SUP014,TEC-PH-10001254,5,89.2,2016-04-09,2016-04-08,Early,446.0
PUR004360,2016-04-05,ST417,SUP002,OFF-EN-10000461,12,4.22,2016-04-10,2016-04-15,Late,50.64
PUR004361,2016-04-05,ST492,SUP001,OFF-BI-10001294,6,6.29,2016-04-08,2016-04-08,On Time,37.74
PUR004362,2016-04-05,ST536,SUP014,OFF-AP-10002998,8,14.12,2016-04-10,2016-04-15,Late,112.96
PUR004363,2016-04-05,ST116,SUP004,OFF-PA-10000533,7,3.38,2016-04-12,2016-04-15,Late,23.66
PUR004364,2016-04-05,ST555,SUP005,OFF-AR-10004344,9,8.89,2016-04-10,2016-04-13,Late,80.01
PUR004365,2016-04-05,ST309,SUP001,OFF-BI-10003982,4,10.39,2016-04-08,2016-04-12,Late,41.56
PUR004366,2016-04-05,ST077,SUP013,OFF-ST-10000532,15,29.05,2016-04-08,2016-04-09,Late,435.75
PUR004367,2016-04-05,ST378,SUP002,OFF-SU-10003567,9,8.47,2016-04-08,2016-04-10,Late,76.23
PUR004368,2016-04-05,ST564,SUP013,TEC-PH-10004100,17,13.52,2016-04-11,2016-04-15,Late,229.84
PUR004369,2016-04-05,ST251,SUP013,OFF-AP-10001391,11,62.84,2016-04-09,2016-04-13,Late,691.24
PUR004370,2016-04-05,ST093,SUP009,OFF-LA-10003510,12,15.6,2016-04-08,2016-04-07,Early,187.2
PUR004371,2016-04-05,ST283,SUP002,FUR-CH-10001708,12,100.62,2016-04-11,2016-04-13,Late,1207.44
PUR004372,2016-04-05,ST503,SUP003,TEC-PH-10001527,10,43.9,2016-04-12,2016-04-17,Late,439.0
PUR004373,2016-04-05,ST126,SUP014,OFF-AR-10001026,20,1.3,2016-04-10,2016-04-12,Late,26.0
PUR004374,2016-04-05,ST114,SUP006,OFF-LA-10004425,9,1.55,2016-04-09,2016-04-12,Late,13.950000000000001
PUR004375,2016-04-05,ST505,SUP015,OFF-BI-10001036,4,4.94,2016-04-10,2016-04-15,Late,19.76
PUR004376,2016-04-05,ST382,SUP010,OFF-AR-10000390,5,2.07,2016-04-12,2016-04-14,Late,10.35
PUR004377,2016-04-05,ST266,SUP006,FUR-TA-10002533,18,107.46,2016-04-09,2016-04-11,Late,1934.28
PUR004378,2016-04-05,ST613,SUP013,OFF-LA-10003121,3,2.35,2016-04-11,2016-04-11,On Time,7.050000000000001
PUR004379,2016-04-05,ST158,SUP001,TEC-AC-10004518,9,12.77,2016-04-10,2016-04-15,Late,114.92999999999999
PUR004380,2016-04-05,ST379,SUP012,FUR-CH-10002304,11,19.23,2016-04-10,2016-04-12,Late,211.53
PUR004381,2016-04-05,ST367,SUP001,FUR-FU-10000010,16,3.41,2016-04-08,2016-04-10,Late,54.56
PUR004382,2016-04-05,ST063,SUP004,FUR-CH-10004886,5,62.55,2016-04-12,2016-04-14,Late,312.75
PUR004383,2016-04-05,ST270,SUP013,OFF-AR-10001683,5,5.94,2016-04-11,2016-04-14,Late,29.700000000000003
PUR004384,2016-04-05,ST063,SUP012,OFF-AR-10002399,9,2.5,2016-04-09,2016-04-08,Early,22.5
PUR004385,2016-04-05,ST543,SUP004,FUR-TA-10001889,17,335.19,2016-04-08,2016-04-13,Late,5698.23
PUR004386,2016-04-05,ST075,SUP005,OFF-BI-10002353,7,8.32,2016-04-10,2016-04-13,Late,58.24
PUR004387,2016-04-05,ST186,SUP011,OFF-EN-10004386,12,12.49,2016-04-11,2016-04-10,Early,149.88
PUR004388,2016-04-05,ST266,SUP006,OFF-PA-10003724,7,2.8,2016-04-11,2016-04-15,Late,19.599999999999998
PUR004389,2016-04-05,ST462,SUP003,FUR-CH-10000015,18,157.17,2016-04-09,2016-04-12,Late,2829.06
PUR004390,2016-04-05,ST460,SUP001,TEC-PH-10003012,18,116.63,2016-04-11,2016-04-13,Late,2099.34
PUR004391,2016-04-05,ST387,SUP008,OFF-PA-10003228,10,24.04,2016-04-09,2016-04-09,On Time,240.39999999999998
PUR004392,2016-04-05,ST212,SUP014,TEC-PH-10001552,17,9.38,2016-04-10,2016-04-10,On Time,159.46
PUR004393,2016-04-05,ST488,SUP007,OFF-PA-10003848,19,3.68,2016-04-11,2016-04-15,Late,69.92
PUR004394,2016-04-05,ST224,SUP003,FUR-FU-10004848,6,26.56,2016-04-12,2016-04-14,Late,159.35999999999999
PUR004395,2016-04-05,ST054,SUP010,OFF-AP-10001492,18,6.81,2016-04-11,2016-04-15,Late,122.58
PUR004396,2016-04-05,ST536,SUP009,TEC-PH-10002496,2,115.69,2016-04-11,2016-04-14,Late,231.38
PUR004397,2016-04-05,ST343,SUP012,OFF-FA-10001561,9,1.37,2016-04-10,2016-04-15,Late,12.330000000000002
PUR004398,2016-04-05,ST027,SUP006,OFF-LA-10001641,9,1.56,2016-04-12,2016-04-17,Late,14.040000000000001
PUR004399,2016-04-05,ST429,SUP010,TEC-PH-10001363,6,396.94,2016-04-08,2016-04-09,Late,2381.64
PUR004400,2016-04-05,ST010,SUP005,OFF-AP-10002457,16,75.31,2016-04-10,2016-04-10,On Time,1204.96
PUR004401,2016-04-20,ST486,SUP001,OFF-AR-10004757,12,2.16,2016-04-27,2016-04-30,Late,25.92
PUR004402,2016-04-20,ST353,SUP006,TEC-AC-10002473,16,16.74,2016-04-25,2016-04-25,On Time,267.84
PUR004403,2016-04-20,ST029,SUP010,OFF-BI-10001359,15,508.73,2016-04-24,2016-04-29,Late,7630.950000000001
PUR004404,2016-04-20,ST186,SUP014,OFF-PA-10003591,18,5.46,2016-04-26,2016-04-26,On Time,98.28
PUR004405,2016-04-20,ST467,SUP003,OFF-PA-10003656,14,14.96,2016-04-24,2016-04-24,On Time,209.44
PUR004406,2016-04-20,ST151,SUP003,OFF-ST-10004123,3,94.73,2016-04-26,2016-04-25,Early,284.19
PUR004407,2016-04-20,ST476,SUP014,FUR-FU-10001591,5,7.45,2016-04-25,2016-04-29,Late,37.25
PUR004408,2016-04-20,ST504,SUP002,OFF-AP-10001154,17,28.18,2016-04-23,2016-04-25,Late,479.06
PUR004409,2016-04-20,ST162,SUP005,OFF-ST-10000689,7,112.97,2016-04-27,2016-04-30,Late,790.79
PUR004410,2016-04-20,ST566,SUP005,TEC-AC-10000736,13,47.24,2016-04-26,2016-04-29,Late,614.12
PUR004411,2016-04-20,ST180,SUP006,OFF-BI-10003355,19,2.45,2016-04-23,2016-04-28,Late,46.550000000000004
PUR004412,2016-04-20,ST213,SUP001,OFF-BI-10000962,15,9.05,2016-04-27,2016-05-02,Late,135.75
PUR004413,2016-04-20,ST185,SUP015,OFF-ST-10000604,7,24.44,2016-04-26,2016-04-29,Late,171.08
PUR004414,2016-04-20,ST273,SUP015,OFF-PA-10000157,19,9.56,2016-04-24,2016-04-28,Late,181.64000000000001
PUR004415,2016-04-20,ST080,SUP014,TEC-PH-10002293,14,13.73,2016-04-23,2016-04-25,Late,192.22
PUR004416,2016-04-20,ST462,SUP002,OFF-BI-10004876,19,1.28,2016-04-26,2016-05-01,Late,24.32
PUR004417,2016-04-20,ST083,SUP013,FUR-FU-10000023,2,3.58,2016-04-26,2016-04-26,On Time,7.16
PUR004418,2016-04-20,ST351,SUP001,OFF-AR-10003190,16,2.23,2016-04-23,2016-04-22,Early,35.68
PUR004419,2016-04-20,ST190,SUP004,OFF-PA-10004530,11,5.95,2016-04-26,2016-05-01,Late,65.45
PUR004420,2016-04-20,ST287,SUP015,OFF-EN-10004459,16,3.65,2016-04-26,2016-04-29,Late,58.4
PUR004421,2016-04-20,ST452,SUP014,FUR-TA-10002774,9,136.95,2016-04-24,2016-04-27,Late,1232.55
PUR004422,2016-04-20,ST248,SUP007,OFF-BI-10002026,10,28.38,2016-04-27,2016-04-26,Early,283.8
PUR004423,2016-04-20,ST034,SUP010,OFF-ST-10000025,19,84.72,2016-04-26,2016-05-01,Late,1609.68
PUR004424,2016-04-20,ST359,SUP003,OFF-PA-10002160,12,2.81,2016-04-27,2016-05-01,Late,33.72
PUR004425,2016-04-20,ST619,SUP012,OFF-ST-10001476,19,25.02,2016-04-24,2016-04-28,Late,475.38
PUR004426,2016-04-20,ST162,SUP012,OFF-BI-10002103,9,4.34,2016-04-26,2016-04-26,On Time,39.06
PUR004427,2016-04-20,ST587,SUP003,FUR-FU-10004091,19,21.84,2016-04-23,2016-04-28,Late,414.96
PUR004428,2016-04-20,ST049,SUP011,TEC-AC-10001998,14,12.46,2016-04-25,2016-04-30,Late,174.44
PUR004429,2016-04-20,ST129,SUP001,FUR-TA-10002530,20,136.47,2016-04-26,2016-04-30,Late,2729.4
PUR004430,2016-04-20,ST340,SUP011,OFF-AR-10003896,15,3.79,2016-04-24,2016-04-26,Late,56.85
PUR004431,2016-04-20,ST365,SUP005,OFF-AR-10003478,7,4.94,2016-04-24,2016-04-27,Late,34.580000000000005
PUR004432,2016-04-20,ST601,SUP012,OFF-BI-10004330,17,19.38,2016-04-25,2016-04-24,Early,329.46
PUR004433,2016-04-20,ST560,SUP009,TEC-PH-10003012,16,114.2,2016-04-26,2016-04-27,Late,1827.2
PUR004434,2016-04-20,ST373,SUP008,FUR-TA-10002533,2,114.94,2016-04-26,2016-05-01,Late,229.88
PUR004435,2016-04-20,ST011,SUP009,OFF-BI-10002854,2,13.09,2016-04-23,2016-04-26,Late,26.18
PUR004436,2016-04-20,ST191,SUP003,TEC-AC-10000199,7,5.21,2016-04-23,2016-04-24,Late,36.47
PUR004437,2016-04-20,ST034,SUP004,TEC-PH-10004093,11,35.15,2016-04-25,2016-04-26,Late,386.65
PUR004438,2016-04-20,ST599,SUP001,OFF-BI-10001553,19,4.82,2016-04-24,2016-04-24,On Time,91.58000000000001
PUR004439,2016-04-20,ST254,SUP004,TEC-PH-10001924,7,50.9,2016-04-24,2016-04-24,On Time,356.3
PUR004440,2016-04-20,ST367,SUP004,OFF-PA-10001878,2,28.29,2016-04-23,2016-04-22,Early,56.58
PUR004441,2016-04-20,ST340,SUP015,TEC-PH-10000984,6,149.85,2016-04-25,2016-04-30,Late,899.0999999999999
PUR004442,2016-04-20,ST232,SUP015,OFF-SU-10000381,3,6.1,2016-04-25,2016-04-26,Late,18.299999999999997
PUR004443,2016-04-20,ST035,SUP011,OFF-PA-10004610,12,2.49,2016-04-24,2016-04-29,Late,29.880000000000003
PUR004444,2016-04-20,ST568,SUP014,TEC-PH-10002824,14,156.99,2016-04-27,2016-04-28,Late,2197.86
PUR004445,2016-04-20,ST252,SUP013,OFF-BI-10001628,8,5.88,2016-04-24,2016-04-24,On Time,47.04
PUR004446,2016-04-20,ST168,SUP007,OFF-ST-10001490,11,133.67,2016-04-27,2016-04-29,Late,1470.37
PUR004447,2016-04-20,ST028,SUP009,FUR-TA-10003473,6,261.08,2016-04-25,2016-04-28,Late,1566.48
PUR004448,2016-04-20,ST126,SUP004,OFF-ST-10002615,19,126.21,2016-04-24,2016-04-29,Late,2397.99
PUR004449,2016-04-20,ST166,SUP002,OFF-PA-10000675,10,21.96,2016-04-27,2016-04-26,Early,219.60000000000002
PUR004450,2016-04-20,ST613,SUP013,TEC-AC-10001109,16,18.37,2016-04-26,2016-04-27,Late,293.92
PUR004451,2016-04-20,ST147,SUP002,OFF-PA-10001184,6,3.33,2016-04-24,2016-04-26,Late,19.98
PUR004452,2016-04-20,ST471,SUP008,TEC-AC-10002049,14,146.13,2016-04-25,2016-04-28,Late,2045.82
PUR004453,2016-04-20,ST016,SUP002,OFF-ST-10001097,13,159.84,2016-04-26,2016-04-26,On Time,2077.92
PUR004454,2016-04-20,ST209,SUP010,OFF-AP-10002457,10,78.55,2016-04-26,2016-04-27,Late,785.5
PUR004455,2016-04-20,ST406,SUP003,TEC-PH-10000149,5,15.02,2016-04-26,2016-04-25,Early,75.1
PUR004456,2016-04-20,ST238,SUP006,TEC-PH-10004165,9,187.21,2016-04-26,2016-04-26,On Time,1684.89
PUR004457,2016-04-20,ST485,SUP005,OFF-ST-10001713,15,54.48,2016-04-25,2016-04-25,On Time,817.1999999999999
PUR004458,2016-04-20,ST258,SUP007,FUR-BO-10001798,18,112.87,2016-04-26,2016-04-25,Early,2031.66
PUR004459,2016-04-20,ST436,SUP015,FUR-FU-10000221,6,3.49,2016-04-23,2016-04-25,Late,20.94
PUR004460,2016-04-20,ST608,SUP010,TEC-MA-10002210,9,205.49,2016-04-24,2016-04-28,Late,1849.41
PUR004461,2016-04-20,ST141,SUP006,OFF-PA-10003072,19,3.64,2016-04-25,2016-04-24,Early,69.16
PUR004462,2016-04-20,ST065,SUP002,OFF-BI-10003982,8,10.27,2016-04-25,2016-04-29,Late,82.16
PUR004463,2016-04-20,ST011,SUP006,FUR-FU-10002501,9,8.54,2016-04-25,2016-04-24,Early,76.85999999999999
PUR004464,2016-04-20,ST143,SUP013,FUR-FU-10002937,10,46.74,2016-04-23,2016-04-26,Late,467.40000000000003
PUR004465,2016-04-20,ST051,SUP011,OFF-BI-10003364,5,14.56,2016-04-27,2016-05-02,Late,72.8
PUR004466,2016-04-20,ST473,SUP010,OFF-AP-10000026,16,43.16,2016-04-24,2016-04-25,Late,690.56
PUR004467,2016-04-20,ST384,SUP003,FUR-BO-10002598,16,51.46,2016-04-25,2016-04-30,Late,823.36
PUR004468,2016-04-20,ST514,SUP002,TEC-PH-10000526,6,64.32,2016-04-27,2016-04-27,On Time,385.91999999999996
PUR004469,2016-04-20,ST330,SUP011,FUR-BO-10002916,10,142.05,2016-04-27,2016-05-02,Late,1420.5
PUR004470,2016-04-20,ST008,SUP012,OFF-AR-10001573,5,1.68,2016-04-25,2016-04-30,Late,8.4
PUR004471,2016-04-20,ST442,SUP001,FUR-CH-10003973,19,266.76,2016-04-26,2016-04-30,Late,5068.44
PUR004472,2016-04-20,ST214,SUP004,FUR-FU-10000448,14,16.18,2016-04-24,2016-04-29,Late,226.51999999999998
PUR004473,2016-04-20,ST441,SUP009,OFF-PA-10001972,7,3.43,2016-04-25,2016-04-24,Early,24.01
PUR004474,2016-04-20,ST170,SUP001,OFF-AR-10000246,13,2.21,2016-04-25,2016-04-27,Late,28.73
PUR004475,2016-04-20,ST282,SUP007,OFF-AR-10004042,19,13.19,2016-04-23,2016-04-26,Late,250.60999999999999
PUR004476,2016-04-20,ST368,SUP013,OFF-AP-10000358,12,9.47,2016-04-27,2016-04-30,Late,113.64000000000001
PUR004477,2016-04-20,ST176,SUP009,OFF-ST-10000046,8,139.48,2016-04-25,2016-04-29,Late,1115.84
PUR004478,2016-04-20,ST139,SUP008,FUR-CH-10000595,15,186.33,2016-04-26,2016-05-01,Late,2794.9500000000003
PUR004479,2016-04-20,ST273,SUP009,OFF-AP-10002684,7,76.9,2016-04-26,2016-04-28,Late,538.3000000000001
PUR004480,2016-04-20,ST173,SUP013,OFF-BI-10003694,6,5.82,2016-04-25,2016-04-26,Late,34.92
PUR004481,2016-05-05,ST327,SUP011,TEC-PH-10002415,8,237.24,2016-05-10,2016-05-09,Early,1897.92
PUR004482,2016-05-05,ST163,SUP009,TEC-AC-10001635,20,8.05,2016-05-09,2016-05-09,On Time,161.0
PUR004483,2016-05-05,ST547,SUP002,TEC-PH-10002564,13,18.93,2016-05-09,2016-05-10,Late,246.09
PUR004484,2016-05-05,ST308,SUP015,OFF-ST-10001837,14,29.54,2016-05-11,2016-05-11,On Time,413.56
PUR004485,2016-05-05,ST258,SUP010,OFF-ST-10002444,19,8.68,2016-05-09,2016-05-13,Late,164.92
PUR004486,2016-05-05,ST167,SUP003,FUR-FU-10003535,2,14.85,2016-05-09,2016-05-10,Late,29.7
PUR004487,2016-05-05,ST180,SUP010,FUR-CH-10000015,4,153.47,2016-05-12,2016-05-11,Early,613.88
PUR004488,2016-05-05,ST428,SUP011,OFF-PA-10001125,2,17.4,2016-05-11,2016-05-11,On Time,34.8
PUR004489,2016-05-05,ST409,SUP007,OFF-ST-10000676,16,82.73,2016-05-08,2016-05-09,Late,1323.68
PUR004490,2016-05-05,ST595,SUP001,FUR-CH-10002073,12,200.33,2016-05-10,2016-05-12,Late,2403.96
PUR004491,2016-05-05,ST292,SUP008,FUR-FU-10003731,8,6.73,2016-05-08,2016-05-07,Early,53.84
PUR004492,2016-05-05,ST087,SUP001,OFF-AR-10000462,9,0.93,2016-05-12,2016-05-12,On Time,8.370000000000001
PUR004493,2016-05-05,ST552,SUP004,OFF-ST-10001370,9,65.69,2016-05-12,2016-05-12,On Time,591.21
PUR004494,2016-05-05,ST475,SUP014,FUR-CH-10004540,6,23.32,2016-05-08,2016-05-07,Early,139.92000000000002
PUR004495,2016-05-05,ST006,SUP014,OFF-BI-10001078,20,2.59,2016-05-08,2016-05-10,Late,51.8
PUR004496,2016-05-05,ST473,SUP003,OFF-PA-10001033,2,22.71,2016-05-11,2016-05-15,Late,45.42
PUR004497,2016-05-05,ST410,SUP005,OFF-PA-10000289,3,3.25,2016-05-08,2016-05-12,Late,9.75
PUR004498,2016-05-05,ST486,SUP001,OFF-PA-10001977,15,30.76,2016-05-11,2016-05-16,Late,461.40000000000003
PUR004499,2016-05-05,ST539,SUP004,OFF-ST-10002214,6,8.17,2016-05-10,2016-05-09,Early,49.019999999999996
PUR004500,2016-05-05,ST475,SUP004,FUR-FU-10002253,2,26.57,2016-05-09,2016-05-09,On Time,53.14
PUR004501,2016-05-05,ST436,SUP008,OFF-BI-10003529,10,1.43,2016-05-09,2016-05-14,Late,14.299999999999999
PUR004502,2016-05-05,ST203,SUP004,OFF-BI-10003274,9,2.18,2016-05-11,2016-05-10,Early,19.62
PUR004503,2016-05-05,ST266,SUP013,OFF-BI-10000474,2,8.57,2016-05-10,2016-05-14,Late,17.14
PUR004504,2016-05-05,ST141,SUP005,OFF-LA-10000414,4,5.88,2016-05-09,2016-05-13,Late,23.52
PUR004505,2016-05-05,ST295,SUP005,TEC-CO-10004115,5,249.34,2016-05-08,2016-05-12,Late,1246.7
PUR004506,2016-05-05,ST482,SUP008,OFF-AP-10000938,8,72.12,2016-05-11,2016-05-14,Late,576.96
PUR004507,2016-05-05,ST033,SUP007,FUR-FU-10001935,13,2.17,2016-05-11,2016-05-16,Late,28.21
PUR004508,2016-05-05,ST300,SUP010,OFF-PA-10004735,8,3.57,2016-05-09,2016-05-12,Late,28.56
PUR004509,2016-05-05,ST439,SUP015,OFF-FA-10000585,3,2.0,2016-05-08,2016-05-10,Late,6.0
PUR004510,2016-05-05,ST524,SUP002,OFF-BI-10004352,12,3.62,2016-05-12,2016-05-14,Late,43.44
PUR004511,2016-05-05,ST507,SUP014,FUR-TA-10004256,2,426.85,2016-05-12,2016-05-15,Late,853.7
PUR004512,2016-05-05,ST188,SUP005,OFF-ST-10001932,20,155.79,2016-05-08,2016-05-08,On Time,3115.7999999999997
PUR004513,2016-05-05,ST316,SUP008,OFF-ST-10000046,11,132.44,2016-05-10,2016-05-15,Late,1456.84
PUR004514,2016-05-05,ST173,SUP008,OFF-AR-10003811,10,1.48,2016-05-09,2016-05-10,Late,14.8
PUR004515,2016-05-05,ST202,SUP006,OFF-AP-10004487,13,57.71,2016-05-12,2016-05-17,Late,750.23
PUR004516,2016-05-05,ST584,SUP008,OFF-LA-10001158,14,5.46,2016-05-08,2016-05-08,On Time,76.44
PUR004517,2016-05-05,ST549,SUP013,OFF-AR-10001427,13,4.76,2016-05-10,2016-05-14,Late,61.879999999999995
PUR004518,2016-05-05,ST141,SUP013,OFF-AR-10003045,9,1.58,2016-05-11,2016-05-14,Late,14.22
PUR004519,2016-05-05,ST479,SUP012,OFF-PA-10002254,20,12.94,2016-05-09,2016-05-09,On Time,258.8
PUR004520,2016-05-05,ST273,SUP012,OFF-AR-10002240,18,27.56,2016-05-08,2016-05-12,Late,496.08
PUR004521,2016-05-05,ST610,SUP001,OFF-ST-10000615,2,8.96,2016-05-10,2016-05-10,On Time,17.92
PUR004522,2016-05-05,ST321,SUP011,FUR-FU-10000723,18,40.42,2016-05-11,2016-05-15,Late,727.5600000000001
PUR004523,2016-05-05,ST286,SUP007,OFF-PA-10003441,10,3.15,2016-05-09,2016-05-10,Late,31.5
PUR004524,2016-05-05,ST034,SUP014,OFF-BI-10003429,20,3.3,2016-05-12,2016-05-17,Late,66.0
PUR004525,2016-05-05,ST269,SUP002,OFF-FA-10004838,9,1.8,2016-05-11,2016-05-10,Early,16.2
PUR004526,2016-05-05,ST421,SUP011,OFF-AP-10002998,11,14.48,2016-05-08,2016-05-09,Late,159.28
PUR004527,2016-05-05,ST536,SUP015,TEC-AC-10002217,9,17.52,2016-05-10,2016-05-11,Late,157.68
PUR004528,2016-05-05,ST385,SUP007,OFF-BI-10000174,8,2.99,2016-05-08,2016-05-11,Late,23.92
PUR004529,2016-05-05,ST360,SUP014,OFF-AR-10003179,16,6.52,2016-05-11,2016-05-12,Late,104.32
PUR004530,2016-05-05,ST398,SUP003,FUR-CH-10002602,15,119.53,2016-05-09,2016-05-11,Late,1792.95
PUR004531,2016-05-05,ST069,SUP015,OFF-BI-10000145,19,1.73,2016-05-10,2016-05-14,Late,32.87
PUR004532,2016-05-05,ST532,SUP002,OFF-EN-10001099,11,5.68,2016-05-10,2016-05-15,Late,62.48
PUR004533,2016-05-05,ST035,SUP010,TEC-AC-10003499,18,7.41,2016-05-08,2016-05-08,On Time,133.38
PUR004534,2016-05-05,ST171,SUP012,OFF-AR-10001955,16,13.82,2016-05-12,2016-05-17,Late,221.12
PUR004535,2016-05-05,ST316,SUP009,OFF-BI-10003527,5,573.36,2016-05-10,2016-05-09,Early,2866.8
PUR004536,2016-05-05,ST576,SUP014,FUR-FU-10001185,16,18.8,2016-05-11,2016-05-10,Early,300.8
PUR004537,2016-05-05,ST422,SUP006,TEC-PH-10002563,11,102.11,2016-05-11,2016-05-10,Early,1123.21
PUR004538,2016-05-05,ST254,SUP004,OFF-BI-10004593,12,30.56,2016-05-11,2016-05-12,Late,366.71999999999997
PUR004539,2016-05-05,ST217,SUP004,FUR-CH-10000785,15,136.39,2016-05-08,2016-05-10,Late,2045.85
PUR004540,2016-05-05,ST217,SUP011,OFF-AR-10003056,17,3.13,2016-05-08,2016-05-13,Late,53.21
PUR004541,2016-05-05,ST124,SUP013,FUR-BO-10004015,14,93.05,2016-05-12,2016-05-12,On Time,1302.7
PUR004542,2016-05-05,ST421,SUP007,FUR-FU-10001085,7,10.54,2016-05-11,2016-05-14,Late,73.78
PUR004543,2016-05-05,ST017,SUP010,OFF-ST-10003282,10,45.4,2016-05-12,2016-05-14,Late,454.0
PUR004544,2016-05-05,ST337,SUP007,OFF-AP-10001563,18,35.51,2016-05-09,2016-05-12,Late,639.18
PUR004545,2016-05-05,ST048,SUP013,OFF-EN-10004773,12,16.36,2016-05-11,2016-05-13,Late,196.32
PUR004546,2016-05-05,ST312,SUP004,TEC-AC-10004114,8,23.7,2016-05-09,2016-05-13,Late,189.6
PUR004547,2016-05-05,ST516,SUP014,OFF-ST-10002205,18,16.88,2016-05-11,2016-05-13,Late,303.84
PUR004548,2016-05-05,ST331,SUP006,OFF-PA-10004255,2,3.53,2016-05-08,2016-05-13,Late,7.06
PUR004549,2016-05-05,ST121,SUP003,FUR-CH-10004218,11,76.81,2016-05-11,2016-05-10,Early,844.9100000000001
PUR004550,2016-05-05,ST433,SUP009,OFF-AP-10001293,10,30.38,2016-05-08,2016-05-11,Late,303.8
PUR004551,2016-05-05,ST031,SUP008,TEC-MA-10000864,14,246.29,2016-05-11,2016-05-13,Late,3448.06
PUR004552,2016-05-05,ST072,SUP001,TEC-AC-10004571,8,54.36,2016-05-11,2016-05-16,Late,434.88
PUR004553,2016-05-05,ST016,SUP011,TEC-AC-10003628,7,17.06,2016-05-11,2016-05-11,On Time,119.41999999999999
PUR004554,2016-05-05,ST522,SUP013,OFF-LA-10001982,20,1.98,2016-05-12,2016-05-11,Early,39.6
PUR004555,2016-05-05,ST164,SUP015,OFF-PA-10003823,20,18.12,2016-05-11,2016-05-10,Early,362.40000000000003
PUR004556,2016-05-05,ST331,SUP012,FUR-TA-10003473,19,269.57,2016-05-09,2016-05-14,Late,5121.83
PUR004557,2016-05-05,ST007,SUP008,FUR-CH-10002780,9,68.64,2016-05-12,2016-05-14,Late,617.76
PUR004558,2016-05-05,ST415,SUP003,OFF-PA-10002615,11,2.43,2016-05-12,2016-05-13,Late,26.73
PUR004559,2016-05-05,ST606,SUP012,FUR-FU-10003142,7,3.3,2016-05-12,2016-05-16,Late,23.099999999999998
PUR004560,2016-05-05,ST244,SUP002,OFF-BI-10004141,9,1.88,2016-05-10,2016-05-11,Late,16.919999999999998
PUR004561,2016-05-20,ST580,SUP006,OFF-PA-10002319,2,18.24,2016-05-27,2016-05-29,Late,36.48
PUR004562,2016-05-20,ST614,SUP007,OFF-AP-10004859,16,9.62,2016-05-24,2016-05-23,Early,153.92
PUR004563,2016-05-20,ST195,SUP008,OFF-BI-10002982,12,3.77,2016-05-23,2016-05-24,Late,45.24
PUR004564,2016-05-20,ST167,SUP009,OFF-BI-10001036,10,5.02,2016-05-25,2016-05-25,On Time,50.199999999999996
PUR004565,2016-05-20,ST285,SUP012,OFF-PA-10003641,19,15.42,2016-05-24,2016-05-29,Late,292.98
PUR004566,2016-05-20,ST078,SUP013,OFF-ST-10003996,3,12.35,2016-05-26,2016-05-30,Late,37.05
PUR004567,2016-05-20,ST515,SUP008,TEC-AC-10003870,19,182.62,2016-05-23,2016-05-25,Late,3469.78
PUR004568,2016-05-20,ST228,SUP005,OFF-ST-10001490,14,136.27,2016-05-23,2016-05-24,Late,1907.7800000000002
PUR004569,2016-05-20,ST054,SUP013,OFF-BI-10000301,18,3.29,2016-05-23,2016-05-25,Late,59.22
PUR004570,2016-05-20,ST146,SUP010,TEC-PH-10000149,10,15.89,2016-05-27,2016-05-26,Early,158.9
PUR004571,2016-05-20,ST048,SUP008,OFF-BI-10004224,12,33.31,2016-05-23,2016-05-25,Late,399.72
PUR004572,2016-05-20,ST423,SUP003,OFF-AP-10004708,3,29.38,2016-05-25,2016-05-24,Early,88.14
PUR004573,2016-05-20,ST032,SUP004,FUR-FU-10004006,16,38.09,2016-05-27,2016-05-31,Late,609.44
PUR004574,2016-05-20,ST068,SUP011,OFF-PA-10002195,19,2.68,2016-05-26,2016-05-26,On Time,50.92
PUR004575,2016-05-20,ST616,SUP003,FUR-TA-10001950,14,377.88,2016-05-26,2016-05-29,Late,5290.32
PUR004576,2016-05-20,ST304,SUP013,OFF-EN-10004459,7,4.01,2016-05-25,2016-05-30,Late,28.07
PUR004577,2016-05-20,ST020,SUP001,OFF-LA-10003930,18,48.4,2016-05-26,2016-05-26,On Time,871.1999999999999
PUR004578,2016-05-20,ST348,SUP010,OFF-BI-10004236,18,7.94,2016-05-27,2016-05-27,On Time,142.92000000000002
PUR004579,2016-05-20,ST078,SUP002,TEC-AC-10001114,16,27.91,2016-05-26,2016-05-29,Late,446.56
PUR004580,2016-05-20,ST116,SUP010,OFF-LA-10001297,2,5.3,2016-05-27,2016-05-29,Late,10.6
PUR004581,2016-05-20,ST416,SUP008,OFF-LA-10001641,5,1.53,2016-05-26,2016-05-26,On Time,7.65
PUR004582,2016-05-20,ST137,SUP009,OFF-AR-10002335,2,1.93,2016-05-23,2016-05-23,On Time,3.86
PUR004583,2016-05-20,ST180,SUP011,OFF-ST-10000943,5,13.78,2016-05-26,2016-05-26,On Time,68.89999999999999
PUR004584,2016-05-20,ST334,SUP004,FUR-FU-10003347,10,8.28,2016-05-27,2016-05-29,Late,82.8
PUR004585,2016-05-20,ST535,SUP006,OFF-BI-10001636,7,4.68,2016-05-26,2016-05-25,Early,32.76
PUR004586,2016-05-20,ST303,SUP012,TEC-PH-10001557,4,65.57,2016-05-24,2016-05-25,Late,262.28
PUR004587,2016-05-20,ST221,SUP006,OFF-AP-10000026,7,44.65,2016-05-26,2016-05-29,Late,312.55
PUR004588,2016-05-20,ST160,SUP015,FUR-FU-10001424,2,5.86,2016-05-24,2016-05-26,Late,11.72
PUR004589,2016-05-20,ST565,SUP003,FUR-FU-10004904,13,63.5,2016-05-25,2016-05-28,Late,825.5
PUR004590,2016-05-20,ST061,SUP014,OFF-SU-10000898,16,9.68,2016-05-24,2016-05-27,Late,154.88
PUR004591,2016-05-20,ST001,SUP008,OFF-ST-10001590,14,10.27,2016-05-24,2016-05-29,Late,143.78
PUR004592,2016-05-20,ST137,SUP006,OFF-BI-10001031,11,2.68,2016-05-25,2016-05-24,Early,29.48
PUR004593,2016-05-20,ST436,SUP012,TEC-MA-10004521,13,122.82,2016-05-25,2016-05-28,Late,1596.6599999999999
PUR004594,2016-05-20,ST451,SUP014,FUR-FU-10004270,4,6.32,2016-05-25,2016-05-30,Late,25.28
PUR004595,2016-05-20,ST410,SUP004,FUR-CH-10000422,10,79.18,2016-05-25,2016-05-30,Late,791.8000000000001
PUR004596,2016-05-20,ST361,SUP002,OFF-AR-10003045,18,1.63,2016-05-27,2016-05-29,Late,29.339999999999996
PUR004597,2016-05-20,ST284,SUP006,TEC-AC-10002718,17,11.78,2016-05-26,2016-05-28,Late,200.26
PUR004598,2016-05-20,ST237,SUP003,OFF-AP-10004785,6,7.1,2016-05-26,2016-05-25,Early,42.599999999999994
PUR004599,2016-05-20,ST619,SUP008,FUR-TA-10004289,14,186.63,2016-05-27,2016-05-30,Late,2612.8199999999997
PUR004600,2016-05-20,ST133,SUP002,OFF-AP-10004487,15,56.02,2016-05-25,2016-05-28,Late,840.3000000000001
PUR004601,2016-05-20,ST179,SUP008,OFF-BI-10003527,11,644.0,2016-05-24,2016-05-28,Late,7084.0
PUR004602,2016-05-20,ST620,SUP003,OFF-AP-10002287,3,3.53,2016-05-27,2016-05-29,Late,10.59
PUR004603,2016-05-20,ST578,SUP007,FUR-TA-10004086,7,62.58,2016-05-27,2016-05-27,On Time,438.06
PUR004604,2016-05-20,ST075,SUP007,FUR-CH-10004495,2,208.73,2016-05-26,2016-05-29,Late,417.46
PUR004605,2016-05-20,ST354,SUP004,OFF-PA-10000675,20,20.52,2016-05-26,2016-05-29,Late,410.4
PUR004606,2016-05-20,ST159,SUP010,FUR-FU-10001095,20,17.76,2016-05-27,2016-05-31,Late,355.20000000000005
PUR004607,2016-05-20,ST567,SUP006,OFF-ST-10002486,19,6.5,2016-05-26,2016-05-31,Late,123.5
PUR004608,2016-05-20,ST508,SUP008,OFF-SU-10002573,14,12.41,2016-05-26,2016-05-29,Late,173.74
PUR004609,2016-05-20,ST445,SUP013,FUR-CH-10000155,7,209.81,2016-05-23,2016-05-24,Late,1468.67
PUR004610,2016-05-20,ST177,SUP009,OFF-PA-10001800,5,3.2,2016-05-23,2016-05-26,Late,16.0
PUR004611,2016-05-20,ST253,SUP014,OFF-ST-10001558,10,14.9,2016-05-23,2016-05-24,Late,149.0
PUR004612,2016-05-20,ST195,SUP012,OFF-FA-10000585,8,1.92,2016-05-27,2016-05-26,Early,15.36
PUR004613,2016-05-20,ST011,SUP007,OFF-BI-10000315,6,10.84,2016-05-23,2016-05-22,Early,65.03999999999999
PUR004614,2016-05-20,ST478,SUP001,OFF-BI-10003712,4,2.4,2016-05-26,2016-05-26,On Time,9.6
PUR004615,2016-05-20,ST233,SUP005,FUR-TA-10002645,4,206.11,2016-05-23,2016-05-28,Late,824.44
PUR004616,2016-05-20,ST073,SUP010,OFF-ST-10001511,11,64.26,2016-05-24,2016-05-25,Late,706.86
PUR004617,2016-05-20,ST589,SUP009,FUR-CH-10001270,5,54.54,2016-05-26,2016-05-27,Late,272.7
PUR004618,2016-05-20,ST557,SUP014,FUR-FU-10003247,6,21.08,2016-05-26,2016-05-26,On Time,126.47999999999999
PUR004619,2016-05-20,ST446,SUP009,FUR-CH-10003535,3,51.54,2016-05-25,2016-05-30,Late,154.62
PUR004620,2016-05-20,ST139,SUP012,OFF-PA-10001815,14,23.97,2016-05-25,2016-05-24,Early,335.58
PUR004621,2016-05-20,ST155,SUP012,OFF-PA-10000157,12,10.85,2016-05-23,2016-05-26,Late,130.2
PUR004622,2016-05-20,ST238,SUP014,TEC-PH-10004833,7,11.31,2016-05-23,2016-05-26,Late,79.17
PUR004623,2016-05-20,ST624,SUP007,OFF-PA-10002947,17,3.82,2016-05-23,2016-05-26,Late,64.94
PUR004624,2016-05-20,ST411,SUP010,OFF-BI-10003981,10,2.34,2016-05-24,2016-05-27,Late,23.4
PUR004625,2016-05-20,ST035,SUP014,FUR-FU-10000629,19,8.67,2016-05-25,2016-05-27,Late,164.73
PUR004626,2016-05-20,ST088,SUP001,TEC-PH-10001494,19,202.84,2016-05-26,2016-05-30,Late,3853.96
PUR004627,2016-05-20,ST003,SUP015,OFF-PA-10004243,13,9.36,2016-05-26,2016-05-29,Late,121.67999999999999
PUR004628,2016-05-20,ST539,SUP015,OFF-AR-10000896,15,2.38,2016-05-26,2016-05-29,Late,35.699999999999996
PUR004629,2016-05-20,ST298,SUP003,FUR-CH-10004983,12,135.81,2016-05-23,2016-05-24,Late,1629.72
PUR004630,2016-05-20,ST503,SUP005,OFF-ST-10000636,9,17.02,2016-05-25,2016-05-24,Early,153.18
PUR004631,2016-05-20,ST199,SUP002,TEC-PH-10000011,7,10.02,2016-05-26,2016-05-30,Late,70.14
PUR004632,2016-05-20,ST014,SUP002,OFF-BI-10004141,12,1.84,2016-05-23,2016-05-25,Late,22.080000000000002
PUR004633,2016-05-20,ST174,SUP011,TEC-PH-10002496,17,109.1,2016-05-23,2016-05-25,Late,1854.6999999999998
PUR004634,2016-05-20,ST089,SUP007,TEC-AC-10001908,13,59.3,2016-05-27,2016-06-01,Late,770.9
PUR004635,2016-05-20,ST342,SUP003,OFF-AR-10001374,7,4.82,2016-05-27,2016-05-31,Late,33.74
PUR004636,2016-05-20,ST605,SUP002,OFF-LA-10004484,20,2.27,2016-05-24,2016-05-27,Late,45.4
PUR004637,2016-05-20,ST042,SUP008,OFF-PA-10001947,17,2.86,2016-05-24,2016-05-25,Late,48.62
PUR004638,2016-05-20,ST318,SUP014,OFF-AR-10002445,7,4.66,2016-05-25,2016-05-30,Late,32.620000000000005
PUR004639,2016-05-20,ST001,SUP010,OFF-BI-10000050,16,3.7,2016-05-25,2016-05-27,Late,59.2
PUR004640,2016-05-20,ST548,SUP012,OFF-BI-10004970,15,1.98,2016-05-26,2016-05-31,Late,29.7
PUR004641,2016-06-05,ST068,SUP006,FUR-TA-10000198,6,499.85,2016-06-08,2016-06-12,Late,2999.1000000000004
PUR004642,2016-06-05,ST623,SUP002,OFF-BI-10001890,17,1.83,2016-06-08,2016-06-13,Late,31.11
PUR004643,2016-06-05,ST571,SUP015,OFF-FA-10002815,17,2.41,2016-06-10,2016-06-09,Early,40.97
PUR004644,2016-06-05,ST171,SUP011,OFF-PA-10003441,17,3.5,2016-06-12,2016-06-15,Late,59.5
PUR004645,2016-06-05,ST393,SUP006,OFF-AR-10000914,13,7.9,2016-06-09,2016-06-10,Late,102.7
PUR004646,2016-06-05,ST572,SUP002,OFF-BI-10004230,3,18.34,2016-06-10,2016-06-13,Late,55.019999999999996
PUR004647,2016-06-05,ST081,SUP009,TEC-PH-10000215,2,24.72,2016-06-08,2016-06-09,Late,49.44
PUR004648,2016-06-05,ST402,SUP012,OFF-BI-10003727,16,2.07,2016-06-10,2016-06-10,On Time,33.12
PUR004649,2016-06-05,ST504,SUP001,OFF-PA-10001471,5,4.28,2016-06-11,2016-06-10,Early,21.400000000000002
PUR004650,2016-06-05,ST252,SUP010,OFF-BI-10000545,3,364.13,2016-06-08,2016-06-12,Late,1092.3899999999999
PUR004651,2016-06-05,ST121,SUP005,OFF-BI-10004970,11,2.11,2016-06-12,2016-06-13,Late,23.209999999999997
PUR004652,2016-06-05,ST619,SUP004,OFF-PA-10003072,2,3.7,2016-06-12,2016-06-12,On Time,7.4
PUR004653,2016-06-05,ST025,SUP009,FUR-CH-10001215,7,344.28,2016-06-09,2016-06-12,Late,2409.96
PUR004654,2016-06-05,ST041,SUP003,OFF-AR-10001419,14,2.83,2016-06-09,2016-06-12,Late,39.620000000000005
PUR004655,2016-06-05,ST568,SUP009,OFF-ST-10004950,13,15.43,2016-06-11,2016-06-15,Late,200.59
PUR004656,2016-06-05,ST022,SUP012,OFF-ST-10003638,10,17.54,2016-06-11,2016-06-14,Late,175.39999999999998
PUR004657,2016-06-05,ST330,SUP007,OFF-LA-10004545,19,5.99,2016-06-09,2016-06-12,Late,113.81
PUR004658,2016-06-05,ST392,SUP015,OFF-ST-10001291,12,11.33,2016-06-10,2016-06-14,Late,135.96
PUR004659,2016-06-05,ST209,SUP004,FUR-FU-10001424,15,6.0,2016-06-09,2016-06-10,Late,90.0
PUR004660,2016-06-05,ST195,SUP001,TEC-PH-10004447,15,95.29,2016-06-12,2016-06-14,Late,1429.3500000000001
PUR004661,2016-06-05,ST516,SUP001,OFF-ST-10002615,11,109.32,2016-06-12,2016-06-11,Early,1202.52
PUR004662,2016-06-05,ST620,SUP009,OFF-PA-10001801,15,3.04,2016-06-12,2016-06-14,Late,45.6
PUR004663,2016-06-05,ST121,SUP001,FUR-TA-10001307,3,227.97,2016-06-12,2016-06-16,Late,683.91
PUR004664,2016-06-05,ST289,SUP012,OFF-AP-10004868,4,5.72,2016-06-09,2016-06-08,Early,22.88
PUR004665,2016-06-05,ST149,SUP014,TEC-MA-10000822,4,1118.52,2016-06-11,2016-06-13,Late,4474.08
PUR004666,2016-06-05,ST283,SUP009,OFF-PA-10000357,5,22.87,2016-06-12,2016-06-13,Late,114.35000000000001
PUR004667,2016-06-05,ST409,SUP003,OFF-BI-10000315,19,8.98,2016-06-09,2016-06-09,On Time,170.62
PUR004668,2016-06-05,ST413,SUP011,OFF-BI-10002735,5,16.77,2016-06-08,2016-06-09,Late,83.85
PUR004669,2016-06-05,ST163,SUP011,OFF-AR-10002445,16,4.65,2016-06-09,2016-06-08,Early,74.4
PUR004670,2016-06-05,ST482,SUP015,TEC-PH-10000702,12,5.0,2016-06-08,2016-06-10,Late,60.0
PUR004671,2016-06-05,ST286,SUP006,FUR-CH-10003535,17,55.19,2016-06-10,2016-06-12,Late,938.23
PUR004672,2016-06-05,ST141,SUP011,FUR-CH-10003396,3,73.49,2016-06-09,2016-06-08,Early,220.46999999999997
PUR004673,2016-06-05,ST400,SUP005,OFF-EN-10001990,16,3.16,2016-06-08,2016-06-13,Late,50.56
PUR004674,2016-06-05,ST591,SUP004,OFF-ST-10003455,20,11.11,2016-06-10,2016-06-12,Late,222.2
PUR004675,2016-06-05,ST136,SUP007,OFF-PA-10002254,17,15.11,2016-06-11,2016-06-11,On Time,256.87
PUR004676,2016-06-05,ST591,SUP013,OFF-AR-10001615,9,14.17,2016-06-11,2016-06-10,Early,127.53
PUR004677,2016-06-05,ST142,SUP001,OFF-BI-10002225,13,10.16,2016-06-11,2016-06-10,Early,132.08
PUR004678,2016-06-05,ST383,SUP003,OFF-PA-10001125,19,16.36,2016-06-11,2016-06-16,Late,310.84
PUR004679,2016-06-05,ST222,SUP001,OFF-LA-10003720,19,2.11,2016-06-11,2016-06-14,Late,40.089999999999996
PUR004680,2016-06-05,ST054,SUP015,OFF-AR-10003856,14,1.87,2016-06-11,2016-06-11,On Time,26.18
PUR004681,2016-06-05,ST445,SUP004,FUR-FU-10004952,3,36.99,2016-06-08,2016-06-09,Late,110.97
PUR004682,2016-06-05,ST090,SUP009,FUR-BO-10004218,3,104.42,2016-06-11,2016-06-12,Late,313.26
PUR004683,2016-06-05,ST124,SUP010,OFF-ST-10002214,2,8.56,2016-06-08,2016-06-13,Late,17.12
PUR004684,2016-06-05,ST122,SUP010,OFF-EN-10004773,8,16.07,2016-06-09,2016-06-08,Early,128.56
PUR004685,2016-06-05,ST374,SUP003,FUR-FU-10002253,9,26.92,2016-06-09,2016-06-08,Early,242.28000000000003
PUR004686,2016-06-05,ST205,SUP012,OFF-LA-10003923,10,7.16,2016-06-11,2016-06-16,Late,71.6
PUR004687,2016-06-05,ST612,SUP012,FUR-FU-10003773,13,71.74,2016-06-10,2016-06-10,On Time,932.6199999999999
PUR004688,2016-06-05,ST192,SUP014,FUR-BO-10004015,5,94.99,2016-06-11,2016-06-10,Early,474.95
PUR004689,2016-06-05,ST441,SUP009,FUR-FU-10001379,3,15.33,2016-06-08,2016-06-08,On Time,45.99
PUR004690,2016-06-05,ST505,SUP014,OFF-PA-10001878,16,25.14,2016-06-10,2016-06-14,Late,402.24
PUR004691,2016-06-05,ST605,SUP005,TEC-PH-10002468,12,94.46,2016-06-09,2016-06-08,Early,1133.52
PUR004692,2016-06-05,ST620,SUP009,FUR-FU-10002501,12,7.62,2016-06-10,2016-06-14,Late,91.44
PUR004693,2016-06-05,ST527,SUP004,OFF-LA-10000262,11,1.53,2016-06-08,2016-06-07,Early,16.830000000000002
PUR004694,2016-06-05,ST124,SUP009,OFF-SU-10002573,19,11.08,2016-06-12,2016-06-15,Late,210.52
PUR004695,2016-06-05,ST543,SUP006,FUR-CH-10000513,14,114.69,2016-06-09,2016-06-10,Late,1605.6599999999999
PUR004696,2016-06-05,ST416,SUP007,OFF-BI-10001989,11,11.48,2016-06-09,2016-06-14,Late,126.28
PUR004697,2016-06-05,ST380,SUP011,FUR-FU-10004909,7,10.71,2016-06-09,2016-06-08,Early,74.97
PUR004698,2016-06-05,ST323,SUP001,OFF-ST-10001172,17,16.32,2016-06-11,2016-06-13,Late,277.44
PUR004699,2016-06-05,ST419,SUP013,FUR-FU-10001196,2,3.82,2016-06-08,2016-06-13,Late,7.64
PUR004700,2016-06-05,ST555,SUP005,FUR-FU-10004848,15,29.2,2016-06-11,2016-06-10,Early,438.0
PUR004701,2016-06-05,ST158,SUP008,OFF-ST-10001496,16,120.29,2016-06-11,2016-06-13,Late,1924.64
PUR004702,2016-06-05,ST065,SUP006,OFF-EN-10002504,2,13.34,2016-06-10,2016-06-13,Late,26.68
PUR004703,2016-06-05,ST204,SUP006,OFF-AR-10000817,13,1.82,2016-06-08,2016-06-07,Early,23.66
PUR004704,2016-06-05,ST093,SUP012,TEC-AC-10002637,16,160.07,2016-06-11,2016-06-13,Late,2561.12
PUR004705,2016-06-05,ST356,SUP001,FUR-BO-10002916,5,133.4,2016-06-12,2016-06-14,Late,667.0
PUR004706,2016-06-05,ST184,SUP003,FUR-CH-10002320,20,205.0,2016-06-10,2016-06-11,Late,4100.0
PUR004707,2016-06-05,ST335,SUP010,OFF-BI-10003982,4,10.37,2016-06-10,2016-06-12,Late,41.48
PUR004708,2016-06-05,ST385,SUP012,OFF-ST-10001505,20,4.73,2016-06-10,2016-06-14,Late,94.60000000000001
PUR004709,2016-06-05,ST328,SUP011,OFF-AP-10002191,13,40.71,2016-06-11,2016-06-14,Late,529.23
PUR004710,2016-06-05,ST127,SUP008,OFF-FA-10003021,3,1.18,2016-06-12,2016-06-16,Late,3.54
PUR004711,2016-06-05,ST538,SUP015,OFF-BI-10004233,4,8.74,2016-06-12,2016-06-15,Late,34.96
PUR004712,2016-06-05,ST308,SUP012,FUR-CH-10004886,14,68.18,2016-06-11,2016-06-14,Late,954.5200000000001
PUR004713,2016-06-05,ST127,SUP007,TEC-AC-10002018,8,3.93,2016-06-12,2016-06-12,On Time,31.44
PUR004714,2016-06-05,ST622,SUP012,OFF-BI-10002854,8,15.08,2016-06-11,2016-06-12,Late,120.64
PUR004715,2016-06-05,ST008,SUP009,OFF-AP-10003842,19,22.74,2016-06-10,2016-06-14,Late,432.05999999999995
PUR004716,2016-06-05,ST249,SUP003,OFF-LA-10001569,16,2.45,2016-06-11,2016-06-16,Late,39.2
PUR004717,2016-06-05,ST556,SUP002,OFF-LA-10002312,17,7.85,2016-06-10,2016-06-10,On Time,133.45
PUR004718,2016-06-05,ST578,SUP002,FUR-CH-10000665,2,112.15,2016-06-09,2016-06-09,On Time,224.3
PUR004719,2016-06-05,ST501,SUP007,TEC-PH-10002447,2,149.28,2016-06-09,2016-06-09,On Time,298.56
PUR004720,2016-06-05,ST619,SUP003,FUR-BO-10004834,8,725.88,2016-06-11,2016-06-11,On Time,5807.04
PUR004721,2016-06-20,ST415,SUP014,OFF-EN-10001434,6,25.32,2016-06-25,2016-06-26,Late,151.92000000000002
PUR004722,2016-06-20,ST137,SUP009,FUR-BO-10002613,3,184.34,2016-06-25,2016-06-25,On Time,553.02
PUR004723,2016-06-20,ST472,SUP015,OFF-ST-10002370,7,16.15,2016-06-26,2016-06-29,Late,113.04999999999998
PUR004724,2016-06-20,ST170,SUP005,OFF-AP-10001492,20,6.57,2016-06-26,2016-06-28,Late,131.4
PUR004725,2016-06-20,ST164,SUP012,TEC-PH-10001644,9,22.12,2016-06-24,2016-06-28,Late,199.08
PUR004726,2016-06-20,ST145,SUP011,OFF-AR-10002445,19,4.71,2016-06-23,2016-06-23,On Time,89.49
PUR004727,2016-06-20,ST590,SUP001,OFF-BI-10000343,9,2.7,2016-06-23,2016-06-24,Late,24.3
PUR004728,2016-06-20,ST194,SUP010,OFF-EN-10003055,2,20.08,2016-06-24,2016-06-29,Late,40.16
PUR004729,2016-06-20,ST142,SUP005,FUR-FU-10004018,7,10.91,2016-06-24,2016-06-25,Late,76.37
PUR004730,2016-06-20,ST606,SUP010,TEC-AC-10004571,17,59.85,2016-06-27,2016-06-27,On Time,1017.45
PUR004731,2016-06-20,ST340,SUP008,OFF-PA-10004041,2,4.31,2016-06-25,2016-06-30,Late,8.62
PUR004732,2016-06-20,ST351,SUP005,OFF-PA-10001166,4,4.85,2016-06-24,2016-06-26,Late,19.4
PUR004733,2016-06-20,ST332,SUP008,OFF-FA-10000611,3,0.83,2016-06-26,2016-06-29,Late,2.4899999999999998
PUR004734,2016-06-20,ST128,SUP004,FUR-CH-10002647,4,50.06,2016-06-23,2016-06-22,Early,200.24
PUR004735,2016-06-20,ST219,SUP004,TEC-MA-10004086,14,10.97,2016-06-24,2016-06-24,On Time,153.58
PUR004736,2016-06-20,ST155,SUP012,OFF-BI-10001116,15,3.02,2016-06-24,2016-06-26,Late,45.3
PUR004737,2016-06-20,ST209,SUP004,OFF-PA-10003177,16,3.35,2016-06-23,2016-06-25,Late,53.6
PUR004738,2016-06-20,ST408,SUP001,OFF-ST-10000604,18,27.11,2016-06-26,2016-06-27,Late,487.98
PUR004739,2016-06-20,ST454,SUP013,TEC-PH-10002115,17,44.23,2016-06-23,2016-06-23,On Time,751.91
PUR004740,2016-06-20,ST388,SUP004,FUR-TA-10001889,19,338.22,2016-06-23,2016-06-24,Late,6426.18
PUR004741,2016-06-20,ST312,SUP009,OFF-ST-10001522,12,82.47,2016-06-24,2016-06-28,Late,989.64
PUR004742,2016-06-20,ST039,SUP014,TEC-AC-10004877,11,5.82,2016-06-26,2016-07-01,Late,64.02000000000001
PUR004743,2016-06-20,ST508,SUP003,OFF-BI-10004040,11,2.76,2016-06-25,2016-06-24,Early,30.36
PUR004744,2016-06-20,ST376,SUP013,TEC-AC-10004803,15,11.92,2016-06-27,2016-06-27,On Time,178.8
PUR004745,2016-06-20,ST381,SUP003,OFF-AR-10003478,15,4.84,2016-06-27,2016-06-26,Early,72.6
PUR004746,2016-06-20,ST041,SUP001,OFF-AR-10003045,15,1.72,2016-06-24,2016-06-28,Late,25.8
PUR004747,2016-06-20,ST366,SUP009,OFF-BI-10000822,14,2.62,2016-06-26,2016-07-01,Late,36.68
PUR004748,2016-06-20,ST073,SUP012,TEC-AC-10000109,10,46.35,2016-06-25,2016-06-28,Late,463.5
PUR004749,2016-06-20,ST498,SUP010,OFF-PA-10001970,16,15.81,2016-06-27,2016-06-27,On Time,252.96
PUR004750,2016-06-20,ST602,SUP004,OFF-LA-10004689,5,1.54,2016-06-27,2016-07-01,Late,7.7
PUR004751,2016-06-20,ST555,SUP014,OFF-AP-10002350,17,14.24,2016-06-25,2016-06-30,Late,242.08
PUR004752,2016-06-20,ST519,SUP015,OFF-AR-10004685,4,2.95,2016-06-26,2016-06-25,Early,11.8
PUR004753,2016-06-20,ST323,SUP015,OFF-AP-10003287,20,38.46,2016-06-25,2016-06-24,Early,769.2
PUR004754,2016-06-20,ST213,SUP013,OFF-AP-10000804,11,3.43,2016-06-24,2016-06-29,Late,37.730000000000004
PUR004755,2016-06-20,ST304,SUP007,TEC-AC-10003832,15,129.64,2016-06-24,2016-06-24,On Time,1944.6
PUR004756,2016-06-20,ST264,SUP010,FUR-FU-10000277,6,83.99,2016-06-26,2016-06-25,Early,503.93999999999994
PUR004757,2016-06-20,ST562,SUP012,OFF-PA-10003641,6,13.11,2016-06-27,2016-07-01,Late,78.66
PUR004758,2016-06-20,ST107,SUP002,OFF-LA-10001158,19,5.71,2016-06-25,2016-06-28,Late,108.49
PUR004759,2016-06-20,ST234,SUP006,OFF-PA-10002377,11,11.48,2016-06-25,2016-06-24,Early,126.28
PUR004760,2016-06-20,ST462,SUP003,FUR-FU-10002253,2,27.24,2016-06-26,2016-06-30,Late,54.48
PUR004761,2016-06-20,ST606,SUP004,TEC-AC-10002167,7,12.38,2016-06-27,2016-07-01,Late,86.66000000000001
PUR004762,2016-06-20,ST177,SUP005,OFF-PA-10003302,11,20.43,2016-06-24,2016-06-25,Late,224.73
PUR004763,2016-06-20,ST517,SUP012,OFF-LA-10002271,14,1.67,2016-06-26,2016-06-25,Early,23.38
PUR004764,2016-06-20,ST145,SUP009,OFF-ST-10004186,18,114.73,2016-06-24,2016-06-24,On Time,2065.14
PUR004765,2016-06-20,ST495,SUP009,OFF-LA-10000248,16,1.97,2016-06-23,2016-06-24,Late,31.52
PUR004766,2016-06-20,ST070,SUP005,OFF-BI-10004656,19,1.23,2016-06-26,2016-06-29,Late,23.37
PUR004767,2016-06-20,ST205,SUP002,FUR-CH-10002073,3,183.65,2016-06-25,2016-06-28,Late,550.95
PUR004768,2016-06-20,ST589,SUP008,OFF-ST-10000352,13,24.78,2016-06-27,2016-06-30,Late,322.14
PUR004769,2016-06-20,ST333,SUP013,OFF-SU-10004768,10,3.93,2016-06-27,2016-06-29,Late,39.300000000000004
PUR004770,2016-06-20,ST397,SUP010,OFF-BI-10004182,16,1.09,2016-06-24,2016-06-28,Late,17.44
PUR004771,2016-06-20,ST456,SUP001,OFF-BI-10003656,19,87.05,2016-06-24,2016-06-24,On Time,1653.95
PUR004772,2016-06-20,ST557,SUP001,OFF-AR-10003759,14,1.06,2016-06-23,2016-06-26,Late,14.84
PUR004773,2016-06-20,ST411,SUP007,OFF-BI-10002353,6,7.59,2016-06-24,2016-06-23,Early,45.54
PUR004774,2016-06-20,ST327,SUP006,TEC-CO-10001943,5,104.27,2016-06-26,2016-06-30,Late,521.35
PUR004775,2016-06-20,ST339,SUP005,OFF-LA-10004425,18,1.5,2016-06-26,2016-06-30,Late,27.0
PUR004776,2016-06-20,ST336,SUP006,OFF-PA-10002764,18,6.3,2016-06-25,2016-06-27,Late,113.39999999999999
PUR004777,2016-06-20,ST261,SUP003,OFF-LA-10004484,13,2.05,2016-06-26,2016-06-28,Late,26.65
PUR004778,2016-06-20,ST396,SUP001,FUR-CH-10001708,10,100.36,2016-06-27,2016-06-29,Late,1003.6
PUR004779,2016-06-20,ST425,SUP013,OFF-BI-10002557,12,2.28,2016-06-27,2016-07-02,Late,27.36
PUR004780,2016-06-20,ST366,SUP001,TEC-AC-10001767,6,34.1,2016-06-23,2016-06-25,Late,204.60000000000002
PUR004781,2016-06-20,ST110,SUP006,OFF-EN-10001539,14,4.0,2016-06-24,2016-06-24,On Time,56.0
PUR004782,2016-06-20,ST071,SUP005,OFF-ST-10004459,10,382.36,2016-06-27,2016-06-30,Late,3823.6000000000004
PUR004783,2016-06-20,ST148,SUP001,OFF-LA-10003148,17,3.7,2016-06-24,2016-06-24,On Time,62.900000000000006
PUR004784,2016-06-20,ST437,SUP009,FUR-CH-10004983,18,121.64,2016-06-23,2016-06-26,Late,2189.52
PUR004785,2016-06-20,ST482,SUP014,FUR-CH-10001797,9,29.16,2016-06-23,2016-06-27,Late,262.44
PUR004786,2016-06-20,ST419,SUP004,OFF-AR-10001662,4,1.98,2016-06-24,2016-06-23,Early,7.92
PUR004787,2016-06-20,ST158,SUP005,OFF-ST-10003816,11,144.07,2016-06-24,2016-06-27,Late,1584.77
PUR004788,2016-06-20,ST341,SUP001,FUR-BO-10000780,15,153.99,2016-06-23,2016-06-26,Late,2309.8500000000004
PUR004789,2016-06-20,ST285,SUP010,OFF-BI-10003355,19,2.45,2016-06-23,2016-06-23,On Time,46.550000000000004
PUR004790,2016-06-20,ST598,SUP001,OFF-EN-10003798,10,9.35,2016-06-26,2016-06-30,Late,93.5
PUR004791,2016-06-20,ST611,SUP008,FUR-TA-10001705,4,178.83,2016-06-26,2016-07-01,Late,715.32
PUR004792,2016-06-20,ST280,SUP003,OFF-LA-10000240,20,4.17,2016-06-25,2016-06-25,On Time,83.4
PUR004793,2016-06-20,ST372,SUP004,OFF-PA-10000357,19,23.73,2016-06-26,2016-06-29,Late,450.87
PUR004794,2016-06-20,ST326,SUP005,OFF-ST-10002743,10,113.1,2016-06-23,2016-06-25,Late,1131.0
PUR004795,2016-06-20,ST387,SUP013,OFF-PA-10000246,8,5.27,2016-06-26,2016-06-27,Late,42.16
PUR004796,2016-06-20,ST587,SUP001,OFF-ST-10004123,18,99.6,2016-06-25,2016-06-27,Late,1792.8
PUR004797,2016-06-20,ST020,SUP011,TEC-AC-10000521,9,8.2,2016-06-25,2016-06-28,Late,73.8
PUR004798,2016-06-20,ST443,SUP011,FUR-FU-10001861,19,8.99,2016-06-23,2016-06-23,On Time,170.81
PUR004799,2016-06-20,ST046,SUP011,OFF-PA-10000474,10,17.92,2016-06-24,2016-06-23,Early,179.20000000000002
PUR004800,2016-06-20,ST144,SUP010,FUR-CH-10002880,13,118.47,2016-06-25,2016-06-28,Late,1540.11
PUR004801,2016-07-05,ST018,SUP014,FUR-BO-10001337,10,111.29,2016-07-11,2016-07-11,On Time,1112.9
PUR004802,2016-07-05,ST099,SUP004,TEC-PH-10004165,11,189.39,2016-07-12,2016-07-16,Late,2083.29
PUR004803,2016-07-05,ST293,SUP008,OFF-AR-10002135,16,35.35,2016-07-12,2016-07-14,Late,565.6
PUR004804,2016-07-05,ST117,SUP006,FUR-FU-10001935,16,2.12,2016-07-10,2016-07-09,Early,33.92
PUR004805,2016-07-05,ST274,SUP012,FUR-BO-10004709,18,48.84,2016-07-12,2016-07-16,Late,879.1200000000001
PUR004806,2016-07-05,ST535,SUP009,OFF-AR-10001953,7,30.19,2016-07-09,2016-07-14,Late,211.33
PUR004807,2016-07-05,ST406,SUP009,OFF-AR-10002578,12,2.16,2016-07-12,2016-07-17,Late,25.92
PUR004808,2016-07-05,ST163,SUP007,OFF-PA-10001457,10,7.48,2016-07-09,2016-07-13,Late,74.80000000000001
PUR004809,2016-07-05,ST440,SUP015,OFF-PA-10001534,9,3.15,2016-07-08,2016-07-12,Late,28.349999999999998
PUR004810,2016-07-05,ST287,SUP007,FUR-FU-10000023,13,3.45,2016-07-09,2016-07-11,Late,44.85
PUR004811,2016-07-05,ST529,SUP005,OFF-PA-10004405,15,1.65,2016-07-09,2016-07-08,Early,24.75
PUR004812,2016-07-05,ST394,SUP001,TEC-AC-10001552,16,41.57,2016-07-11,2016-07-11,On Time,665.12
PUR004813,2016-07-05,ST089,SUP011,FUR-CH-10000422,20,72.05,2016-07-10,2016-07-09,Early,1441.0
PUR004814,2016-07-05,ST093,SUP013,OFF-PA-10003790,18,13.38,2016-07-11,2016-07-14,Late,240.84
PUR004815,2016-07-05,ST151,SUP013,OFF-AP-10001634,18,2.39,2016-07-11,2016-07-16,Late,43.02
PUR004816,2016-07-05,ST320,SUP010,OFF-BI-10003727,13,2.31,2016-07-11,2016-07-14,Late,30.03
PUR004817,2016-07-05,ST431,SUP001,OFF-ST-10003656,19,94.86,2016-07-09,2016-07-09,On Time,1802.34
PUR004818,2016-07-05,ST226,SUP003,TEC-MA-10000864,6,235.71,2016-07-11,2016-07-10,Early,1414.26
PUR004819,2016-07-05,ST028,SUP010,TEC-AC-10002305,16,15.13,2016-07-09,2016-07-09,On Time,242.08
PUR004820,2016-07-05,ST587,SUP014,TEC-AC-10003832,9,122.18,2016-07-08,2016-07-07,Early,1099.6200000000001
PUR004821,2016-07-05,ST556,SUP005,FUR-FU-10004093,15,23.08,2016-07-11,2016-07-10,Early,346.2
PUR004822,2016-07-05,ST458,SUP008,TEC-PH-10001198,19,50.2,2016-07-12,2016-07-13,Late,953.8000000000001
PUR004823,2016-07-05,ST456,SUP013,OFF-AR-10000390,10,2.04,2016-07-11,2016-07-13,Late,20.4
PUR004824,2016-07-05,ST538,SUP010,OFF-LA-10001317,12,1.58,2016-07-08,2016-07-13,Late,18.96
PUR004825,2016-07-05,ST041,SUP011,OFF-AP-10002765,19,19.23,2016-07-11,2016-07-15,Late,365.37
PUR004826,2016-07-05,ST362,SUP002,TEC-PH-10000576,8,99.26,2016-07-12,2016-07-11,Early,794.08
PUR004827,2016-07-05,ST572,SUP001,FUR-TA-10001095,12,137.53,2016-07-12,2016-07-13,Late,1650.3600000000001
PUR004828,2016-07-05,ST400,SUP010,TEC-AC-10004859,13,10.51,2016-07-09,2016-07-11,Late,136.63
PUR004829,2016-07-05,ST564,SUP005,OFF-ST-10001511,19,57.86,2016-07-12,2016-07-14,Late,1099.34
PUR004830,2016-07-05,ST160,SUP001,OFF-PA-10003022,15,6.38,2016-07-08,2016-07-12,Late,95.7
PUR004831,2016-07-05,ST244,SUP003,FUR-FU-10002253,17,25.66,2016-07-12,2016-07-14,Late,436.22
PUR004832,2016-07-05,ST618,SUP015,OFF-BI-10004001,5,8.61,2016-07-08,2016-07-12,Late,43.05
PUR004833,2016-07-05,ST560,SUP009,OFF-AP-10004487,12,61.34,2016-07-08,2016-07-08,On Time,736.08
PUR004834,2016-07-05,ST536,SUP009,FUR-CH-10002331,20,289.49,2016-07-11,2016-07-16,Late,5789.8
PUR004835,2016-07-05,ST028,SUP003,FUR-CH-10003846,5,85.01,2016-07-11,2016-07-10,Early,425.05
PUR004836,2016-07-05,ST611,SUP013,OFF-EN-10001539,14,4.03,2016-07-08,2016-07-13,Late,56.42
PUR004837,2016-07-05,ST136,SUP010,FUR-CH-10000847,5,195.82,2016-07-09,2016-07-11,Late,979.0999999999999
PUR004838,2016-07-05,ST397,SUP003,FUR-TA-10004086,6,68.26,2016-07-12,2016-07-15,Late,409.56000000000006
PUR004839,2016-07-05,ST524,SUP015,OFF-BI-10002429,9,14.95,2016-07-11,2016-07-15,Late,134.54999999999998
PUR004840,2016-07-05,ST048,SUP008,OFF-ST-10004258,11,9.1,2016-07-09,2016-07-13,Late,100.1
PUR004841,2016-07-05,ST336,SUP008,OFF-BI-10002557,12,2.07,2016-07-11,2016-07-14,Late,24.839999999999996
PUR004842,2016-07-05,ST231,SUP013,FUR-FU-10002505,15,2.46,2016-07-09,2016-07-10,Late,36.9
PUR004843,2016-07-05,ST499,SUP001,FUR-CH-10002304,13,20.23,2016-07-11,2016-07-11,On Time,262.99
PUR004844,2016-07-05,ST224,SUP014,TEC-AC-10003063,5,20.8,2016-07-08,2016-07-09,Late,104.0
PUR004845,2016-07-05,ST326,SUP001,OFF-AR-10001662,12,1.94,2016-07-11,2016-07-15,Late,23.28
PUR004846,2016-07-05,ST096,SUP011,OFF-BI-10000829,3,2.36,2016-07-12,2016-07-14,Late,7.08
PUR004847,2016-07-05,ST287,SUP012,OFF-PA-10000167,9,17.1,2016-07-10,2016-07-09,Early,153.9
PUR004848,2016-07-05,ST551,SUP009,TEC-MA-10003176,11,296.53,2016-07-09,2016-07-08,Early,3261.83
PUR004849,2016-07-05,ST495,SUP005,OFF-PA-10003349,4,3.18,2016-07-08,2016-07-12,Late,12.72
PUR004850,2016-07-05,ST233,SUP015,TEC-AC-10004901,5,34.66,2016-07-10,2016-07-15,Late,173.29999999999998
PUR004851,2016-07-05,ST455,SUP009,TEC-AC-10000736,3,48.11,2016-07-08,2016-07-09,Late,144.32999999999998
PUR004852,2016-07-05,ST547,SUP013,OFF-PA-10004041,14,4.33,2016-07-12,2016-07-11,Early,60.620000000000005
PUR004853,2016-07-05,ST462,SUP008,TEC-PH-10004833,3,12.15,2016-07-12,2016-07-14,Late,36.45
PUR004854,2016-07-05,ST146,SUP015,TEC-AC-10001990,19,37.15,2016-07-09,2016-07-13,Late,705.85
PUR004855,2016-07-05,ST274,SUP011,OFF-AP-10002403,11,34.55,2016-07-10,2016-07-12,Late,380.04999999999995
PUR004856,2016-07-05,ST485,SUP007,TEC-AC-10004227,18,11.7,2016-07-12,2016-07-17,Late,210.6
PUR004857,2016-07-05,ST238,SUP013,OFF-LA-10002271,11,1.45,2016-07-11,2016-07-15,Late,15.95
PUR004858,2016-07-05,ST023,SUP014,OFF-PA-10001685,15,5.64,2016-07-08,2016-07-10,Late,84.6
PUR004859,2016-07-05,ST327,SUP010,OFF-ST-10001526,8,96.84,2016-07-11,2016-07-11,On Time,774.72
PUR004860,2016-07-05,ST122,SUP004,OFF-LA-10003498,17,7.41,2016-07-10,2016-07-13,Late,125.97
PUR004861,2016-07-05,ST165,SUP012,TEC-AC-10001772,17,9.48,2016-07-12,2016-07-16,Late,161.16
PUR004862,2016-07-05,ST107,SUP004,OFF-PA-10003543,6,3.48,2016-07-12,2016-07-14,Late,20.88
PUR004863,2016-07-05,ST039,SUP004,OFF-BI-10002799,19,2.95,2016-07-09,2016-07-12,Late,56.050000000000004
PUR004864,2016-07-05,ST312,SUP006,FUR-FU-10001617,4,6.63,2016-07-09,2016-07-14,Late,26.52
PUR004865,2016-07-05,ST093,SUP005,OFF-EN-10004483,9,7.85,2016-07-11,2016-07-16,Late,70.64999999999999
PUR004866,2016-07-05,ST261,SUP006,TEC-AC-10003709,13,0.51,2016-07-12,2016-07-12,On Time,6.63
PUR004867,2016-07-05,ST025,SUP007,TEC-AC-10003610,20,30.78,2016-07-11,2016-07-11,On Time,615.6
PUR004868,2016-07-05,ST483,SUP007,TEC-AC-10003499,11,6.77,2016-07-10,2016-07-12,Late,74.47
PUR004869,2016-07-05,ST587,SUP006,OFF-BI-10002082,7,17.4,2016-07-10,2016-07-13,Late,121.79999999999998
PUR004870,2016-07-05,ST499,SUP015,OFF-AP-10000390,11,46.48,2016-07-10,2016-07-14,Late,511.28
PUR004871,2016-07-05,ST004,SUP008,OFF-LA-10004853,5,2.65,2016-07-10,2016-07-09,Early,13.25
PUR004872,2016-07-05,ST526,SUP002,FUR-CH-10001482,7,125.84,2016-07-08,2016-07-10,Late,880.88
PUR004873,2016-07-05,ST294,SUP011,OFF-ST-10003208,20,130.17,2016-07-08,2016-07-08,On Time,2603.3999999999996
PUR004874,2016-07-05,ST492,SUP011,OFF-AR-10002375,11,2.49,2016-07-11,2016-07-15,Late,27.39
PUR004875,2016-07-05,ST576,SUP005,OFF-ST-10000532,3,29.64,2016-07-09,2016-07-13,Late,88.92
PUR004876,2016-07-05,ST027,SUP005,OFF-ST-10000563,17,30.57,2016-07-09,2016-07-12,Late,519.69
PUR004877,2016-07-05,ST248,SUP005,OFF-FA-10000621,6,1.84,2016-07-09,2016-07-14,Late,11.040000000000001
PUR004878,2016-07-05,ST357,SUP007,FUR-BO-10002268,2,69.69,2016-07-08,2016-07-11,Late,139.38
PUR004879,2016-07-05,ST192,SUP014,OFF-PA-10002005,20,3.29,2016-07-08,2016-07-11,Late,65.8
PUR004880,2016-07-05,ST471,SUP008,TEC-PH-10002890,8,32.91,2016-07-08,2016-07-11,Late,263.28
PUR004881,2016-07-20,ST446,SUP007,OFF-AP-10004487,14,64.29,2016-07-23,2016-07-22,Early,900.0600000000001
PUR004882,2016-07-20,ST404,SUP012,FUR-TA-10001307,6,245.9,2016-07-24,2016-07-25,Late,1475.4
PUR004883,2016-07-20,ST033,SUP015,OFF-BI-10004209,7,4.7,2016-07-24,2016-07-29,Late,32.9
PUR004884,2016-07-20,ST226,SUP012,OFF-BI-10000279,6,7.1,2016-07-25,2016-07-28,Late,42.599999999999994
PUR004885,2016-07-20,ST214,SUP002,FUR-CH-10001146,20,45.98,2016-07-26,2016-07-28,Late,919.5999999999999
PUR004886,2016-07-20,ST500,SUP007,OFF-LA-10000262,19,1.33,2016-07-25,2016-07-28,Late,25.270000000000003
PUR004887,2016-07-20,ST464,SUP014,FUR-CH-10003379,2,196.37,2016-07-27,2016-07-26,Early,392.74
PUR004888,2016-07-20,ST283,SUP005,OFF-PA-10002615,12,2.21,2016-07-26,2016-07-25,Early,26.52
PUR004889,2016-07-20,ST169,SUP010,TEC-AC-10003038,10,6.95,2016-07-24,2016-07-24,On Time,69.5
PUR004890,2016-07-20,ST405,SUP005,OFF-PA-10000659,13,6.54,2016-07-25,2016-07-27,Late,85.02
PUR004891,2016-07-20,ST386,SUP013,OFF-ST-10000649,11,10.93,2016-07-23,2016-07-22,Early,120.22999999999999
PUR004892,2016-07-20,ST132,SUP008,OFF-BI-10001249,19,3.37,2016-07-26,2016-07-26,On Time,64.03
PUR004893,2016-07-20,ST366,SUP013,OFF-ST-10002444,4,8.96,2016-07-26,2016-07-29,Late,35.84
PUR004894,2016-07-20,ST162,SUP013,OFF-ST-10003996,12,11.54,2016-07-24,2016-07-26,Late,138.48
PUR004895,2016-07-20,ST270,SUP015,FUR-FU-10004748,16,38.03,2016-07-23,2016-07-24,Late,608.48
PUR004896,2016-07-20,ST561,SUP015,TEC-PH-10001644,3,19.55,2016-07-25,2016-07-24,Early,58.650000000000006
PUR004897,2016-07-20,ST352,SUP006,OFF-FA-10003112,7,4.55,2016-07-23,2016-07-27,Late,31.849999999999998
PUR004898,2016-07-20,ST278,SUP013,OFF-ST-10003805,8,168.39,2016-07-25,2016-07-29,Late,1347.12
PUR004899,2016-07-20,ST493,SUP007,TEC-AC-10002842,10,107.46,2016-07-24,2016-07-24,On Time,1074.6
PUR004900,2016-07-20,ST587,SUP004,OFF-BI-10002827,19,3.23,2016-07-23,2016-07-24,Late,61.37
PUR004901,2016-07-20,ST068,SUP004,TEC-AC-10001714,17,26.41,2016-07-25,2016-07-26,Late,448.97
PUR004902,2016-07-20,ST086,SUP012,FUR-FU-10000010,10,3.35,2016-07-25,2016-07-29,Late,33.5
PUR004903,2016-07-20,ST203,SUP014,OFF-BI-10001787,17,3.2,2016-07-24,2016-07-25,Late,54.400000000000006
PUR004904,2016-07-20,ST603,SUP012,FUR-CH-10002372,4,65.77,2016-07-26,2016-07-29,Late,263.08
PUR004905,2016-07-20,ST325,SUP014,OFF-PA-10003001,18,3.45,2016-07-24,2016-07-23,Early,62.1
PUR004906,2016-07-20,ST297,SUP001,FUR-BO-10002545,6,207.6,2016-07-23,2016-07-26,Late,1245.6
PUR004907,2016-07-20,ST508,SUP008,FUR-BO-10003546,12,72.48,2016-07-26,2016-07-28,Late,869.76
PUR004908,2016-07-20,ST542,SUP001,OFF-AP-10001242,5,56.49,2016-07-25,2016-07-28,Late,282.45
PUR004909,2016-07-20,ST549,SUP012,OFF-AR-10003811,3,1.47,2016-07-26,2016-07-26,On Time,4.41
PUR004910,2016-07-20,ST087,SUP010,OFF-AR-10000411,4,10.74,2016-07-25,2016-07-24,Early,42.96
PUR004911,2016-07-20,ST493,SUP007,OFF-AP-10001293,4,28.03,2016-07-27,2016-07-29,Late,112.12
PUR004912,2016-07-20,ST016,SUP013,OFF-AR-10001545,7,1.28,2016-07-26,2016-07-31,Late,8.96
PUR004913,2016-07-20,ST100,SUP008,TEC-MA-10000752,19,7.14,2016-07-23,2016-07-26,Late,135.66
PUR004914,2016-07-20,ST434,SUP006,OFF-BI-10001460,14,8.24,2016-07-25,2016-07-25,On Time,115.36
PUR004915,2016-07-20,ST055,SUP014,FUR-FU-10003930,12,48.02,2016-07-26,2016-07-30,Late,576.24
PUR004916,2016-07-20,ST147,SUP001,OFF-PA-10001639,19,3.47,2016-07-26,2016-07-31,Late,65.93
PUR004917,2016-07-20,ST074,SUP004,FUR-FU-10000320,20,1.93,2016-07-25,2016-07-26,Late,38.6
PUR004918,2016-07-20,ST013,SUP004,OFF-PA-10001950,7,4.78,2016-07-26,2016-07-25,Early,33.46
PUR004919,2016-07-20,ST190,SUP001,FUR-FU-10001847,3,2.48,2016-07-27,2016-07-29,Late,7.4399999999999995
PUR004920,2016-07-20,ST344,SUP012,OFF-LA-10003714,12,2.14,2016-07-23,2016-07-27,Late,25.68
PUR004921,2016-07-20,ST173,SUP003,OFF-BI-10000756,12,2.3,2016-07-25,2016-07-29,Late,27.599999999999998
PUR004922,2016-07-20,ST158,SUP013,FUR-CH-10000513,5,108.73,2016-07-23,2016-07-25,Late,543.65
PUR004923,2016-07-20,ST323,SUP002,OFF-ST-10001328,15,11.12,2016-07-23,2016-07-24,Late,166.79999999999998
PUR004924,2016-07-20,ST146,SUP010,OFF-PA-10001497,12,29.37,2016-07-23,2016-07-22,Early,352.44
PUR004925,2016-07-20,ST211,SUP004,OFF-ST-10001490,14,123.04,2016-07-27,2016-07-27,On Time,1722.5600000000002
PUR004926,2016-07-20,ST285,SUP003,TEC-PH-10000141,6,45.27,2016-07-23,2016-07-22,Early,271.62
PUR004927,2016-07-20,ST134,SUP010,OFF-BI-10000545,12,360.1,2016-07-24,2016-07-28,Late,4321.200000000001
PUR004928,2016-07-20,ST144,SUP007,OFF-BI-10001759,7,1.77,2016-07-23,2016-07-22,Early,12.39
PUR004929,2016-07-20,ST213,SUP002,OFF-BI-10004967,3,1.18,2016-07-25,2016-07-28,Late,3.54
PUR004930,2016-07-20,ST104,SUP010,TEC-PH-10004094,11,110.19,2016-07-24,2016-07-24,On Time,1212.09
PUR004931,2016-07-20,ST388,SUP009,TEC-PH-10003601,7,112.34,2016-07-23,2016-07-28,Late,786.38
PUR004932,2016-07-20,ST613,SUP012,OFF-PA-10000289,8,3.14,2016-07-25,2016-07-26,Late,25.12
PUR004933,2016-07-20,ST130,SUP006,TEC-MA-10001148,15,286.57,2016-07-24,2016-07-25,Late,4298.55
PUR004934,2016-07-20,ST306,SUP005,OFF-AR-10003582,7,20.27,2016-07-27,2016-07-29,Late,141.89
PUR004935,2016-07-20,ST271,SUP003,OFF-BI-10001617,15,5.8,2016-07-27,2016-07-30,Late,87.0
PUR004936,2016-07-20,ST179,SUP005,OFF-LA-10004409,15,1.53,2016-07-23,2016-07-27,Late,22.95
PUR004937,2016-07-20,ST448,SUP004,TEC-AC-10003063,20,21.53,2016-07-26,2016-07-30,Late,430.6
PUR004938,2016-07-20,ST249,SUP014,TEC-PH-10000560,17,258.3,2016-07-25,2016-07-29,Late,4391.1
PUR004939,2016-07-20,ST370,SUP011,OFF-AP-10000696,20,9.76,2016-07-24,2016-07-27,Late,195.2
PUR004940,2016-07-20,ST415,SUP006,OFF-PA-10002666,17,5.31,2016-07-23,2016-07-24,Late,90.27
PUR004941,2016-07-20,ST380,SUP007,FUR-CH-10004063,7,223.24,2016-07-25,2016-07-28,Late,1562.68
PUR004942,2016-07-20,ST400,SUP013,FUR-TA-10004619,4,106.33,2016-07-24,2016-07-25,Late,425.32
PUR004943,2016-07-20,ST063,SUP009,OFF-AR-10000390,9,2.4,2016-07-27,2016-07-29,Late,21.599999999999998
PUR004944,2016-07-20,ST485,SUP005,OFF-SU-10002537,15,7.27,2016-07-25,2016-07-25,On Time,109.05
PUR004945,2016-07-20,ST380,SUP010,OFF-SU-10004261,9,12.01,2016-07-24,2016-07-25,Late,108.09
PUR004946,2016-07-20,ST404,SUP005,TEC-PH-10004531,16,39.08,2016-07-26,2016-07-30,Late,625.28
PUR004947,2016-07-20,ST214,SUP006,OFF-PA-10001293,12,3.48,2016-07-27,2016-07-30,Late,41.76
PUR004948,2016-07-20,ST591,SUP011,OFF-BI-10000174,15,2.79,2016-07-27,2016-07-28,Late,41.85
PUR004949,2016-07-20,ST398,SUP004,OFF-BI-10004492,9,15.58,2016-07-26,2016-07-29,Late,140.22
PUR004950,2016-07-20,ST487,SUP006,OFF-LA-10003190,6,1.41,2016-07-23,2016-07-23,On Time,8.459999999999999
PUR004951,2016-07-20,ST429,SUP012,FUR-FU-10001488,16,90.95,2016-07-24,2016-07-28,Late,1455.2
PUR004952,2016-07-20,ST278,SUP006,OFF-PA-10003302,19,20.4,2016-07-24,2016-07-28,Late,387.59999999999997
PUR004953,2016-07-20,ST513,SUP006,OFF-ST-10002562,11,6.63,2016-07-26,2016-07-26,On Time,72.92999999999999
PUR004954,2016-07-20,ST104,SUP013,TEC-PH-10002834,20,122.2,2016-07-26,2016-07-30,Late,2444.0
PUR004955,2016-07-20,ST482,SUP010,FUR-TA-10003469,19,108.32,2016-07-27,2016-07-31,Late,2058.08
PUR004956,2016-07-20,ST560,SUP013,OFF-PA-10000675,9,21.39,2016-07-23,2016-07-25,Late,192.51
PUR004957,2016-07-20,ST513,SUP004,FUR-FU-10001196,5,3.92,2016-07-23,2016-07-22,Early,19.6
PUR004958,2016-07-20,ST202,SUP009,FUR-CH-10004540,14,27.01,2016-07-26,2016-07-25,Early,378.14000000000004
PUR004959,2016-07-20,ST214,SUP008,TEC-AC-10002134,2,11.0,2016-07-26,2016-07-26,On Time,22.0
PUR004960,2016-07-20,ST171,SUP012,FUR-CH-10003312,14,238.26,2016-07-23,2016-07-22,Early,3335.64
PUR004961,2016-08-05,ST494,SUP007,TEC-PH-10003580,10,159.25,2016-08-12,2016-08-16,Late,1592.5
PUR004962,2016-08-05,ST396,SUP003,TEC-PH-10001835,2,83.07,2016-08-10,2016-08-13,Late,166.14
PUR004963,2016-08-05,ST293,SUP002,OFF-BI-10004828,8,7.88,2016-08-11,2016-08-16,Late,63.04
PUR004964,2016-08-05,ST453,SUP005,OFF-AR-10004648,8,14.98,2016-08-11,2016-08-11,On Time,119.84
PUR004965,2016-08-05,ST148,SUP014,OFF-FA-10001561,12,1.5,2016-08-12,2016-08-17,Late,18.0
PUR004966,2016-08-05,ST304,SUP012,TEC-MA-10004212,7,89.38,2016-08-10,2016-08-15,Late,625.66
PUR004967,2016-08-05,ST196,SUP014,FUR-CH-10002304,14,18.34,2016-08-12,2016-08-11,Early,256.76
PUR004968,2016-08-05,ST600,SUP015,OFF-AR-10002656,16,3.9,2016-08-12,2016-08-16,Late,62.4
PUR004969,2016-08-05,ST587,SUP007,FUR-FU-10002960,11,3.29,2016-08-10,2016-08-13,Late,36.19
PUR004970,2016-08-05,ST186,SUP002,OFF-BI-10001658,4,14.78,2016-08-11,2016-08-15,Late,59.12
PUR004971,2016-08-05,ST472,SUP010,OFF-AR-10000422,14,1.67,2016-08-08,2016-08-11,Late,23.38
PUR004972,2016-08-05,ST027,SUP011,TEC-MA-10001972,15,255.75,2016-08-11,2016-08-15,Late,3836.25
PUR004973,2016-08-05,ST226,SUP006,OFF-BI-10004465,19,3.74,2016-08-12,2016-08-11,Early,71.06
PUR004974,2016-08-05,ST111,SUP007,OFF-BI-10000546,3,1.35,2016-08-09,2016-08-10,Late,4.050000000000001
PUR004975,2016-08-05,ST253,SUP007,OFF-ST-10003692,20,38.87,2016-08-12,2016-08-15,Late,777.4
PUR004976,2016-08-05,ST084,SUP001,OFF-ST-10002344,10,83.03,2016-08-09,2016-08-09,On Time,830.3
PUR004977,2016-08-05,ST221,SUP005,OFF-FA-10003472,9,1.15,2016-08-11,2016-08-15,Late,10.35
PUR004978,2016-08-05,ST211,SUP011,OFF-BI-10004970,15,2.33,2016-08-10,2016-08-13,Late,34.95
PUR004979,2016-08-05,ST577,SUP014,OFF-BI-10000174,5,2.88,2016-08-12,2016-08-17,Late,14.399999999999999
PUR004980,2016-08-05,ST073,SUP001,OFF-EN-10003134,10,5.36,2016-08-11,2016-08-13,Late,53.6
PUR004981,2016-08-05,ST558,SUP005,OFF-LA-10001074,8,6.03,2016-08-08,2016-08-07,Early,48.24
PUR004982,2016-08-05,ST593,SUP005,OFF-EN-10003072,14,1.82,2016-08-12,2016-08-16,Late,25.48
PUR004983,2016-08-05,ST320,SUP001,OFF-AP-10004859,4,11.21,2016-08-09,2016-08-08,Early,44.84
PUR004984,2016-08-05,ST428,SUP014,OFF-BI-10003350,6,3.47,2016-08-11,2016-08-10,Early,20.82
PUR004985,2016-08-05,ST075,SUP001,OFF-EN-10001539,14,4.47,2016-08-12,2016-08-15,Late,62.58
PUR004986,2016-08-05,ST125,SUP003,OFF-LA-10004544,3,7.02,2016-08-09,2016-08-10,Late,21.06
PUR004987,2016-08-05,ST338,SUP015,FUR-CH-10004754,18,23.62,2016-08-10,2016-08-13,Late,425.16
PUR004988,2016-08-05,ST215,SUP001,OFF-AP-10004233,10,57.05,2016-08-10,2016-08-10,On Time,570.5
PUR004989,2016-08-05,ST490,SUP012,OFF-BI-10001097,4,3.13,2016-08-12,2016-08-16,Late,12.52
PUR004990,2016-08-05,ST606,SUP015,OFF-BI-10001758,5,2.82,2016-08-08,2016-08-08,On Time,14.1
PUR004991,2016-08-05,ST332,SUP002,OFF-FA-10003495,19,2.97,2016-08-11,2016-08-10,Early,56.43000000000001
PUR004992,2016-08-05,ST209,SUP002,FUR-FU-10003806,4,144.14,2016-08-09,2016-08-14,Late,576.56
PUR004993,2016-08-05,ST017,SUP005,FUR-CH-10002335,5,170.52,2016-08-09,2016-08-10,Late,852.6
PUR004994,2016-08-05,ST166,SUP001,TEC-AC-10001635,16,8.5,2016-08-12,2016-08-15,Late,136.0
PUR004995,2016-08-05,ST136,SUP002,OFF-ST-10002301,4,19.29,2016-08-12,2016-08-14,Late,77.16
PUR004996,2016-08-05,ST497,SUP015,FUR-FU-10002298,11,89.81,2016-08-08,2016-08-13,Late,987.9100000000001
PUR004997,2016-08-05,ST523,SUP008,OFF-PA-10002319,8,21.62,2016-08-10,2016-08-12,Late,172.96
PUR004998,2016-08-05,ST193,SUP007,OFF-PA-10000675,14,20.05,2016-08-12,2016-08-11,Early,280.7
PUR004999,2016-08-05,ST039,SUP002,OFF-ST-10001418,9,60.41,2016-08-11,2016-08-12,Late,543.6899999999999
PUR005000,2016-08-05,ST126,SUP007,OFF-ST-10004835,5,4.26,2016-08-12,2016-08-13,Late,21.299999999999997
PUR005001,2016-08-05,ST122,SUP003,OFF-LA-10002473,7,1.4,2016-08-10,2016-08-11,Late,9.799999999999999
PUR005002,2016-08-05,ST085,SUP004,OFF-ST-10000025,3,82.1,2016-08-10,2016-08-10,On Time,246.29999999999998
PUR005003,2016-08-05,ST444,SUP010,TEC-PH-10003357,12,50.13,2016-08-09,2016-08-11,Late,601.5600000000001
PUR005004,2016-08-05,ST353,SUP005,OFF-BI-10001670,4,18.5,2016-08-10,2016-08-10,On Time,74.0
PUR005005,2016-08-05,ST509,SUP011,OFF-BI-10001196,12,11.09,2016-08-10,2016-08-09,Early,133.07999999999998
PUR005006,2016-08-05,ST290,SUP006,OFF-BI-10002799,2,2.6,2016-08-11,2016-08-15,Late,5.2
PUR005007,2016-08-05,ST598,SUP008,TEC-AC-10004209,4,7.29,2016-08-12,2016-08-15,Late,29.16
PUR005008,2016-08-05,ST368,SUP015,OFF-AP-10002945,10,202.27,2016-08-11,2016-08-13,Late,2022.7
PUR005009,2016-08-05,ST227,SUP010,OFF-AP-10000692,11,14.61,2016-08-08,2016-08-07,Early,160.70999999999998
PUR005010,2016-08-05,ST349,SUP011,OFF-FA-10000936,13,1.67,2016-08-11,2016-08-13,Late,21.71
PUR005011,2016-08-05,ST412,SUP015,OFF-PA-10001667,13,3.58,2016-08-09,2016-08-10,Late,46.54
PUR005012,2016-08-05,ST150,SUP005,FUR-TA-10001520,13,62.53,2016-08-09,2016-08-11,Late,812.89
PUR005013,2016-08-05,ST414,SUP007,OFF-PA-10004355,4,3.34,2016-08-09,2016-08-14,Late,13.36
PUR005014,2016-08-05,ST266,SUP001,FUR-FU-10000732,13,4.19,2016-08-11,2016-08-16,Late,54.470000000000006
PUR005015,2016-08-05,ST044,SUP011,OFF-SU-10001664,2,6.31,2016-08-08,2016-08-09,Late,12.62
PUR005016,2016-08-05,ST006,SUP004,OFF-ST-10003208,10,118.82,2016-08-11,2016-08-14,Late,1188.1999999999998
PUR005017,2016-08-05,ST042,SUP005,FUR-CH-10004218,15,81.21,2016-08-12,2016-08-14,Late,1218.1499999999999
PUR005018,2016-08-05,ST422,SUP001,OFF-BI-10004209,5,4.76,2016-08-11,2016-08-14,Late,23.799999999999997
PUR005019,2016-08-05,ST103,SUP013,OFF-BI-10002082,3,17.21,2016-08-11,2016-08-11,On Time,51.63
PUR005020,2016-08-05,ST418,SUP008,OFF-SU-10000381,19,6.14,2016-08-09,2016-08-09,On Time,116.66
PUR005021,2016-08-05,ST360,SUP002,FUR-FU-10002505,18,2.39,2016-08-09,2016-08-09,On Time,43.02
PUR005022,2016-08-05,ST186,SUP003,OFF-ST-10002974,9,28.32,2016-08-09,2016-08-12,Late,254.88
PUR005023,2016-08-05,ST285,SUP009,OFF-AR-10003759,6,0.96,2016-08-11,2016-08-12,Late,5.76
PUR005024,2016-08-05,ST621,SUP006,OFF-BI-10001191,6,13.05,2016-08-12,2016-08-15,Late,78.30000000000001
PUR005025,2016-08-05,ST095,SUP005,OFF-EN-10001509,11,0.98,2016-08-08,2016-08-12,Late,10.78
PUR005026,2016-08-05,ST119,SUP010,FUR-TA-10003954,19,257.02,2016-08-09,2016-08-10,Late,4883.379999999999
PUR005027,2016-08-05,ST253,SUP015,OFF-BI-10004140,5,2.57,2016-08-10,2016-08-14,Late,12.85
PUR005028,2016-08-05,ST322,SUP013,OFF-BI-10001525,2,2.23,2016-08-09,2016-08-10,Late,4.46
PUR005029,2016-08-05,ST544,SUP003,OFF-BI-10000822,16,3.04,2016-08-12,2016-08-12,On Time,48.64
PUR005030,2016-08-05,ST297,SUP007,OFF-AR-10004062,2,8.32,2016-08-08,2016-08-12,Late,16.64
PUR005031,2016-08-05,ST042,SUP009,OFF-LA-10002034,13,2.73,2016-08-12,2016-08-17,Late,35.49
PUR005032,2016-08-05,ST131,SUP001,OFF-AR-10004752,16,1.93,2016-08-12,2016-08-11,Early,30.88
PUR005033,2016-08-05,ST105,SUP005,TEC-PH-10002070,4,14.24,2016-08-12,2016-08-13,Late,56.96
PUR005034,2016-08-05,ST628,SUP002,OFF-ST-10001490,12,118.5,2016-08-10,2016-08-15,Late,1422.0
PUR005035,2016-08-05,ST098,SUP009,OFF-ST-10002444,6,9.35,2016-08-10,2016-08-11,Late,56.099999999999994
PUR005036,2016-08-05,ST466,SUP013,FUR-FU-10001940,17,4.51,2016-08-10,2016-08-14,Late,76.67
PUR005037,2016-08-05,ST088,SUP003,OFF-AR-10001221,6,3.99,2016-08-12,2016-08-16,Late,23.94
PUR005038,2016-08-05,ST024,SUP004,OFF-PA-10001815,19,27.11,2016-08-11,2016-08-11,On Time,515.09
PUR005039,2016-08-05,ST573,SUP015,OFF-ST-10001809,13,87.99,2016-08-08,2016-08-12,Late,1143.87
PUR005040,2016-08-05,ST119,SUP010,OFF-ST-10000943,9,13.8,2016-08-09,2016-08-08,Early,124.2
PUR005041,2016-08-20,ST456,SUP010,FUR-FU-10004963,9,5.4,2016-08-25,2016-08-25,On Time,48.6
PUR005042,2016-08-20,ST327,SUP001,TEC-PH-10002922,14,120.57,2016-08-25,2016-08-28,Late,1687.98
PUR005043,2016-08-20,ST505,SUP015,OFF-PA-10003228,12,28.3,2016-08-25,2016-08-28,Late,339.6
PUR005044,2016-08-20,ST022,SUP013,FUR-BO-10003660,20,163.55,2016-08-27,2016-09-01,Late,3271.0
PUR005045,2016-08-20,ST001,SUP015,TEC-PH-10004080,10,45.88,2016-08-26,2016-08-29,Late,458.8
PUR005046,2016-08-20,ST306,SUP001,OFF-PA-10003848,15,3.41,2016-08-25,2016-08-25,On Time,51.150000000000006
PUR005047,2016-08-20,ST440,SUP009,OFF-PA-10001569,18,3.44,2016-08-23,2016-08-25,Late,61.92
PUR005048,2016-08-20,ST340,SUP007,OFF-ST-10000060,4,59.79,2016-08-26,2016-08-28,Late,239.16
PUR005049,2016-08-20,ST280,SUP013,OFF-BI-10001658,9,12.74,2016-08-25,2016-08-27,Late,114.66
PUR005050,2016-08-20,ST148,SUP006,OFF-PA-10001593,3,3.01,2016-08-26,2016-08-28,Late,9.03
PUR005051,2016-08-20,ST574,SUP007,OFF-AR-10001419,4,3.14,2016-08-23,2016-08-24,Late,12.56
PUR005052,2016-08-20,ST144,SUP001,OFF-AR-10003752,20,6.73,2016-08-25,2016-08-25,On Time,134.60000000000002
PUR005053,2016-08-20,ST491,SUP004,OFF-BI-10001191,2,13.02,2016-08-26,2016-08-29,Late,26.04
PUR005054,2016-08-20,ST408,SUP014,OFF-BI-10001116,7,2.82,2016-08-25,2016-08-26,Late,19.74
PUR005055,2016-08-20,ST511,SUP014,OFF-BI-10000831,11,1.41,2016-08-24,2016-08-25,Late,15.51
PUR005056,2016-08-20,ST189,SUP011,FUR-FU-10003247,2,19.63,2016-08-24,2016-08-28,Late,39.26
PUR005057,2016-08-20,ST218,SUP003,OFF-AR-10003481,6,2.52,2016-08-25,2016-08-28,Late,15.120000000000001
PUR005058,2016-08-20,ST082,SUP005,OFF-AR-10003405,2,4.38,2016-08-26,2016-08-30,Late,8.76
PUR005059,2016-08-20,ST339,SUP012,OFF-BI-10004584,6,161.03,2016-08-25,2016-08-25,On Time,966.1800000000001
PUR005060,2016-08-20,ST548,SUP006,OFF-PA-10004040,14,3.11,2016-08-25,2016-08-26,Late,43.54
PUR005061,2016-08-20,ST030,SUP010,OFF-ST-10001325,16,7.32,2016-08-26,2016-08-26,On Time,117.12
PUR005062,2016-08-20,ST016,SUP007,FUR-CH-10003396,17,69.38,2016-08-24,2016-08-25,Late,1179.46
PUR005063,2016-08-20,ST245,SUP001,OFF-AR-10003183,7,2.28,2016-08-24,2016-08-24,On Time,15.959999999999999
PUR005064,2016-08-20,ST615,SUP006,TEC-PH-10002885,6,485.82,2016-08-25,2016-08-26,Late,2914.92
PUR005065,2016-08-20,ST085,SUP014,TEC-PH-10000486,7,89.45,2016-08-25,2016-08-29,Late,626.15
PUR005066,2016-08-20,ST538,SUP003,FUR-CH-10004675,19,170.26,2016-08-26,2016-08-26,On Time,3234.9399999999996
PUR005067,2016-08-20,ST144,SUP015,FUR-TA-10001768,3,198.24,2016-08-27,2016-08-29,Late,594.72
PUR005068,2016-08-20,ST615,SUP015,OFF-AR-10003190,14,1.94,2016-08-23,2016-08-25,Late,27.16
PUR005069,2016-08-20,ST161,SUP005,OFF-ST-10001496,7,122.65,2016-08-27,2016-08-27,On Time,858.5500000000001
PUR005070,2016-08-20,ST418,SUP002,OFF-AP-10003057,6,152.07,2016-08-26,2016-08-29,Late,912.42
PUR005071,2016-08-20,ST247,SUP006,TEC-PH-10001254,7,101.59,2016-08-27,2016-08-27,On Time,711.13
PUR005072,2016-08-20,ST487,SUP004,TEC-PH-10002807,14,19.31,2016-08-23,2016-08-25,Late,270.34
PUR005073,2016-08-20,ST364,SUP014,OFF-AR-10004078,9,4.49,2016-08-23,2016-08-23,On Time,40.410000000000004
PUR005074,2016-08-20,ST161,SUP010,TEC-PH-10000576,5,106.78,2016-08-27,2016-08-26,Early,533.9
PUR005075,2016-08-20,ST367,SUP014,FUR-FU-10001852,11,1.19,2016-08-23,2016-08-23,On Time,13.09
PUR005076,2016-08-20,ST600,SUP002,FUR-TA-10000198,6,430.73,2016-08-23,2016-08-22,Early,2584.38
PUR005077,2016-08-20,ST217,SUP004,OFF-AP-10000390,20,42.77,2016-08-25,2016-08-28,Late,855.4000000000001
PUR005078,2016-08-20,ST087,SUP008,OFF-PA-10001363,9,6.49,2016-08-27,2016-08-26,Early,58.410000000000004
PUR005079,2016-08-20,ST189,SUP001,OFF-PA-10003063,2,1.9,2016-08-27,2016-08-31,Late,3.8
PUR005080,2016-08-20,ST150,SUP007,OFF-ST-10001128,12,106.15,2016-08-24,2016-08-29,Late,1273.8000000000002
PUR005081,2016-08-20,ST288,SUP012,FUR-CH-10004997,12,146.67,2016-08-26,2016-08-25,Early,1760.04
PUR005082,2016-08-20,ST615,SUP006,FUR-BO-10004409,18,53.56,2016-08-25,2016-08-24,Early,964.08
PUR005083,2016-08-20,ST147,SUP010,OFF-LA-10004409,16,1.58,2016-08-24,2016-08-23,Early,25.28
PUR005084,2016-08-20,ST223,SUP006,OFF-ST-10002574,11,146.26,2016-08-24,2016-08-28,Late,1608.86
PUR005085,2016-08-20,ST480,SUP007,OFF-ST-10001469,9,46.51,2016-08-26,2016-08-31,Late,418.59
PUR005086,2016-08-20,ST340,SUP005,OFF-PA-10003543,19,3.55,2016-08-26,2016-08-27,Late,67.45
PUR005087,2016-08-20,ST251,SUP014,OFF-ST-10001505,16,5.2,2016-08-26,2016-08-25,Early,83.2
PUR005088,2016-08-20,ST362,SUP013,TEC-PH-10003273,5,95.38,2016-08-24,2016-08-28,Late,476.9
PUR005089,2016-08-20,ST463,SUP011,OFF-BI-10002429,5,17.16,2016-08-26,2016-08-28,Late,85.8
PUR005090,2016-08-20,ST060,SUP006,FUR-CH-10002880,15,114.09,2016-08-25,2016-08-25,On Time,1711.3500000000001
PUR005091,2016-08-20,ST429,SUP013,FUR-FU-10003623,17,20.06,2016-08-23,2016-08-23,On Time,341.02
PUR005092,2016-08-20,ST568,SUP003,OFF-PA-10001970,2,17.53,2016-08-23,2016-08-28,Late,35.06
PUR005093,2016-08-20,ST417,SUP001,OFF-AP-10001391,12,63.77,2016-08-23,2016-08-28,Late,765.24
PUR005094,2016-08-20,ST071,SUP004,FUR-FU-10002703,3,52.81,2016-08-23,2016-08-25,Late,158.43
PUR005095,2016-08-20,ST453,SUP011,OFF-PA-10000740,17,12.64,2016-08-23,2016-08-25,Late,214.88
PUR005096,2016-08-20,ST344,SUP004,OFF-ST-10000563,17,29.55,2016-08-24,2016-08-24,On Time,502.35
PUR005097,2016-08-20,ST127,SUP008,OFF-EN-10000483,6,7.74,2016-08-27,2016-08-28,Late,46.44
PUR005098,2016-08-20,ST142,SUP014,OFF-BI-10004233,20,7.74,2016-08-26,2016-08-31,Late,154.8
PUR005099,2016-08-20,ST525,SUP011,FUR-CH-10000309,18,330.85,2016-08-25,2016-08-27,Late,5955.3
PUR005100,2016-08-20,ST086,SUP002,OFF-LA-10002787,9,2.11,2016-08-25,2016-08-30,Late,18.99
PUR005101,2016-08-20,ST023,SUP004,OFF-BI-10000050,6,3.95,2016-08-23,2016-08-22,Early,23.700000000000003
PUR005102,2016-08-20,ST252,SUP006,TEC-AC-10003499,9,7.0,2016-08-27,2016-09-01,Late,63.0
PUR005103,2016-08-20,ST153,SUP012,OFF-PA-10003270,19,2.94,2016-08-24,2016-08-28,Late,55.86
PUR005104,2016-08-20,ST448,SUP005,TEC-AC-10001635,4,7.74,2016-08-25,2016-08-28,Late,30.96
PUR005105,2016-08-20,ST628,SUP007,TEC-AC-10002305,18,15.8,2016-08-24,2016-08-24,On Time,284.40000000000003
PUR005106,2016-08-20,ST265,SUP009,TEC-AC-10004227,17,12.83,2016-08-23,2016-08-25,Late,218.11
PUR005107,2016-08-20,ST509,SUP011,FUR-FU-10003394,19,54.6,2016-08-26,2016-08-27,Late,1037.4
PUR005108,2016-08-20,ST216,SUP006,TEC-AC-10001284,20,12.15,2016-08-27,2016-08-27,On Time,243.0
PUR005109,2016-08-20,ST282,SUP013,TEC-AC-10004877,3,5.83,2016-08-23,2016-08-28,Late,17.490000000000002
PUR005110,2016-08-20,ST439,SUP003,OFF-BI-10003910,14,4.5,2016-08-26,2016-08-27,Late,63.0
PUR005111,2016-08-20,ST226,SUP014,OFF-BI-10004182,7,1.05,2016-08-25,2016-08-24,Early,7.3500000000000005
PUR005112,2016-08-20,ST324,SUP005,FUR-CH-10003774,6,78.96,2016-08-25,2016-08-25,On Time,473.76
PUR005113,2016-08-20,ST375,SUP014,TEC-AC-10002473,9,16.71,2016-08-26,2016-08-27,Late,150.39000000000001
PUR005114,2016-08-20,ST267,SUP007,FUR-CH-10003199,14,86.26,2016-08-27,2016-08-29,Late,1207.64
PUR005115,2016-08-20,ST164,SUP007,OFF-BI-10000632,18,22.47,2016-08-24,2016-08-25,Late,404.46
PUR005116,2016-08-20,ST124,SUP006,OFF-LA-10004689,20,1.47,2016-08-23,2016-08-24,Late,29.4
PUR005117,2016-08-20,ST006,SUP006,OFF-BI-10001524,15,11.18,2016-08-26,2016-08-29,Late,167.7
PUR005118,2016-08-20,ST335,SUP007,OFF-PA-10001033,6,22.87,2016-08-26,2016-08-29,Late,137.22
PUR005119,2016-08-20,ST056,SUP003,OFF-SU-10000381,12,7.08,2016-08-26,2016-08-31,Late,84.96000000000001
PUR005120,2016-08-20,ST428,SUP015,TEC-AC-10000892,6,60.49,2016-08-26,2016-08-26,On Time,362.94
PUR005121,2016-09-05,ST023,SUP012,OFF-SU-10002503,9,4.23,2016-09-12,2016-09-14,Late,38.07000000000001
PUR005122,2016-09-05,ST276,SUP005,OFF-EN-10001434,20,28.37,2016-09-09,2016-09-08,Early,567.4
PUR005123,2016-09-05,ST448,SUP005,FUR-FU-10004973,6,11.09,2016-09-10,2016-09-09,Early,66.53999999999999
PUR005124,2016-09-05,ST300,SUP004,OFF-PA-10002615,7,2.21,2016-09-11,2016-09-13,Late,15.469999999999999
PUR005125,2016-09-05,ST007,SUP012,OFF-AR-10004078,19,4.48,2016-09-10,2016-09-11,Late,85.12
PUR005126,2016-09-05,ST141,SUP008,OFF-BI-10004001,17,9.61,2016-09-10,2016-09-09,Early,163.37
PUR005127,2016-09-05,ST054,SUP011,OFF-AP-10002518,18,121.09,2016-09-11,2016-09-10,Early,2179.62
PUR005128,2016-09-05,ST543,SUP010,FUR-FU-10002759,8,12.1,2016-09-09,2016-09-08,Early,96.8
PUR005129,2016-09-05,ST148,SUP011,OFF-PA-10001461,11,3.44,2016-09-09,2016-09-09,On Time,37.839999999999996
PUR005130,2016-09-05,ST160,SUP015,FUR-BO-10004015,16,96.31,2016-09-08,2016-09-11,Late,1540.96
PUR005131,2016-09-05,ST405,SUP012,TEC-AC-10003628,10,16.18,2016-09-11,2016-09-13,Late,161.8
PUR005132,2016-09-05,ST417,SUP004,OFF-PA-10001289,16,17.84,2016-09-09,2016-09-13,Late,285.44
PUR005133,2016-09-05,ST533,SUP013,OFF-BI-10003910,6,4.54,2016-09-11,2016-09-11,On Time,27.240000000000002
PUR005134,2016-09-05,ST156,SUP003,OFF-PA-10000357,2,22.95,2016-09-08,2016-09-13,Late,45.9
PUR005135,2016-09-05,ST531,SUP012,OFF-LA-10000121,3,3.67,2016-09-10,2016-09-13,Late,11.01
PUR005136,2016-09-05,ST260,SUP014,OFF-PA-10000380,10,3.86,2016-09-12,2016-09-12,On Time,38.6
PUR005137,2016-09-05,ST434,SUP004,OFF-AR-10003338,8,6.13,2016-09-11,2016-09-15,Late,49.04
PUR005138,2016-09-05,ST522,SUP013,OFF-AR-10004757,20,2.15,2016-09-09,2016-09-13,Late,43.0
PUR005139,2016-09-05,ST088,SUP008,OFF-AR-10001615,19,14.99,2016-09-09,2016-09-11,Late,284.81
PUR005140,2016-09-05,ST260,SUP011,OFF-LA-10002368,2,1.51,2016-09-12,2016-09-13,Late,3.02
PUR005141,2016-09-05,ST137,SUP010,OFF-LA-10004559,15,1.58,2016-09-08,2016-09-11,Late,23.700000000000003
PUR005142,2016-09-05,ST582,SUP005,OFF-LA-10001569,13,2.91,2016-09-08,2016-09-07,Early,37.83
PUR005143,2016-09-05,ST379,SUP010,OFF-BI-10001097,8,2.95,2016-09-08,2016-09-11,Late,23.6
PUR005144,2016-09-05,ST001,SUP014,OFF-PA-10001800,8,3.28,2016-09-08,2016-09-07,Early,26.24
PUR005145,2016-09-05,ST487,SUP002,OFF-AR-10003373,12,21.67,2016-09-10,2016-09-15,Late,260.04
PUR005146,2016-09-05,ST062,SUP015,FUR-TA-10002903,18,205.88,2016-09-12,2016-09-11,Early,3705.84
PUR005147,2016-09-05,ST522,SUP012,OFF-BI-10002072,8,4.74,2016-09-12,2016-09-16,Late,37.92
PUR005148,2016-09-05,ST070,SUP011,OFF-FA-10000624,3,1.71,2016-09-08,2016-09-09,Late,5.13
PUR005149,2016-09-05,ST357,SUP002,FUR-CH-10002647,3,50.81,2016-09-11,2016-09-13,Late,152.43
PUR005150,2016-09-05,ST219,SUP011,OFF-PA-10001001,18,14.95,2016-09-10,2016-09-10,On Time,269.09999999999997
PUR005151,2016-09-05,ST282,SUP002,OFF-PA-10000019,18,3.46,2016-09-12,2016-09-16,Late,62.28
PUR005152,2016-09-05,ST328,SUP008,OFF-AP-10004532,8,14.88,2016-09-10,2016-09-13,Late,119.04
PUR005153,2016-09-05,ST013,SUP010,TEC-PH-10004922,3,47.2,2016-09-08,2016-09-10,Late,141.60000000000002
PUR005154,2016-09-05,ST289,SUP007,FUR-BO-10002213,18,333.69,2016-09-11,2016-09-10,Early,6006.42
PUR005155,2016-09-05,ST563,SUP008,OFF-BI-10001636,17,4.86,2016-09-10,2016-09-09,Early,82.62
PUR005156,2016-09-05,ST039,SUP010,OFF-AR-10001988,4,4.65,2016-09-09,2016-09-11,Late,18.6
PUR005157,2016-09-05,ST540,SUP010,OFF-AP-10001947,5,12.76,2016-09-12,2016-09-16,Late,63.8
PUR005158,2016-09-05,ST447,SUP002,OFF-BI-10001553,8,4.74,2016-09-08,2016-09-07,Early,37.92
PUR005159,2016-09-05,ST435,SUP007,OFF-PA-10002986,13,3.48,2016-09-12,2016-09-14,Late,45.24
PUR005160,2016-09-05,ST482,SUP010,TEC-PH-10002584,5,401.84,2016-09-11,2016-09-13,Late,2009.1999999999998
PUR005161,2016-09-05,ST534,SUP012,TEC-PH-10001530,13,234.11,2016-09-09,2016-09-13,Late,3043.4300000000003
PUR005162,2016-09-05,ST488,SUP002,OFF-BI-10004140,8,2.3,2016-09-08,2016-09-12,Late,18.4
PUR005163,2016-09-05,ST550,SUP006,TEC-PH-10002103,12,72.61,2016-09-09,2016-09-10,Late,871.3199999999999
PUR005164,2016-09-05,ST553,SUP011,FUR-FU-10001935,8,2.08,2016-09-08,2016-09-11,Late,16.64
PUR005165,2016-09-05,ST154,SUP008,OFF-PA-10003134,13,24.59,2016-09-12,2016-09-13,Late,319.67
PUR005166,2016-09-05,ST254,SUP004,OFF-LA-10000443,9,1.9,2016-09-12,2016-09-16,Late,17.099999999999998
PUR005167,2016-09-05,ST168,SUP009,OFF-LA-10001045,20,1.49,2016-09-10,2016-09-10,On Time,29.8
PUR005168,2016-09-05,ST097,SUP003,TEC-AC-10001539,14,50.17,2016-09-11,2016-09-16,Late,702.38
PUR005169,2016-09-05,ST069,SUP001,FUR-TA-10002774,17,123.71,2016-09-10,2016-09-13,Late,2103.0699999999997
PUR005170,2016-09-05,ST562,SUP007,TEC-AC-10001465,10,27.61,2016-09-11,2016-09-14,Late,276.1
PUR005171,2016-09-05,ST208,SUP014,TEC-PH-10004042,8,105.99,2016-09-08,2016-09-08,On Time,847.92
PUR005172,2016-09-05,ST474,SUP003,OFF-AR-10001761,18,3.62,2016-09-09,2016-09-11,Late,65.16
PUR005173,2016-09-05,ST228,SUP009,OFF-BI-10002432,14,2.64,2016-09-10,2016-09-11,Late,36.96
PUR005174,2016-09-05,ST063,SUP013,TEC-CO-10001766,4,245.08,2016-09-09,2016-09-10,Late,980.32
PUR005175,2016-09-05,ST308,SUP006,FUR-FU-10001940,6,4.79,2016-09-11,2016-09-10,Early,28.740000000000002
PUR005176,2016-09-05,ST479,SUP009,TEC-AC-10004209,9,6.04,2016-09-09,2016-09-08,Early,54.36
PUR005177,2016-09-05,ST484,SUP015,TEC-CO-10003236,19,350.96,2016-09-09,2016-09-13,Late,6668.24
PUR005178,2016-09-05,ST230,SUP013,OFF-PA-10002666,2,5.12,2016-09-12,2016-09-17,Late,10.24
PUR005179,2016-09-05,ST487,SUP013,OFF-PA-10000312,7,13.44,2016-09-11,2016-09-13,Late,94.08
PUR005180,2016-09-05,ST514,SUP013,OFF-BI-10003712,5,2.31,2016-09-10,2016-09-10,On Time,11.55
PUR005181,2016-09-05,ST493,SUP012,OFF-PA-10003016,12,1.6,2016-09-12,2016-09-14,Late,19.200000000000003
PUR005182,2016-09-05,ST063,SUP010,OFF-AP-10003842,8,20.64,2016-09-08,2016-09-10,Late,165.12
PUR005183,2016-09-05,ST145,SUP001,OFF-BI-10002764,4,1.53,2016-09-10,2016-09-10,On Time,6.12
PUR005184,2016-09-05,ST501,SUP005,OFF-AR-10003759,8,0.96,2016-09-09,2016-09-13,Late,7.68
PUR005185,2016-09-05,ST496,SUP011,OFF-LA-10000407,3,2.61,2016-09-11,2016-09-13,Late,7.83
PUR005186,2016-09-05,ST438,SUP014,FUR-CH-10004063,5,213.5,2016-09-08,2016-09-12,Late,1067.5
PUR005187,2016-09-05,ST111,SUP008,OFF-BI-10003527,20,645.99,2016-09-11,2016-09-12,Late,12919.8
PUR005188,2016-09-05,ST413,SUP007,TEC-MA-10003173,15,6.87,2016-09-11,2016-09-13,Late,103.05
PUR005189,2016-09-05,ST387,SUP010,OFF-AP-10001492,11,5.79,2016-09-12,2016-09-17,Late,63.69
PUR005190,2016-09-05,ST273,SUP013,OFF-BI-10001628,9,5.39,2016-09-08,2016-09-07,Early,48.51
PUR005191,2016-09-05,ST289,SUP015,TEC-AC-10003610,13,29.03,2016-09-09,2016-09-13,Late,377.39
PUR005192,2016-09-05,ST201,SUP006,OFF-PA-10001970,14,17.19,2016-09-11,2016-09-14,Late,240.66000000000003
PUR005193,2016-09-05,ST131,SUP003,OFF-PA-10001125,8,18.6,2016-09-08,2016-09-11,Late,148.8
PUR005194,2016-09-05,ST014,SUP004,TEC-MA-10004002,4,396.6,2016-09-11,2016-09-10,Early,1586.4
PUR005195,2016-09-05,ST250,SUP008,OFF-ST-10001511,13,63.79,2016-09-11,2016-09-10,Early,829.27
PUR005196,2016-09-05,ST601,SUP013,OFF-AP-10001058,5,200.21,2016-09-08,2016-09-07,Early,1001.0500000000001
PUR005197,2016-09-05,ST099,SUP012,TEC-PH-10001128,12,98.0,2016-09-08,2016-09-07,Early,1176.0
PUR005198,2016-09-05,ST156,SUP015,FUR-FU-10000723,14,39.17,2016-09-11,2016-09-10,Early,548.38
PUR005199,2016-09-05,ST411,SUP003,OFF-AP-10003849,2,268.58,2016-09-10,2016-09-13,Late,537.16
PUR005200,2016-09-05,ST268,SUP011,OFF-BI-10001989,20,11.38,2016-09-11,2016-09-12,Late,227.60000000000002
PUR005201,2016-09-20,ST209,SUP015,OFF-EN-10002312,16,6.07,2016-09-24,2016-09-25,Late,97.12
PUR005202,2016-09-20,ST212,SUP012,FUR-FU-10000521,11,20.28,2016-09-25,2016-09-27,Late,223.08
PUR005203,2016-09-20,ST291,SUP002,OFF-ST-10000060,4,58.33,2016-09-27,2016-09-29,Late,233.32
PUR005204,2016-09-20,ST259,SUP014,OFF-AR-10004269,17,3.02,2016-09-26,2016-09-26,On Time,51.34
PUR005205,2016-09-20,ST397,SUP011,TEC-AC-10004227,18,13.25,2016-09-25,2016-09-29,Late,238.5
PUR005206,2016-09-20,ST213,SUP001,TEC-PH-10000011,9,11.04,2016-09-23,2016-09-25,Late,99.35999999999999
PUR005207,2016-09-20,ST434,SUP007,FUR-CH-10004626,6,81.54,2016-09-25,2016-09-25,On Time,489.24
PUR005208,2016-09-20,ST552,SUP007,FUR-CH-10003968,18,57.99,2016-09-25,2016-09-26,Late,1043.82
PUR005209,2016-09-20,ST511,SUP012,OFF-BI-10002353,20,8.34,2016-09-24,2016-09-25,Late,166.8
PUR005210,2016-09-20,ST145,SUP001,OFF-ST-10000777,2,24.68,2016-09-23,2016-09-26,Late,49.36
PUR005211,2016-09-20,ST312,SUP002,OFF-EN-10002500,14,7.26,2016-09-26,2016-10-01,Late,101.64
PUR005212,2016-09-20,ST025,SUP010,OFF-AR-10000127,2,2.24,2016-09-27,2016-10-02,Late,4.48
PUR005213,2016-09-20,ST147,SUP014,OFF-AR-10003732,12,1.97,2016-09-26,2016-09-25,Early,23.64
PUR005214,2016-09-20,ST059,SUP004,FUR-BO-10003441,14,84.82,2016-09-24,2016-09-24,On Time,1187.48
PUR005215,2016-09-20,ST223,SUP014,TEC-AC-10000057,12,25.58,2016-09-26,2016-09-29,Late,306.96
PUR005216,2016-09-20,ST060,SUP002,OFF-PA-10003072,8,3.58,2016-09-23,2016-09-27,Late,28.64
PUR005217,2016-09-20,ST610,SUP009,FUR-CH-10000422,3,77.8,2016-09-27,2016-09-27,On Time,233.39999999999998
PUR005218,2016-09-20,ST117,SUP009,OFF-ST-10003716,4,197.84,2016-09-23,2016-09-28,Late,791.36
PUR005219,2016-09-20,ST046,SUP009,TEC-AC-10001109,11,18.62,2016-09-24,2016-09-27,Late,204.82000000000002
PUR005220,2016-09-20,ST067,SUP005,TEC-PH-10000148,9,12.31,2016-09-25,2016-09-28,Late,110.79
PUR005221,2016-09-20,ST236,SUP001,OFF-AP-10001626,7,2.95,2016-09-23,2016-09-24,Late,20.650000000000002
PUR005222,2016-09-20,ST435,SUP007,OFF-BI-10004233,9,8.54,2016-09-23,2016-09-23,On Time,76.85999999999999
PUR005223,2016-09-20,ST026,SUP009,FUR-TA-10000577,15,262.43,2016-09-27,2016-10-02,Late,3936.4500000000003
PUR005224,2016-09-20,ST440,SUP003,OFF-PA-10002986,4,3.22,2016-09-27,2016-09-26,Early,12.88
PUR005225,2016-09-20,ST586,SUP014,OFF-BI-10002429,13,16.95,2016-09-25,2016-09-30,Late,220.35
PUR005226,2016-09-20,ST469,SUP005,OFF-AR-10004685,16,3.35,2016-09-23,2016-09-28,Late,53.6
PUR005227,2016-09-20,ST076,SUP004,TEC-PH-10002890,13,36.23,2016-09-23,2016-09-22,Early,470.98999999999995
PUR005228,2016-09-20,ST251,SUP004,OFF-AR-10003190,13,2.15,2016-09-23,2016-09-28,Late,27.95
PUR005229,2016-09-20,ST620,SUP004,OFF-AP-10000275,15,236.13,2016-09-26,2016-09-29,Late,3541.95
PUR005230,2016-09-20,ST097,SUP003,OFF-BI-10003727,18,2.08,2016-09-27,2016-09-30,Late,37.44
PUR005231,2016-09-20,ST433,SUP003,OFF-PA-10001970,5,17.4,2016-09-27,2016-09-27,On Time,87.0
PUR005232,2016-09-20,ST365,SUP012,TEC-AC-10002800,17,35.73,2016-09-23,2016-09-28,Late,607.41
PUR005233,2016-09-20,ST438,SUP008,OFF-AR-10004956,5,3.89,2016-09-26,2016-09-30,Late,19.45
PUR005234,2016-09-20,ST408,SUP008,OFF-BI-10000050,5,3.88,2016-09-24,2016-09-28,Late,19.4
PUR005235,2016-09-20,ST419,SUP004,FUR-CH-10002647,18,53.69,2016-09-24,2016-09-26,Late,966.42
PUR005236,2016-09-20,ST367,SUP011,FUR-TA-10003473,19,291.12,2016-09-23,2016-09-22,Early,5531.28
PUR005237,2016-09-20,ST166,SUP013,FUR-FU-10003194,14,7.27,2016-09-26,2016-09-28,Late,101.78
PUR005238,2016-09-20,ST436,SUP003,FUR-FU-10003424,7,7.4,2016-09-26,2016-09-28,Late,51.800000000000004
PUR005239,2016-09-20,ST528,SUP012,OFF-AP-10004785,16,6.48,2016-09-23,2016-09-26,Late,103.68
PUR005240,2016-09-20,ST088,SUP007,OFF-PA-10004735,8,3.33,2016-09-26,2016-10-01,Late,26.64
PUR005241,2016-09-20,ST617,SUP009,OFF-LA-10002762,12,6.2,2016-09-27,2016-09-30,Late,74.4
PUR005242,2016-09-20,ST598,SUP010,TEC-AC-10002253,2,140.28,2016-09-24,2016-09-29,Late,280.56
PUR005243,2016-09-20,ST139,SUP002,OFF-PA-10004451,12,3.41,2016-09-25,2016-09-26,Late,40.92
PUR005244,2016-09-20,ST445,SUP003,TEC-PH-10000038,17,130.98,2016-09-25,2016-09-28,Late,2226.66
PUR005245,2016-09-20,ST563,SUP001,FUR-CH-10002073,17,183.49,2016-09-24,2016-09-27,Late,3119.33
PUR005246,2016-09-20,ST026,SUP009,TEC-AC-10000109,13,46.46,2016-09-25,2016-09-24,Early,603.98
PUR005247,2016-09-20,ST298,SUP015,OFF-AR-10003856,4,2.23,2016-09-23,2016-09-28,Late,8.92
PUR005248,2016-09-20,ST397,SUP013,OFF-PA-10004100,16,3.11,2016-09-25,2016-09-27,Late,49.76
PUR005249,2016-09-20,ST072,SUP010,OFF-BI-10002160,19,2.01,2016-09-24,2016-09-27,Late,38.19
PUR005250,2016-09-20,ST096,SUP006,FUR-CH-10001797,13,29.33,2016-09-27,2016-09-30,Late,381.28999999999996
PUR005251,2016-09-20,ST316,SUP002,TEC-AC-10000580,16,65.22,2016-09-27,2016-09-29,Late,1043.52
PUR005252,2016-09-20,ST370,SUP011,OFF-ST-10002756,3,122.06,2016-09-23,2016-09-22,Early,366.18
PUR005253,2016-09-20,ST186,SUP010,OFF-FA-10000304,7,1.22,2016-09-27,2016-09-29,Late,8.54
PUR005254,2016-09-20,ST358,SUP008,TEC-AC-10001838,19,121.64,2016-09-26,2016-09-25,Early,2311.16
PUR005255,2016-09-20,ST145,SUP013,FUR-TA-10001771,9,178.17,2016-09-27,2016-09-27,On Time,1603.53
PUR005256,2016-09-20,ST154,SUP012,OFF-BI-10004593,2,26.17,2016-09-25,2016-09-29,Late,52.34
PUR005257,2016-09-20,ST401,SUP009,OFF-LA-10001982,2,1.78,2016-09-23,2016-09-25,Late,3.56
PUR005258,2016-09-20,ST024,SUP013,TEC-PH-10004908,10,55.58,2016-09-26,2016-09-30,Late,555.8
PUR005259,2016-09-20,ST166,SUP003,OFF-AR-10000462,13,0.85,2016-09-24,2016-09-29,Late,11.049999999999999
PUR005260,2016-09-20,ST122,SUP004,OFF-PA-10003797,8,3.31,2016-09-27,2016-09-26,Early,26.48
PUR005261,2016-09-20,ST014,SUP001,FUR-CH-10004675,14,146.6,2016-09-26,2016-09-30,Late,2052.4
PUR005262,2016-09-20,ST268,SUP003,OFF-BI-10002764,8,1.49,2016-09-24,2016-09-26,Late,11.92
PUR005263,2016-09-20,ST588,SUP012,TEC-AC-10002049,15,144.29,2016-09-26,2016-09-27,Late,2164.35
PUR005264,2016-09-20,ST296,SUP013,FUR-FU-10002268,9,3.27,2016-09-23,2016-09-27,Late,29.43
PUR005265,2016-09-20,ST095,SUP013,FUR-CH-10004853,12,107.08,2016-09-25,2016-09-26,Late,1284.96
PUR005266,2016-09-20,ST377,SUP010,OFF-BI-10003982,14,11.99,2016-09-26,2016-09-30,Late,167.86
PUR005267,2016-09-20,ST390,SUP012,OFF-AR-10003582,17,19.28,2016-09-27,2016-09-29,Late,327.76
PUR005268,2016-09-20,ST260,SUP005,FUR-TA-10004086,8,65.21,2016-09-25,2016-09-25,On Time,521.68
PUR005269,2016-09-20,ST288,SUP002,OFF-EN-10004773,10,15.26,2016-09-26,2016-09-30,Late,152.6
PUR005270,2016-09-20,ST429,SUP009,OFF-AR-10003759,15,1.08,2016-09-25,2016-09-30,Late,16.200000000000003
PUR005271,2016-09-20,ST275,SUP012,OFF-BI-10001543,18,17.59,2016-09-27,2016-09-27,On Time,316.62
PUR005272,2016-09-20,ST235,SUP014,OFF-BI-10003166,11,6.04,2016-09-25,2016-09-29,Late,66.44
PUR005273,2016-09-20,ST164,SUP011,OFF-AR-10002467,19,2.37,2016-09-26,2016-10-01,Late,45.03
PUR005274,2016-09-20,ST307,SUP007,OFF-PA-10000806,17,26.93,2016-09-27,2016-09-28,Late,457.81
PUR005275,2016-09-20,ST472,SUP014,OFF-LA-10004853,9,2.5,2016-09-26,2016-09-27,Late,22.5
PUR005276,2016-09-20,ST521,SUP015,FUR-CH-10002024,18,557.53,2016-09-27,2016-09-28,Late,10035.539999999999
PUR005277,2016-09-20,ST419,SUP015,OFF-LA-10003498,9,6.9,2016-09-27,2016-09-30,Late,62.1
PUR005278,2016-09-20,ST258,SUP011,OFF-BI-10001628,8,5.92,2016-09-25,2016-09-25,On Time,47.36
PUR005279,2016-09-20,ST346,SUP012,FUR-TA-10002645,15,207.63,2016-09-27,2016-09-26,Early,3114.45
PUR005280,2016-09-20,ST313,SUP012,OFF-PA-10000673,13,3.43,2016-09-25,2016-09-30,Late,44.59
PUR005281,2016-10-05,ST033,SUP012,OFF-BI-10001107,3,7.46,2016-10-12,2016-10-12,On Time,22.38
PUR005282,2016-10-05,ST170,SUP008,OFF-AR-10000369,19,0.98,2016-10-08,2016-10-07,Early,18.62
PUR005283,2016-10-05,ST618,SUP003,TEC-PH-10002890,16,31.45,2016-10-09,2016-10-12,Late,503.2
PUR005284,2016-10-05,ST233,SUP008,OFF-ST-10000918,3,8.38,2016-10-11,2016-10-11,On Time,25.14
PUR005285,2016-10-05,ST354,SUP011,FUR-CH-10003606,20,88.91,2016-10-08,2016-10-08,On Time,1778.1999999999998
PUR005286,2016-10-05,ST432,SUP002,FUR-TA-10001039,19,69.04,2016-10-09,2016-10-10,Late,1311.7600000000002
PUR005287,2016-10-05,ST363,SUP002,TEC-AC-10000158,19,31.23,2016-10-08,2016-10-12,Late,593.37
PUR005288,2016-10-05,ST005,SUP011,TEC-PH-10001254,6,97.53,2016-10-10,2016-10-11,Late,585.1800000000001
PUR005289,2016-10-05,ST097,SUP009,FUR-CH-10001270,2,62.28,2016-10-10,2016-10-10,On Time,124.56
PUR005290,2016-10-05,ST143,SUP002,OFF-PA-10003349,12,3.12,2016-10-11,2016-10-14,Late,37.44
PUR005291,2016-10-05,ST239,SUP011,FUR-BO-10004709,10,47.68,2016-10-09,2016-10-14,Late,476.8
PUR005292,2016-10-05,ST339,SUP014,OFF-BI-10000042,17,2.95,2016-10-09,2016-10-08,Early,50.150000000000006
PUR005293,2016-10-05,ST362,SUP004,OFF-BI-10002706,5,7.11,2016-10-12,2016-10-11,Early,35.550000000000004
PUR005294,2016-10-05,ST411,SUP003,FUR-CH-10003817,10,50.05,2016-10-10,2016-10-10,On Time,500.5
PUR005295,2016-10-05,ST565,SUP003,OFF-BI-10003460,16,2.42,2016-10-11,2016-10-16,Late,38.72
PUR005296,2016-10-05,ST353,SUP013,OFF-AR-10003478,14,5.28,2016-10-08,2016-10-12,Late,73.92
PUR005297,2016-10-05,ST229,SUP008,FUR-FU-10001037,3,5.24,2016-10-12,2016-10-12,On Time,15.72
PUR005298,2016-10-05,ST357,SUP006,FUR-FU-10000246,19,8.92,2016-10-10,2016-10-11,Late,169.48
PUR005299,2016-10-05,ST442,SUP013,TEC-PH-10002103,4,64.42,2016-10-08,2016-10-13,Late,257.68
PUR005300,2016-10-05,ST097,SUP006,TEC-PH-10001557,4,71.26,2016-10-08,2016-10-10,Late,285.04
PUR005301,2016-10-05,ST321,SUP006,TEC-PH-10003601,11,111.89,2016-10-09,2016-10-13,Late,1230.79
PUR005302,2016-10-05,ST428,SUP015,OFF-PA-10001125,16,17.72,2016-10-09,2016-10-11,Late,283.52
PUR005303,2016-10-05,ST426,SUP002,FUR-FU-10001940,7,4.5,2016-10-11,2016-10-11,On Time,31.5
PUR005304,2016-10-05,ST098,SUP007,OFF-PA-10003883,9,3.5,2016-10-09,2016-10-14,Late,31.5
PUR005305,2016-10-05,ST488,SUP014,TEC-PH-10001760,4,109.01,2016-10-10,2016-10-12,Late,436.04
PUR005306,2016-10-05,ST104,SUP005,OFF-ST-10000036,7,75.88,2016-10-09,2016-10-14,Late,531.16
PUR005307,2016-10-05,ST539,SUP005,OFF-PA-10001534,15,3.05,2016-10-08,2016-10-11,Late,45.75
PUR005308,2016-10-05,ST604,SUP001,FUR-CH-10000454,16,167.11,2016-10-12,2016-10-11,Early,2673.76
PUR005309,2016-10-05,ST618,SUP002,OFF-ST-10003722,15,10.1,2016-10-11,2016-10-11,On Time,151.5
PUR005310,2016-10-05,ST613,SUP004,TEC-AC-10003832,2,130.01,2016-10-10,2016-10-09,Early,260.02
PUR005311,2016-10-05,ST319,SUP001,OFF-LA-10000973,15,1.72,2016-10-10,2016-10-09,Early,25.8
PUR005312,2016-10-05,ST605,SUP014,OFF-BI-10003708,12,4.28,2016-10-12,2016-10-12,On Time,51.36
PUR005313,2016-10-05,ST429,SUP012,OFF-ST-10003208,6,139.51,2016-10-11,2016-10-11,On Time,837.06
PUR005314,2016-10-05,ST221,SUP013,FUR-CH-10001482,5,127.01,2016-10-10,2016-10-15,Late,635.0500000000001
PUR005315,2016-10-05,ST570,SUP009,OFF-BI-10001553,9,5.06,2016-10-12,2016-10-11,Early,45.54
PUR005316,2016-10-05,ST093,SUP014,FUR-FU-10000758,11,16.95,2016-10-10,2016-10-14,Late,186.45
PUR005317,2016-10-05,ST623,SUP006,OFF-AP-10000027,6,8.66,2016-10-09,2016-10-11,Late,51.96
PUR005318,2016-10-05,ST149,SUP014,FUR-FU-10000732,11,4.16,2016-10-12,2016-10-12,On Time,45.760000000000005
PUR005319,2016-10-05,ST136,SUP005,FUR-CH-10003396,9,63.13,2016-10-11,2016-10-12,Late,568.1700000000001
PUR005320,2016-10-05,ST190,SUP008,OFF-BI-10001890,13,1.84,2016-10-12,2016-10-15,Late,23.92
PUR005321,2016-10-05,ST300,SUP006,OFF-LA-10003498,4,6.82,2016-10-12,2016-10-11,Early,27.28
PUR005322,2016-10-05,ST088,SUP004,OFF-EN-10003040,11,14.23,2016-10-12,2016-10-17,Late,156.53
PUR005323,2016-10-05,ST447,SUP004,TEC-PH-10002624,8,343.5,2016-10-12,2016-10-13,Late,2748.0
PUR005324,2016-10-05,ST040,SUP002,OFF-PA-10002036,9,3.58,2016-10-09,2016-10-13,Late,32.22
PUR005325,2016-10-05,ST110,SUP002,OFF-AR-10003158,20,2.62,2016-10-10,2016-10-09,Early,52.400000000000006
PUR005326,2016-10-05,ST118,SUP010,OFF-LA-10002368,15,1.31,2016-10-11,2016-10-14,Late,19.650000000000002
PUR005327,2016-10-05,ST348,SUP013,TEC-AC-10000057,6,23.17,2016-10-08,2016-10-10,Late,139.02
PUR005328,2016-10-05,ST115,SUP009,TEC-AC-10003657,8,28.41,2016-10-11,2016-10-11,On Time,227.28
PUR005329,2016-10-05,ST516,SUP012,OFF-BI-10004656,4,1.18,2016-10-11,2016-10-11,On Time,4.72
PUR005330,2016-10-05,ST564,SUP010,OFF-LA-10001982,6,1.82,2016-10-09,2016-10-11,Late,10.92
PUR005331,2016-10-05,ST330,SUP013,OFF-FA-10002988,20,1.11,2016-10-11,2016-10-11,On Time,22.200000000000003
PUR005332,2016-10-05,ST117,SUP008,OFF-ST-10003470,16,262.06,2016-10-08,2016-10-09,Late,4192.96
PUR005333,2016-10-05,ST463,SUP011,OFF-BI-10004817,6,6.31,2016-10-11,2016-10-10,Early,37.86
PUR005334,2016-10-05,ST610,SUP006,TEC-CO-10001943,16,109.04,2016-10-12,2016-10-17,Late,1744.64
PUR005335,2016-10-05,ST058,SUP004,TEC-PH-10002293,4,14.03,2016-10-10,2016-10-11,Late,56.12
PUR005336,2016-10-05,ST182,SUP013,OFF-FA-10002280,12,2.37,2016-10-08,2016-10-08,On Time,28.44
PUR005337,2016-10-05,ST250,SUP009,OFF-AR-10004344,14,9.18,2016-10-12,2016-10-14,Late,128.51999999999998
PUR005338,2016-10-05,ST219,SUP015,OFF-BI-10001900,19,3.25,2016-10-10,2016-10-14,Late,61.75
PUR005339,2016-10-05,ST609,SUP003,OFF-AR-10001860,13,4.78,2016-10-10,2016-10-13,Late,62.14
PUR005340,2016-10-05,ST049,SUP007,FUR-FU-10004091,14,20.18,2016-10-09,2016-10-13,Late,282.52
PUR005341,2016-10-05,ST211,SUP010,FUR-CH-10003061,3,69.57,2016-10-10,2016-10-12,Late,208.70999999999998
PUR005342,2016-10-05,ST071,SUP005,TEC-PH-10001299,16,111.87,2016-10-12,2016-10-16,Late,1789.92
PUR005343,2016-10-05,ST555,SUP007,TEC-AC-10001539,6,48.53,2016-10-12,2016-10-11,Early,291.18
PUR005344,2016-10-05,ST563,SUP004,OFF-BI-10003655,3,1.84,2016-10-09,2016-10-11,Late,5.5200000000000005
PUR005345,2016-10-05,ST322,SUP014,TEC-PH-10004875,7,5.33,2016-10-08,2016-10-08,On Time,37.31
PUR005346,2016-10-05,ST103,SUP001,OFF-PA-10003790,9,11.79,2016-10-12,2016-10-13,Late,106.10999999999999
PUR005347,2016-10-05,ST241,SUP002,FUR-TA-10004575,7,221.85,2016-10-12,2016-10-16,Late,1552.95
PUR005348,2016-10-05,ST242,SUP013,FUR-CH-10002335,19,156.63,2016-10-09,2016-10-08,Early,2975.97
PUR005349,2016-10-05,ST079,SUP011,OFF-PA-10002893,19,5.28,2016-10-11,2016-10-14,Late,100.32000000000001
PUR005350,2016-10-05,ST421,SUP011,OFF-AP-10003281,5,8.84,2016-10-09,2016-10-11,Late,44.2
PUR005351,2016-10-05,ST089,SUP010,OFF-BI-10002026,2,25.45,2016-10-11,2016-10-11,On Time,50.9
PUR005352,2016-10-05,ST523,SUP008,FUR-TA-10000617,14,181.05,2016-10-12,2016-10-16,Late,2534.7000000000003
PUR005353,2016-10-05,ST494,SUP007,OFF-BI-10002225,11,11.05,2016-10-09,2016-10-08,Early,121.55000000000001
PUR005354,2016-10-05,ST083,SUP003,OFF-PA-10000418,3,49.32,2016-10-10,2016-10-14,Late,147.96
PUR005355,2016-10-05,ST010,SUP008,OFF-AR-10003179,5,6.45,2016-10-11,2016-10-10,Early,32.25
PUR005356,2016-10-05,ST374,SUP009,OFF-EN-10003068,15,4.88,2016-10-08,2016-10-13,Late,73.2
PUR005357,2016-10-05,ST107,SUP006,OFF-LA-10001317,19,1.75,2016-10-09,2016-10-09,On Time,33.25
PUR005358,2016-10-05,ST083,SUP006,OFF-ST-10001031,16,10.86,2016-10-08,2016-10-13,Late,173.76
PUR005359,2016-10-05,ST272,SUP010,OFF-AR-10003732,20,2.16,2016-10-10,2016-10-11,Late,43.2
PUR005360,2016-10-05,ST621,SUP007,FUR-CH-10003833,10,56.34,2016-10-11,2016-10-11,On Time,563.4000000000001
PUR005361,2016-10-20,ST118,SUP007,OFF-ST-10001128,14,104.29,2016-10-27,2016-10-27,On Time,1460.0600000000002
PUR005362,2016-10-20,ST242,SUP002,OFF-BI-10002735,16,17.92,2016-10-26,2016-10-28,Late,286.72
PUR005363,2016-10-20,ST514,SUP011,FUR-CH-10004886,5,71.68,2016-10-27,2016-10-29,Late,358.40000000000003
PUR005364,2016-10-20,ST599,SUP004,OFF-ST-10001328,6,11.94,2016-10-25,2016-10-27,Late,71.64
PUR005365,2016-10-20,ST391,SUP007,TEC-PH-10002262,5,39.71,2016-10-26,2016-10-29,Late,198.55
PUR005366,2016-10-20,ST373,SUP006,OFF-BI-10000315,9,10.74,2016-10-26,2016-10-26,On Time,96.66
PUR005367,2016-10-20,ST538,SUP009,OFF-ST-10003442,16,18.99,2016-10-26,2016-10-30,Late,303.84
PUR005368,2016-10-20,ST170,SUP001,OFF-PA-10002005,11,3.59,2016-10-24,2016-10-24,On Time,39.489999999999995
PUR005369,2016-10-20,ST310,SUP002,TEC-PH-10004896,11,22.31,2016-10-25,2016-10-30,Late,245.41
PUR005370,2016-10-20,ST507,SUP003,OFF-PA-10003302,14,20.23,2016-10-26,2016-10-26,On Time,283.22
PUR005371,2016-10-20,ST114,SUP011,FUR-BO-10001972,8,90.39,2016-10-23,2016-10-28,Late,723.12
PUR005372,2016-10-20,ST306,SUP002,OFF-ST-10002743,16,110.62,2016-10-24,2016-10-28,Late,1769.92
PUR005373,2016-10-20,ST524,SUP005,OFF-BI-10000301,5,3.15,2016-10-24,2016-10-23,Early,15.75
PUR005374,2016-10-20,ST432,SUP012,OFF-BI-10004584,14,183.89,2016-10-24,2016-10-26,Late,2574.46
PUR005375,2016-10-20,ST257,SUP014,OFF-AR-10003651,10,2.32,2016-10-26,2016-10-27,Late,23.2
PUR005376,2016-10-20,ST397,SUP010,OFF-AR-10000246,14,2.07,2016-10-27,2016-10-30,Late,28.979999999999997
PUR005377,2016-10-20,ST387,SUP004,OFF-AP-10002998,17,15.75,2016-10-27,2016-10-30,Late,267.75
PUR005378,2016-10-20,ST555,SUP005,OFF-BI-10001249,9,3.1,2016-10-24,2016-10-26,Late,27.900000000000002
PUR005379,2016-10-20,ST081,SUP004,OFF-BI-10004209,9,4.33,2016-10-25,2016-10-28,Late,38.97
PUR005380,2016-10-20,ST609,SUP003,OFF-AP-10000576,7,59.14,2016-10-23,2016-10-27,Late,413.98
PUR005381,2016-10-20,ST393,SUP001,OFF-BI-10003355,7,2.58,2016-10-25,2016-10-28,Late,18.060000000000002
PUR005382,2016-10-20,ST271,SUP001,OFF-AR-10001374,9,4.21,2016-10-23,2016-10-25,Late,37.89
PUR005383,2016-10-20,ST557,SUP002,OFF-FA-10001561,6,1.48,2016-10-26,2016-10-26,On Time,8.879999999999999
PUR005384,2016-10-20,ST492,SUP005,TEC-MA-10003246,6,77.2,2016-10-23,2016-10-26,Late,463.20000000000005
PUR005385,2016-10-20,ST117,SUP009,TEC-AC-10001874,8,37.97,2016-10-26,2016-10-30,Late,303.76
PUR005386,2016-10-20,ST055,SUP007,OFF-AR-10001725,20,18.46,2016-10-26,2016-10-27,Late,369.20000000000005
PUR005387,2016-10-20,ST534,SUP012,OFF-PA-10002036,16,3.32,2016-10-25,2016-10-30,Late,53.12
PUR005388,2016-10-20,ST596,SUP005,OFF-AR-10001940,20,1.86,2016-10-27,2016-10-29,Late,37.2
PUR005389,2016-10-20,ST139,SUP015,OFF-BI-10004817,3,6.0,2016-10-23,2016-10-25,Late,18.0
PUR005390,2016-10-20,ST420,SUP009,OFF-ST-10003994,5,51.66,2016-10-25,2016-10-27,Late,258.29999999999995
PUR005391,2016-10-20,ST567,SUP002,TEC-AC-10004171,13,56.18,2016-10-27,2016-10-30,Late,730.34
PUR005392,2016-10-20,ST010,SUP015,OFF-AR-10003631,5,3.56,2016-10-26,2016-10-25,Early,17.8
PUR005393,2016-10-20,ST321,SUP013,FUR-FU-10004973,17,10.3,2016-10-26,2016-10-31,Late,175.10000000000002
PUR005394,2016-10-20,ST205,SUP007,OFF-BI-10002133,9,20.06,2016-10-23,2016-10-23,On Time,180.54
PUR005395,2016-10-20,ST361,SUP006,TEC-MA-10001148,16,303.27,2016-10-26,2016-10-31,Late,4852.32
PUR005396,2016-10-20,ST425,SUP013,OFF-PA-10004888,7,3.53,2016-10-23,2016-10-25,Late,24.709999999999997
PUR005397,2016-10-20,ST500,SUP004,TEC-AC-10002006,11,11.27,2016-10-27,2016-10-30,Late,123.97
PUR005398,2016-10-20,ST217,SUP014,OFF-PA-10000788,4,3.09,2016-10-27,2016-11-01,Late,12.36
PUR005399,2016-10-20,ST600,SUP015,OFF-AP-10000595,20,3.33,2016-10-23,2016-10-25,Late,66.6
PUR005400,2016-10-20,ST049,SUP003,FUR-TA-10003954,18,295.29,2016-10-23,2016-10-28,Late,5315.22
PUR005401,2016-10-20,ST512,SUP001,FUR-CH-10003817,8,46.86,2016-10-23,2016-10-25,Late,374.88
PUR005402,2016-10-20,ST176,SUP013,OFF-PA-10000682,17,2.86,2016-10-23,2016-10-25,Late,48.62
PUR005403,2016-10-20,ST200,SUP012,OFF-PA-10001736,9,19.92,2016-10-26,2016-10-25,Early,179.28000000000003
PUR005404,2016-10-20,ST540,SUP010,OFF-ST-10000689,9,113.46,2016-10-25,2016-10-26,Late,1021.14
PUR005405,2016-10-20,ST047,SUP014,FUR-TA-10002903,20,179.09,2016-10-25,2016-10-29,Late,3581.8
PUR005406,2016-10-20,ST168,SUP011,FUR-BO-10003893,3,87.25,2016-10-27,2016-10-28,Late,261.75
PUR005407,2016-10-20,ST341,SUP013,OFF-PA-10001776,11,4.79,2016-10-27,2016-10-27,On Time,52.69
PUR005408,2016-10-20,ST241,SUP015,OFF-FA-10002763,12,2.79,2016-10-27,2016-10-30,Late,33.480000000000004
PUR005409,2016-10-20,ST157,SUP002,FUR-FU-10003194,19,7.1,2016-10-26,2016-10-31,Late,134.9
PUR005410,2016-10-20,ST619,SUP004,FUR-FU-10003664,10,74.54,2016-10-24,2016-10-24,On Time,745.4000000000001
PUR005411,2016-10-20,ST351,SUP015,FUR-FU-10002364,12,5.53,2016-10-23,2016-10-25,Late,66.36
PUR005412,2016-10-20,ST189,SUP010,OFF-BI-10001078,10,2.51,2016-10-25,2016-10-28,Late,25.099999999999998
PUR005413,2016-10-20,ST261,SUP014,TEC-AC-10001539,4,52.52,2016-10-26,2016-10-31,Late,210.08
PUR005414,2016-10-20,ST109,SUP015,FUR-FU-10000521,15,21.86,2016-10-24,2016-10-28,Late,327.9
PUR005415,2016-10-20,ST125,SUP001,TEC-AC-10001838,8,111.85,2016-10-27,2016-10-29,Late,894.8
PUR005416,2016-10-20,ST367,SUP005,TEC-AC-10000892,9,58.42,2016-10-25,2016-10-24,Early,525.78
PUR005417,2016-10-20,ST258,SUP009,OFF-BI-10004099,8,4.01,2016-10-25,2016-10-25,On Time,32.08
PUR005418,2016-10-20,ST054,SUP004,OFF-PA-10000740,5,11.87,2016-10-27,2016-10-27,On Time,59.349999999999994
PUR005419,2016-10-20,ST482,SUP013,FUR-TA-10004575,2,257.44,2016-10-27,2016-10-29,Late,514.88
PUR005420,2016-10-20,ST048,SUP006,OFF-AR-10002956,18,16.81,2016-10-27,2016-10-29,Late,302.58
PUR005421,2016-10-20,ST594,SUP013,TEC-PH-10004614,11,50.33,2016-10-27,2016-10-29,Late,553.63
PUR005422,2016-10-20,ST033,SUP015,OFF-AR-10002067,6,15.06,2016-10-27,2016-10-31,Late,90.36
PUR005423,2016-10-20,ST496,SUP008,OFF-PA-10002245,7,3.42,2016-10-24,2016-10-25,Late,23.939999999999998
PUR005424,2016-10-20,ST066,SUP009,OFF-BI-10004182,4,1.04,2016-10-23,2016-10-23,On Time,4.16
PUR005425,2016-10-20,ST197,SUP008,FUR-CH-10003981,8,199.35,2016-10-26,2016-10-28,Late,1594.8
PUR005426,2016-10-20,ST124,SUP003,OFF-PA-10003673,2,3.65,2016-10-26,2016-10-30,Late,7.3
PUR005427,2016-10-20,ST185,SUP001,OFF-PA-10003797,9,3.51,2016-10-25,2016-10-25,On Time,31.589999999999996
PUR005428,2016-10-20,ST277,SUP012,OFF-EN-10003072,7,2.08,2016-10-23,2016-10-27,Late,14.56
PUR005429,2016-10-20,ST236,SUP014,OFF-AP-10002684,18,91.57,2016-10-23,2016-10-25,Late,1648.2599999999998
PUR005430,2016-10-20,ST445,SUP004,OFF-AR-10004999,9,4.2,2016-10-25,2016-10-26,Late,37.800000000000004
PUR005431,2016-10-20,ST103,SUP009,OFF-PA-10000295,2,3.1,2016-10-25,2016-10-26,Late,6.2
PUR005432,2016-10-20,ST567,SUP013,OFF-PA-10004040,10,2.85,2016-10-25,2016-10-25,On Time,28.5
PUR005433,2016-10-20,ST251,SUP005,OFF-PA-10001804,2,3.24,2016-10-25,2016-10-24,Early,6.48
PUR005434,2016-10-20,ST094,SUP006,FUR-CH-10004860,11,93.77,2016-10-23,2016-10-27,Late,1031.47
PUR005435,2016-10-20,ST345,SUP002,OFF-AR-10000634,18,3.08,2016-10-26,2016-10-27,Late,55.44
PUR005436,2016-10-20,ST292,SUP010,OFF-ST-10001526,2,91.05,2016-10-23,2016-10-24,Late,182.1
PUR005437,2016-10-20,ST553,SUP010,FUR-CH-10004218,17,73.49,2016-10-27,2016-10-31,Late,1249.33
PUR005438,2016-10-20,ST040,SUP008,OFF-PA-10000575,4,3.9,2016-10-25,2016-10-26,Late,15.6
PUR005439,2016-10-20,ST096,SUP006,OFF-BI-10004330,6,19.53,2016-10-27,2016-10-26,Early,117.18
PUR005440,2016-10-20,ST395,SUP003,FUR-FU-10004091,18,22.04,2016-10-23,2016-10-27,Late,396.71999999999997
PUR005441,2016-11-05,ST326,SUP004,FUR-CH-10004287,4,177.56,2016-11-11,2016-11-12,Late,710.24
PUR005442,2016-11-05,ST608,SUP010,OFF-BI-10002827,10,2.8,2016-11-09,2016-11-08,Early,28.0
PUR005443,2016-11-05,ST391,SUP007,OFF-AR-10003504,7,2.88,2016-11-11,2016-11-14,Late,20.16
PUR005444,2016-11-05,ST172,SUP013,TEC-PH-10002538,15,27.45,2016-11-12,2016-11-13,Late,411.75
PUR005445,2016-11-05,ST096,SUP007,OFF-AR-10003478,9,4.62,2016-11-12,2016-11-13,Late,41.58
PUR005446,2016-11-05,ST555,SUP011,OFF-BI-10003676,4,5.98,2016-11-09,2016-11-12,Late,23.92
PUR005447,2016-11-05,ST237,SUP013,OFF-BI-10002764,2,1.76,2016-11-10,2016-11-10,On Time,3.52
PUR005448,2016-11-05,ST153,SUP014,OFF-BI-10002225,10,11.06,2016-11-10,2016-11-09,Early,110.60000000000001
PUR005449,2016-11-05,ST525,SUP003,TEC-PH-10001530,14,226.99,2016-11-09,2016-11-10,Late,3177.86
PUR005450,2016-11-05,ST308,SUP013,OFF-BI-10003460,15,2.14,2016-11-12,2016-11-15,Late,32.1
PUR005451,2016-11-05,ST214,SUP005,OFF-BI-10004632,9,140.1,2016-11-11,2016-11-12,Late,1260.8999999999999
PUR005452,2016-11-05,ST540,SUP012,TEC-AC-10003441,5,17.33,2016-11-11,2016-11-13,Late,86.64999999999999
PUR005453,2016-11-05,ST446,SUP009,FUR-FU-10004586,10,3.61,2016-11-10,2016-11-15,Late,36.1
PUR005454,2016-11-05,ST576,SUP004,FUR-TA-10001095,11,128.76,2016-11-09,2016-11-11,Late,1416.36
PUR005455,2016-11-05,ST022,SUP006,OFF-BI-10004364,6,3.3,2016-11-11,2016-11-12,Late,19.799999999999997
PUR005456,2016-11-05,ST023,SUP014,OFF-AR-10000588,8,14.21,2016-11-12,2016-11-17,Late,113.68
PUR005457,2016-11-05,ST573,SUP013,OFF-AP-10002651,13,191.71,2016-11-12,2016-11-17,Late,2492.23
PUR005458,2016-11-05,ST492,SUP015,OFF-PA-10000477,13,2.99,2016-11-08,2016-11-08,On Time,38.870000000000005
PUR005459,2016-11-05,ST620,SUP015,OFF-BI-10000948,20,7.45,2016-11-11,2016-11-12,Late,149.0
PUR005460,2016-11-05,ST099,SUP010,OFF-BI-10001308,12,3.25,2016-11-11,2016-11-13,Late,39.0
PUR005461,2016-11-05,ST128,SUP008,OFF-EN-10003845,12,1.81,2016-11-12,2016-11-15,Late,21.72
PUR005462,2016-11-05,ST607,SUP013,OFF-BI-10003364,8,13.67,2016-11-12,2016-11-13,Late,109.36
PUR005463,2016-11-05,ST467,SUP009,TEC-AC-10001714,10,23.3,2016-11-09,2016-11-10,Late,233.0
PUR005464,2016-11-05,ST412,SUP010,FUR-FU-10001731,11,1.73,2016-11-11,2016-11-14,Late,19.03
PUR005465,2016-11-05,ST552,SUP010,OFF-BI-10001679,15,4.38,2016-11-12,2016-11-15,Late,65.7
PUR005466,2016-11-05,ST110,SUP007,TEC-CO-10003236,10,321.21,2016-11-11,2016-11-15,Late,3212.1
PUR005467,2016-11-05,ST444,SUP014,OFF-FA-10001883,2,8.28,2016-11-12,2016-11-11,Early,16.56
PUR005468,2016-11-05,ST451,SUP010,OFF-BI-10000962,4,8.87,2016-11-08,2016-11-07,Early,35.48
PUR005469,2016-11-05,ST537,SUP004,FUR-CH-10002331,2,307.29,2016-11-10,2016-11-15,Late,614.58
PUR005470,2016-11-05,ST492,SUP007,OFF-PA-10002377,16,10.43,2016-11-10,2016-11-12,Late,166.88
PUR005471,2016-11-05,ST347,SUP001,OFF-BI-10001634,15,3.88,2016-11-08,2016-11-11,Late,58.199999999999996
PUR005472,2016-11-05,ST099,SUP001,OFF-AP-10003287,18,36.13,2016-11-11,2016-11-13,Late,650.34
PUR005473,2016-11-05,ST186,SUP015,OFF-PA-10001970,11,15.79,2016-11-09,2016-11-10,Late,173.69
PUR005474,2016-11-05,ST626,SUP006,TEC-PH-10000169,8,18.17,2016-11-11,2016-11-14,Late,145.36
PUR005475,2016-11-05,ST285,SUP015,TEC-AC-10004396,18,15.6,2016-11-10,2016-11-15,Late,280.8
PUR005476,2016-11-05,ST419,SUP013,OFF-ST-10000321,2,7.8,2016-11-11,2016-11-16,Late,15.6
PUR005477,2016-11-05,ST497,SUP004,OFF-ST-10003442,20,21.85,2016-11-10,2016-11-11,Late,437.0
PUR005478,2016-11-05,ST271,SUP012,FUR-TA-10001039,3,58.99,2016-11-09,2016-11-14,Late,176.97
PUR005479,2016-11-05,ST550,SUP008,OFF-PA-10002195,19,2.91,2016-11-12,2016-11-12,On Time,55.290000000000006
PUR005480,2016-11-05,ST308,SUP002,TEC-CO-10001046,12,408.21,2016-11-08,2016-11-13,Late,4898.5199999999995
PUR005481,2016-11-05,ST247,SUP014,OFF-BI-10003707,6,7.37,2016-11-12,2016-11-13,Late,44.22
PUR005482,2016-11-05,ST386,SUP003,OFF-AR-10001860,17,4.38,2016-11-10,2016-11-13,Late,74.46
PUR005483,2016-11-05,ST256,SUP013,OFF-LA-10002195,4,1.64,2016-11-12,2016-11-16,Late,6.56
PUR005484,2016-11-05,ST417,SUP013,OFF-BI-10002072,11,4.41,2016-11-12,2016-11-17,Late,48.510000000000005
PUR005485,2016-11-05,ST331,SUP004,TEC-PH-10003645,3,123.69,2016-11-12,2016-11-13,Late,371.07
PUR005486,2016-11-05,ST087,SUP014,TEC-CO-10001449,9,281.98,2016-11-08,2016-11-13,Late,2537.82
PUR005487,2016-11-05,ST450,SUP003,FUR-FU-10002501,4,8.52,2016-11-12,2016-11-15,Late,34.08
PUR005488,2016-11-05,ST626,SUP002,FUR-TA-10003954,14,274.97,2016-11-09,2016-11-08,Early,3849.5800000000004
PUR005489,2016-11-05,ST378,SUP009,OFF-AP-10000938,11,74.78,2016-11-09,2016-11-14,Late,822.58
PUR005490,2016-11-05,ST386,SUP009,FUR-TA-10002903,17,195.79,2016-11-11,2016-11-10,Early,3328.43
PUR005491,2016-11-05,ST151,SUP007,OFF-PA-10000304,8,3.29,2016-11-08,2016-11-08,On Time,26.32
PUR005492,2016-11-05,ST289,SUP005,TEC-PH-10004093,15,30.8,2016-11-09,2016-11-13,Late,462.0
PUR005493,2016-11-05,ST613,SUP013,OFF-PA-10001804,10,3.41,2016-11-11,2016-11-15,Late,34.1
PUR005494,2016-11-05,ST074,SUP009,FUR-FU-10002456,9,3.93,2016-11-09,2016-11-09,On Time,35.370000000000005
PUR005495,2016-11-05,ST432,SUP011,TEC-PH-10001578,9,280.08,2016-11-08,2016-11-10,Late,2520.72
PUR005496,2016-11-05,ST128,SUP004,OFF-BI-10002353,3,7.64,2016-11-11,2016-11-12,Late,22.919999999999998
PUR005497,2016-11-05,ST473,SUP008,OFF-FA-10001843,10,1.41,2016-11-11,2016-11-11,On Time,14.1
PUR005498,2016-11-05,ST251,SUP007,FUR-FU-10003724,15,6.68,2016-11-11,2016-11-13,Late,100.19999999999999
PUR005499,2016-11-05,ST522,SUP001,OFF-BI-10001922,19,3.03,2016-11-12,2016-11-15,Late,57.56999999999999
PUR005500,2016-11-05,ST508,SUP005,FUR-FU-10001940,17,4.74,2016-11-10,2016-11-13,Late,80.58
PUR005501,2016-11-05,ST246,SUP011,OFF-BI-10002309,10,3.01,2016-11-10,2016-11-15,Late,30.099999999999998
PUR005502,2016-11-05,ST602,SUP003,OFF-BI-10003694,18,5.88,2016-11-10,2016-11-15,Late,105.84
PUR005503,2016-11-05,ST260,SUP008,FUR-TA-10003473,8,286.5,2016-11-08,2016-11-13,Late,2292.0
PUR005504,2016-11-05,ST430,SUP008,OFF-BI-10003984,9,15.05,2016-11-12,2016-11-14,Late,135.45000000000002
PUR005505,2016-11-05,ST154,SUP014,FUR-FU-10000755,11,4.24,2016-11-08,2016-11-13,Late,46.64
PUR005506,2016-11-05,ST083,SUP006,OFF-BI-10003166,17,5.88,2016-11-10,2016-11-13,Late,99.96
PUR005507,2016-11-05,ST091,SUP005,FUR-FU-10001475,16,14.07,2016-11-08,2016-11-09,Late,225.12
PUR005508,2016-11-05,ST213,SUP011,OFF-PA-10001033,17,22.02,2016-11-08,2016-11-11,Late,374.34
PUR005509,2016-11-05,ST048,SUP001,OFF-AP-10002765,20,17.39,2016-11-12,2016-11-17,Late,347.8
PUR005510,2016-11-05,ST419,SUP013,OFF-AP-10000828,10,136.52,2016-11-10,2016-11-12,Late,1365.2
PUR005511,2016-11-05,ST248,SUP003,TEC-PH-10002624,13,348.77,2016-11-10,2016-11-14,Late,4534.01
PUR005512,2016-11-05,ST342,SUP009,OFF-AR-10003986,10,2.2,2016-11-11,2016-11-12,Late,22.0
PUR005513,2016-11-05,ST206,SUP003,OFF-ST-10000636,9,15.56,2016-11-09,2016-11-11,Late,140.04
PUR005514,2016-11-05,ST014,SUP011,OFF-AP-10004708,15,29.64,2016-11-08,2016-11-09,Late,444.6
PUR005515,2016-11-05,ST081,SUP010,FUR-BO-10001972,16,90.95,2016-11-08,2016-11-07,Early,1455.2
PUR005516,2016-11-05,ST371,SUP010,FUR-CH-10003973,9,284.53,2016-11-11,2016-11-10,Early,2560.7699999999995
PUR005517,2016-11-05,ST613,SUP013,OFF-AR-10001547,4,1.65,2016-11-12,2016-11-15,Late,6.6
PUR005518,2016-11-05,ST322,SUP014,OFF-FA-10003059,20,1.27,2016-11-08,2016-11-07,Early,25.4
PUR005519,2016-11-05,ST326,SUP015,OFF-PA-10004243,19,9.08,2016-11-12,2016-11-12,On Time,172.52
PUR005520,2016-11-05,ST412,SUP005,TEC-AC-10003095,16,90.73,2016-11-11,2016-11-10,Early,1451.68
PUR005521,2016-11-20,ST460,SUP008,OFF-BI-10003656,11,96.02,2016-11-26,2016-11-25,Early,1056.22
PUR005522,2016-11-20,ST419,SUP011,FUR-FU-10001852,18,1.22,2016-11-27,2016-11-29,Late,21.96
PUR005523,2016-11-20,ST598,SUP008,FUR-FU-10003976,2,7.94,2016-11-26,2016-11-28,Late,15.88
PUR005524,2016-11-20,ST629,SUP003,OFF-FA-10002763,14,2.71,2016-11-23,2016-11-27,Late,37.94
PUR005525,2016-11-20,ST414,SUP006,OFF-BI-10003684,13,11.46,2016-11-25,2016-11-28,Late,148.98000000000002
PUR005526,2016-11-20,ST070,SUP009,TEC-AC-10003174,20,63.06,2016-11-25,2016-11-29,Late,1261.2
PUR005527,2016-11-20,ST238,SUP012,FUR-TA-10002041,7,165.99,2016-11-23,2016-11-27,Late,1161.93
PUR005528,2016-11-20,ST509,SUP003,OFF-AR-10001953,7,32.58,2016-11-26,2016-11-27,Late,228.06
PUR005529,2016-11-20,ST493,SUP014,OFF-ST-10001469,2,48.87,2016-11-24,2016-11-27,Late,97.74
PUR005530,2016-11-20,ST160,SUP015,TEC-PH-10002538,19,26.5,2016-11-23,2016-11-24,Late,503.5
PUR005531,2016-11-20,ST091,SUP004,FUR-CH-10002024,3,544.47,2016-11-27,2016-11-29,Late,1633.41
PUR005532,2016-11-20,ST315,SUP008,OFF-ST-10001228,14,9.37,2016-11-26,2016-12-01,Late,131.17999999999998
PUR005533,2016-11-20,ST093,SUP010,OFF-ST-10002615,9,108.16,2016-11-25,2016-11-27,Late,973.4399999999999
PUR005534,2016-11-20,ST467,SUP005,FUR-TA-10003469,18,112.81,2016-11-25,2016-11-30,Late,2030.58
PUR005535,2016-11-20,ST193,SUP001,OFF-BI-10000201,11,1.31,2016-11-25,2016-11-28,Late,14.41
PUR005536,2016-11-20,ST171,SUP001,FUR-FU-10000023,10,3.15,2016-11-24,2016-11-29,Late,31.5
PUR005537,2016-11-20,ST366,SUP004,FUR-FU-10003849,18,12.3,2016-11-23,2016-11-26,Late,221.4
PUR005538,2016-11-20,ST509,SUP015,OFF-PA-10001526,15,2.5,2016-11-26,2016-11-27,Late,37.5
PUR005539,2016-11-20,ST376,SUP004,OFF-AR-10000390,5,2.1,2016-11-23,2016-11-26,Late,10.5
PUR005540,2016-11-20,ST527,SUP006,FUR-FU-10003731,8,6.48,2016-11-25,2016-11-25,On Time,51.84
PUR005541,2016-11-20,ST326,SUP007,OFF-FA-10000585,10,2.04,2016-11-27,2016-12-02,Late,20.4
PUR005542,2016-11-20,ST540,SUP010,TEC-PH-10003012,4,106.04,2016-11-27,2016-11-28,Late,424.16
PUR005543,2016-11-20,ST564,SUP008,OFF-EN-10003296,7,51.69,2016-11-27,2016-11-28,Late,361.83
PUR005544,2016-11-20,ST060,SUP013,OFF-AP-10003281,12,9.1,2016-11-27,2016-11-30,Late,109.19999999999999
PUR005545,2016-11-20,ST078,SUP011,OFF-PA-10001954,11,12.84,2016-11-24,2016-11-27,Late,141.24
PUR005546,2016-11-20,ST532,SUP013,FUR-BO-10002613,14,190.01,2016-11-23,2016-11-25,Late,2660.14
PUR005547,2016-11-20,ST183,SUP010,OFF-PA-10004071,16,27.96,2016-11-24,2016-11-27,Late,447.36
PUR005548,2016-11-20,ST602,SUP002,OFF-LA-10004559,8,1.6,2016-11-24,2016-11-25,Late,12.8
PUR005549,2016-11-20,ST094,SUP010,OFF-BI-10002309,19,3.05,2016-11-27,2016-12-01,Late,57.949999999999996
PUR005550,2016-11-20,ST546,SUP004,OFF-AP-10002350,3,14.2,2016-11-23,2016-11-28,Late,42.599999999999994
PUR005551,2016-11-20,ST266,SUP004,OFF-FA-10000992,10,2.02,2016-11-24,2016-11-28,Late,20.2
PUR005552,2016-11-20,ST106,SUP003,TEC-PH-10004071,7,7.02,2016-11-27,2016-11-28,Late,49.14
PUR005553,2016-11-20,ST248,SUP014,OFF-PA-10003172,20,3.34,2016-11-23,2016-11-28,Late,66.8
PUR005554,2016-11-20,ST178,SUP002,OFF-BI-10000962,20,8.69,2016-11-23,2016-11-26,Late,173.79999999999998
PUR005555,2016-11-20,ST198,SUP015,OFF-EN-10003567,12,10.84,2016-11-25,2016-11-24,Early,130.07999999999998
PUR005556,2016-11-20,ST091,SUP007,FUR-FU-10002396,4,7.0,2016-11-24,2016-11-24,On Time,28.0
PUR005557,2016-11-20,ST365,SUP011,OFF-AR-10001683,4,5.9,2016-11-25,2016-11-25,On Time,23.6
PUR005558,2016-11-20,ST229,SUP006,TEC-AC-10004877,3,6.92,2016-11-23,2016-11-23,On Time,20.759999999999998
PUR005559,2016-11-20,ST011,SUP005,OFF-PA-10003657,3,2.5,2016-11-26,2016-11-28,Late,7.5
PUR005560,2016-11-20,ST103,SUP012,TEC-PH-10001918,19,91.83,2016-11-23,2016-11-26,Late,1744.77
PUR005561,2016-11-20,ST311,SUP009,OFF-BI-10000343,15,2.53,2016-11-25,2016-11-26,Late,37.949999999999996
PUR005562,2016-11-20,ST443,SUP014,OFF-AR-10004062,16,7.71,2016-11-24,2016-11-28,Late,123.36
PUR005563,2016-11-20,ST311,SUP015,OFF-ST-10003994,11,54.08,2016-11-23,2016-11-28,Late,594.88
PUR005564,2016-11-20,ST612,SUP003,OFF-BI-10002393,19,3.25,2016-11-27,2016-11-26,Early,61.75
PUR005565,2016-11-20,ST613,SUP010,FUR-FU-10002501,6,7.81,2016-11-25,2016-11-26,Late,46.86
PUR005566,2016-11-20,ST085,SUP005,FUR-CH-10002084,6,87.4,2016-11-27,2016-12-01,Late,524.4000000000001
PUR005567,2016-11-20,ST392,SUP002,TEC-AC-10001142,5,64.32,2016-11-26,2016-11-30,Late,321.59999999999997
PUR005568,2016-11-20,ST540,SUP015,OFF-BI-10002976,4,1.98,2016-11-24,2016-11-24,On Time,7.92
PUR005569,2016-11-20,ST127,SUP012,FUR-CH-10000665,10,97.95,2016-11-26,2016-11-29,Late,979.5
PUR005570,2016-11-20,ST129,SUP009,OFF-PA-10002709,6,3.0,2016-11-24,2016-11-28,Late,18.0
PUR005571,2016-11-20,ST365,SUP008,OFF-BI-10001524,4,11.2,2016-11-26,2016-11-26,On Time,44.8
PUR005572,2016-11-20,ST391,SUP010,TEC-PH-10001835,14,87.67,2016-11-24,2016-11-23,Early,1227.38
PUR005573,2016-11-20,ST509,SUP005,FUR-TA-10000688,18,169.73,2016-11-27,2016-12-02,Late,3055.14
PUR005574,2016-11-20,ST354,SUP001,FUR-CH-10004477,4,45.36,2016-11-27,2016-11-27,On Time,181.44
PUR005575,2016-11-20,ST361,SUP011,OFF-PA-10002246,6,3.4,2016-11-26,2016-11-26,On Time,20.4
PUR005576,2016-11-20,ST051,SUP008,OFF-BI-10003982,6,11.12,2016-11-24,2016-11-24,On Time,66.72
PUR005577,2016-11-20,ST475,SUP011,OFF-AP-10003849,6,243.17,2016-11-25,2016-11-28,Late,1459.02
PUR005578,2016-11-20,ST132,SUP012,TEC-PH-10004447,12,105.23,2016-11-25,2016-11-30,Late,1262.76
PUR005579,2016-11-20,ST149,SUP002,FUR-BO-10002545,8,195.31,2016-11-27,2016-11-28,Late,1562.48
PUR005580,2016-11-20,ST046,SUP003,TEC-MA-10000045,4,578.97,2016-11-25,2016-11-29,Late,2315.88
PUR005581,2016-11-20,ST024,SUP013,FUR-BO-10004467,18,87.22,2016-11-24,2016-11-28,Late,1569.96
PUR005582,2016-11-20,ST390,SUP013,OFF-PA-10002659,18,1.79,2016-11-23,2016-11-24,Late,32.22
PUR005583,2016-11-20,ST187,SUP013,OFF-ST-10001370,19,61.07,2016-11-25,2016-11-24,Early,1160.33
PUR005584,2016-11-20,ST308,SUP014,FUR-FU-10000320,15,1.98,2016-11-26,2016-11-27,Late,29.7
PUR005585,2016-11-20,ST622,SUP007,OFF-AR-10000462,16,0.99,2016-11-25,2016-11-24,Early,15.84
PUR005586,2016-11-20,ST086,SUP014,FUR-FU-10004090,20,13.47,2016-11-27,2016-12-01,Late,269.40000000000003
PUR005587,2016-11-20,ST402,SUP007,OFF-ST-10002182,20,20.49,2016-11-25,2016-11-25,On Time,409.79999999999995
PUR005588,2016-11-20,ST338,SUP007,OFF-ST-10000078,3,199.77,2016-11-25,2016-11-27,Late,599.3100000000001
PUR005589,2016-11-20,ST504,SUP009,FUR-CH-10004063,6,191.7,2016-11-27,2016-11-30,Late,1150.1999999999998
PUR005590,2016-11-20,ST391,SUP015,OFF-ST-10000876,18,8.85,2016-11-25,2016-11-27,Late,159.29999999999998
PUR005591,2016-11-20,ST054,SUP007,OFF-LA-10002271,9,1.47,2016-11-26,2016-11-30,Late,13.23
PUR005592,2016-11-20,ST606,SUP003,FUR-FU-10003623,6,20.98,2016-11-23,2016-11-22,Early,125.88
PUR005593,2016-11-20,ST199,SUP014,OFF-PA-10004470,5,3.25,2016-11-27,2016-11-29,Late,16.25
PUR005594,2016-11-20,ST604,SUP008,FUR-FU-10002379,2,39.57,2016-11-25,2016-11-29,Late,79.14
PUR005595,2016-11-20,ST592,SUP002,OFF-PA-10000482,16,21.73,2016-11-27,2016-11-26,Early,347.68
PUR005596,2016-11-20,ST338,SUP004,OFF-PA-10002005,8,3.38,2016-11-23,2016-11-28,Late,27.04
PUR005597,2016-11-20,ST601,SUP009,FUR-TA-10001889,10,372.68,2016-11-25,2016-11-29,Late,3726.8
PUR005598,2016-11-20,ST584,SUP012,FUR-TA-10003748,9,98.27,2016-11-25,2016-11-26,Late,884.43
PUR005599,2016-11-20,ST125,SUP013,OFF-AR-10004707,4,1.64,2016-11-25,2016-11-27,Late,6.56
PUR005600,2016-11-20,ST239,SUP006,OFF-FA-10002988,20,1.07,2016-11-25,2016-11-27,Late,21.400000000000002
PUR005601,2016-12-05,ST368,SUP010,OFF-PA-10000682,6,2.98,2016-12-08,2016-12-12,Late,17.88
PUR005602,2016-12-05,ST058,SUP011,TEC-PH-10004897,15,9.84,2016-12-12,2016-12-13,Late,147.6
PUR005603,2016-12-05,ST404,SUP012,FUR-BO-10001567,9,86.89,2016-12-11,2016-12-10,Early,782.01
PUR005604,2016-12-05,ST530,SUP009,TEC-PH-10003645,19,113.75,2016-12-11,2016-12-16,Late,2161.25
PUR005605,2016-12-05,ST340,SUP007,TEC-PH-10002660,18,53.52,2016-12-11,2016-12-15,Late,963.36
PUR005606,2016-12-05,ST377,SUP003,OFF-AP-10000692,6,14.87,2016-12-12,2016-12-16,Late,89.22
PUR005607,2016-12-05,ST539,SUP003,OFF-AP-10000595,7,3.47,2016-12-09,2016-12-13,Late,24.290000000000003
PUR005608,2016-12-05,ST114,SUP013,TEC-AC-10003870,19,213.88,2016-12-12,2016-12-12,On Time,4063.72
PUR005609,2016-12-05,ST043,SUP004,OFF-ST-10001321,6,10.68,2016-12-11,2016-12-14,Late,64.08
PUR005610,2016-12-05,ST306,SUP009,OFF-BI-10002949,18,3.12,2016-12-11,2016-12-13,Late,56.160000000000004
PUR005611,2016-12-05,ST019,SUP009,OFF-AP-10000055,15,23.37,2016-12-12,2016-12-14,Late,350.55
PUR005612,2016-12-05,ST225,SUP009,OFF-LA-10000476,10,2.15,2016-12-11,2016-12-12,Late,21.5
PUR005613,2016-12-05,ST589,SUP014,OFF-PA-10003641,10,14.46,2016-12-11,2016-12-12,Late,144.60000000000002
PUR005614,2016-12-05,ST206,SUP006,OFF-BI-10002049,6,2.42,2016-12-08,2016-12-10,Late,14.52
PUR005615,2016-12-05,ST338,SUP011,OFF-AR-10003811,12,1.74,2016-12-12,2016-12-16,Late,20.88
PUR005616,2016-12-05,ST501,SUP012,OFF-ST-10003327,7,7.65,2016-12-10,2016-12-13,Late,53.550000000000004
PUR005617,2016-12-05,ST066,SUP002,OFF-BI-10000320,16,4.11,2016-12-10,2016-12-13,Late,65.76
PUR005618,2016-12-05,ST161,SUP015,TEC-PH-10004614,14,53.65,2016-12-11,2016-12-13,Late,751.1
PUR005619,2016-12-05,ST121,SUP014,TEC-AC-10004901,12,34.71,2016-12-12,2016-12-15,Late,416.52
PUR005620,2016-12-05,ST230,SUP006,TEC-PH-10000347,17,3.56,2016-12-10,2016-12-13,Late,60.52
PUR005621,2016-12-05,ST074,SUP006,TEC-AC-10002167,15,12.96,2016-12-10,2016-12-15,Late,194.4
PUR005622,2016-12-05,ST627,SUP002,FUR-TA-10004152,15,71.77,2016-12-11,2016-12-13,Late,1076.55
PUR005623,2016-12-05,ST009,SUP004,FUR-FU-10000221,18,3.42,2016-12-08,2016-12-11,Late,61.56
PUR005624,2016-12-05,ST189,SUP009,OFF-BI-10001525,8,2.03,2016-12-08,2016-12-13,Late,16.24
PUR005625,2016-12-05,ST039,SUP004,TEC-AC-10003628,5,16.45,2016-12-08,2016-12-13,Late,82.25
PUR005626,2016-12-05,ST159,SUP011,FUR-CH-10000553,12,25.15,2016-12-09,2016-12-10,Late,301.79999999999995
PUR005627,2016-12-05,ST555,SUP005,FUR-TA-10004767,6,46.63,2016-12-09,2016-12-10,Late,279.78000000000003
PUR005628,2016-12-05,ST567,SUP007,TEC-MA-10001047,7,958.07,2016-12-08,2016-12-11,Late,6706.490000000001
PUR005629,2016-12-05,ST051,SUP007,OFF-BI-10002082,18,17.53,2016-12-08,2016-12-13,Late,315.54
PUR005630,2016-12-05,ST009,SUP005,FUR-FU-10000320,18,2.05,2016-12-09,2016-12-09,On Time,36.9
PUR005631,2016-12-05,ST342,SUP002,FUR-TA-10001539,11,182.03,2016-12-09,2016-12-11,Late,2002.33
PUR005632,2016-12-05,ST540,SUP015,OFF-PA-10001954,9,12.02,2016-12-11,2016-12-13,Late,108.17999999999999
PUR005633,2016-12-05,ST335,SUP006,OFF-BI-10000632,17,21.59,2016-12-10,2016-12-11,Late,367.03
PUR005634,2016-12-05,ST251,SUP006,OFF-PA-10001950,15,4.94,2016-12-12,2016-12-12,On Time,74.10000000000001
PUR005635,2016-12-05,ST448,SUP015,OFF-LA-10002762,14,6.03,2016-12-11,2016-12-16,Late,84.42
PUR005636,2016-12-05,ST413,SUP014,OFF-AP-10004540,10,62.69,2016-12-09,2016-12-11,Late,626.9
PUR005637,2016-12-05,ST212,SUP006,OFF-PA-10002787,6,3.07,2016-12-11,2016-12-15,Late,18.419999999999998
PUR005638,2016-12-05,ST110,SUP002,OFF-PA-10001125,11,17.46,2016-12-12,2016-12-16,Late,192.06
PUR005639,2016-12-05,ST358,SUP014,TEC-PH-10000923,6,7.97,2016-12-11,2016-12-13,Late,47.82
PUR005640,2016-12-05,ST044,SUP006,FUR-CH-10000988,6,107.53,2016-12-09,2016-12-08,Early,645.1800000000001
PUR005641,2016-12-05,ST223,SUP012,OFF-PA-10001609,13,1.94,2016-12-12,2016-12-12,On Time,25.22
PUR005642,2016-12-05,ST349,SUP008,TEC-PH-10002890,2,34.64,2016-12-10,2016-12-13,Late,69.28
PUR005643,2016-12-05,ST396,SUP003,OFF-LA-10000443,6,1.8,2016-12-09,2016-12-11,Late,10.8
PUR005644,2016-12-05,ST380,SUP010,OFF-BI-10000014,10,5.46,2016-12-11,2016-12-13,Late,54.6
PUR005645,2016-12-05,ST405,SUP012,FUR-TA-10001039,18,60.66,2016-12-08,2016-12-10,Late,1091.8799999999999
PUR005646,2016-12-05,ST023,SUP014,FUR-CH-10000454,19,174.53,2016-12-11,2016-12-16,Late,3316.07
PUR005647,2016-12-05,ST577,SUP013,FUR-FU-10001935,12,2.0,2016-12-12,2016-12-11,Early,24.0
PUR005648,2016-12-05,ST384,SUP008,OFF-BI-10002026,18,24.52,2016-12-10,2016-12-09,Early,441.36
PUR005649,2016-12-05,ST284,SUP012,OFF-PA-10004040,6,3.09,2016-12-10,2016-12-09,Early,18.54
PUR005650,2016-12-05,ST348,SUP003,FUR-TA-10002607,11,60.79,2016-12-09,2016-12-13,Late,668.6899999999999
PUR005651,2016-12-05,ST555,SUP005,OFF-ST-10004258,5,8.79,2016-12-09,2016-12-12,Late,43.949999999999996
PUR005652,2016-12-05,ST345,SUP011,TEC-AC-10003657,9,26.6,2016-12-12,2016-12-14,Late,239.4
PUR005653,2016-12-05,ST359,SUP007,OFF-BI-10003694,10,5.57,2016-12-11,2016-12-16,Late,55.7
PUR005654,2016-12-05,ST493,SUP001,OFF-LA-10002475,12,3.94,2016-12-08,2016-12-09,Late,47.28
PUR005655,2016-12-05,ST270,SUP010,OFF-BI-10001597,12,20.47,2016-12-09,2016-12-13,Late,245.64
PUR005656,2016-12-05,ST443,SUP013,OFF-PA-10001461,11,3.28,2016-12-12,2016-12-14,Late,36.08
PUR005657,2016-12-05,ST421,SUP014,OFF-EN-10001137,17,2.05,2016-12-12,2016-12-12,On Time,34.849999999999994
PUR005658,2016-12-05,ST597,SUP014,OFF-LA-10003190,6,1.54,2016-12-10,2016-12-15,Late,9.24
PUR005659,2016-12-05,ST247,SUP012,OFF-ST-10001325,3,7.63,2016-12-10,2016-12-15,Late,22.89
PUR005660,2016-12-05,ST608,SUP006,TEC-PH-10001557,5,67.91,2016-12-11,2016-12-13,Late,339.54999999999995
PUR005661,2016-12-05,ST049,SUP011,TEC-AC-10001772,5,10.7,2016-12-08,2016-12-07,Early,53.5
PUR005662,2016-12-05,ST466,SUP008,OFF-BI-10001670,12,19.39,2016-12-09,2016-12-14,Late,232.68
PUR005663,2016-12-05,ST247,SUP005,OFF-BI-10001267,11,3.28,2016-12-08,2016-12-13,Late,36.08
PUR005664,2016-12-05,ST137,SUP008,OFF-LA-10002787,10,2.03,2016-12-09,2016-12-10,Late,20.299999999999997
PUR005665,2016-12-05,ST345,SUP009,OFF-ST-10002562,13,6.71,2016-12-11,2016-12-12,Late,87.23
PUR005666,2016-12-05,ST500,SUP005,OFF-BI-10003656,5,86.71,2016-12-10,2016-12-09,Early,433.54999999999995
PUR005667,2016-12-05,ST384,SUP015,OFF-BI-10002194,14,4.26,2016-12-11,2016-12-11,On Time,59.64
PUR005668,2016-12-05,ST149,SUP014,TEC-AC-10002857,12,4.78,2016-12-12,2016-12-13,Late,57.36
PUR005669,2016-12-05,ST597,SUP001,TEC-AC-10001090,13,23.85,2016-12-10,2016-12-12,Late,310.05
PUR005670,2016-12-05,ST514,SUP006,OFF-ST-10002756,11,142.87,2016-12-08,2016-12-12,Late,1571.5700000000002
PUR005671,2016-12-05,ST544,SUP003,FUR-FU-10002506,15,11.21,2016-12-10,2016-12-14,Late,168.15
PUR005672,2016-12-05,ST172,SUP007,OFF-PA-10000061,5,3.56,2016-12-09,2016-12-09,On Time,17.8
PUR005673,2016-12-05,ST019,SUP005,OFF-FA-10000134,11,3.96,2016-12-11,2016-12-10,Early,43.56
PUR005674,2016-12-05,ST456,SUP010,OFF-BI-10002867,10,31.64,2016-12-08,2016-12-09,Late,316.4
PUR005675,2016-12-05,ST252,SUP008,FUR-CH-10004997,17,155.48,2016-12-10,2016-12-09,Early,2643.16
PUR005676,2016-12-05,ST586,SUP006,FUR-CH-10001270,19,58.56,2016-12-10,2016-12-09,Early,1112.64
PUR005677,2016-12-05,ST291,SUP008,OFF-EN-10004483,18,8.66,2016-12-10,2016-12-14,Late,155.88
PUR005678,2016-12-05,ST027,SUP008,OFF-PA-10001184,14,2.77,2016-12-09,2016-12-12,Late,38.78
PUR005679,2016-12-05,ST472,SUP002,OFF-PA-10000176,14,9.08,2016-12-10,2016-12-13,Late,127.12
PUR005680,2016-12-05,ST108,SUP001,OFF-BI-10004209,2,4.56,2016-12-11,2016-12-15,Late,9.12
PUR005681,2016-12-20,ST587,SUP008,OFF-PA-10004082,3,4.34,2016-12-25,2016-12-28,Late,13.02
PUR005682,2016-12-20,ST612,SUP007,OFF-AP-10003622,3,2.3,2016-12-24,2016-12-27,Late,6.8999999999999995
PUR005683,2016-12-20,ST408,SUP002,FUR-FU-10000397,12,13.82,2016-12-24,2016-12-23,Early,165.84
PUR005684,2016-12-20,ST243,SUP013,OFF-EN-10001219,13,3.96,2016-12-27,2017-01-01,Late,51.48
PUR005685,2016-12-20,ST256,SUP007,OFF-FA-10000304,20,1.27,2016-12-25,2016-12-25,On Time,25.4
PUR005686,2016-12-20,ST377,SUP004,OFF-LA-10001569,15,2.68,2016-12-25,2016-12-29,Late,40.2
PUR005687,2016-12-20,ST501,SUP001,OFF-AP-10002578,18,36.88,2016-12-23,2016-12-25,Late,663.84
PUR005688,2016-12-20,ST220,SUP009,FUR-CH-10002335,6,155.42,2016-12-25,2016-12-30,Late,932.52
PUR005689,2016-12-20,ST354,SUP004,FUR-FU-10002045,4,13.61,2016-12-23,2016-12-28,Late,54.44
PUR005690,2016-12-20,ST279,SUP002,TEC-AC-10000892,8,58.89,2016-12-24,2016-12-23,Early,471.12
PUR005691,2016-12-20,ST169,SUP005,OFF-BI-10002867,16,34.93,2016-12-26,2016-12-30,Late,558.88
PUR005692,2016-12-20,ST443,SUP004,OFF-PA-10002787,11,3.69,2016-12-26,2016-12-31,Late,40.589999999999996
PUR005693,2016-12-20,ST582,SUP012,TEC-AC-10002076,9,49.0,2016-12-26,2016-12-28,Late,441.0
PUR005694,2016-12-20,ST533,SUP005,OFF-FA-10000840,4,0.66,2016-12-23,2016-12-23,On Time,2.64
PUR005695,2016-12-20,ST468,SUP015,FUR-FU-10004245,2,12.99,2016-12-24,2016-12-29,Late,25.98
PUR005696,2016-12-20,ST374,SUP007,FUR-FU-10000308,13,51.16,2016-12-27,2017-01-01,Late,665.0799999999999
PUR005697,2016-12-20,ST526,SUP001,OFF-AR-10000588,6,14.36,2016-12-24,2016-12-29,Late,86.16
PUR005698,2016-12-20,ST426,SUP011,OFF-ST-10004963,12,13.61,2016-12-24,2016-12-28,Late,163.32
PUR005699,2016-12-20,ST070,SUP005,OFF-AP-10000891,17,97.47,2016-12-24,2016-12-27,Late,1656.99
PUR005700,2016-12-20,ST107,SUP010,TEC-PH-10001817,18,255.61,2016-12-23,2016-12-28,Late,4600.9800000000005
PUR005701,2016-12-20,ST171,SUP004,OFF-AR-10003631,6,3.35,2016-12-23,2016-12-24,Late,20.1
PUR005702,2016-12-20,ST387,SUP003,TEC-PH-10004531,7,35.7,2016-12-23,2016-12-22,Early,249.90000000000003
PUR005703,2016-12-20,ST560,SUP011,TEC-PH-10001552,20,8.59,2016-12-27,2017-01-01,Late,171.8
PUR005704,2016-12-20,ST314,SUP013,OFF-SU-10000381,6,7.06,2016-12-26,2016-12-31,Late,42.36
PUR005705,2016-12-20,ST280,SUP005,TEC-AC-10001874,12,41.59,2016-12-26,2016-12-27,Late,499.08000000000004
PUR005706,2016-12-20,ST325,SUP011,OFF-AP-10002287,8,3.03,2016-12-25,2016-12-26,Late,24.24
PUR005707,2016-12-20,ST546,SUP002,OFF-AR-10001958,4,11.27,2016-12-25,2016-12-24,Early,45.08
PUR005708,2016-12-20,ST193,SUP008,OFF-PA-10000788,8,3.29,2016-12-27,2016-12-26,Early,26.32
PUR005709,2016-12-20,ST566,SUP004,OFF-BI-10004970,12,2.03,2016-12-27,2016-12-26,Early,24.36
PUR005710,2016-12-20,ST440,SUP014,OFF-SU-10002573,20,11.57,2016-12-27,2016-12-28,Late,231.4
PUR005711,2016-12-20,ST287,SUP015,OFF-AR-10003759,5,1.01,2016-12-26,2016-12-25,Early,5.05
PUR005712,2016-12-20,ST170,SUP003,TEC-PH-10000441,10,88.57,2016-12-23,2016-12-22,Early,885.6999999999999
PUR005713,2016-12-20,ST204,SUP004,OFF-ST-10001505,10,5.12,2016-12-24,2016-12-25,Late,51.2
PUR005714,2016-12-20,ST100,SUP015,TEC-AC-10004571,10,63.5,2016-12-23,2016-12-23,On Time,635.0
PUR005715,2016-12-20,ST399,SUP004,OFF-PA-10002254,16,13.3,2016-12-23,2016-12-23,On Time,212.8
PUR005716,2016-12-20,ST405,SUP015,TEC-PH-10001051,2,71.11,2016-12-25,2016-12-27,Late,142.22
PUR005717,2016-12-20,ST011,SUP010,FUR-CH-10002774,17,32.91,2016-12-26,2016-12-30,Late,559.4699999999999
PUR005718,2016-12-20,ST243,SUP009,OFF-PA-10002558,17,24.59,2016-12-26,2016-12-28,Late,418.03
PUR005719,2016-12-20,ST003,SUP006,OFF-PA-10004243,6,10.34,2016-12-26,2016-12-28,Late,62.04
PUR005720,2016-12-20,ST427,SUP002,OFF-PA-10003395,17,56.58,2016-12-24,2016-12-23,Early,961.86
PUR005721,2016-12-20,ST559,SUP005,OFF-BI-10001757,17,2.38,2016-12-27,2017-01-01,Late,40.46
PUR005722,2016-12-20,ST307,SUP001,OFF-ST-10000617,18,2.71,2016-12-23,2016-12-26,Late,48.78
PUR005723,2016-12-20,ST046,SUP004,OFF-BI-10002414,14,7.06,2016-12-24,2016-12-29,Late,98.83999999999999
PUR005724,2016-12-20,ST337,SUP005,FUR-FU-10001095,7,16.05,2016-12-26,2016-12-27,Late,112.35000000000001
PUR005725,2016-12-20,ST603,SUP002,TEC-AC-10002550,15,22.45,2016-12-27,2016-12-26,Early,336.75
PUR005726,2016-12-20,ST237,SUP012,FUR-CH-10004477,14,39.23,2016-12-27,2016-12-31,Late,549.2199999999999
PUR005727,2016-12-20,ST257,SUP015,TEC-AC-10000358,2,28.22,2016-12-27,2016-12-26,Early,56.44
PUR005728,2016-12-20,ST499,SUP013,OFF-AR-10004757,20,2.29,2016-12-23,2016-12-23,On Time,45.8
PUR005729,2016-12-20,ST118,SUP014,TEC-AC-10004469,11,20.72,2016-12-27,2016-12-29,Late,227.92
PUR005730,2016-12-20,ST383,SUP002,OFF-AR-10000203,3,2.81,2016-12-27,2016-12-30,Late,8.43
PUR005731,2016-12-20,ST146,SUP009,OFF-ST-10000060,5,53.61,2016-12-27,2016-12-29,Late,268.05
PUR005732,2016-12-20,ST284,SUP008,OFF-AR-10003478,16,5.33,2016-12-24,2016-12-23,Early,85.28
PUR005733,2016-12-20,ST613,SUP002,OFF-BI-10004584,12,181.61,2016-12-24,2016-12-28,Late,2179.32
PUR005734,2016-12-20,ST350,SUP013,OFF-AR-10000634,14,3.27,2016-12-24,2016-12-26,Late,45.78
PUR005735,2016-12-20,ST434,SUP002,OFF-BI-10003719,2,12.5,2016-12-27,2016-12-31,Late,25.0
PUR005736,2016-12-20,ST467,SUP009,FUR-CH-10001394,2,248.17,2016-12-25,2016-12-30,Late,496.34
PUR005737,2016-12-20,ST618,SUP003,OFF-PA-10001295,10,9.89,2016-12-24,2016-12-24,On Time,98.9
PUR005738,2016-12-20,ST516,SUP013,OFF-ST-10003327,13,7.11,2016-12-25,2016-12-25,On Time,92.43
PUR005739,2016-12-20,ST460,SUP006,TEC-CO-10003236,4,291.87,2016-12-24,2016-12-29,Late,1167.48
PUR005740,2016-12-20,ST319,SUP008,OFF-AP-10002684,12,91.09,2016-12-25,2016-12-26,Late,1093.08
PUR005741,2016-12-20,ST354,SUP013,OFF-BI-10002735,14,18.45,2016-12-23,2016-12-22,Early,258.3
PUR005742,2016-12-20,ST049,SUP005,FUR-CH-10000422,7,80.01,2016-12-23,2016-12-23,On Time,560.07
PUR005743,2016-12-20,ST586,SUP002,OFF-LA-10001474,19,15.64,2016-12-25,2016-12-26,Late,297.16
PUR005744,2016-12-20,ST494,SUP010,FUR-FU-10000794,18,6.58,2016-12-27,2016-12-30,Late,118.44
PUR005745,2016-12-20,ST618,SUP006,TEC-PH-10001300,2,16.39,2016-12-26,2016-12-25,Early,32.78
PUR005746,2016-12-20,ST498,SUP002,TEC-PH-10000560,17,273.61,2016-12-23,2016-12-23,On Time,4651.37
PUR005747,2016-12-20,ST463,SUP009,TEC-PH-10004447,3,99.67,2016-12-23,2016-12-26,Late,299.01
PUR005748,2016-12-20,ST392,SUP005,OFF-ST-10004507,11,11.45,2016-12-23,2016-12-24,Late,125.94999999999999
PUR005749,2016-12-20,ST554,SUP005,OFF-FA-10003495,4,3.32,2016-12-24,2016-12-29,Late,13.28
PUR005750,2016-12-20,ST245,SUP004,OFF-PA-10000675,19,21.28,2016-12-26,2016-12-28,Late,404.32000000000005
PUR005751,2016-12-20,ST571,SUP013,OFF-PA-10003845,19,2.81,2016-12-26,2016-12-31,Late,53.39
PUR005752,2016-12-20,ST447,SUP014,OFF-PA-10001019,14,10.5,2016-12-23,2016-12-22,Early,147.0
PUR005753,2016-12-20,ST333,SUP005,TEC-MA-10004002,14,360.37,2016-12-27,2017-01-01,Late,5045.18
PUR005754,2016-12-20,ST239,SUP011,TEC-PH-10001425,16,59.62,2016-12-23,2016-12-27,Late,953.92
PUR005755,2016-12-20,ST234,SUP001,OFF-EN-10003134,17,6.14,2016-12-24,2016-12-24,On Time,104.38
PUR005756,2016-12-20,ST463,SUP007,OFF-EN-10002230,10,45.2,2016-12-25,2016-12-30,Late,452.0
PUR005757,2016-12-20,ST349,SUP005,OFF-SU-10000646,17,251.63,2016-12-23,2016-12-28,Late,4277.71
PUR005758,2016-12-20,ST547,SUP005,OFF-PA-10003228,2,24.9,2016-12-23,2016-12-26,Late,49.8
PUR005759,2016-12-20,ST223,SUP008,OFF-BI-10003784,11,0.91,2016-12-23,2016-12-26,Late,10.01
PUR005760,2016-12-20,ST021,SUP007,FUR-FU-10002030,4,13.67,2016-12-25,2016-12-30,Late,54.68
PUR005761,2017-01-05,ST466,SUP001,TEC-AC-10001990,11,38.04,2017-01-12,2017-01-17,Late,418.44
PUR005762,2017-01-05,ST594,SUP006,OFF-PA-10003657,20,2.54,2017-01-10,2017-01-15,Late,50.8
PUR005763,2017-01-05,ST108,SUP002,OFF-PA-10003001,17,3.41,2017-01-08,2017-01-07,Early,57.97
PUR005764,2017-01-05,ST485,SUP010,OFF-AP-10003622,17,2.52,2017-01-11,2017-01-12,Late,42.84
PUR005765,2017-01-05,ST360,SUP011,OFF-ST-10002562,16,6.57,2017-01-11,2017-01-12,Late,105.12
PUR005766,2017-01-05,ST467,SUP010,OFF-PA-10000241,16,15.85,2017-01-09,2017-01-09,On Time,253.6
PUR005767,2017-01-05,ST304,SUP004,TEC-AC-10003870,14,205.25,2017-01-12,2017-01-13,Late,2873.5
PUR005768,2017-01-05,ST026,SUP011,OFF-EN-10000056,10,35.91,2017-01-09,2017-01-12,Late,359.09999999999997
PUR005769,2017-01-05,ST390,SUP005,OFF-AP-10000938,2,74.29,2017-01-12,2017-01-17,Late,148.58
PUR005770,2017-01-05,ST445,SUP001,OFF-BI-10004224,13,38.79,2017-01-11,2017-01-15,Late,504.27
PUR005771,2017-01-05,ST418,SUP003,OFF-ST-10001031,20,12.6,2017-01-08,2017-01-08,On Time,252.0
PUR005772,2017-01-05,ST562,SUP007,TEC-PH-10004897,18,9.16,2017-01-11,2017-01-10,Early,164.88
PUR005773,2017-01-05,ST468,SUP015,FUR-BO-10002613,16,211.76,2017-01-11,2017-01-14,Late,3388.16
PUR005774,2017-01-05,ST211,SUP013,OFF-BI-10001890,13,1.85,2017-01-12,2017-01-15,Late,24.05
PUR005775,2017-01-05,ST509,SUP004,FUR-CH-10001797,15,25.38,2017-01-11,2017-01-14,Late,380.7
PUR005776,2017-01-05,ST455,SUP013,OFF-ST-10002583,7,33.55,2017-01-08,2017-01-12,Late,234.84999999999997
PUR005777,2017-01-05,ST245,SUP008,OFF-PA-10001870,4,3.07,2017-01-10,2017-01-09,Early,12.28
PUR005778,2017-01-05,ST177,SUP007,OFF-BI-10000174,6,3.05,2017-01-09,2017-01-13,Late,18.299999999999997
PUR005779,2017-01-05,ST172,SUP015,OFF-LA-10003930,3,49.2,2017-01-10,2017-01-10,On Time,147.60000000000002
PUR005780,2017-01-05,ST248,SUP011,OFF-BI-10000756,7,2.01,2017-01-08,2017-01-13,Late,14.069999999999999
PUR005781,2017-01-05,ST236,SUP010,OFF-PA-10002036,6,3.12,2017-01-10,2017-01-11,Late,18.72
PUR005782,2017-01-05,ST029,SUP007,FUR-FU-10003039,14,25.75,2017-01-11,2017-01-14,Late,360.5
PUR005783,2017-01-05,ST003,SUP011,OFF-PA-10000565,10,29.74,2017-01-11,2017-01-14,Late,297.4
PUR005784,2017-01-05,ST350,SUP004,OFF-ST-10002574,13,142.4,2017-01-11,2017-01-14,Late,1851.2
PUR005785,2017-01-05,ST614,SUP003,OFF-SU-10001218,14,7.63,2017-01-10,2017-01-09,Early,106.82
PUR005786,2017-01-05,ST494,SUP004,FUR-BO-10001608,6,53.3,2017-01-08,2017-01-07,Early,319.79999999999995
PUR005787,2017-01-05,ST260,SUP005,FUR-FU-10001185,14,19.57,2017-01-12,2017-01-17,Late,273.98
PUR005788,2017-01-05,ST491,SUP009,OFF-AP-10001058,19,200.28,2017-01-10,2017-01-10,On Time,3805.32
PUR005789,2017-01-05,ST533,SUP010,FUR-FU-10001979,5,27.24,2017-01-08,2017-01-09,Late,136.2
PUR005790,2017-01-05,ST147,SUP005,TEC-PH-10001305,7,34.3,2017-01-12,2017-01-17,Late,240.09999999999997
PUR005791,2017-01-05,ST421,SUP008,FUR-FU-10003601,2,72.97,2017-01-10,2017-01-10,On Time,145.94
PUR005792,2017-01-05,ST492,SUP001,OFF-PA-10001892,13,3.77,2017-01-12,2017-01-17,Late,49.01
PUR005793,2017-01-05,ST458,SUP011,OFF-LA-10003190,15,1.48,2017-01-12,2017-01-14,Late,22.2
PUR005794,2017-01-05,ST235,SUP001,FUR-TA-10002903,2,204.44,2017-01-12,2017-01-12,On Time,408.88
PUR005795,2017-01-05,ST077,SUP015,OFF-ST-10000532,7,26.32,2017-01-11,2017-01-10,Early,184.24
PUR005796,2017-01-05,ST334,SUP012,OFF-PA-10000130,4,2.41,2017-01-12,2017-01-14,Late,9.64
PUR005797,2017-01-05,ST591,SUP010,OFF-ST-10003479,15,40.12,2017-01-09,2017-01-12,Late,601.8
PUR005798,2017-01-05,ST496,SUP013,FUR-FU-10004006,17,35.87,2017-01-09,2017-01-12,Late,609.79
PUR005799,2017-01-05,ST079,SUP013,OFF-ST-10003058,17,15.79,2017-01-10,2017-01-15,Late,268.43
PUR005800,2017-01-05,ST371,SUP010,FUR-CH-10003746,7,245.23,2017-01-11,2017-01-11,On Time,1716.61
PUR005801,2017-01-05,ST592,SUP008,OFF-PA-10000380,20,4.43,2017-01-11,2017-01-12,Late,88.6
PUR005802,2017-01-05,ST241,SUP001,OFF-ST-10004337,11,56.52,2017-01-09,2017-01-14,Late,621.72
PUR005803,2017-01-05,ST007,SUP009,OFF-BI-10002949,7,3.25,2017-01-11,2017-01-10,Early,22.75
PUR005804,2017-01-05,ST043,SUP012,OFF-AP-10002222,2,6.11,2017-01-09,2017-01-12,Late,12.22
PUR005805,2017-01-05,ST082,SUP011,OFF-EN-10000461,17,4.46,2017-01-09,2017-01-08,Early,75.82
PUR005806,2017-01-05,ST004,SUP012,TEC-AC-10003116,6,11.22,2017-01-08,2017-01-12,Late,67.32000000000001
PUR005807,2017-01-05,ST279,SUP006,TEC-PH-10004700,17,5.24,2017-01-08,2017-01-10,Late,89.08
PUR005808,2017-01-05,ST141,SUP010,TEC-AC-10002857,10,5.17,2017-01-08,2017-01-07,Early,51.7
PUR005809,2017-01-05,ST478,SUP003,OFF-BI-10003694,10,5.53,2017-01-10,2017-01-14,Late,55.300000000000004
PUR005810,2017-01-05,ST176,SUP006,TEC-AC-10002167,2,14.1,2017-01-11,2017-01-15,Late,28.2
PUR005811,2017-01-05,ST175,SUP005,OFF-PA-10002479,20,2.87,2017-01-08,2017-01-08,On Time,57.400000000000006
PUR005812,2017-01-05,ST350,SUP009,TEC-PH-10004531,14,33.73,2017-01-10,2017-01-14,Late,472.21999999999997
PUR005813,2017-01-05,ST194,SUP013,OFF-BI-10003984,19,16.43,2017-01-09,2017-01-08,Early,312.17
PUR005814,2017-01-05,ST506,SUP009,OFF-FA-10002815,20,2.57,2017-01-09,2017-01-09,On Time,51.4
PUR005815,2017-01-05,ST011,SUP009,OFF-PA-10002319,19,18.65,2017-01-11,2017-01-10,Early,354.34999999999997
PUR005816,2017-01-05,ST457,SUP006,TEC-AC-10003590,4,17.78,2017-01-12,2017-01-12,On Time,71.12
PUR005817,2017-01-05,ST078,SUP008,OFF-BI-10000315,9,9.15,2017-01-10,2017-01-14,Late,82.35000000000001
PUR005818,2017-01-05,ST103,SUP012,TEC-PH-10001433,19,72.51,2017-01-12,2017-01-16,Late,1377.69
PUR005819,2017-01-05,ST046,SUP006,FUR-CH-10004860,16,85.56,2017-01-08,2017-01-11,Late,1368.96
PUR005820,2017-01-05,ST495,SUP014,OFF-EN-10000781,15,4.63,2017-01-09,2017-01-08,Early,69.45
PUR005821,2017-01-05,ST134,SUP010,OFF-ST-10000943,6,13.49,2017-01-08,2017-01-07,Early,80.94
PUR005822,2017-01-05,ST362,SUP012,OFF-EN-10001539,19,3.84,2017-01-09,2017-01-09,On Time,72.96
PUR005823,2017-01-05,ST461,SUP010,OFF-AR-10003373,9,23.54,2017-01-08,2017-01-13,Late,211.85999999999999
PUR005824,2017-01-05,ST203,SUP014,OFF-BI-10003676,10,5.69,2017-01-11,2017-01-14,Late,56.900000000000006
PUR005825,2017-01-05,ST106,SUP010,OFF-ST-10003282,12,43.07,2017-01-10,2017-01-13,Late,516.84
PUR005826,2017-01-05,ST128,SUP013,OFF-AP-10001293,13,31.95,2017-01-08,2017-01-10,Late,415.34999999999997
PUR005827,2017-01-05,ST455,SUP011,OFF-BI-10004781,8,17.5,2017-01-08,2017-01-09,Late,140.0
PUR005828,2017-01-05,ST478,SUP015,OFF-BI-10000050,7,4.24,2017-01-10,2017-01-15,Late,29.68
PUR005829,2017-01-05,ST114,SUP014,OFF-ST-10002974,16,29.3,2017-01-10,2017-01-10,On Time,468.8
PUR005830,2017-01-05,ST244,SUP008,OFF-BI-10003925,11,208.16,2017-01-12,2017-01-14,Late,2289.7599999999998
PUR005831,2017-01-05,ST616,SUP006,OFF-BI-10003656,7,89.69,2017-01-08,2017-01-11,Late,627.8299999999999
PUR005832,2017-01-05,ST183,SUP002,OFF-PA-10002137,19,4.05,2017-01-10,2017-01-14,Late,76.95
PUR005833,2017-01-05,ST482,SUP013,OFF-ST-10003324,20,38.69,2017-01-11,2017-01-11,On Time,773.8
PUR005834,2017-01-05,ST492,SUP008,FUR-CH-10003312,15,272.2,2017-01-09,2017-01-14,Late,4083.0
PUR005835,2017-01-05,ST314,SUP011,OFF-BI-10001670,10,18.08,2017-01-09,2017-01-13,Late,180.79999999999998
PUR005836,2017-01-05,ST474,SUP010,OFF-PA-10001804,12,3.72,2017-01-12,2017-01-14,Late,44.64
PUR005837,2017-01-05,ST386,SUP014,TEC-PH-10002660,7,52.05,2017-01-10,2017-01-12,Late,364.34999999999997
PUR005838,2017-01-05,ST315,SUP007,OFF-PA-10001970,5,16.05,2017-01-09,2017-01-12,Late,80.25
PUR005839,2017-01-05,ST586,SUP010,FUR-CH-10000422,3,81.55,2017-01-08,2017-01-13,Late,244.64999999999998
PUR005840,2017-01-05,ST020,SUP009,OFF-BI-10002432,9,2.56,2017-01-10,2017-01-10,On Time,23.04
PUR005841,2017-01-20,ST429,SUP014,TEC-PH-10001552,11,8.56,2017-01-23,2017-01-27,Late,94.16000000000001
PUR005842,2017-01-20,ST294,SUP010,OFF-EN-10002600,2,1.6,2017-01-23,2017-01-26,Late,3.2
PUR005843,2017-01-20,ST495,SUP006,OFF-ST-10000563,4,28.32,2017-01-24,2017-01-26,Late,113.28
PUR005844,2017-01-20,ST172,SUP015,OFF-ST-10000885,15,9.32,2017-01-26,2017-01-28,Late,139.8
PUR005845,2017-01-20,ST609,SUP005,OFF-AR-10001166,6,4.28,2017-01-24,2017-01-23,Early,25.68
PUR005846,2017-01-20,ST237,SUP010,TEC-MA-10001127,9,1169.19,2017-01-23,2017-01-26,Late,10522.710000000001
PUR005847,2017-01-20,ST061,SUP005,OFF-AR-10002053,4,2.24,2017-01-23,2017-01-27,Late,8.96
PUR005848,2017-01-20,ST112,SUP004,FUR-FU-10004090,12,13.85,2017-01-23,2017-01-28,Late,166.2
PUR005849,2017-01-20,ST406,SUP003,OFF-ST-10000636,16,15.06,2017-01-25,2017-01-24,Early,240.96
PUR005850,2017-01-20,ST337,SUP014,FUR-CH-10002647,10,53.14,2017-01-26,2017-01-29,Late,531.4
PUR005851,2017-01-20,ST068,SUP011,TEC-MA-10002073,2,1006.9,2017-01-27,2017-01-28,Late,2013.8
PUR005852,2017-01-20,ST229,SUP013,OFF-BI-10001071,6,35.36,2017-01-24,2017-01-25,Late,212.16
PUR005853,2017-01-20,ST460,SUP005,OFF-PA-10001970,18,18.19,2017-01-25,2017-01-25,On Time,327.42
PUR005854,2017-01-20,ST249,SUP011,TEC-PH-10004897,7,10.04,2017-01-25,2017-01-28,Late,70.28
PUR005855,2017-01-20,ST493,SUP015,TEC-AC-10000057,15,24.57,2017-01-26,2017-01-31,Late,368.55
PUR005856,2017-01-20,ST610,SUP004,OFF-BI-10003669,4,3.08,2017-01-23,2017-01-28,Late,12.32
PUR005857,2017-01-20,ST168,SUP013,TEC-CO-10004202,7,181.97,2017-01-25,2017-01-27,Late,1273.79
PUR005858,2017-01-20,ST044,SUP001,FUR-CH-10001973,9,93.59,2017-01-24,2017-01-24,On Time,842.3100000000001
PUR005859,2017-01-20,ST057,SUP001,OFF-BI-10002799,20,2.53,2017-01-26,2017-01-27,Late,50.599999999999994
PUR005860,2017-01-20,ST320,SUP014,TEC-AC-10002637,16,166.03,2017-01-25,2017-01-25,On Time,2656.48
PUR005861,2017-01-20,ST333,SUP004,FUR-FU-10002445,16,5.69,2017-01-25,2017-01-26,Late,91.04
PUR005862,2017-01-20,ST181,SUP005,FUR-FU-10000023,3,3.44,2017-01-24,2017-01-23,Early,10.32
PUR005863,2017-01-20,ST148,SUP010,OFF-ST-10000876,14,9.17,2017-01-23,2017-01-27,Late,128.38
PUR005864,2017-01-20,ST275,SUP006,FUR-FU-10004960,15,14.99,2017-01-27,2017-01-27,On Time,224.85
PUR005865,2017-01-20,ST589,SUP004,FUR-CH-10001797,8,26.26,2017-01-26,2017-01-29,Late,210.08
PUR005866,2017-01-20,ST218,SUP014,TEC-AC-10002473,2,16.0,2017-01-27,2017-02-01,Late,32.0
PUR005867,2017-01-20,ST356,SUP012,OFF-PA-10000246,7,5.75,2017-01-24,2017-01-27,Late,40.25
PUR005868,2017-01-20,ST343,SUP004,OFF-BI-10004528,17,1.87,2017-01-26,2017-01-26,On Time,31.790000000000003
PUR005869,2017-01-20,ST524,SUP014,TEC-AC-10003033,9,235.53,2017-01-23,2017-01-23,On Time,2119.77
PUR005870,2017-01-20,ST239,SUP008,FUR-FU-10004415,9,2.79,2017-01-25,2017-01-26,Late,25.11
PUR005871,2017-01-20,ST214,SUP014,TEC-PH-10000148,9,13.06,2017-01-23,2017-01-23,On Time,117.54
PUR005872,2017-01-20,ST184,SUP002,OFF-BI-10002794,9,20.58,2017-01-24,2017-01-25,Late,185.21999999999997
PUR005873,2017-01-20,ST584,SUP001,FUR-TA-10004619,17,121.18,2017-01-27,2017-01-28,Late,2060.06
PUR005874,2017-01-20,ST162,SUP008,TEC-AC-10004145,8,200.75,2017-01-23,2017-01-23,On Time,1606.0
PUR005875,2017-01-20,ST075,SUP006,OFF-PA-10000029,9,3.27,2017-01-26,2017-01-25,Early,29.43
PUR005876,2017-01-20,ST335,SUP003,TEC-AC-10000158,6,27.0,2017-01-23,2017-01-28,Late,162.0
PUR005877,2017-01-20,ST375,SUP002,OFF-AR-10001761,2,3.73,2017-01-25,2017-01-26,Late,7.46
PUR005878,2017-01-20,ST602,SUP001,OFF-LA-10001771,19,2.88,2017-01-25,2017-01-29,Late,54.72
PUR005879,2017-01-20,ST307,SUP003,OFF-FA-10001883,3,7.35,2017-01-25,2017-01-27,Late,22.049999999999997
PUR005880,2017-01-20,ST161,SUP010,OFF-AR-10004456,11,9.5,2017-01-25,2017-01-30,Late,104.5
PUR005881,2017-01-20,ST329,SUP003,FUR-TA-10000198,13,507.57,2017-01-24,2017-01-27,Late,6598.41
PUR005882,2017-01-20,ST530,SUP013,TEC-PH-10002085,3,53.14,2017-01-23,2017-01-26,Late,159.42000000000002
PUR005883,2017-01-20,ST354,SUP014,FUR-CH-10003846,4,90.67,2017-01-23,2017-01-24,Late,362.68
PUR005884,2017-01-20,ST626,SUP005,TEC-MA-10000864,9,248.49,2017-01-25,2017-01-30,Late,2236.41
PUR005885,2017-01-20,ST482,SUP014,OFF-BI-10004632,4,131.47,2017-01-23,2017-01-24,Late,525.88
PUR005886,2017-01-20,ST367,SUP006,OFF-ST-10000675,17,27.24,2017-01-26,2017-01-25,Early,463.08
PUR005887,2017-01-20,ST178,SUP004,TEC-AC-10001114,14,26.82,2017-01-27,2017-01-31,Late,375.48
PUR005888,2017-01-20,ST252,SUP007,TEC-AC-10003447,6,16.43,2017-01-23,2017-01-28,Late,98.58
PUR005889,2017-01-20,ST138,SUP007,FUR-FU-10000723,15,34.75,2017-01-23,2017-01-27,Late,521.25
PUR005890,2017-01-20,ST443,SUP015,OFF-AR-10002804,19,2.98,2017-01-24,2017-01-25,Late,56.62
PUR005891,2017-01-20,ST001,SUP013,FUR-FU-10000550,6,3.01,2017-01-26,2017-01-28,Late,18.06
PUR005892,2017-01-20,ST158,SUP005,OFF-PA-10000380,4,4.01,2017-01-23,2017-01-24,Late,16.04
PUR005893,2017-01-20,ST368,SUP009,FUR-FU-10002918,19,83.56,2017-01-26,2017-01-29,Late,1587.64
PUR005894,2017-01-20,ST314,SUP002,OFF-AR-10001044,16,18.31,2017-01-24,2017-01-28,Late,292.96
PUR005895,2017-01-20,ST025,SUP007,OFF-FA-10000304,8,1.34,2017-01-27,2017-01-26,Early,10.72
PUR005896,2017-01-20,ST081,SUP001,OFF-PA-10004239,20,2.14,2017-01-25,2017-01-30,Late,42.800000000000004
PUR005897,2017-01-20,ST052,SUP014,OFF-PA-10002923,15,25.61,2017-01-24,2017-01-27,Late,384.15
PUR005898,2017-01-20,ST538,SUP009,FUR-BO-10001608,6,53.08,2017-01-27,2017-01-30,Late,318.48
PUR005899,2017-01-20,ST040,SUP004,OFF-LA-10001158,5,5.42,2017-01-25,2017-01-30,Late,27.1
PUR005900,2017-01-20,ST249,SUP007,FUR-FU-10003192,14,67.8,2017-01-27,2017-01-30,Late,949.1999999999999
PUR005901,2017-01-20,ST485,SUP009,OFF-AR-10000246,5,2.02,2017-01-27,2017-01-31,Late,10.1
PUR005902,2017-01-20,ST362,SUP014,OFF-LA-10003720,13,1.79,2017-01-26,2017-01-29,Late,23.27
PUR005903,2017-01-20,ST037,SUP011,OFF-BI-10003196,3,2.05,2017-01-27,2017-01-29,Late,6.1499999999999995
PUR005904,2017-01-20,ST571,SUP013,OFF-BI-10004209,12,4.86,2017-01-27,2017-02-01,Late,58.32000000000001
PUR005905,2017-01-20,ST537,SUP003,OFF-BI-10000069,7,7.91,2017-01-23,2017-01-22,Early,55.370000000000005
PUR005906,2017-01-20,ST500,SUP012,OFF-BI-10002735,17,19.82,2017-01-24,2017-01-29,Late,336.94
PUR005907,2017-01-20,ST115,SUP009,OFF-AR-10001683,2,6.38,2017-01-25,2017-01-27,Late,12.76
PUR005908,2017-01-20,ST216,SUP008,TEC-PH-10002726,6,26.94,2017-01-25,2017-01-27,Late,161.64000000000001
PUR005909,2017-01-20,ST229,SUP009,OFF-ST-10001511,11,55.49,2017-01-23,2017-01-26,Late,610.39
PUR005910,2017-01-20,ST619,SUP007,OFF-AR-10000937,9,18.62,2017-01-26,2017-01-29,Late,167.58
PUR005911,2017-01-20,ST381,SUP010,TEC-PH-10002890,20,34.34,2017-01-23,2017-01-27,Late,686.8000000000001
PUR005912,2017-01-20,ST623,SUP005,TEC-AC-10002718,10,12.02,2017-01-27,2017-01-27,On Time,120.19999999999999
PUR005913,2017-01-20,ST267,SUP002,OFF-BI-10000138,15,2.41,2017-01-26,2017-01-28,Late,36.150000000000006
PUR005914,2017-01-20,ST389,SUP007,FUR-TA-10002530,10,129.98,2017-01-27,2017-01-30,Late,1299.8
PUR005915,2017-01-20,ST575,SUP002,OFF-BI-10002706,15,7.63,2017-01-25,2017-01-30,Late,114.45
PUR005916,2017-01-20,ST436,SUP002,TEC-AC-10000171,17,14.13,2017-01-25,2017-01-26,Late,240.21
PUR005917,2017-01-20,ST623,SUP011,FUR-FU-10003799,15,11.15,2017-01-25,2017-01-30,Late,167.25
PUR005918,2017-01-20,ST255,SUP005,OFF-BI-10002103,14,4.42,2017-01-23,2017-01-26,Late,61.879999999999995
PUR005919,2017-01-20,ST450,SUP011,OFF-AP-10000828,3,141.15,2017-01-24,2017-01-27,Late,423.45000000000005
PUR005920,2017-01-20,ST138,SUP001,OFF-BI-10002026,6,24.26,2017-01-25,2017-01-28,Late,145.56
PUR005921,2017-02-05,ST220,SUP013,OFF-ST-10003572,13,12.91,2017-02-09,2017-02-14,Late,167.83
PUR005922,2017-02-05,ST248,SUP008,OFF-PA-10003790,17,12.84,2017-02-08,2017-02-12,Late,218.28
PUR005923,2017-02-05,ST571,SUP008,TEC-PH-10003505,8,60.61,2017-02-11,2017-02-10,Early,484.88
PUR005924,2017-02-05,ST426,SUP014,FUR-FU-10000747,20,40.32,2017-02-08,2017-02-09,Late,806.4
PUR005925,2017-02-05,ST158,SUP011,OFF-PA-10001878,11,26.17,2017-02-08,2017-02-13,Late,287.87
PUR005926,2017-02-05,ST059,SUP011,FUR-FU-10000965,5,28.46,2017-02-09,2017-02-10,Late,142.3
PUR005927,2017-02-05,ST060,SUP001,TEC-AC-10000303,11,25.92,2017-02-10,2017-02-11,Late,285.12
PUR005928,2017-02-05,ST038,SUP009,TEC-PH-10002496,20,119.95,2017-02-12,2017-02-15,Late,2399.0
PUR005929,2017-02-05,ST508,SUP010,FUR-FU-10002298,19,99.62,2017-02-11,2017-02-15,Late,1892.7800000000002
PUR005930,2017-02-05,ST490,SUP009,TEC-PH-10001433,16,70.94,2017-02-09,2017-02-10,Late,1135.04
PUR005931,2017-02-05,ST014,SUP004,OFF-PA-10000806,14,26.25,2017-02-09,2017-02-14,Late,367.5
PUR005932,2017-02-05,ST061,SUP004,OFF-ST-10001321,11,10.69,2017-02-08,2017-02-07,Early,117.58999999999999
PUR005933,2017-02-05,ST321,SUP004,OFF-LA-10001074,20,6.08,2017-02-09,2017-02-12,Late,121.6
PUR005934,2017-02-05,ST019,SUP004,OFF-AP-10000159,11,31.24,2017-02-11,2017-02-15,Late,343.64
PUR005935,2017-02-05,ST580,SUP010,OFF-SU-10000898,10,9.09,2017-02-11,2017-02-12,Late,90.9
PUR005936,2017-02-05,ST157,SUP007,TEC-PH-10002033,10,207.11,2017-02-12,2017-02-15,Late,2071.1000000000004
PUR005937,2017-02-05,ST103,SUP006,FUR-FU-10003247,17,20.27,2017-02-12,2017-02-15,Late,344.59
PUR005938,2017-02-05,ST159,SUP006,OFF-BI-10002133,14,20.33,2017-02-11,2017-02-16,Late,284.62
PUR005939,2017-02-05,ST005,SUP001,OFF-EN-10001990,12,3.09,2017-02-09,2017-02-09,On Time,37.08
PUR005940,2017-02-05,ST294,SUP004,OFF-BI-10004022,9,1.36,2017-02-08,2017-02-09,Late,12.24
PUR005941,2017-02-05,ST105,SUP008,OFF-BI-10004632,14,134.74,2017-02-09,2017-02-10,Late,1886.3600000000001
PUR005942,2017-02-05,ST578,SUP009,OFF-AP-10001947,4,13.42,2017-02-08,2017-02-13,Late,53.68
PUR005943,2017-02-05,ST170,SUP009,FUR-BO-10002213,10,282.75,2017-02-12,2017-02-11,Early,2827.5
PUR005944,2017-02-05,ST442,SUP007,TEC-AC-10001142,12,64.98,2017-02-08,2017-02-12,Late,779.76
PUR005945,2017-02-05,ST185,SUP014,OFF-AP-10001366,19,8.5,2017-02-09,2017-02-12,Late,161.5
PUR005946,2017-02-05,ST301,SUP009,FUR-CH-10004997,6,150.02,2017-02-10,2017-02-12,Late,900.1200000000001
PUR005947,2017-02-05,ST199,SUP007,OFF-PA-10001950,3,4.66,2017-02-11,2017-02-10,Early,13.98
PUR005948,2017-02-05,ST627,SUP007,OFF-AP-10000027,12,8.82,2017-02-10,2017-02-15,Late,105.84
PUR005949,2017-02-05,ST289,SUP014,OFF-ST-10002214,19,8.87,2017-02-10,2017-02-11,Late,168.52999999999997
PUR005950,2017-02-05,ST266,SUP003,FUR-FU-10002960,6,3.29,2017-02-12,2017-02-12,On Time,19.740000000000002
PUR005951,2017-02-05,ST403,SUP014,FUR-FU-10001037,10,5.25,2017-02-09,2017-02-13,Late,52.5
PUR005952,2017-02-05,ST241,SUP008,TEC-PH-10002114,4,400.22,2017-02-11,2017-02-10,Early,1600.88
PUR005953,2017-02-05,ST076,SUP004,FUR-FU-10001756,11,13.16,2017-02-08,2017-02-11,Late,144.76
PUR005954,2017-02-05,ST390,SUP007,OFF-AR-10002375,3,2.42,2017-02-12,2017-02-17,Late,7.26
PUR005955,2017-02-05,ST125,SUP013,FUR-TA-10004256,5,420.8,2017-02-12,2017-02-17,Late,2104.0
PUR005956,2017-02-05,ST007,SUP007,TEC-PH-10002085,9,50.49,2017-02-11,2017-02-10,Early,454.41
PUR005957,2017-02-05,ST095,SUP015,TEC-AC-10001838,2,108.61,2017-02-12,2017-02-15,Late,217.22
PUR005958,2017-02-05,ST595,SUP014,OFF-EN-10000461,5,4.94,2017-02-12,2017-02-12,On Time,24.700000000000003
PUR005959,2017-02-05,ST614,SUP007,OFF-ST-10000060,12,61.15,2017-02-09,2017-02-10,Late,733.8
PUR005960,2017-02-05,ST217,SUP009,OFF-AR-10003338,17,5.48,2017-02-10,2017-02-09,Early,93.16000000000001
PUR005961,2017-02-05,ST288,SUP002,OFF-ST-10002615,3,108.33,2017-02-08,2017-02-08,On Time,324.99
PUR005962,2017-02-05,ST576,SUP002,OFF-PA-10003673,4,3.67,2017-02-08,2017-02-09,Late,14.68
PUR005963,2017-02-05,ST088,SUP006,OFF-BI-10000545,2,414.64,2017-02-09,2017-02-09,On Time,829.28
PUR005964,2017-02-05,ST602,SUP008,TEC-CO-10001449,12,320.49,2017-02-08,2017-02-09,Late,3845.88
PUR005965,2017-02-05,ST370,SUP009,OFF-PA-10002581,11,16.87,2017-02-11,2017-02-10,Early,185.57000000000002
PUR005966,2017-02-05,ST049,SUP013,FUR-TA-10002530,20,134.62,2017-02-11,2017-02-13,Late,2692.4
PUR005967,2017-02-05,ST516,SUP014,OFF-AR-10002135,5,32.83,2017-02-11,2017-02-14,Late,164.14999999999998
PUR005968,2017-02-05,ST108,SUP004,OFF-BI-10002309,8,2.65,2017-02-10,2017-02-15,Late,21.2
PUR005969,2017-02-05,ST279,SUP007,OFF-PA-10001970,13,17.46,2017-02-10,2017-02-12,Late,226.98000000000002
PUR005970,2017-02-05,ST469,SUP003,OFF-ST-10003221,6,8.49,2017-02-10,2017-02-14,Late,50.94
PUR005971,2017-02-05,ST056,SUP013,FUR-FU-10002268,17,3.36,2017-02-11,2017-02-15,Late,57.12
PUR005972,2017-02-05,ST461,SUP004,TEC-PH-10003555,10,20.4,2017-02-10,2017-02-11,Late,204.0
PUR005973,2017-02-05,ST461,SUP009,OFF-FA-10003021,20,1.25,2017-02-08,2017-02-11,Late,25.0
PUR005974,2017-02-05,ST235,SUP002,OFF-BI-10004654,9,4.4,2017-02-11,2017-02-15,Late,39.6
PUR005975,2017-02-05,ST415,SUP014,FUR-FU-10003394,11,53.29,2017-02-10,2017-02-09,Early,586.1899999999999
PUR005976,2017-02-05,ST230,SUP001,OFF-ST-10000615,2,8.72,2017-02-09,2017-02-11,Late,17.44
PUR005977,2017-02-05,ST570,SUP002,OFF-AR-10001231,16,1.47,2017-02-08,2017-02-09,Late,23.52
PUR005978,2017-02-05,ST248,SUP007,OFF-ST-10004950,17,15.46,2017-02-08,2017-02-12,Late,262.82
PUR005979,2017-02-05,ST618,SUP009,TEC-AC-10004227,3,11.19,2017-02-11,2017-02-15,Late,33.57
PUR005980,2017-02-05,ST097,SUP013,TEC-AC-10002402,12,53.7,2017-02-09,2017-02-10,Late,644.4000000000001
PUR005981,2017-02-05,ST296,SUP007,OFF-PA-10004327,9,24.39,2017-02-08,2017-02-07,Early,219.51
PUR005982,2017-02-05,ST410,SUP009,TEC-AC-10002167,10,13.19,2017-02-11,2017-02-14,Late,131.9
PUR005983,2017-02-05,ST598,SUP007,TEC-AC-10004209,11,7.21,2017-02-12,2017-02-15,Late,79.31
PUR005984,2017-02-05,ST072,SUP009,OFF-AR-10002335,10,1.91,2017-02-11,2017-02-10,Early,19.099999999999998
PUR005985,2017-02-05,ST026,SUP002,FUR-CH-10001270,9,59.23,2017-02-08,2017-02-10,Late,533.0699999999999
PUR005986,2017-02-05,ST456,SUP002,OFF-BI-10001524,16,9.83,2017-02-11,2017-02-16,Late,157.28
PUR005987,2017-02-05,ST588,SUP006,OFF-ST-10000563,9,29.67,2017-02-10,2017-02-13,Late,267.03000000000003
PUR005988,2017-02-05,ST038,SUP014,OFF-AP-10003040,8,26.42,2017-02-11,2017-02-14,Late,211.36
PUR005989,2017-02-05,ST076,SUP015,FUR-CH-10000225,5,70.94,2017-02-11,2017-02-10,Early,354.7
PUR005990,2017-02-05,ST054,SUP007,OFF-AP-10004785,20,6.72,2017-02-08,2017-02-09,Late,134.4
PUR005991,2017-02-05,ST275,SUP002,TEC-PH-10002726,2,24.51,2017-02-10,2017-02-11,Late,49.02
PUR005992,2017-02-05,ST366,SUP013,TEC-PH-10002563,4,101.53,2017-02-10,2017-02-15,Late,406.12
PUR005993,2017-02-05,ST233,SUP005,OFF-ST-10001558,20,13.59,2017-02-09,2017-02-09,On Time,271.8
PUR005994,2017-02-05,ST417,SUP010,FUR-CH-10003396,18,65.81,2017-02-10,2017-02-11,Late,1184.58
PUR005995,2017-02-05,ST492,SUP002,OFF-EN-10003040,7,13.12,2017-02-08,2017-02-13,Late,91.83999999999999
PUR005996,2017-02-05,ST250,SUP006,OFF-PA-10004610,8,2.46,2017-02-08,2017-02-13,Late,19.68
PUR005997,2017-02-05,ST600,SUP012,OFF-SU-10002557,3,9.95,2017-02-12,2017-02-12,On Time,29.849999999999998
PUR005998,2017-02-05,ST220,SUP006,OFF-PA-10003591,14,5.89,2017-02-11,2017-02-15,Late,82.46
PUR005999,2017-02-05,ST490,SUP010,OFF-BI-10001900,5,3.47,2017-02-11,2017-02-11,On Time,17.35
PUR006000,2017-02-05,ST582,SUP004,OFF-PA-10004100,5,3.7,2017-02-10,2017-02-15,Late,18.5
PUR006001,2017-02-20,ST280,SUP003,OFF-PA-10000176,15,10.25,2017-02-27,2017-03-01,Late,153.75
PUR006002,2017-02-20,ST574,SUP004,FUR-CH-10001891,6,76.08,2017-02-25,2017-03-02,Late,456.48
PUR006003,2017-02-20,ST250,SUP006,OFF-BI-10001116,18,2.68,2017-02-27,2017-02-27,On Time,48.24
PUR006004,2017-02-20,ST567,SUP007,OFF-AP-10001626,17,2.97,2017-02-26,2017-03-02,Late,50.49
PUR006005,2017-02-20,ST248,SUP002,OFF-PA-10000213,4,2.51,2017-02-25,2017-02-28,Late,10.04
PUR006006,2017-02-20,ST494,SUP015,OFF-BI-10000773,8,4.5,2017-02-27,2017-03-01,Late,36.0
PUR006007,2017-02-20,ST007,SUP007,FUR-CH-10000513,16,128.63,2017-02-25,2017-02-26,Late,2058.08
PUR006008,2017-02-20,ST235,SUP008,OFF-BI-10001036,19,4.7,2017-02-25,2017-02-27,Late,89.3
PUR006009,2017-02-20,ST125,SUP012,OFF-BI-10004001,6,8.5,2017-02-26,2017-02-26,On Time,51.0
PUR006010,2017-02-20,ST602,SUP012,TEC-AC-10003832,12,111.19,2017-02-27,2017-03-02,Late,1334.28
PUR006011,2017-02-20,ST270,SUP006,TEC-PH-10004833,8,12.99,2017-02-26,2017-02-27,Late,103.92
PUR006012,2017-02-20,ST548,SUP010,TEC-MA-10002859,14,44.92,2017-02-27,2017-03-01,Late,628.88
PUR006013,2017-02-20,ST336,SUP005,TEC-PH-10004897,2,9.1,2017-02-25,2017-02-27,Late,18.2
PUR006014,2017-02-20,ST614,SUP004,FUR-TA-10003008,2,169.84,2017-02-24,2017-02-25,Late,339.68
PUR006015,2017-02-20,ST102,SUP014,OFF-PA-10004100,6,3.35,2017-02-27,2017-03-01,Late,20.1
PUR006016,2017-02-20,ST155,SUP010,FUR-FU-10000409,14,8.82,2017-02-25,2017-02-26,Late,123.48
PUR006017,2017-02-20,ST057,SUP014,OFF-BI-10000014,6,5.9,2017-02-25,2017-02-24,Early,35.400000000000006
PUR006018,2017-02-20,ST008,SUP001,OFF-PA-10000675,7,20.44,2017-02-23,2017-02-27,Late,143.08
PUR006019,2017-02-20,ST114,SUP013,OFF-PA-10000295,4,3.56,2017-02-23,2017-02-22,Early,14.24
PUR006020,2017-02-20,ST073,SUP007,OFF-BI-10001765,12,17.74,2017-02-27,2017-03-01,Late,212.88
PUR006021,2017-02-20,ST259,SUP013,TEC-PH-10001536,8,12.73,2017-02-27,2017-03-03,Late,101.84
PUR006022,2017-02-20,ST237,SUP002,OFF-BI-10002867,18,29.58,2017-02-23,2017-02-22,Early,532.4399999999999
PUR006023,2017-02-20,ST198,SUP011,OFF-BI-10001191,19,13.02,2017-02-27,2017-03-04,Late,247.38
PUR006024,2017-02-20,ST587,SUP007,TEC-AC-10002399,11,13.36,2017-02-27,2017-02-26,Early,146.95999999999998
PUR006025,2017-02-20,ST131,SUP008,OFF-ST-10000060,19,61.22,2017-02-24,2017-02-28,Late,1163.18
PUR006026,2017-02-20,ST269,SUP005,FUR-FU-10002963,8,3.07,2017-02-27,2017-02-26,Early,24.56
PUR006027,2017-02-20,ST251,SUP008,OFF-BI-10001670,17,19.51,2017-02-26,2017-03-03,Late,331.67
PUR006028,2017-02-20,ST430,SUP012,OFF-AR-10003158,13,2.87,2017-02-23,2017-02-26,Late,37.31
PUR006029,2017-02-20,ST544,SUP002,TEC-MA-10004125,6,2738.85,2017-02-27,2017-02-27,On Time,16433.1
PUR006030,2017-02-20,ST084,SUP004,TEC-PH-10000560,6,227.85,2017-02-27,2017-03-03,Late,1367.1
PUR006031,2017-02-20,ST493,SUP002,OFF-PA-10004082,14,4.25,2017-02-26,2017-02-25,Early,59.5
PUR006032,2017-02-20,ST195,SUP003,OFF-PA-10000994,9,58.1,2017-02-26,2017-02-27,Late,522.9
PUR006033,2017-02-20,ST623,SUP007,TEC-MA-10003493,5,96.86,2017-02-24,2017-02-26,Late,484.3
PUR006034,2017-02-20,ST625,SUP015,OFF-FA-10002988,18,0.96,2017-02-27,2017-02-26,Early,17.28
PUR006035,2017-02-20,ST281,SUP007,TEC-PH-10001580,15,105.39,2017-02-23,2017-02-28,Late,1580.85
PUR006036,2017-02-20,ST592,SUP013,OFF-PA-10002195,9,2.74,2017-02-23,2017-02-27,Late,24.660000000000004
PUR006037,2017-02-20,ST184,SUP011,TEC-AC-10002942,20,59.95,2017-02-25,2017-02-25,On Time,1199.0
PUR006038,2017-02-20,ST412,SUP015,OFF-AP-10000358,19,8.57,2017-02-26,2017-02-25,Early,162.83
PUR006039,2017-02-20,ST247,SUP010,OFF-AR-10003156,7,7.34,2017-02-26,2017-03-01,Late,51.379999999999995
PUR006040,2017-02-20,ST582,SUP010,OFF-ST-10001580,10,11.01,2017-02-25,2017-03-02,Late,110.1
PUR006041,2017-02-20,ST190,SUP006,OFF-AR-10003338,7,6.07,2017-02-27,2017-03-01,Late,42.49
PUR006042,2017-02-20,ST533,SUP011,OFF-EN-10004773,10,15.04,2017-02-25,2017-03-02,Late,150.39999999999998
PUR006043,2017-02-20,ST440,SUP012,TEC-PH-10003357,9,58.39,2017-02-27,2017-03-01,Late,525.51
PUR006044,2017-02-20,ST119,SUP015,OFF-BI-10000315,18,9.11,2017-02-23,2017-02-24,Late,163.98
PUR006045,2017-02-20,ST264,SUP007,OFF-LA-10004559,9,1.39,2017-02-23,2017-02-26,Late,12.51
PUR006046,2017-02-20,ST512,SUP009,OFF-AP-10002534,18,191.95,2017-02-26,2017-02-25,Early,3455.1
PUR006047,2017-02-20,ST609,SUP006,OFF-BI-10001153,12,16.64,2017-02-23,2017-02-28,Late,199.68
PUR006048,2017-02-20,ST494,SUP003,OFF-PA-10002968,14,12.82,2017-02-27,2017-03-01,Late,179.48000000000002
PUR006049,2017-02-20,ST591,SUP006,FUR-CH-10000665,3,98.75,2017-02-23,2017-02-27,Late,296.25
PUR006050,2017-02-20,ST273,SUP012,FUR-CH-10004477,6,39.05,2017-02-26,2017-02-26,On Time,234.29999999999998
PUR006051,2017-02-20,ST183,SUP007,OFF-PA-10003441,16,3.15,2017-02-26,2017-02-28,Late,50.4
PUR006052,2017-02-20,ST332,SUP004,OFF-EN-10001990,2,2.84,2017-02-27,2017-02-28,Late,5.68
PUR006053,2017-02-20,ST180,SUP001,TEC-PH-10003012,4,110.1,2017-02-27,2017-02-28,Late,440.4
PUR006054,2017-02-20,ST582,SUP010,OFF-BI-10002082,13,17.17,2017-02-26,2017-02-28,Late,223.21000000000004
PUR006055,2017-02-20,ST585,SUP015,TEC-PH-10002200,9,246.6,2017-02-24,2017-02-27,Late,2219.4
PUR006056,2017-02-20,ST593,SUP014,TEC-PH-10002310,13,128.8,2017-02-25,2017-03-02,Late,1674.4
PUR006057,2017-02-20,ST150,SUP011,TEC-AC-10003911,13,96.46,2017-02-25,2017-03-01,Late,1253.98
PUR006058,2017-02-20,ST076,SUP002,TEC-AC-10004659,16,45.26,2017-02-23,2017-02-25,Late,724.16
PUR006059,2017-02-20,ST467,SUP015,OFF-SU-10002503,8,4.43,2017-02-23,2017-02-23,On Time,35.44
PUR006060,2017-02-20,ST403,SUP006,FUR-CH-10000595,18,176.14,2017-02-26,2017-03-03,Late,3170.5199999999995
PUR006061,2017-02-20,ST374,SUP003,OFF-AR-10002399,15,2.31,2017-02-27,2017-02-28,Late,34.65
PUR006062,2017-02-20,ST015,SUP001,OFF-AR-10003394,7,2.02,2017-02-27,2017-02-26,Early,14.14
PUR006063,2017-02-20,ST033,SUP004,OFF-PA-10002137,13,4.19,2017-02-27,2017-03-03,Late,54.470000000000006
PUR006064,2017-02-20,ST259,SUP003,FUR-FU-10003930,6,46.35,2017-02-27,2017-02-27,On Time,278.1
PUR006065,2017-02-20,ST176,SUP015,FUR-FU-10004415,18,3.07,2017-02-23,2017-02-22,Early,55.26
PUR006066,2017-02-20,ST538,SUP009,FUR-TA-10001950,17,421.17,2017-02-24,2017-02-23,Early,7159.89
PUR006067,2017-02-20,ST438,SUP004,OFF-BI-10002852,7,8.63,2017-02-25,2017-03-02,Late,60.410000000000004
PUR006068,2017-02-20,ST189,SUP003,FUR-CH-10001973,11,96.3,2017-02-23,2017-02-25,Late,1059.3
PUR006069,2017-02-20,ST460,SUP010,OFF-ST-10003306,6,91.42,2017-02-23,2017-02-26,Late,548.52
PUR006070,2017-02-20,ST260,SUP008,TEC-AC-10002217,11,16.39,2017-02-23,2017-02-25,Late,180.29000000000002
PUR006071,2017-02-20,ST441,SUP012,OFF-BI-10000977,7,16.38,2017-02-24,2017-02-28,Late,114.66
PUR006072,2017-02-20,ST336,SUP003,TEC-PH-10001459,14,299.99,2017-02-25,2017-02-26,Late,4199.860000000001
PUR006073,2017-02-20,ST019,SUP001,OFF-PA-10004355,4,3.49,2017-02-25,2017-02-24,Early,13.96
PUR006074,2017-02-20,ST311,SUP010,TEC-PH-10000376,3,7.41,2017-02-27,2017-03-04,Late,22.23
PUR006075,2017-02-20,ST440,SUP003,OFF-PA-10000466,10,3.51,2017-02-24,2017-02-24,On Time,35.099999999999994
PUR006076,2017-02-20,ST011,SUP007,TEC-PH-10003273,3,84.15,2017-02-26,2017-02-26,On Time,252.45000000000002
PUR006077,2017-02-20,ST158,SUP001,OFF-AP-10004708,6,25.62,2017-02-27,2017-02-27,On Time,153.72
PUR006078,2017-02-20,ST279,SUP004,TEC-PH-10004006,2,31.33,2017-02-24,2017-03-01,Late,62.66
PUR006079,2017-02-20,ST339,SUP008,FUR-FU-10000175,10,8.9,2017-02-24,2017-02-27,Late,89.0
PUR006080,2017-02-20,ST587,SUP013,OFF-PA-10003543,5,3.69,2017-02-24,2017-03-01,Late,18.45
PUR006081,2017-03-05,ST115,SUP010,OFF-PA-10002377,19,10.27,2017-03-11,2017-03-15,Late,195.13
PUR006082,2017-03-05,ST437,SUP007,FUR-FU-10001847,14,2.5,2017-03-12,2017-03-14,Late,35.0
PUR006083,2017-03-05,ST313,SUP011,FUR-FU-10000260,19,5.15,2017-03-08,2017-03-08,On Time,97.85000000000001
PUR006084,2017-03-05,ST383,SUP005,FUR-FU-10004306,8,154.08,2017-03-10,2017-03-11,Late,1232.64
PUR006085,2017-03-05,ST102,SUP007,OFF-BI-10004967,4,1.2,2017-03-11,2017-03-13,Late,4.8
PUR006086,2017-03-05,ST032,SUP001,OFF-EN-10001990,10,3.06,2017-03-12,2017-03-13,Late,30.6
PUR006087,2017-03-05,ST566,SUP006,OFF-AR-10002956,11,17.23,2017-03-08,2017-03-07,Early,189.53
PUR006088,2017-03-05,ST502,SUP002,OFF-AR-10002240,12,29.21,2017-03-11,2017-03-12,Late,350.52
PUR006089,2017-03-05,ST175,SUP007,TEC-PH-10002726,6,26.67,2017-03-12,2017-03-11,Early,160.02
PUR006090,2017-03-05,ST122,SUP002,OFF-LA-10000262,20,1.3,2017-03-10,2017-03-09,Early,26.0
PUR006091,2017-03-05,ST625,SUP011,OFF-BI-10000309,12,8.26,2017-03-11,2017-03-14,Late,99.12
PUR006092,2017-03-05,ST102,SUP007,OFF-PA-10003724,20,3.03,2017-03-09,2017-03-08,Early,60.599999999999994
PUR006093,2017-03-05,ST340,SUP012,OFF-EN-10000056,12,35.2,2017-03-10,2017-03-10,On Time,422.40000000000003
PUR006094,2017-03-05,ST566,SUP003,FUR-FU-10004671,9,11.39,2017-03-08,2017-03-09,Late,102.51
PUR006095,2017-03-05,ST467,SUP004,OFF-FA-10004968,18,3.91,2017-03-11,2017-03-15,Late,70.38
PUR006096,2017-03-05,ST278,SUP015,OFF-LA-10002473,11,1.39,2017-03-08,2017-03-12,Late,15.29
PUR006097,2017-03-05,ST179,SUP007,OFF-BI-10004094,11,4.51,2017-03-10,2017-03-14,Late,49.61
PUR006098,2017-03-05,ST110,SUP001,FUR-FU-10001057,8,15.69,2017-03-08,2017-03-07,Early,125.52
PUR006099,2017-03-05,ST333,SUP014,FUR-FU-10003878,12,10.64,2017-03-10,2017-03-13,Late,127.68
PUR006100,2017-03-05,ST457,SUP008,FUR-TA-10004152,15,79.59,2017-03-12,2017-03-15,Late,1193.8500000000001
PUR006101,2017-03-05,ST227,SUP001,OFF-BI-10001097,19,2.97,2017-03-08,2017-03-10,Late,56.43000000000001
PUR006102,2017-03-05,ST244,SUP001,FUR-TA-10002530,10,129.14,2017-03-08,2017-03-09,Late,1291.3999999999999
PUR006103,2017-03-05,ST520,SUP009,OFF-PA-10000726,13,5.31,2017-03-08,2017-03-12,Late,69.03
PUR006104,2017-03-05,ST557,SUP014,OFF-AP-10004868,20,5.64,2017-03-11,2017-03-10,Early,112.8
PUR006105,2017-03-05,ST183,SUP003,OFF-PA-10002870,11,3.66,2017-03-12,2017-03-12,On Time,40.260000000000005
PUR006106,2017-03-05,ST303,SUP006,TEC-PH-10002817,13,104.61,2017-03-10,2017-03-13,Late,1359.93
PUR006107,2017-03-05,ST362,SUP012,TEC-CO-10001571,7,249.98,2017-03-12,2017-03-14,Late,1749.86
PUR006108,2017-03-05,ST614,SUP008,OFF-BI-10001679,16,4.28,2017-03-12,2017-03-17,Late,68.48
PUR006109,2017-03-05,ST460,SUP004,TEC-PH-10000347,4,3.33,2017-03-12,2017-03-17,Late,13.32
PUR006110,2017-03-05,ST313,SUP012,OFF-BI-10004330,19,19.21,2017-03-10,2017-03-12,Late,364.99
PUR006111,2017-03-05,ST257,SUP008,OFF-BI-10003925,15,225.03,2017-03-10,2017-03-15,Late,3375.45
PUR006112,2017-03-05,ST001,SUP007,OFF-AP-10004249,5,8.02,2017-03-12,2017-03-15,Late,40.099999999999994
PUR006113,2017-03-05,ST476,SUP010,OFF-ST-10003455,13,12.55,2017-03-08,2017-03-13,Late,163.15
PUR006114,2017-03-05,ST172,SUP011,FUR-FU-10001706,5,1.72,2017-03-09,2017-03-08,Early,8.6
PUR006115,2017-03-05,ST535,SUP012,FUR-TA-10003473,8,272.33,2017-03-12,2017-03-17,Late,2178.64
PUR006116,2017-03-05,ST527,SUP015,OFF-PA-10001622,14,2.28,2017-03-09,2017-03-10,Late,31.919999999999998
PUR006117,2017-03-05,ST073,SUP012,OFF-ST-10000025,16,88.5,2017-03-09,2017-03-13,Late,1416.0
PUR006118,2017-03-05,ST529,SUP015,OFF-BI-10003476,18,3.06,2017-03-12,2017-03-15,Late,55.08
PUR006119,2017-03-05,ST508,SUP015,FUR-CH-10000422,9,68.9,2017-03-10,2017-03-12,Late,620.1
PUR006120,2017-03-05,ST253,SUP012,OFF-PA-10004911,5,5.11,2017-03-12,2017-03-15,Late,25.55
PUR006121,2017-03-05,ST609,SUP014,TEC-AC-10004145,17,195.47,2017-03-09,2017-03-11,Late,3322.99
PUR006122,2017-03-05,ST337,SUP015,OFF-PA-10002586,5,2.71,2017-03-11,2017-03-10,Early,13.55
PUR006123,2017-03-05,ST498,SUP011,OFF-AR-10000411,9,10.51,2017-03-12,2017-03-15,Late,94.59
PUR006124,2017-03-05,ST526,SUP003,OFF-AP-10004136,13,33.09,2017-03-10,2017-03-14,Late,430.1700000000001
PUR006125,2017-03-05,ST407,SUP009,OFF-BI-10000404,19,4.89,2017-03-12,2017-03-16,Late,92.91
PUR006126,2017-03-05,ST265,SUP013,TEC-AC-10004901,5,33.3,2017-03-09,2017-03-12,Late,166.5
PUR006127,2017-03-05,ST053,SUP004,OFF-BI-10001510,16,12.34,2017-03-12,2017-03-11,Early,197.44
PUR006128,2017-03-05,ST602,SUP008,FUR-CH-10001215,2,373.5,2017-03-10,2017-03-13,Late,747.0
PUR006129,2017-03-05,ST305,SUP014,TEC-AC-10003441,20,17.46,2017-03-10,2017-03-11,Late,349.20000000000005
PUR006130,2017-03-05,ST259,SUP011,FUR-CH-10002335,16,173.91,2017-03-10,2017-03-11,Late,2782.56
PUR006131,2017-03-05,ST463,SUP001,OFF-AR-10003056,5,3.25,2017-03-11,2017-03-14,Late,16.25
PUR006132,2017-03-05,ST395,SUP003,OFF-AR-10003651,7,2.44,2017-03-10,2017-03-11,Late,17.08
PUR006133,2017-03-05,ST364,SUP008,OFF-PA-10002581,9,16.35,2017-03-12,2017-03-11,Early,147.15
PUR006134,2017-03-05,ST266,SUP013,FUR-TA-10001520,14,53.68,2017-03-09,2017-03-10,Late,751.52
PUR006135,2017-03-05,ST215,SUP009,OFF-ST-10004337,20,63.1,2017-03-12,2017-03-15,Late,1262.0
PUR006136,2017-03-05,ST582,SUP011,FUR-CH-10000988,12,110.61,2017-03-08,2017-03-10,Late,1327.32
PUR006137,2017-03-05,ST519,SUP006,OFF-BI-10001989,20,11.93,2017-03-10,2017-03-12,Late,238.6
PUR006138,2017-03-05,ST509,SUP015,OFF-BI-10003984,18,15.9,2017-03-10,2017-03-12,Late,286.2
PUR006139,2017-03-05,ST539,SUP008,TEC-AC-10002857,19,4.7,2017-03-10,2017-03-15,Late,89.3
PUR006140,2017-03-05,ST040,SUP011,OFF-BI-10004187,8,1.07,2017-03-11,2017-03-16,Late,8.56
PUR006141,2017-03-05,ST101,SUP008,OFF-LA-10003923,8,6.74,2017-03-11,2017-03-13,Late,53.92
PUR006142,2017-03-05,ST198,SUP015,OFF-PA-10001569,14,3.1,2017-03-10,2017-03-14,Late,43.4
PUR006143,2017-03-05,ST504,SUP001,OFF-BI-10002824,2,8.44,2017-03-12,2017-03-15,Late,16.88
PUR006144,2017-03-05,ST153,SUP003,TEC-PH-10003215,8,14.93,2017-03-09,2017-03-09,On Time,119.44
PUR006145,2017-03-05,ST242,SUP001,OFF-PA-10001215,18,2.8,2017-03-09,2017-03-11,Late,50.4
PUR006146,2017-03-05,ST134,SUP006,OFF-ST-10003716,20,199.21,2017-03-12,2017-03-13,Late,3984.2000000000003
PUR006147,2017-03-05,ST090,SUP004,TEC-AC-10003590,3,17.33,2017-03-09,2017-03-14,Late,51.989999999999995
PUR006148,2017-03-05,ST470,SUP003,FUR-FU-10004093,14,23.07,2017-03-09,2017-03-10,Late,322.98
PUR006149,2017-03-05,ST462,SUP005,FUR-TA-10004619,12,118.41,2017-03-09,2017-03-10,Late,1420.92
PUR006150,2017-03-05,ST252,SUP003,OFF-BI-10001116,3,2.57,2017-03-10,2017-03-12,Late,7.709999999999999
PUR006151,2017-03-05,ST628,SUP007,TEC-PH-10001835,17,75.17,2017-03-10,2017-03-09,Early,1277.89
PUR006152,2017-03-05,ST322,SUP006,OFF-AR-10004456,20,9.86,2017-03-10,2017-03-11,Late,197.2
PUR006153,2017-03-05,ST153,SUP001,FUR-CH-10003774,16,86.86,2017-03-08,2017-03-07,Early,1389.76
PUR006154,2017-03-05,ST076,SUP005,OFF-PA-10001295,15,9.1,2017-03-09,2017-03-11,Late,136.5
PUR006155,2017-03-05,ST370,SUP015,TEC-PH-10003095,11,10.46,2017-03-12,2017-03-13,Late,115.06
PUR006156,2017-03-05,ST164,SUP002,TEC-PH-10004345,17,88.99,2017-03-08,2017-03-11,Late,1512.83
PUR006157,2017-03-05,ST612,SUP011,OFF-BI-10003963,20,3.66,2017-03-08,2017-03-12,Late,73.2
PUR006158,2017-03-05,ST015,SUP012,OFF-PA-10003936,6,3.35,2017-03-11,2017-03-12,Late,20.1
PUR006159,2017-03-05,ST106,SUP007,OFF-PA-10004359,2,53.84,2017-03-09,2017-03-09,On Time,107.68
PUR006160,2017-03-05,ST243,SUP009,TEC-PH-10002564,6,22.7,2017-03-08,2017-03-09,Late,136.2
PUR006161,2017-03-20,ST571,SUP007,FUR-CH-10002647,14,51.06,2017-03-25,2017-03-25,On Time,714.84
PUR006162,2017-03-20,ST379,SUP006,OFF-ST-10004804,2,55.42,2017-03-25,2017-03-30,Late,110.84
PUR006163,2017-03-20,ST130,SUP001,OFF-BI-10002003,12,2.14,2017-03-26,2017-03-26,On Time,25.68
PUR006164,2017-03-20,ST511,SUP008,OFF-BI-10001107,12,7.56,2017-03-26,2017-03-31,Late,90.72
PUR006165,2017-03-20,ST320,SUP011,OFF-BI-10001757,19,2.61,2017-03-24,2017-03-24,On Time,49.589999999999996
PUR006166,2017-03-20,ST197,SUP014,TEC-AC-10003174,6,64.52,2017-03-27,2017-03-31,Late,387.12
PUR006167,2017-03-20,ST421,SUP014,OFF-LA-10000407,3,2.56,2017-03-23,2017-03-22,Early,7.68
PUR006168,2017-03-20,ST251,SUP012,OFF-SU-10002573,18,11.48,2017-03-26,2017-03-29,Late,206.64000000000001
PUR006169,2017-03-20,ST146,SUP014,OFF-BI-10004995,14,767.4,2017-03-26,2017-03-29,Late,10743.6
PUR006170,2017-03-20,ST189,SUP011,FUR-BO-10004015,2,87.67,2017-03-24,2017-03-23,Early,175.34
PUR006171,2017-03-20,ST024,SUP006,OFF-LA-10000240,20,3.83,2017-03-26,2017-03-25,Early,76.6
PUR006172,2017-03-20,ST443,SUP001,TEC-PH-10002922,16,124.76,2017-03-26,2017-03-25,Early,1996.16
PUR006173,2017-03-20,ST111,SUP011,OFF-BI-10003007,4,22.85,2017-03-24,2017-03-23,Early,91.4
PUR006174,2017-03-20,ST214,SUP014,OFF-BI-10003429,3,3.04,2017-03-25,2017-03-26,Late,9.120000000000001
PUR006175,2017-03-20,ST488,SUP010,OFF-BI-10003984,3,14.99,2017-03-24,2017-03-23,Early,44.97
PUR006176,2017-03-20,ST565,SUP002,OFF-LA-10002787,14,1.83,2017-03-24,2017-03-28,Late,25.62
PUR006177,2017-03-20,ST237,SUP014,FUR-BO-10003966,9,150.95,2017-03-27,2017-03-31,Late,1358.55
PUR006178,2017-03-20,ST592,SUP003,OFF-BI-10002026,4,28.16,2017-03-26,2017-03-31,Late,112.64
PUR006179,2017-03-20,ST346,SUP014,OFF-BI-10002082,6,15.35,2017-03-24,2017-03-23,Early,92.1
PUR006180,2017-03-20,ST428,SUP003,OFF-FA-10003059,17,1.11,2017-03-23,2017-03-28,Late,18.87
PUR006181,2017-03-20,ST149,SUP003,OFF-PA-10002230,3,2.74,2017-03-27,2017-03-27,On Time,8.22
PUR006182,2017-03-20,ST187,SUP005,OFF-PA-10002377,16,11.21,2017-03-26,2017-03-31,Late,179.36
PUR006183,2017-03-20,ST574,SUP010,OFF-BI-10000474,3,8.03,2017-03-25,2017-03-27,Late,24.089999999999996
PUR006184,2017-03-20,ST171,SUP008,OFF-BI-10003712,19,2.52,2017-03-27,2017-03-27,On Time,47.88
PUR006185,2017-03-20,ST163,SUP003,OFF-BI-10001196,3,11.62,2017-03-27,2017-04-01,Late,34.86
PUR006186,2017-03-20,ST432,SUP003,TEC-AC-10002800,2,35.48,2017-03-27,2017-03-30,Late,70.96
PUR006187,2017-03-20,ST426,SUP005,OFF-PA-10004239,3,2.54,2017-03-26,2017-03-27,Late,7.62
PUR006188,2017-03-20,ST278,SUP003,OFF-ST-10003208,18,130.89,2017-03-26,2017-03-28,Late,2356.0199999999995
PUR006189,2017-03-20,ST020,SUP007,TEC-PH-10000560,2,269.36,2017-03-26,2017-03-31,Late,538.72
PUR006190,2017-03-20,ST264,SUP012,OFF-BI-10004492,10,16.54,2017-03-25,2017-03-25,On Time,165.39999999999998
PUR006191,2017-03-20,ST564,SUP008,FUR-BO-10004709,13,44.87,2017-03-26,2017-03-30,Late,583.31
PUR006192,2017-03-20,ST550,SUP009,FUR-CH-10001797,10,27.15,2017-03-25,2017-03-24,Early,271.5
PUR006193,2017-03-20,ST621,SUP012,FUR-CH-10001973,16,85.97,2017-03-25,2017-03-27,Late,1375.52
PUR006194,2017-03-20,ST055,SUP008,FUR-CH-10002126,12,174.91,2017-03-26,2017-03-25,Early,2098.92
PUR006195,2017-03-20,ST513,SUP009,OFF-AP-10003842,6,24.78,2017-03-27,2017-03-29,Late,148.68
PUR006196,2017-03-20,ST409,SUP003,OFF-ST-10001325,6,7.72,2017-03-27,2017-03-26,Early,46.32
PUR006197,2017-03-20,ST411,SUP003,OFF-BI-10001249,6,3.45,2017-03-23,2017-03-27,Late,20.700000000000003
PUR006198,2017-03-20,ST028,SUP008,TEC-PH-10001336,14,87.13,2017-03-23,2017-03-24,Late,1219.82
PUR006199,2017-03-20,ST529,SUP002,TEC-AC-10003447,8,16.09,2017-03-26,2017-03-25,Early,128.72
PUR006200,2017-03-20,ST408,SUP012,OFF-ST-10001328,12,10.92,2017-03-27,2017-03-30,Late,131.04
PUR006201,2017-03-20,ST412,SUP002,OFF-LA-10004689,2,1.62,2017-03-26,2017-03-27,Late,3.24
PUR006202,2017-03-20,ST377,SUP010,OFF-PA-10001560,17,3.5,2017-03-23,2017-03-23,On Time,59.5
PUR006203,2017-03-20,ST127,SUP004,TEC-AC-10002567,16,52.04,2017-03-24,2017-03-29,Late,832.64
PUR006204,2017-03-20,ST370,SUP011,FUR-BO-10004218,10,104.52,2017-03-24,2017-03-25,Late,1045.2
PUR006205,2017-03-20,ST019,SUP007,OFF-BI-10002353,10,7.08,2017-03-23,2017-03-26,Late,70.8
PUR006206,2017-03-20,ST268,SUP009,OFF-PA-10000357,4,27.25,2017-03-27,2017-03-26,Early,109.0
PUR006207,2017-03-20,ST122,SUP015,TEC-AC-10001990,18,40.3,2017-03-26,2017-03-25,Early,725.4
PUR006208,2017-03-20,ST410,SUP011,FUR-BO-10004690,18,135.0,2017-03-26,2017-03-31,Late,2430.0
PUR006209,2017-03-20,ST492,SUP001,OFF-BI-10004139,5,7.79,2017-03-26,2017-03-30,Late,38.95
PUR006210,2017-03-20,ST483,SUP001,OFF-AR-10000658,5,8.69,2017-03-25,2017-03-24,Early,43.449999999999996
PUR006211,2017-03-20,ST562,SUP007,OFF-AR-10002445,11,4.15,2017-03-27,2017-03-28,Late,45.650000000000006
PUR006212,2017-03-20,ST156,SUP008,OFF-AR-10000538,16,20.09,2017-03-25,2017-03-27,Late,321.44
PUR006213,2017-03-20,ST069,SUP006,FUR-FU-10003691,4,7.15,2017-03-23,2017-03-22,Early,28.6
PUR006214,2017-03-20,ST481,SUP001,OFF-PA-10003177,20,3.66,2017-03-23,2017-03-28,Late,73.2
PUR006215,2017-03-20,ST371,SUP012,OFF-LA-10001474,5,16.47,2017-03-23,2017-03-27,Late,82.35
PUR006216,2017-03-20,ST153,SUP001,TEC-AC-10002926,7,25.71,2017-03-25,2017-03-29,Late,179.97
PUR006217,2017-03-20,ST236,SUP003,FUR-FU-10004053,11,11.69,2017-03-27,2017-03-27,On Time,128.59
PUR006218,2017-03-20,ST177,SUP011,OFF-AR-10004260,3,17.14,2017-03-27,2017-03-29,Late,51.42
PUR006219,2017-03-20,ST618,SUP013,TEC-AC-10003441,13,17.22,2017-03-26,2017-03-27,Late,223.85999999999999
PUR006220,2017-03-20,ST342,SUP011,OFF-PA-10004734,16,3.77,2017-03-24,2017-03-29,Late,60.32
PUR006221,2017-03-20,ST463,SUP014,OFF-PA-10001970,15,15.99,2017-03-25,2017-03-26,Late,239.85
PUR006222,2017-03-20,ST631,SUP007,OFF-AP-10003217,7,118.86,2017-03-25,2017-03-29,Late,832.02
PUR006223,2017-03-20,ST415,SUP002,OFF-PA-10001801,7,2.78,2017-03-25,2017-03-24,Early,19.459999999999997
PUR006224,2017-03-20,ST452,SUP004,OFF-BI-10001718,13,35.8,2017-03-25,2017-03-24,Early,465.4
PUR006225,2017-03-20,ST193,SUP015,TEC-PH-10001924,13,48.22,2017-03-24,2017-03-26,Late,626.86
PUR006226,2017-03-20,ST434,SUP013,TEC-PH-10002170,9,54.11,2017-03-26,2017-03-30,Late,486.99
PUR006227,2017-03-20,ST623,SUP011,TEC-AC-10001714,20,26.5,2017-03-26,2017-03-28,Late,530.0
PUR006228,2017-03-20,ST386,SUP011,OFF-ST-10000078,19,200.71,2017-03-23,2017-03-28,Late,3813.4900000000002
PUR006229,2017-03-20,ST091,SUP008,OFF-EN-10000461,18,4.47,2017-03-26,2017-03-27,Late,80.46
PUR006230,2017-03-20,ST306,SUP009,OFF-ST-10001469,3,53.79,2017-03-27,2017-03-31,Late,161.37
PUR006231,2017-03-20,ST282,SUP002,FUR-TA-10003748,14,97.42,2017-03-25,2017-03-28,Late,1363.88
PUR006232,2017-03-20,ST346,SUP004,OFF-BI-10001524,3,10.94,2017-03-27,2017-03-29,Late,32.82
PUR006233,2017-03-20,ST365,SUP001,OFF-AP-10001124,7,57.33,2017-03-26,2017-03-27,Late,401.31
PUR006234,2017-03-20,ST592,SUP010,OFF-PA-10004610,10,2.27,2017-03-27,2017-03-29,Late,22.7
PUR006235,2017-03-20,ST250,SUP006,FUR-TA-10004915,8,238.96,2017-03-25,2017-03-25,On Time,1911.68
PUR006236,2017-03-20,ST100,SUP002,FUR-FU-10003464,16,14.44,2017-03-23,2017-03-22,Early,231.04
PUR006237,2017-03-20,ST381,SUP009,FUR-CH-10003973,3,289.67,2017-03-23,2017-03-26,Late,869.01
PUR006238,2017-03-20,ST524,SUP007,OFF-PA-10003823,10,16.73,2017-03-27,2017-03-30,Late,167.3
PUR006239,2017-03-20,ST170,SUP014,TEC-PH-10004774,12,12.84,2017-03-23,2017-03-23,On Time,154.07999999999998
PUR006240,2017-03-20,ST121,SUP007,FUR-CH-10002439,13,45.9,2017-03-27,2017-03-31,Late,596.6999999999999
PUR006241,2017-04-05,ST465,SUP011,OFF-BI-10003784,8,0.8,2017-04-09,2017-04-13,Late,6.4
PUR006242,2017-04-05,ST545,SUP014,OFF-BI-10003460,10,2.37,2017-04-08,2017-04-13,Late,23.700000000000003
PUR006243,2017-04-05,ST429,SUP003,OFF-BI-10004528,3,1.99,2017-04-10,2017-04-10,On Time,5.97
PUR006244,2017-04-05,ST138,SUP008,TEC-PH-10002807,13,20.23,2017-04-08,2017-04-09,Late,262.99
PUR006245,2017-04-05,ST168,SUP014,OFF-LA-10003923,12,7.1,2017-04-12,2017-04-15,Late,85.19999999999999
PUR006246,2017-04-05,ST105,SUP009,OFF-PA-10002254,17,15.45,2017-04-12,2017-04-12,On Time,262.65
PUR006247,2017-04-05,ST289,SUP013,FUR-CH-10002774,4,38.76,2017-04-11,2017-04-15,Late,155.04
PUR006248,2017-04-05,ST287,SUP009,OFF-AP-10002651,10,210.04,2017-04-11,2017-04-12,Late,2100.4
PUR006249,2017-04-05,ST598,SUP003,TEC-PH-10004667,14,88.79,2017-04-09,2017-04-11,Late,1243.0600000000002
PUR006250,2017-04-05,ST259,SUP009,OFF-PA-10003134,5,24.89,2017-04-11,2017-04-16,Late,124.45
PUR006251,2017-04-05,ST081,SUP007,TEC-AC-10000387,7,11.28,2017-04-11,2017-04-11,On Time,78.96
PUR006252,2017-04-05,ST278,SUP001,FUR-FU-10003731,17,6.95,2017-04-10,2017-04-15,Late,118.15
PUR006253,2017-04-05,ST186,SUP015,OFF-BI-10002824,6,8.41,2017-04-11,2017-04-13,Late,50.46
PUR006254,2017-04-05,ST531,SUP009,OFF-BI-10004716,15,7.9,2017-04-12,2017-04-14,Late,118.5
PUR006255,2017-04-05,ST473,SUP009,OFF-EN-10003134,20,6.42,2017-04-11,2017-04-12,Late,128.4
PUR006256,2017-04-05,ST265,SUP009,TEC-PH-10003988,11,7.5,2017-04-11,2017-04-16,Late,82.5
PUR006257,2017-04-05,ST285,SUP004,TEC-AC-10002076,11,55.65,2017-04-08,2017-04-07,Early,612.15
PUR006258,2017-04-05,ST219,SUP010,OFF-PA-10004040,6,3.19,2017-04-11,2017-04-10,Early,19.14
PUR006259,2017-04-05,ST187,SUP007,FUR-BO-10003433,12,31.48,2017-04-11,2017-04-12,Late,377.76
PUR006260,2017-04-05,ST214,SUP010,OFF-PA-10000061,4,3.7,2017-04-10,2017-04-12,Late,14.8
PUR006261,2017-04-05,ST114,SUP001,OFF-EN-10002230,9,44.62,2017-04-09,2017-04-14,Late,401.58
PUR006262,2017-04-05,ST294,SUP009,OFF-FA-10000611,10,0.82,2017-04-10,2017-04-12,Late,8.2
PUR006263,2017-04-05,ST358,SUP013,OFF-ST-10002615,9,112.95,2017-04-11,2017-04-10,Early,1016.5500000000001
PUR006264,2017-04-05,ST568,SUP007,OFF-EN-10000927,4,21.64,2017-04-11,2017-04-11,On Time,86.56
PUR006265,2017-04-05,ST064,SUP004,OFF-SU-10004782,6,6.15,2017-04-11,2017-04-10,Early,36.900000000000006
PUR006266,2017-04-05,ST531,SUP005,TEC-AC-10003832,15,118.83,2017-04-08,2017-04-13,Late,1782.45
PUR006267,2017-04-05,ST388,SUP002,OFF-AR-10001315,12,1.37,2017-04-08,2017-04-08,On Time,16.44
PUR006268,2017-04-05,ST307,SUP015,OFF-AP-10003914,6,2.32,2017-04-09,2017-04-09,On Time,13.919999999999998
PUR006269,2017-04-05,ST181,SUP008,OFF-AR-10004078,3,3.85,2017-04-11,2017-04-10,Early,11.55
PUR006270,2017-04-05,ST166,SUP011,TEC-PH-10004977,19,136.76,2017-04-10,2017-04-11,Late,2598.4399999999996
PUR006271,2017-04-05,ST429,SUP006,TEC-AC-10004659,16,50.98,2017-04-09,2017-04-14,Late,815.68
PUR006272,2017-04-05,ST134,SUP002,FUR-TA-10003008,4,168.34,2017-04-08,2017-04-08,On Time,673.36
PUR006273,2017-04-05,ST558,SUP008,OFF-AR-10004648,19,15.29,2017-04-09,2017-04-12,Late,290.51
PUR006274,2017-04-05,ST049,SUP013,OFF-PA-10001667,17,3.32,2017-04-11,2017-04-13,Late,56.44
PUR006275,2017-04-05,ST306,SUP015,OFF-PA-10000806,4,27.52,2017-04-10,2017-04-13,Late,110.08
PUR006276,2017-04-05,ST386,SUP007,OFF-PA-10002365,18,3.26,2017-04-09,2017-04-10,Late,58.67999999999999
PUR006277,2017-04-05,ST304,SUP014,OFF-BI-10000829,15,2.34,2017-04-08,2017-04-11,Late,35.099999999999994
PUR006278,2017-04-05,ST565,SUP014,OFF-BI-10004728,2,2.43,2017-04-12,2017-04-12,On Time,4.86
PUR006279,2017-04-05,ST536,SUP003,OFF-EN-10002600,12,1.42,2017-04-12,2017-04-14,Late,17.04
PUR006280,2017-04-05,ST324,SUP015,TEC-PH-10004922,15,51.09,2017-04-12,2017-04-13,Late,766.35
PUR006281,2017-04-05,ST621,SUP012,OFF-AP-10003849,14,273.16,2017-04-12,2017-04-17,Late,3824.2400000000002
PUR006282,2017-04-05,ST161,SUP009,OFF-AR-10001953,11,30.02,2017-04-12,2017-04-13,Late,330.21999999999997
PUR006283,2017-04-05,ST158,SUP006,OFF-BI-10003669,16,3.02,2017-04-08,2017-04-08,On Time,48.32
PUR006284,2017-04-05,ST172,SUP014,FUR-FU-10000073,4,5.33,2017-04-12,2017-04-15,Late,21.32
PUR006285,2017-04-05,ST094,SUP008,OFF-SU-10002522,19,2.96,2017-04-09,2017-04-09,On Time,56.24
PUR006286,2017-04-05,ST443,SUP004,OFF-AR-10003394,7,2.33,2017-04-11,2017-04-14,Late,16.310000000000002
PUR006287,2017-04-05,ST454,SUP003,FUR-FU-10002116,15,72.08,2017-04-11,2017-04-14,Late,1081.2
PUR006288,2017-04-05,ST347,SUP009,FUR-FU-10002960,14,3.38,2017-04-09,2017-04-11,Late,47.32
PUR006289,2017-04-05,ST388,SUP012,OFF-AR-10004062,6,7.91,2017-04-08,2017-04-12,Late,47.46
PUR006290,2017-04-05,ST495,SUP009,OFF-PA-10002986,9,3.23,2017-04-11,2017-04-14,Late,29.07
PUR006291,2017-04-05,ST082,SUP008,OFF-LA-10003510,9,17.58,2017-04-08,2017-04-10,Late,158.21999999999997
PUR006292,2017-04-05,ST228,SUP004,FUR-CH-10000015,7,165.6,2017-04-10,2017-04-14,Late,1159.2
PUR006293,2017-04-05,ST378,SUP013,OFF-PA-10003848,13,3.58,2017-04-11,2017-04-11,On Time,46.54
PUR006294,2017-04-05,ST198,SUP003,OFF-EN-10000461,12,4.99,2017-04-09,2017-04-14,Late,59.88
PUR006295,2017-04-05,ST038,SUP012,OFF-AR-10002335,16,1.91,2017-04-08,2017-04-09,Late,30.56
PUR006296,2017-04-05,ST366,SUP009,OFF-BI-10004233,12,7.84,2017-04-12,2017-04-14,Late,94.08
PUR006297,2017-04-05,ST474,SUP003,TEC-PH-10003505,8,60.1,2017-04-09,2017-04-13,Late,480.8
PUR006298,2017-04-05,ST459,SUP006,OFF-AP-10001947,6,12.15,2017-04-08,2017-04-09,Late,72.9
PUR006299,2017-04-05,ST157,SUP001,TEC-AC-10002567,7,54.15,2017-04-10,2017-04-11,Late,379.05
PUR006300,2017-04-05,ST534,SUP007,OFF-PA-10001934,12,3.17,2017-04-12,2017-04-16,Late,38.04
PUR006301,2017-04-05,ST461,SUP013,OFF-ST-10003692,9,47.05,2017-04-11,2017-04-15,Late,423.45
PUR006302,2017-04-05,ST426,SUP002,TEC-AC-10002637,3,162.19,2017-04-11,2017-04-14,Late,486.57
PUR006303,2017-04-05,ST369,SUP002,OFF-PA-10002581,19,18.24,2017-04-12,2017-04-14,Late,346.55999999999995
PUR006304,2017-04-05,ST472,SUP011,OFF-PA-10002245,11,3.22,2017-04-09,2017-04-12,Late,35.42
PUR006305,2017-04-05,ST352,SUP014,OFF-PA-10000223,14,3.6,2017-04-11,2017-04-14,Late,50.4
PUR006306,2017-04-05,ST528,SUP005,TEC-PH-10003171,2,31.05,2017-04-10,2017-04-14,Late,62.1
PUR006307,2017-04-05,ST213,SUP004,TEC-PH-10000376,15,7.39,2017-04-09,2017-04-13,Late,110.85
PUR006308,2017-04-05,ST167,SUP002,TEC-AC-10001772,7,9.98,2017-04-10,2017-04-13,Late,69.86
PUR006309,2017-04-05,ST449,SUP008,FUR-FU-10001940,12,4.33,2017-04-08,2017-04-07,Early,51.96
PUR006310,2017-04-05,ST630,SUP004,OFF-AR-10002656,15,4.54,2017-04-10,2017-04-11,Late,68.1
PUR006311,2017-04-05,ST286,SUP011,OFF-AP-10001394,20,129.19,2017-04-09,2017-04-11,Late,2583.8
PUR006312,2017-04-05,ST025,SUP007,OFF-AR-10004456,10,9.42,2017-04-12,2017-04-15,Late,94.2
PUR006313,2017-04-05,ST132,SUP002,FUR-CH-10002084,12,90.3,2017-04-08,2017-04-08,On Time,1083.6
PUR006314,2017-04-05,ST121,SUP001,OFF-AR-10000127,9,2.36,2017-04-09,2017-04-13,Late,21.24
PUR006315,2017-04-05,ST385,SUP014,OFF-SU-10000898,18,9.87,2017-04-09,2017-04-12,Late,177.66
PUR006316,2017-04-05,ST563,SUP007,OFF-BI-10002799,9,2.66,2017-04-12,2017-04-11,Early,23.94
PUR006317,2017-04-05,ST078,SUP009,TEC-PH-10001817,12,281.78,2017-04-08,2017-04-11,Late,3381.3599999999997
PUR006318,2017-04-05,ST224,SUP006,TEC-PH-10003811,2,94.11,2017-04-09,2017-04-11,Late,188.22
PUR006319,2017-04-05,ST334,SUP004,OFF-AP-10003779,10,155.05,2017-04-11,2017-04-13,Late,1550.5
PUR006320,2017-04-05,ST461,SUP011,OFF-AR-10000937,2,18.95,2017-04-11,2017-04-11,On Time,37.9
PUR006321,2017-04-20,ST327,SUP002,TEC-AC-10002076,18,53.62,2017-04-26,2017-04-27,Late,965.16
PUR006322,2017-04-20,ST474,SUP006,OFF-PA-10004911,15,5.03,2017-04-27,2017-05-01,Late,75.45
PUR006323,2017-04-20,ST349,SUP008,OFF-BI-10002429,11,15.36,2017-04-27,2017-04-28,Late,168.95999999999998
PUR006324,2017-04-20,ST027,SUP006,FUR-FU-10004973,20,10.64,2017-04-25,2017-04-26,Late,212.8
PUR006325,2017-04-20,ST138,SUP007,OFF-AR-10002578,9,2.12,2017-04-27,2017-05-01,Late,19.080000000000002
PUR006326,2017-04-20,ST527,SUP005,OFF-AP-10000692,4,14.43,2017-04-25,2017-04-30,Late,57.72
PUR006327,2017-04-20,ST230,SUP009,OFF-PA-10004039,11,30.82,2017-04-27,2017-04-28,Late,339.02
PUR006328,2017-04-20,ST376,SUP003,TEC-MA-10000752,7,8.1,2017-04-24,2017-04-29,Late,56.699999999999996
PUR006329,2017-04-20,ST543,SUP015,OFF-LA-10004178,3,2.43,2017-04-27,2017-04-27,On Time,7.290000000000001
PUR006330,2017-04-20,ST099,SUP006,TEC-PH-10001448,4,46.98,2017-04-23,2017-04-26,Late,187.92
PUR006331,2017-04-20,ST384,SUP014,OFF-PA-10004041,7,3.74,2017-04-26,2017-04-27,Late,26.18
PUR006332,2017-04-20,ST210,SUP001,FUR-FU-10000076,11,10.98,2017-04-23,2017-04-28,Late,120.78
PUR006333,2017-04-20,ST269,SUP007,OFF-BI-10000605,6,2.01,2017-04-26,2017-04-26,On Time,12.059999999999999
PUR006334,2017-04-20,ST561,SUP013,TEC-PH-10002890,2,33.56,2017-04-24,2017-04-25,Late,67.12
PUR006335,2017-04-20,ST372,SUP012,TEC-PH-10002726,3,24.61,2017-04-24,2017-04-24,On Time,73.83
PUR006336,2017-04-20,ST292,SUP012,TEC-AC-10003499,4,7.47,2017-04-25,2017-04-24,Early,29.88
PUR006337,2017-04-20,ST447,SUP013,OFF-AR-10003045,7,1.64,2017-04-24,2017-04-25,Late,11.479999999999999
PUR006338,2017-04-20,ST181,SUP002,FUR-CH-10004860,2,96.36,2017-04-23,2017-04-28,Late,192.72
PUR006339,2017-04-20,ST169,SUP006,OFF-AR-10004752,19,2.08,2017-04-25,2017-04-27,Late,39.52
PUR006340,2017-04-20,ST063,SUP010,OFF-BI-10002133,20,21.03,2017-04-23,2017-04-24,Late,420.6
PUR006341,2017-04-20,ST091,SUP005,OFF-FA-10000735,17,1.64,2017-04-24,2017-04-29,Late,27.88
PUR006342,2017-04-20,ST310,SUP006,OFF-ST-10004804,9,55.09,2017-04-26,2017-04-25,Early,495.81000000000006
PUR006343,2017-04-20,ST090,SUP010,FUR-CH-10003846,4,85.73,2017-04-23,2017-04-23,On Time,342.92
PUR006344,2017-04-20,ST239,SUP012,FUR-FU-10004018,11,11.39,2017-04-25,2017-04-30,Late,125.29
PUR006345,2017-04-20,ST071,SUP008,TEC-AC-10000927,18,28.12,2017-04-24,2017-04-24,On Time,506.16
PUR006346,2017-04-20,ST473,SUP015,OFF-BI-10004094,15,4.69,2017-04-26,2017-04-29,Late,70.35000000000001
PUR006347,2017-04-20,ST245,SUP008,TEC-PH-10002885,15,435.21,2017-04-25,2017-04-30,Late,6528.15
PUR006348,2017-04-20,ST155,SUP002,OFF-BI-10003291,6,4.27,2017-04-23,2017-04-28,Late,25.619999999999997
PUR006349,2017-04-20,ST209,SUP015,TEC-PH-10001494,7,224.19,2017-04-27,2017-04-26,Early,1569.33
PUR006350,2017-04-20,ST607,SUP005,OFF-BI-10002799,9,2.54,2017-04-25,2017-04-28,Late,22.86
PUR006351,2017-04-20,ST617,SUP009,OFF-PA-10000157,3,9.88,2017-04-23,2017-04-26,Late,29.64
PUR006352,2017-04-20,ST072,SUP012,OFF-BI-10004364,19,3.36,2017-04-27,2017-04-29,Late,63.839999999999996
PUR006353,2017-04-20,ST162,SUP006,OFF-ST-10003221,15,7.49,2017-04-24,2017-04-23,Early,112.35000000000001
PUR006354,2017-04-20,ST605,SUP010,OFF-AR-10001919,20,1.23,2017-04-23,2017-04-26,Late,24.6
PUR006355,2017-04-20,ST197,SUP004,OFF-ST-10001837,6,28.92,2017-04-25,2017-04-27,Late,173.52
PUR006356,2017-04-20,ST212,SUP012,OFF-PA-10000007,19,2.03,2017-04-23,2017-04-25,Late,38.56999999999999
PUR006357,2017-04-20,ST409,SUP007,TEC-PH-10002310,6,111.32,2017-04-26,2017-04-25,Early,667.92
PUR006358,2017-04-20,ST071,SUP012,FUR-FU-10000576,11,170.0,2017-04-26,2017-04-25,Early,1870.0
PUR006359,2017-04-20,ST562,SUP004,OFF-ST-10000419,2,14.41,2017-04-27,2017-04-26,Early,28.82
PUR006360,2017-04-20,ST491,SUP013,FUR-TA-10003473,5,312.09,2017-04-25,2017-04-24,Early,1560.4499999999998
PUR006361,2017-04-20,ST115,SUP001,OFF-AR-10001868,12,0.89,2017-04-24,2017-04-28,Late,10.68
PUR006362,2017-04-20,ST255,SUP001,OFF-PA-10003936,8,3.56,2017-04-25,2017-04-30,Late,28.48
PUR006363,2017-04-20,ST029,SUP007,FUR-BO-10001972,10,102.27,2017-04-26,2017-04-25,Early,1022.6999999999999
PUR006364,2017-04-20,ST401,SUP008,OFF-PA-10003349,10,3.57,2017-04-25,2017-04-24,Early,35.699999999999996
PUR006365,2017-04-20,ST158,SUP013,OFF-LA-10000248,17,1.94,2017-04-25,2017-04-29,Late,32.98
PUR006366,2017-04-20,ST387,SUP002,FUR-BO-10003894,16,46.23,2017-04-24,2017-04-23,Early,739.68
PUR006367,2017-04-20,ST510,SUP004,OFF-AP-10001205,14,35.51,2017-04-27,2017-05-01,Late,497.14
PUR006368,2017-04-20,ST057,SUP014,OFF-AP-10001303,4,10.05,2017-04-25,2017-04-30,Late,40.2
PUR006369,2017-04-20,ST193,SUP001,OFF-AR-10001446,16,8.86,2017-04-27,2017-04-30,Late,141.76
PUR006370,2017-04-20,ST062,SUP004,TEC-AC-10003237,14,6.48,2017-04-26,2017-04-28,Late,90.72
PUR006371,2017-04-20,ST609,SUP006,OFF-BI-10004465,16,3.58,2017-04-27,2017-04-28,Late,57.28
PUR006372,2017-04-20,ST407,SUP014,OFF-AR-10001026,14,1.33,2017-04-26,2017-04-30,Late,18.62
PUR006373,2017-04-20,ST254,SUP003,OFF-BI-10001191,9,13.92,2017-04-24,2017-04-28,Late,125.28
PUR006374,2017-04-20,ST111,SUP008,OFF-PA-10000100,16,19.06,2017-04-25,2017-04-28,Late,304.96
PUR006375,2017-04-20,ST508,SUP010,OFF-PA-10001534,2,3.56,2017-04-23,2017-04-24,Late,7.12
PUR006376,2017-04-20,ST256,SUP004,OFF-AP-10003040,3,25.17,2017-04-24,2017-04-24,On Time,75.51
PUR006377,2017-04-20,ST416,SUP001,OFF-PA-10000143,11,2.59,2017-04-25,2017-04-28,Late,28.49
PUR006378,2017-04-20,ST555,SUP015,OFF-BI-10003638,17,10.02,2017-04-27,2017-04-30,Late,170.34
PUR006379,2017-04-20,ST176,SUP011,OFF-PA-10003656,8,14.6,2017-04-24,2017-04-26,Late,116.8
PUR006380,2017-04-20,ST592,SUP001,TEC-PH-10002262,12,43.7,2017-04-26,2017-04-26,On Time,524.4000000000001
PUR006381,2017-04-20,ST333,SUP015,FUR-FU-10003832,6,6.79,2017-04-27,2017-05-02,Late,40.74
PUR006382,2017-04-20,ST346,SUP009,OFF-BI-10000145,6,1.65,2017-04-25,2017-04-26,Late,9.899999999999999
PUR006383,2017-04-20,ST217,SUP002,OFF-ST-10000689,12,136.32,2017-04-27,2017-05-02,Late,1635.84
PUR006384,2017-04-20,ST025,SUP007,OFF-BI-10003196,5,2.02,2017-04-24,2017-04-25,Late,10.1
PUR006385,2017-04-20,ST241,SUP013,OFF-PA-10003724,18,2.97,2017-04-26,2017-04-28,Late,53.46
PUR006386,2017-04-20,ST561,SUP004,FUR-TA-10002645,19,191.16,2017-04-26,2017-04-26,On Time,3632.04
PUR006387,2017-04-20,ST198,SUP014,OFF-AR-10004511,14,3.18,2017-04-24,2017-04-24,On Time,44.52
PUR006388,2017-04-20,ST242,SUP005,OFF-BI-10004001,19,8.31,2017-04-26,2017-04-27,Late,157.89000000000001
PUR006389,2017-04-20,ST424,SUP005,OFF-SU-10000432,16,3.21,2017-04-26,2017-05-01,Late,51.36
PUR006390,2017-04-20,ST492,SUP012,TEC-MA-10003173,10,7.1,2017-04-25,2017-04-24,Early,71.0
PUR006391,2017-04-20,ST091,SUP013,TEC-AC-10002167,14,12.63,2017-04-24,2017-04-23,Early,176.82000000000002
PUR006392,2017-04-20,ST341,SUP008,OFF-EN-10001509,14,1.02,2017-04-25,2017-04-25,On Time,14.280000000000001
PUR006393,2017-04-20,ST039,SUP007,TEC-PH-10003215,20,15.1,2017-04-23,2017-04-24,Late,302.0
PUR006394,2017-04-20,ST526,SUP001,OFF-LA-10000134,13,1.61,2017-04-23,2017-04-22,Early,20.93
PUR006395,2017-04-20,ST379,SUP002,TEC-PH-10000038,10,125.01,2017-04-26,2017-04-26,On Time,1250.1000000000001
PUR006396,2017-04-20,ST220,SUP005,TEC-AC-10003709,19,0.51,2017-04-26,2017-04-25,Early,9.69
PUR006397,2017-04-20,ST122,SUP007,TEC-PH-10002660,4,50.12,2017-04-23,2017-04-24,Late,200.48
PUR006398,2017-04-20,ST204,SUP014,OFF-BI-10003707,14,8.27,2017-04-26,2017-04-25,Early,115.78
PUR006399,2017-04-20,ST410,SUP003,OFF-AP-10001271,4,37.34,2017-04-23,2017-04-28,Late,149.36
PUR006400,2017-04-20,ST277,SUP012,TEC-AC-10004568,12,21.95,2017-04-26,2017-04-27,Late,263.4
PUR006401,2017-05-05,ST513,SUP007,OFF-BI-10001758,10,2.65,2017-05-09,2017-05-11,Late,26.5
PUR006402,2017-05-05,ST238,SUP015,OFF-BI-10004040,18,2.78,2017-05-11,2017-05-13,Late,50.04
PUR006403,2017-05-05,ST028,SUP013,OFF-AR-10003338,4,6.13,2017-05-09,2017-05-10,Late,24.52
PUR006404,2017-05-05,ST288,SUP006,TEC-AC-10003280,10,24.32,2017-05-10,2017-05-15,Late,243.2
PUR006405,2017-05-05,ST435,SUP007,OFF-AR-10001662,20,1.94,2017-05-08,2017-05-07,Early,38.8
PUR006406,2017-05-05,ST089,SUP014,TEC-AC-10004859,9,11.52,2017-05-08,2017-05-11,Late,103.67999999999999
PUR006407,2017-05-05,ST156,SUP003,TEC-PH-10002085,15,50.23,2017-05-11,2017-05-16,Late,753.4499999999999
PUR006408,2017-05-05,ST386,SUP009,TEC-CO-10001943,6,115.67,2017-05-12,2017-05-14,Late,694.02
PUR006409,2017-05-05,ST102,SUP012,TEC-PH-10002293,10,14.93,2017-05-11,2017-05-15,Late,149.3
PUR006410,2017-05-05,ST238,SUP009,TEC-PH-10002890,8,32.74,2017-05-12,2017-05-13,Late,261.92
PUR006411,2017-05-05,ST462,SUP006,OFF-PA-10002586,3,2.87,2017-05-08,2017-05-13,Late,8.61
PUR006412,2017-05-05,ST620,SUP001,OFF-LA-10001074,20,6.23,2017-05-12,2017-05-11,Early,124.60000000000001
PUR006413,2017-05-05,ST370,SUP015,OFF-PA-10001950,15,4.75,2017-05-08,2017-05-11,Late,71.25
PUR006414,2017-05-05,ST266,SUP007,FUR-CH-10000225,5,70.31,2017-05-08,2017-05-08,On Time,351.55
PUR006415,2017-05-05,ST258,SUP011,OFF-BI-10001249,10,3.66,2017-05-12,2017-05-13,Late,36.6
PUR006416,2017-05-05,ST475,SUP008,OFF-ST-10000617,8,2.98,2017-05-08,2017-05-07,Early,23.84
PUR006417,2017-05-05,ST585,SUP008,OFF-PA-10004000,15,2.25,2017-05-10,2017-05-14,Late,33.75
PUR006418,2017-05-05,ST128,SUP012,OFF-LA-10001297,20,5.2,2017-05-10,2017-05-15,Late,104.0
PUR006419,2017-05-05,ST262,SUP006,OFF-PA-10000143,7,2.8,2017-05-10,2017-05-13,Late,19.599999999999998
PUR006420,2017-05-05,ST301,SUP006,FUR-CH-10000785,14,131.99,2017-05-09,2017-05-14,Late,1847.8600000000001
PUR006421,2017-05-05,ST488,SUP013,TEC-PH-10003356,4,5.52,2017-05-10,2017-05-15,Late,22.08
PUR006422,2017-05-05,ST173,SUP006,OFF-PA-10002606,15,2.69,2017-05-12,2017-05-11,Early,40.35
PUR006423,2017-05-05,ST069,SUP015,FUR-CH-10000553,2,22.85,2017-05-11,2017-05-11,On Time,45.7
PUR006424,2017-05-05,ST292,SUP010,TEC-PH-10003095,10,10.55,2017-05-10,2017-05-13,Late,105.5
PUR006425,2017-05-05,ST121,SUP011,OFF-ST-10001228,7,9.79,2017-05-11,2017-05-15,Late,68.53
PUR006426,2017-05-05,ST167,SUP014,OFF-AP-10001947,8,13.14,2017-05-11,2017-05-12,Late,105.12
PUR006427,2017-05-05,ST094,SUP012,FUR-FU-10002268,18,3.36,2017-05-08,2017-05-07,Early,60.48
PUR006428,2017-05-05,ST570,SUP008,OFF-EN-10002500,4,6.95,2017-05-08,2017-05-08,On Time,27.8
PUR006429,2017-05-05,ST460,SUP006,OFF-LA-10004425,11,1.57,2017-05-11,2017-05-10,Early,17.27
PUR006430,2017-05-05,ST580,SUP005,OFF-AR-10003056,9,2.76,2017-05-10,2017-05-13,Late,24.839999999999996
PUR006431,2017-05-05,ST296,SUP015,TEC-AC-10002331,11,5.66,2017-05-09,2017-05-13,Late,62.260000000000005
PUR006432,2017-05-05,ST154,SUP006,OFF-AR-10001246,9,2.01,2017-05-12,2017-05-12,On Time,18.089999999999996
PUR006433,2017-05-05,ST548,SUP011,FUR-TA-10004915,8,254.31,2017-05-11,2017-05-15,Late,2034.48
PUR006434,2017-05-05,ST504,SUP011,OFF-BI-10000343,13,2.79,2017-05-12,2017-05-15,Late,36.27
PUR006435,2017-05-05,ST142,SUP001,OFF-PA-10000357,5,25.67,2017-05-11,2017-05-12,Late,128.35000000000002
PUR006436,2017-05-05,ST484,SUP008,TEC-PH-10004071,14,6.96,2017-05-08,2017-05-13,Late,97.44
PUR006437,2017-05-05,ST134,SUP009,OFF-LA-10000407,4,2.6,2017-05-08,2017-05-13,Late,10.4
PUR006438,2017-05-05,ST039,SUP008,FUR-CH-10002320,18,241.1,2017-05-12,2017-05-17,Late,4339.8
PUR006439,2017-05-05,ST003,SUP012,OFF-BI-10000977,10,15.01,2017-05-11,2017-05-15,Late,150.1
PUR006440,2017-05-05,ST123,SUP007,OFF-PA-10003724,20,2.56,2017-05-08,2017-05-09,Late,51.2
PUR006441,2017-05-05,ST084,SUP007,FUR-CH-10002331,14,267.6,2017-05-08,2017-05-11,Late,3746.4000000000005
PUR006442,2017-05-05,ST591,SUP013,FUR-CH-10001482,18,110.54,2017-05-11,2017-05-12,Late,1989.72
PUR006443,2017-05-05,ST310,SUP013,FUR-FU-10001706,11,1.5,2017-05-11,2017-05-11,On Time,16.5
PUR006444,2017-05-05,ST345,SUP014,OFF-AR-10000588,18,15.91,2017-05-09,2017-05-09,On Time,286.38
PUR006445,2017-05-05,ST495,SUP011,TEC-AC-10001838,17,125.39,2017-05-10,2017-05-13,Late,2131.63
PUR006446,2017-05-05,ST481,SUP001,FUR-TA-10002903,17,195.74,2017-05-12,2017-05-15,Late,3327.58
PUR006447,2017-05-05,ST249,SUP006,OFF-BI-10004584,5,171.91,2017-05-09,2017-05-10,Late,859.55
PUR006448,2017-05-05,ST569,SUP013,OFF-PA-10001972,5,3.14,2017-05-08,2017-05-11,Late,15.700000000000001
PUR006449,2017-05-05,ST495,SUP007,OFF-LA-10004093,7,4.07,2017-05-12,2017-05-15,Late,28.490000000000002
PUR006450,2017-05-05,ST416,SUP011,OFF-ST-10000636,3,16.44,2017-05-11,2017-05-15,Late,49.32000000000001
PUR006451,2017-05-05,ST370,SUP007,TEC-PH-10002103,2,62.91,2017-05-09,2017-05-12,Late,125.82
PUR006452,2017-05-05,ST370,SUP011,FUR-CH-10000513,8,126.07,2017-05-11,2017-05-10,Early,1008.56
PUR006453,2017-05-05,ST543,SUP013,TEC-AC-10000682,15,10.37,2017-05-09,2017-05-08,Early,155.54999999999998
PUR006454,2017-05-05,ST484,SUP004,OFF-PA-10000349,2,2.81,2017-05-08,2017-05-13,Late,5.62
PUR006455,2017-05-05,ST458,SUP001,OFF-PA-10000289,20,3.6,2017-05-08,2017-05-13,Late,72.0
PUR006456,2017-05-05,ST063,SUP013,FUR-CH-10003746,9,230.52,2017-05-12,2017-05-16,Late,2074.6800000000003
PUR006457,2017-05-05,ST446,SUP007,OFF-PA-10004610,18,2.47,2017-05-12,2017-05-12,On Time,44.46
PUR006458,2017-05-05,ST036,SUP013,TEC-AC-10000927,7,24.49,2017-05-12,2017-05-15,Late,171.42999999999998
PUR006459,2017-05-05,ST609,SUP005,OFF-ST-10002486,9,6.53,2017-05-09,2017-05-13,Late,58.77
PUR006460,2017-05-05,ST554,SUP005,OFF-AR-10003514,15,2.66,2017-05-11,2017-05-16,Late,39.900000000000006
PUR006461,2017-05-05,ST631,SUP003,OFF-AR-10000634,15,3.4,2017-05-11,2017-05-12,Late,51.0
PUR006462,2017-05-05,ST294,SUP013,OFF-PA-10004621,3,3.61,2017-05-10,2017-05-15,Late,10.83
PUR006463,2017-05-05,ST137,SUP008,OFF-AP-10002350,12,13.28,2017-05-11,2017-05-13,Late,159.35999999999999
PUR006464,2017-05-05,ST092,SUP005,FUR-FU-10004904,14,65.0,2017-05-12,2017-05-15,Late,910.0
PUR006465,2017-05-05,ST601,SUP008,FUR-BO-10004409,7,51.13,2017-05-10,2017-05-12,Late,357.91
PUR006466,2017-05-05,ST042,SUP001,OFF-BI-10002764,17,1.67,2017-05-09,2017-05-10,Late,28.39
PUR006467,2017-05-05,ST153,SUP013,OFF-PA-10001243,12,3.21,2017-05-08,2017-05-08,On Time,38.519999999999996
PUR006468,2017-05-05,ST627,SUP007,FUR-TA-10002958,15,237.19,2017-05-09,2017-05-08,Early,3557.85
PUR006469,2017-05-05,ST399,SUP012,FUR-FU-10003268,8,29.59,2017-05-10,2017-05-11,Late,236.72
PUR006470,2017-05-05,ST454,SUP006,OFF-AP-10000938,7,79.29,2017-05-09,2017-05-09,On Time,555.0300000000001
PUR006471,2017-05-05,ST034,SUP012,OFF-BI-10002225,2,10.97,2017-05-11,2017-05-16,Late,21.94
PUR006472,2017-05-05,ST391,SUP001,OFF-EN-10003567,10,12.29,2017-05-09,2017-05-10,Late,122.89999999999999
PUR006473,2017-05-05,ST151,SUP006,OFF-ST-10001505,4,4.9,2017-05-09,2017-05-10,Late,19.6
PUR006474,2017-05-05,ST377,SUP008,OFF-BI-10003712,16,2.45,2017-05-08,2017-05-08,On Time,39.2
PUR006475,2017-05-05,ST494,SUP004,OFF-PA-10004675,12,3.57,2017-05-12,2017-05-15,Late,42.839999999999996
PUR006476,2017-05-05,ST367,SUP013,OFF-AP-10002287,2,2.95,2017-05-09,2017-05-11,Late,5.9
PUR006477,2017-05-05,ST199,SUP004,OFF-AP-10002906,15,1.59,2017-05-09,2017-05-11,Late,23.85
PUR006478,2017-05-05,ST133,SUP005,TEC-PH-10004094,15,110.69,2017-05-09,2017-05-12,Late,1660.35
PUR006479,2017-05-05,ST533,SUP003,FUR-FU-10003194,13,7.02,2017-05-09,2017-05-11,Late,91.25999999999999
PUR006480,2017-05-05,ST225,SUP014,FUR-FU-10004020,6,3.36,2017-05-11,2017-05-15,Late,20.16
PUR006481,2017-05-20,ST594,SUP013,OFF-AR-10003602,7,2.9,2017-05-24,2017-05-23,Early,20.3
PUR006482,2017-05-20,ST483,SUP004,FUR-BO-10003966,3,135.96,2017-05-23,2017-05-22,Early,407.88
PUR006483,2017-05-20,ST146,SUP005,OFF-LA-10000443,19,2.03,2017-05-24,2017-05-25,Late,38.56999999999999
PUR006484,2017-05-20,ST012,SUP008,OFF-ST-10000642,3,18.36,2017-05-25,2017-05-25,On Time,55.08
PUR006485,2017-05-20,ST202,SUP013,TEC-AC-10004227,8,11.56,2017-05-23,2017-05-27,Late,92.48
PUR006486,2017-05-20,ST216,SUP009,OFF-LA-10003223,19,2.7,2017-05-27,2017-05-28,Late,51.300000000000004
PUR006487,2017-05-20,ST085,SUP013,TEC-PH-10001750,13,47.2,2017-05-24,2017-05-25,Late,613.6
PUR006488,2017-05-20,ST013,SUP011,OFF-SU-10001165,17,6.65,2017-05-25,2017-05-27,Late,113.05000000000001
PUR006489,2017-05-20,ST537,SUP010,FUR-FU-10003724,9,6.12,2017-05-25,2017-05-30,Late,55.08
PUR006490,2017-05-20,ST586,SUP007,OFF-PA-10003441,5,3.35,2017-05-26,2017-05-29,Late,16.75
PUR006491,2017-05-20,ST396,SUP011,FUR-CH-10004287,2,211.54,2017-05-25,2017-05-26,Late,423.08
PUR006492,2017-05-20,ST148,SUP012,TEC-PH-10001530,13,221.58,2017-05-23,2017-05-24,Late,2880.54
PUR006493,2017-05-20,ST228,SUP009,OFF-BI-10004656,17,1.16,2017-05-26,2017-05-29,Late,19.72
PUR006494,2017-05-20,ST331,SUP001,TEC-AC-10003628,7,16.58,2017-05-24,2017-05-28,Late,116.05999999999999
PUR006495,2017-05-20,ST203,SUP008,OFF-PA-10002246,6,3.37,2017-05-27,2017-05-29,Late,20.22
PUR006496,2017-05-20,ST210,SUP010,OFF-PA-10004100,18,3.39,2017-05-25,2017-05-29,Late,61.02
PUR006497,2017-05-20,ST219,SUP009,OFF-ST-10000876,6,9.0,2017-05-27,2017-05-26,Early,54.0
PUR006498,2017-05-20,ST622,SUP010,OFF-PA-10001667,9,3.36,2017-05-26,2017-05-30,Late,30.24
PUR006499,2017-05-20,ST217,SUP011,OFF-AR-10003394,18,2.3,2017-05-23,2017-05-27,Late,41.4
PUR006500,2017-05-20,ST097,SUP003,OFF-LA-10003121,13,2.02,2017-05-27,2017-05-30,Late,26.26
PUR006501,2017-05-20,ST431,SUP014,FUR-FU-10000308,13,51.0,2017-05-25,2017-05-30,Late,663.0
PUR006502,2017-05-20,ST031,SUP011,OFF-AP-10000576,13,59.51,2017-05-24,2017-05-25,Late,773.63
PUR006503,2017-05-20,ST537,SUP007,OFF-ST-10002352,2,5.78,2017-05-26,2017-05-30,Late,11.56
PUR006504,2017-05-20,ST229,SUP008,TEC-AC-10003063,3,19.37,2017-05-25,2017-05-27,Late,58.11
PUR006505,2017-05-20,ST305,SUP014,OFF-ST-10002406,15,10.72,2017-05-27,2017-05-30,Late,160.8
PUR006506,2017-05-20,ST573,SUP003,TEC-PH-10002564,19,20.69,2017-05-27,2017-05-28,Late,393.11
PUR006507,2017-05-20,ST237,SUP001,FUR-FU-10003192,4,70.88,2017-05-27,2017-05-28,Late,283.52
PUR006508,2017-05-20,ST481,SUP014,OFF-BI-10001294,7,6.19,2017-05-26,2017-05-26,On Time,43.330000000000005
PUR006509,2017-05-20,ST580,SUP006,OFF-BI-10001524,6,10.04,2017-05-26,2017-05-26,On Time,60.239999999999995
PUR006510,2017-05-20,ST425,SUP010,TEC-AC-10001284,16,12.75,2017-05-24,2017-05-27,Late,204.0
PUR006511,2017-05-20,ST611,SUP015,OFF-PA-10000241,10,17.43,2017-05-25,2017-05-24,Early,174.3
PUR006512,2017-05-20,ST329,SUP006,FUR-CH-10000665,8,106.88,2017-05-25,2017-05-27,Late,855.04
PUR006513,2017-05-20,ST377,SUP011,FUR-FU-10000260,13,5.11,2017-05-24,2017-05-23,Early,66.43
PUR006514,2017-05-20,ST223,SUP008,OFF-BI-10000545,17,346.87,2017-05-23,2017-05-22,Early,5896.79
PUR006515,2017-05-20,ST017,SUP002,OFF-BI-10003355,6,2.71,2017-05-24,2017-05-28,Late,16.259999999999998
PUR006516,2017-05-20,ST386,SUP007,OFF-AR-10002952,16,10.46,2017-05-24,2017-05-28,Late,167.36
PUR006517,2017-05-20,ST473,SUP007,OFF-AR-10004648,7,14.27,2017-05-24,2017-05-28,Late,99.89
PUR006518,2017-05-20,ST210,SUP012,OFF-FA-10000621,7,1.71,2017-05-25,2017-05-28,Late,11.969999999999999
PUR006519,2017-05-20,ST613,SUP004,OFF-BI-10002571,16,5.04,2017-05-23,2017-05-25,Late,80.64
PUR006520,2017-05-20,ST595,SUP002,OFF-ST-10000991,14,100.48,2017-05-23,2017-05-22,Early,1406.72
PUR006521,2017-05-20,ST442,SUP009,OFF-AR-10004930,2,4.31,2017-05-26,2017-05-30,Late,8.62
PUR006522,2017-05-20,ST158,SUP004,TEC-PH-10002923,2,28.34,2017-05-26,2017-05-27,Late,56.68
PUR006523,2017-05-20,ST572,SUP008,OFF-AR-10001419,11,3.14,2017-05-27,2017-05-31,Late,34.54
PUR006524,2017-05-20,ST366,SUP009,TEC-PH-10001552,8,8.89,2017-05-27,2017-05-28,Late,71.12
PUR006525,2017-05-20,ST060,SUP007,FUR-FU-10000448,10,13.94,2017-05-27,2017-05-31,Late,139.4
PUR006526,2017-05-20,ST100,SUP008,OFF-AR-10003045,2,1.65,2017-05-26,2017-05-27,Late,3.3
PUR006527,2017-05-20,ST111,SUP009,TEC-PH-10001425,13,59.19,2017-05-23,2017-05-24,Late,769.47
PUR006528,2017-05-20,ST253,SUP014,OFF-ST-10003123,13,26.57,2017-05-25,2017-05-27,Late,345.41
PUR006529,2017-05-20,ST308,SUP014,FUR-FU-10003799,15,13.4,2017-05-25,2017-05-27,Late,201.0
PUR006530,2017-05-20,ST553,SUP004,OFF-AR-10003631,8,3.37,2017-05-26,2017-05-31,Late,26.96
PUR006531,2017-05-20,ST334,SUP012,OFF-AR-10001246,19,2.25,2017-05-24,2017-05-27,Late,42.75
PUR006532,2017-05-20,ST399,SUP006,OFF-BI-10003694,20,5.11,2017-05-26,2017-05-27,Late,102.2
PUR006533,2017-05-20,ST556,SUP008,OFF-ST-10002444,4,8.94,2017-05-25,2017-05-29,Late,35.76
PUR006534,2017-05-20,ST542,SUP010,TEC-MA-10002428,16,84.26,2017-05-27,2017-05-30,Late,1348.16
PUR006535,2017-05-20,ST252,SUP005,OFF-ST-10000419,9,14.73,2017-05-25,2017-05-26,Late,132.57
PUR006536,2017-05-20,ST521,SUP007,TEC-PH-10001580,3,100.63,2017-05-25,2017-05-28,Late,301.89
PUR006537,2017-05-20,ST162,SUP007,OFF-PA-10004911,8,4.88,2017-05-25,2017-05-24,Early,39.04
PUR006538,2017-05-20,ST585,SUP009,OFF-BI-10001628,6,5.44,2017-05-27,2017-06-01,Late,32.64
PUR006539,2017-05-20,ST623,SUP013,TEC-PH-10003012,14,104.53,2017-05-24,2017-05-25,Late,1463.42
PUR006540,2017-05-20,ST238,SUP014,FUR-CH-10002304,9,18.7,2017-05-25,2017-05-26,Late,168.29999999999998
PUR006541,2017-05-20,ST182,SUP006,OFF-ST-10000563,18,28.24,2017-05-23,2017-05-23,On Time,508.32
PUR006542,2017-05-20,ST033,SUP007,TEC-AC-10002049,5,161.31,2017-05-24,2017-05-27,Late,806.55
PUR006543,2017-05-20,ST560,SUP009,FUR-FU-10003976,16,7.58,2017-05-23,2017-05-23,On Time,121.28
PUR006544,2017-05-20,ST298,SUP007,FUR-CH-10002965,12,157.51,2017-05-26,2017-05-28,Late,1890.12
PUR006545,2017-05-20,ST061,SUP010,OFF-EN-10000056,2,35.65,2017-05-24,2017-05-26,Late,71.3
PUR006546,2017-05-20,ST471,SUP005,OFF-BI-10000309,14,7.39,2017-05-26,2017-05-30,Late,103.46
PUR006547,2017-05-20,ST084,SUP012,OFF-AR-10000823,20,1.21,2017-05-26,2017-05-25,Early,24.2
PUR006548,2017-05-20,ST347,SUP013,OFF-PA-10001776,7,4.6,2017-05-23,2017-05-28,Late,32.199999999999996
PUR006549,2017-05-20,ST415,SUP014,OFF-BI-10001132,9,2.87,2017-05-25,2017-05-26,Late,25.830000000000002
PUR006550,2017-05-20,ST515,SUP012,TEC-PH-10002496,19,115.5,2017-05-23,2017-05-27,Late,2194.5
PUR006551,2017-05-20,ST044,SUP001,OFF-PA-10000289,20,3.64,2017-05-25,2017-05-24,Early,72.8
PUR006552,2017-05-20,ST221,SUP004,OFF-PA-10003016,12,1.73,2017-05-24,2017-05-25,Late,20.759999999999998
PUR006553,2017-05-20,ST411,SUP007,OFF-EN-10003567,6,12.45,2017-05-23,2017-05-22,Early,74.69999999999999
PUR006554,2017-05-20,ST001,SUP006,OFF-LA-10000973,9,1.64,2017-05-23,2017-05-23,On Time,14.76
PUR006555,2017-05-20,ST494,SUP014,OFF-PA-10001471,20,3.82,2017-05-24,2017-05-29,Late,76.39999999999999
PUR006556,2017-05-20,ST032,SUP015,TEC-AC-10004877,18,5.73,2017-05-23,2017-05-23,On Time,103.14000000000001
PUR006557,2017-05-20,ST477,SUP014,OFF-PA-10000482,11,21.36,2017-05-23,2017-05-26,Late,234.95999999999998
PUR006558,2017-05-20,ST057,SUP009,OFF-BI-10002225,4,11.62,2017-05-26,2017-05-30,Late,46.48
PUR006559,2017-05-20,ST582,SUP010,TEC-AC-10004171,4,57.09,2017-05-27,2017-05-26,Early,228.36
PUR006560,2017-05-20,ST383,SUP011,TEC-AC-10002076,8,55.11,2017-05-23,2017-05-24,Late,440.88
PUR006561,2017-06-05,ST608,SUP002,FUR-CH-10002439,12,39.82,2017-06-09,2017-06-14,Late,477.84000000000003
PUR006562,2017-06-05,ST084,SUP008,OFF-AR-10004062,20,7.72,2017-06-12,2017-06-14,Late,154.4
PUR006563,2017-06-05,ST550,SUP001,OFF-BI-10000829,17,2.22,2017-06-08,2017-06-12,Late,37.74
PUR006564,2017-06-05,ST612,SUP003,OFF-BI-10002813,11,1.11,2017-06-09,2017-06-13,Late,12.21
PUR006565,2017-06-05,ST572,SUP014,TEC-PH-10001336,7,96.18,2017-06-10,2017-06-09,Early,673.26
PUR006566,2017-06-05,ST104,SUP012,FUR-FU-10001889,17,7.64,2017-06-12,2017-06-14,Late,129.88
PUR006567,2017-06-05,ST226,SUP010,FUR-TA-10002530,4,119.44,2017-06-09,2017-06-14,Late,477.76
PUR006568,2017-06-05,ST287,SUP004,FUR-FU-10001706,6,1.47,2017-06-12,2017-06-13,Late,8.82
PUR006569,2017-06-05,ST577,SUP001,OFF-AR-10004602,7,18.08,2017-06-10,2017-06-09,Early,126.55999999999999
PUR006570,2017-06-05,ST219,SUP014,OFF-BI-10004654,3,5.04,2017-06-11,2017-06-16,Late,15.120000000000001
PUR006571,2017-06-05,ST508,SUP008,OFF-LA-10004689,4,1.67,2017-06-10,2017-06-13,Late,6.68
PUR006572,2017-06-05,ST460,SUP003,FUR-BO-10002916,19,134.3,2017-06-10,2017-06-13,Late,2551.7000000000003
PUR006573,2017-06-05,ST070,SUP002,OFF-BI-10004967,2,1.08,2017-06-09,2017-06-11,Late,2.16
PUR006574,2017-06-05,ST236,SUP011,TEC-PH-10004977,6,145.3,2017-06-08,2017-06-10,Late,871.8000000000001
PUR006575,2017-06-05,ST076,SUP006,OFF-PA-10004092,20,26.9,2017-06-11,2017-06-12,Late,538.0
PUR006576,2017-06-05,ST113,SUP003,TEC-PH-10004667,17,101.97,2017-06-08,2017-06-11,Late,1733.49
PUR006577,2017-06-05,ST065,SUP011,OFF-BI-10000174,15,2.74,2017-06-12,2017-06-11,Early,41.1
PUR006578,2017-06-05,ST236,SUP003,OFF-FA-10003495,5,3.14,2017-06-12,2017-06-17,Late,15.700000000000001
PUR006579,2017-06-05,ST333,SUP003,OFF-SU-10000381,9,6.21,2017-06-10,2017-06-13,Late,55.89
PUR006580,2017-06-05,ST139,SUP010,OFF-AR-10001954,18,3.76,2017-06-08,2017-06-10,Late,67.67999999999999
PUR006581,2017-06-05,ST292,SUP013,OFF-EN-10004030,6,1.81,2017-06-10,2017-06-13,Late,10.86
PUR006582,2017-06-05,ST518,SUP012,FUR-FU-10004973,15,11.05,2017-06-12,2017-06-17,Late,165.75
PUR006583,2017-06-05,ST597,SUP015,OFF-SU-10001165,5,6.6,2017-06-11,2017-06-15,Late,33.0
PUR006584,2017-06-05,ST561,SUP007,OFF-PA-10002552,5,3.42,2017-06-08,2017-06-09,Late,17.1
PUR006585,2017-06-05,ST092,SUP003,OFF-PA-10004355,13,3.05,2017-06-08,2017-06-08,On Time,39.65
PUR006586,2017-06-05,ST433,SUP013,OFF-PA-10002245,3,3.51,2017-06-08,2017-06-11,Late,10.53
PUR006587,2017-06-05,ST106,SUP005,OFF-BI-10001718,5,33.26,2017-06-12,2017-06-17,Late,166.29999999999998
PUR006588,2017-06-05,ST417,SUP012,OFF-FA-10001561,2,1.39,2017-06-08,2017-06-11,Late,2.78
PUR006589,2017-06-05,ST105,SUP008,OFF-ST-10003816,4,140.87,2017-06-10,2017-06-09,Early,563.48
PUR006590,2017-06-05,ST436,SUP005,OFF-PA-10003072,19,3.6,2017-06-12,2017-06-13,Late,68.4
PUR006591,2017-06-05,ST361,SUP015,OFF-SU-10004661,10,6.01,2017-06-08,2017-06-13,Late,60.099999999999994
PUR006592,2017-06-05,ST341,SUP011,OFF-PA-10003063,14,1.88,2017-06-12,2017-06-11,Early,26.32
PUR006593,2017-06-05,ST468,SUP012,OFF-FA-10002975,15,2.17,2017-06-10,2017-06-11,Late,32.55
PUR006594,2017-06-05,ST226,SUP009,OFF-LA-10003510,14,16.26,2017-06-12,2017-06-16,Late,227.64000000000001
PUR006595,2017-06-05,ST586,SUP006,TEC-PH-10004042,19,127.41,2017-06-08,2017-06-10,Late,2420.79
PUR006596,2017-06-05,ST081,SUP005,FUR-CH-10003396,10,63.6,2017-06-10,2017-06-10,On Time,636.0
PUR006597,2017-06-05,ST466,SUP006,OFF-BI-10003712,2,2.4,2017-06-11,2017-06-13,Late,4.8
PUR006598,2017-06-05,ST547,SUP004,OFF-PA-10000788,7,3.25,2017-06-10,2017-06-12,Late,22.75
PUR006599,2017-06-05,ST088,SUP010,OFF-AR-10001246,14,2.19,2017-06-12,2017-06-17,Late,30.66
PUR006600,2017-06-05,ST401,SUP002,OFF-ST-10003996,13,11.16,2017-06-10,2017-06-12,Late,145.08
PUR006601,2017-06-05,ST411,SUP011,OFF-PA-10003349,6,3.32,2017-06-08,2017-06-10,Late,19.919999999999998
PUR006602,2017-06-05,ST532,SUP007,OFF-BI-10004233,11,8.6,2017-06-10,2017-06-13,Late,94.6
PUR006603,2017-06-05,ST397,SUP013,TEC-PH-10003505,2,61.07,2017-06-09,2017-06-12,Late,122.14
PUR006604,2017-06-05,ST124,SUP002,OFF-SU-10000432,16,3.6,2017-06-11,2017-06-13,Late,57.6
PUR006605,2017-06-05,ST409,SUP009,OFF-ST-10003306,6,106.88,2017-06-11,2017-06-10,Early,641.28
PUR006606,2017-06-05,ST131,SUP009,OFF-BI-10001036,8,4.39,2017-06-10,2017-06-15,Late,35.12
PUR006607,2017-06-05,ST423,SUP010,FUR-FU-10003142,14,3.92,2017-06-11,2017-06-15,Late,54.879999999999995
PUR006608,2017-06-05,ST388,SUP006,OFF-SU-10001225,3,3.34,2017-06-09,2017-06-14,Late,10.02
PUR006609,2017-06-05,ST303,SUP014,OFF-BI-10002082,17,17.46,2017-06-08,2017-06-08,On Time,296.82
PUR006610,2017-06-05,ST510,SUP014,OFF-PA-10001970,4,17.9,2017-06-09,2017-06-09,On Time,71.6
PUR006611,2017-06-05,ST331,SUP003,TEC-AC-10002323,4,20.06,2017-06-09,2017-06-10,Late,80.24
PUR006612,2017-06-05,ST156,SUP006,OFF-AR-10004956,7,4.33,2017-06-10,2017-06-15,Late,30.310000000000002
PUR006613,2017-06-05,ST534,SUP001,FUR-FU-10004848,14,29.15,2017-06-10,2017-06-14,Late,408.09999999999997
PUR006614,2017-06-05,ST615,SUP005,OFF-AR-10004456,18,11.1,2017-06-11,2017-06-10,Early,199.79999999999998
PUR006615,2017-06-05,ST058,SUP006,FUR-FU-10003577,16,8.59,2017-06-10,2017-06-15,Late,137.44
PUR006616,2017-06-05,ST234,SUP006,OFF-BI-10004187,6,0.88,2017-06-10,2017-06-10,On Time,5.28
PUR006617,2017-06-05,ST528,SUP002,OFF-AR-10004817,4,3.44,2017-06-10,2017-06-11,Late,13.76
PUR006618,2017-06-05,ST236,SUP010,TEC-PH-10004539,15,124.63,2017-06-10,2017-06-14,Late,1869.4499999999998
PUR006619,2017-06-05,ST127,SUP003,TEC-AC-10003038,6,6.88,2017-06-08,2017-06-11,Late,41.28
PUR006620,2017-06-05,ST593,SUP015,TEC-PH-10004897,4,10.65,2017-06-10,2017-06-11,Late,42.6
PUR006621,2017-06-05,ST284,SUP013,TEC-PH-10002468,9,103.75,2017-06-08,2017-06-09,Late,933.75
PUR006622,2017-06-05,ST498,SUP009,OFF-PA-10000482,2,21.34,2017-06-12,2017-06-12,On Time,42.68
PUR006623,2017-06-05,ST202,SUP013,TEC-CO-10001943,10,110.12,2017-06-11,2017-06-16,Late,1101.2
PUR006624,2017-06-05,ST155,SUP009,OFF-BI-10002071,17,3.19,2017-06-10,2017-06-09,Early,54.23
PUR006625,2017-06-05,ST438,SUP002,OFF-ST-10001272,6,90.23,2017-06-12,2017-06-12,On Time,541.38
PUR006626,2017-06-05,ST580,SUP008,OFF-EN-10000781,9,4.25,2017-06-12,2017-06-11,Early,38.25
PUR006627,2017-06-05,ST044,SUP001,OFF-PA-10000418,18,50.26,2017-06-12,2017-06-14,Late,904.68
PUR006628,2017-06-05,ST419,SUP003,OFF-BI-10000050,6,4.15,2017-06-10,2017-06-12,Late,24.900000000000002
PUR006629,2017-06-05,ST446,SUP013,OFF-PA-10004610,18,2.48,2017-06-09,2017-06-13,Late,44.64
PUR006630,2017-06-05,ST463,SUP008,OFF-EN-10001335,12,5.32,2017-06-10,2017-06-15,Late,63.84
PUR006631,2017-06-05,ST219,SUP007,OFF-ST-10001780,13,528.52,2017-06-10,2017-06-13,Late,6870.76
PUR006632,2017-06-05,ST201,SUP003,TEC-AC-10004659,18,51.72,2017-06-11,2017-06-16,Late,930.96
PUR006633,2017-06-05,ST191,SUP005,TEC-AC-10003628,6,16.17,2017-06-09,2017-06-13,Late,97.02000000000001
PUR006634,2017-06-05,ST070,SUP002,OFF-PA-10003656,12,13.4,2017-06-11,2017-06-14,Late,160.8
PUR006635,2017-06-05,ST026,SUP009,FUR-CH-10003312,19,274.75,2017-06-10,2017-06-09,Early,5220.25
PUR006636,2017-06-05,ST236,SUP006,OFF-AR-10003651,9,2.21,2017-06-12,2017-06-16,Late,19.89
PUR006637,2017-06-05,ST163,SUP008,TEC-AC-10004001,18,23.77,2017-06-08,2017-06-09,Late,427.86
PUR006638,2017-06-05,ST389,SUP007,TEC-CO-10002095,16,269.31,2017-06-11,2017-06-15,Late,4308.96
PUR006639,2017-06-05,ST560,SUP009,OFF-BI-10000848,3,2.97,2017-06-11,2017-06-12,Late,8.91
PUR006640,2017-06-05,ST513,SUP014,TEC-PH-10002680,12,160.36,2017-06-11,2017-06-10,Early,1924.3200000000002
PUR006641,2017-06-20,ST321,SUP008,TEC-PH-10003931,6,40.99,2017-06-24,2017-06-23,Early,245.94
PUR006642,2017-06-20,ST569,SUP007,OFF-ST-10002485,8,22.7,2017-06-25,2017-06-28,Late,181.6
PUR006643,2017-06-20,ST140,SUP013,OFF-PA-10004041,8,3.75,2017-06-26,2017-06-26,On Time,30.0
PUR006644,2017-06-20,ST493,SUP001,OFF-AR-10002399,5,2.59,2017-06-25,2017-06-29,Late,12.95
PUR006645,2017-06-20,ST226,SUP005,TEC-AC-10003063,4,18.79,2017-06-23,2017-06-27,Late,75.16
PUR006646,2017-06-20,ST084,SUP007,FUR-CH-10004289,5,71.94,2017-06-25,2017-06-26,Late,359.7
PUR006647,2017-06-20,ST612,SUP013,TEC-PH-10002583,13,17.63,2017-06-26,2017-06-27,Late,229.19
PUR006648,2017-06-20,ST278,SUP005,OFF-PA-10000675,13,21.77,2017-06-24,2017-06-24,On Time,283.01
PUR006649,2017-06-20,ST491,SUP010,FUR-FU-10000320,4,1.91,2017-06-23,2017-06-28,Late,7.64
PUR006650,2017-06-20,ST233,SUP006,FUR-FU-10003142,5,3.78,2017-06-24,2017-06-29,Late,18.9
PUR006651,2017-06-20,ST595,SUP013,OFF-AR-10003183,9,2.52,2017-06-26,2017-06-26,On Time,22.68
PUR006652,2017-06-20,ST030,SUP008,OFF-AR-10000538,15,21.05,2017-06-23,2017-06-22,Early,315.75
PUR006653,2017-06-20,ST310,SUP013,TEC-PH-10000149,3,15.49,2017-06-24,2017-06-25,Late,46.47
PUR006654,2017-06-20,ST374,SUP008,TEC-CO-10001046,11,392.68,2017-06-27,2017-07-01,Late,4319.4800000000005
PUR006655,2017-06-20,ST424,SUP012,OFF-AR-10003631,13,3.45,2017-06-23,2017-06-27,Late,44.85
PUR006656,2017-06-20,ST488,SUP002,TEC-AC-10002600,18,53.53,2017-06-27,2017-06-29,Late,963.54
PUR006657,2017-06-20,ST134,SUP015,OFF-ST-10001228,3,11.27,2017-06-23,2017-06-24,Late,33.81
PUR006658,2017-06-20,ST622,SUP008,OFF-BI-10002429,20,16.12,2017-06-25,2017-06-25,On Time,322.40000000000003
PUR006659,2017-06-20,ST225,SUP015,OFF-LA-10001074,16,6.56,2017-06-27,2017-06-27,On Time,104.96
PUR006660,2017-06-20,ST047,SUP010,FUR-BO-10004695,17,150.59,2017-06-24,2017-06-24,On Time,2560.03
PUR006661,2017-06-20,ST235,SUP003,FUR-TA-10000688,5,168.53,2017-06-27,2017-06-28,Late,842.65
PUR006662,2017-06-20,ST450,SUP015,OFF-PA-10004353,10,10.51,2017-06-23,2017-06-24,Late,105.1
PUR006663,2017-06-20,ST320,SUP002,TEC-PH-10004833,16,11.25,2017-06-27,2017-06-27,On Time,180.0
PUR006664,2017-06-20,ST471,SUP005,TEC-AC-10004659,14,47.97,2017-06-26,2017-06-30,Late,671.5799999999999
PUR006665,2017-06-20,ST019,SUP008,TEC-PH-10002564,17,19.97,2017-06-24,2017-06-26,Late,339.49
PUR006666,2017-06-20,ST362,SUP013,OFF-AP-10001492,14,6.27,2017-06-26,2017-06-25,Early,87.78
PUR006667,2017-06-20,ST387,SUP008,OFF-PA-10004610,2,2.44,2017-06-24,2017-06-24,On Time,4.88
PUR006668,2017-06-20,ST186,SUP002,TEC-PH-10004912,19,41.77,2017-06-27,2017-06-27,On Time,793.6300000000001
PUR006669,2017-06-20,ST218,SUP015,OFF-PA-10001461,5,3.53,2017-06-27,2017-06-29,Late,17.65
PUR006670,2017-06-20,ST268,SUP009,OFF-BI-10002976,19,2.04,2017-06-26,2017-06-26,On Time,38.76
PUR006671,2017-06-20,ST221,SUP013,FUR-FU-10003724,15,5.9,2017-06-27,2017-06-27,On Time,88.5
PUR006672,2017-06-20,ST307,SUP015,OFF-PA-10000380,8,4.46,2017-06-25,2017-06-29,Late,35.68
PUR006673,2017-06-20,ST584,SUP007,TEC-PH-10003505,20,72.45,2017-06-24,2017-06-28,Late,1449.0
PUR006674,2017-06-20,ST407,SUP007,FUR-TA-10004147,3,94.32,2017-06-23,2017-06-24,Late,282.96
PUR006675,2017-06-20,ST097,SUP004,OFF-PA-10000029,19,3.27,2017-06-24,2017-06-24,On Time,62.13
PUR006676,2017-06-20,ST211,SUP005,FUR-FU-10003424,10,7.49,2017-06-25,2017-06-28,Late,74.9
PUR006677,2017-06-20,ST094,SUP009,OFF-PA-10001838,10,3.05,2017-06-23,2017-06-26,Late,30.5
PUR006678,2017-06-20,ST444,SUP013,TEC-AC-10002305,11,16.18,2017-06-25,2017-06-24,Early,177.98
PUR006679,2017-06-20,ST122,SUP003,OFF-LA-10004544,6,8.09,2017-06-23,2017-06-28,Late,48.54
PUR006680,2017-06-20,ST571,SUP008,FUR-FU-10001731,14,1.74,2017-06-23,2017-06-25,Late,24.36
PUR006681,2017-06-20,ST231,SUP012,OFF-ST-10001526,2,85.61,2017-06-26,2017-06-27,Late,171.22
PUR006682,2017-06-20,ST421,SUP012,OFF-EN-10004386,18,11.02,2017-06-25,2017-06-28,Late,198.35999999999999
PUR006683,2017-06-20,ST566,SUP012,TEC-AC-10002001,13,109.38,2017-06-25,2017-06-28,Late,1421.94
PUR006684,2017-06-20,ST253,SUP010,OFF-EN-10003055,10,20.52,2017-06-26,2017-06-29,Late,205.2
PUR006685,2017-06-20,ST420,SUP004,OFF-BI-10002160,8,2.15,2017-06-24,2017-06-28,Late,17.2
PUR006686,2017-06-20,ST182,SUP008,OFF-LA-10000452,14,1.58,2017-06-26,2017-06-28,Late,22.12
PUR006687,2017-06-20,ST488,SUP008,FUR-FU-10003975,16,38.42,2017-06-26,2017-06-27,Late,614.72
PUR006688,2017-06-20,ST573,SUP013,TEC-AC-10002857,20,4.84,2017-06-26,2017-06-25,Early,96.8
PUR006689,2017-06-20,ST092,SUP005,TEC-PH-10000215,8,27.21,2017-06-26,2017-06-27,Late,217.68
PUR006690,2017-06-20,ST569,SUP004,OFF-SU-10004782,4,6.02,2017-06-23,2017-06-26,Late,24.08
PUR006691,2017-06-20,ST443,SUP003,TEC-AC-10000171,19,13.89,2017-06-26,2017-07-01,Late,263.91
PUR006692,2017-06-20,ST622,SUP010,FUR-CH-10003817,6,42.75,2017-06-23,2017-06-27,Late,256.5
PUR006693,2017-06-20,ST373,SUP002,OFF-BI-10003982,17,11.78,2017-06-23,2017-06-22,Early,200.26
PUR006694,2017-06-20,ST625,SUP004,FUR-BO-10003893,5,84.17,2017-06-23,2017-06-24,Late,420.85
PUR006695,2017-06-20,ST316,SUP001,FUR-TA-10004619,11,112.09,2017-06-25,2017-06-25,On Time,1232.99
PUR006696,2017-06-20,ST512,SUP005,FUR-FU-10004845,8,40.6,2017-06-27,2017-06-27,On Time,324.8
PUR006697,2017-06-20,ST619,SUP010,FUR-FU-10002298,4,88.78,2017-06-23,2017-06-22,Early,355.12
PUR006698,2017-06-20,ST404,SUP009,TEC-PH-10000562,2,85.73,2017-06-23,2017-06-28,Late,171.46
PUR006699,2017-06-20,ST257,SUP015,OFF-PA-10003823,14,17.98,2017-06-26,2017-06-30,Late,251.72
PUR006700,2017-06-20,ST618,SUP011,TEC-AC-10003289,2,14.81,2017-06-27,2017-06-26,Early,29.62
PUR006701,2017-06-20,ST230,SUP008,OFF-SU-10000157,12,128.18,2017-06-27,2017-07-01,Late,1538.16
PUR006702,2017-06-20,ST587,SUP010,TEC-PH-10004094,2,114.22,2017-06-26,2017-06-28,Late,228.44
PUR006703,2017-06-20,ST038,SUP003,OFF-AP-10004532,9,14.61,2017-06-27,2017-07-01,Late,131.49
PUR006704,2017-06-20,ST186,SUP013,OFF-ST-10001325,14,7.07,2017-06-24,2017-06-26,Late,98.98
PUR006705,2017-06-20,ST178,SUP004,TEC-PH-10004345,7,82.83,2017-06-23,2017-06-24,Late,579.81
PUR006706,2017-06-20,ST580,SUP010,OFF-PA-10004040,18,3.23,2017-06-26,2017-06-26,On Time,58.14
PUR006707,2017-06-20,ST481,SUP010,FUR-CH-10003199,10,91.28,2017-06-23,2017-06-27,Late,912.8
PUR006708,2017-06-20,ST455,SUP011,OFF-PA-10000533,13,3.43,2017-06-27,2017-06-27,On Time,44.59
PUR006709,2017-06-20,ST479,SUP008,FUR-FU-10003623,7,20.53,2017-06-23,2017-06-22,Early,143.71
PUR006710,2017-06-20,ST099,SUP005,OFF-ST-10000046,5,135.6,2017-06-26,2017-06-30,Late,678.0
PUR006711,2017-06-20,ST188,SUP013,OFF-BI-10002393,17,2.92,2017-06-26,2017-06-25,Early,49.64
PUR006712,2017-06-20,ST417,SUP006,OFF-EN-10000461,20,4.56,2017-06-27,2017-06-30,Late,91.19999999999999
PUR006713,2017-06-20,ST564,SUP011,TEC-PH-10000486,19,88.41,2017-06-26,2017-07-01,Late,1679.79
PUR006714,2017-06-20,ST537,SUP013,OFF-PA-10001033,4,18.96,2017-06-25,2017-06-29,Late,75.84
PUR006715,2017-06-20,ST513,SUP006,OFF-PA-10003228,17,24.37,2017-06-26,2017-06-28,Late,414.29
PUR006716,2017-06-20,ST200,SUP004,OFF-SU-10002881,20,782.42,2017-06-26,2017-06-27,Late,15648.4
PUR006717,2017-06-20,ST173,SUP001,FUR-CH-10002602,10,120.3,2017-06-26,2017-06-26,On Time,1203.0
PUR006718,2017-06-20,ST505,SUP014,TEC-PH-10003171,6,32.3,2017-06-26,2017-07-01,Late,193.79999999999998
PUR006719,2017-06-20,ST271,SUP013,OFF-BI-10001036,13,4.66,2017-06-25,2017-06-28,Late,60.58
PUR006720,2017-06-20,ST395,SUP007,OFF-ST-10000604,16,26.88,2017-06-27,2017-06-28,Late,430.08
PUR006721,2017-07-05,ST081,SUP008,OFF-AR-10003373,20,23.22,2017-07-10,2017-07-11,Late,464.4
PUR006722,2017-07-05,ST259,SUP008,OFF-EN-10001509,9,1.03,2017-07-10,2017-07-14,Late,9.27
PUR006723,2017-07-05,ST260,SUP003,OFF-PA-10001534,3,3.52,2017-07-08,2017-07-13,Late,10.56
PUR006724,2017-07-05,ST174,SUP008,FUR-CH-10003761,13,90.67,2017-07-12,2017-07-16,Late,1178.71
PUR006725,2017-07-05,ST537,SUP005,FUR-TA-10001676,2,36.86,2017-07-12,2017-07-14,Late,73.72
PUR006726,2017-07-05,ST265,SUP011,FUR-TA-10003008,12,170.84,2017-07-10,2017-07-09,Early,2050.08
PUR006727,2017-07-05,ST358,SUP014,FUR-FU-10000073,9,5.1,2017-07-10,2017-07-13,Late,45.9
PUR006728,2017-07-05,ST538,SUP008,OFF-AP-10004249,3,9.21,2017-07-08,2017-07-09,Late,27.630000000000003
PUR006729,2017-07-05,ST547,SUP004,OFF-ST-10000615,9,8.22,2017-07-10,2017-07-12,Late,73.98
PUR006730,2017-07-05,ST622,SUP012,TEC-PH-10002824,20,144.87,2017-07-08,2017-07-08,On Time,2897.4
PUR006731,2017-07-05,ST538,SUP005,TEC-PH-10002262,15,43.71,2017-07-08,2017-07-12,Late,655.65
PUR006732,2017-07-05,ST487,SUP001,OFF-BI-10000962,10,8.81,2017-07-09,2017-07-11,Late,88.10000000000001
PUR006733,2017-07-05,ST282,SUP013,OFF-PA-10000357,8,22.66,2017-07-08,2017-07-09,Late,181.28
PUR006734,2017-07-05,ST224,SUP007,OFF-PA-10002787,2,3.52,2017-07-09,2017-07-14,Late,7.04
PUR006735,2017-07-05,ST106,SUP006,OFF-BI-10000174,10,3.22,2017-07-08,2017-07-13,Late,32.2
PUR006736,2017-07-05,ST236,SUP009,FUR-TA-10001095,6,135.14,2017-07-12,2017-07-14,Late,810.8399999999999
PUR006737,2017-07-05,ST299,SUP004,OFF-PA-10001776,20,4.85,2017-07-11,2017-07-13,Late,97.0
PUR006738,2017-07-05,ST404,SUP005,OFF-FA-10000840,10,0.62,2017-07-11,2017-07-15,Late,6.2
PUR006739,2017-07-05,ST140,SUP014,FUR-FU-10000965,3,29.1,2017-07-11,2017-07-11,On Time,87.30000000000001
PUR006740,2017-07-05,ST115,SUP005,FUR-CH-10002439,20,44.11,2017-07-10,2017-07-13,Late,882.2
PUR006741,2017-07-05,ST590,SUP012,FUR-FU-10000521,6,21.39,2017-07-10,2017-07-15,Late,128.34
PUR006742,2017-07-05,ST022,SUP002,OFF-PA-10003039,4,15.52,2017-07-09,2017-07-13,Late,62.08
PUR006743,2017-07-05,ST547,SUP008,FUR-CH-10004754,17,21.61,2017-07-08,2017-07-12,Late,367.37
PUR006744,2017-07-05,ST531,SUP005,OFF-BI-10004182,12,0.98,2017-07-10,2017-07-13,Late,11.76
PUR006745,2017-07-05,ST481,SUP011,OFF-EN-10003072,16,2.01,2017-07-09,2017-07-12,Late,32.16
PUR006746,2017-07-05,ST023,SUP014,OFF-BI-10004600,8,222.47,2017-07-11,2017-07-10,Early,1779.76
PUR006747,2017-07-05,ST330,SUP015,TEC-AC-10004145,10,182.93,2017-07-11,2017-07-16,Late,1829.3000000000002
PUR006748,2017-07-05,ST541,SUP008,FUR-FU-10002813,13,12.36,2017-07-12,2017-07-12,On Time,160.68
PUR006749,2017-07-05,ST353,SUP013,FUR-CH-10002331,12,254.39,2017-07-09,2017-07-11,Late,3052.68
PUR006750,2017-07-05,ST030,SUP008,FUR-CH-10003199,3,79.04,2017-07-11,2017-07-16,Late,237.12
PUR006751,2017-07-05,ST482,SUP007,TEC-PH-10003174,18,90.45,2017-07-08,2017-07-10,Late,1628.1000000000001
PUR006752,2017-07-05,ST555,SUP015,FUR-FU-10003535,4,16.62,2017-07-08,2017-07-08,On Time,66.48
PUR006753,2017-07-05,ST409,SUP012,OFF-AP-10001962,7,5.96,2017-07-08,2017-07-13,Late,41.72
PUR006754,2017-07-05,ST193,SUP003,OFF-ST-10001505,8,5.03,2017-07-11,2017-07-13,Late,40.24
PUR006755,2017-07-05,ST603,SUP011,OFF-BI-10000831,10,1.39,2017-07-12,2017-07-13,Late,13.899999999999999
PUR006756,2017-07-05,ST255,SUP004,OFF-LA-10000240,5,4.03,2017-07-11,2017-07-13,Late,20.150000000000002
PUR006757,2017-07-05,ST518,SUP006,OFF-ST-10001932,18,164.33,2017-07-08,2017-07-10,Late,2957.94
PUR006758,2017-07-05,ST415,SUP001,TEC-AC-10002323,20,17.56,2017-07-10,2017-07-09,Early,351.2
PUR006759,2017-07-05,ST042,SUP005,OFF-BI-10001072,2,8.71,2017-07-11,2017-07-10,Early,17.42
PUR006760,2017-07-05,ST551,SUP013,FUR-CH-10002126,16,176.64,2017-07-10,2017-07-12,Late,2826.24
PUR006761,2017-07-05,ST201,SUP009,FUR-CH-10001802,18,99.98,2017-07-08,2017-07-08,On Time,1799.64
PUR006762,2017-07-05,ST360,SUP013,OFF-AR-10004974,10,2.34,2017-07-11,2017-07-11,On Time,23.4
PUR006763,2017-07-05,ST292,SUP006,OFF-BI-10001098,15,11.84,2017-07-08,2017-07-13,Late,177.6
PUR006764,2017-07-05,ST133,SUP010,OFF-FA-10002280,11,2.8,2017-07-11,2017-07-11,On Time,30.799999999999997
PUR006765,2017-07-05,ST194,SUP001,FUR-BO-10003894,18,45.29,2017-07-08,2017-07-13,Late,815.22
PUR006766,2017-07-05,ST519,SUP014,OFF-PA-10001892,16,3.94,2017-07-09,2017-07-14,Late,63.04
PUR006767,2017-07-05,ST252,SUP005,FUR-FU-10003268,14,33.93,2017-07-08,2017-07-10,Late,475.02
PUR006768,2017-07-05,ST515,SUP006,FUR-FU-10004904,17,70.13,2017-07-10,2017-07-11,Late,1192.21
PUR006769,2017-07-05,ST576,SUP009,OFF-PA-10001246,10,3.63,2017-07-12,2017-07-13,Late,36.3
PUR006770,2017-07-05,ST191,SUP004,OFF-BI-10001036,20,4.31,2017-07-08,2017-07-10,Late,86.19999999999999
PUR006771,2017-07-05,ST351,SUP014,OFF-AP-10000891,13,90.6,2017-07-09,2017-07-11,Late,1177.8
PUR006772,2017-07-05,ST163,SUP006,FUR-CH-10003968,3,57.77,2017-07-09,2017-07-14,Late,173.31
PUR006773,2017-07-05,ST613,SUP010,FUR-CH-10001545,3,103.38,2017-07-12,2017-07-14,Late,310.14
PUR006774,2017-07-05,ST615,SUP001,OFF-BI-10000546,14,1.38,2017-07-09,2017-07-09,On Time,19.32
PUR006775,2017-07-05,ST362,SUP007,OFF-AP-10003040,13,26.62,2017-07-10,2017-07-09,Early,346.06
PUR006776,2017-07-05,ST608,SUP010,OFF-ST-10002957,9,4.78,2017-07-08,2017-07-13,Late,43.02
PUR006777,2017-07-05,ST062,SUP013,FUR-CH-10004287,13,187.28,2017-07-09,2017-07-13,Late,2434.64
PUR006778,2017-07-05,ST027,SUP003,OFF-BI-10003166,16,5.62,2017-07-08,2017-07-08,On Time,89.92
PUR006779,2017-07-05,ST335,SUP009,FUR-TA-10004575,13,225.0,2017-07-08,2017-07-07,Early,2925.0
PUR006780,2017-07-05,ST545,SUP002,OFF-ST-10000689,11,114.73,2017-07-09,2017-07-13,Late,1262.03
PUR006781,2017-07-05,ST394,SUP012,OFF-EN-10001415,3,2.93,2017-07-12,2017-07-12,On Time,8.790000000000001
PUR006782,2017-07-05,ST128,SUP014,FUR-FU-10000206,3,1.48,2017-07-08,2017-07-11,Late,4.4399999999999995
PUR006783,2017-07-05,ST355,SUP001,OFF-PA-10003848,9,3.65,2017-07-10,2017-07-13,Late,32.85
PUR006784,2017-07-05,ST529,SUP004,OFF-BI-10004970,11,2.28,2017-07-10,2017-07-12,Late,25.08
PUR006785,2017-07-05,ST210,SUP015,OFF-PA-10000380,17,4.25,2017-07-12,2017-07-17,Late,72.25
PUR006786,2017-07-05,ST278,SUP003,OFF-PA-10000551,18,2.87,2017-07-10,2017-07-14,Late,51.660000000000004
PUR006787,2017-07-05,ST108,SUP014,OFF-BI-10003712,12,2.37,2017-07-10,2017-07-15,Late,28.44
PUR006788,2017-07-05,ST149,SUP008,OFF-BI-10000309,4,7.82,2017-07-09,2017-07-14,Late,31.28
PUR006789,2017-07-05,ST282,SUP007,TEC-MA-10003979,18,383.44,2017-07-09,2017-07-12,Late,6901.92
PUR006790,2017-07-05,ST517,SUP002,OFF-ST-10004459,13,382.82,2017-07-10,2017-07-10,On Time,4976.66
PUR006791,2017-07-05,ST429,SUP008,OFF-BI-10000977,13,15.97,2017-07-12,2017-07-17,Late,207.61
PUR006792,2017-07-05,ST345,SUP002,OFF-EN-10002504,18,14.87,2017-07-10,2017-07-13,Late,267.65999999999997
PUR006793,2017-07-05,ST526,SUP015,TEC-PH-10002275,3,129.1,2017-07-08,2017-07-11,Late,387.29999999999995
PUR006794,2017-07-05,ST337,SUP014,FUR-CH-10002647,15,55.66,2017-07-10,2017-07-11,Late,834.9
PUR006795,2017-07-05,ST347,SUP002,OFF-EN-10002592,18,5.74,2017-07-08,2017-07-13,Late,103.32000000000001
PUR006796,2017-07-05,ST600,SUP005,OFF-BI-10002982,11,3.55,2017-07-08,2017-07-12,Late,39.05
PUR006797,2017-07-05,ST586,SUP009,FUR-FU-10001852,12,1.24,2017-07-09,2017-07-13,Late,14.879999999999999
PUR006798,2017-07-05,ST298,SUP012,OFF-BI-10001249,10,3.3,2017-07-08,2017-07-08,On Time,33.0
PUR006799,2017-07-05,ST423,SUP015,OFF-BI-10000666,12,13.83,2017-07-12,2017-07-13,Late,165.96
PUR006800,2017-07-05,ST216,SUP010,TEC-AC-10002857,13,5.43,2017-07-10,2017-07-15,Late,70.59
PUR006801,2017-07-20,ST064,SUP002,TEC-AC-10001990,12,40.86,2017-07-27,2017-08-01,Late,490.32
PUR006802,2017-07-20,ST450,SUP008,OFF-BI-10004465,6,4.09,2017-07-25,2017-07-26,Late,24.54
PUR006803,2017-07-20,ST509,SUP008,TEC-PH-10004100,16,13.65,2017-07-26,2017-07-27,Late,218.4
PUR006804,2017-07-20,ST379,SUP003,TEC-AC-10004469,13,22.71,2017-07-25,2017-07-29,Late,295.23
PUR006805,2017-07-20,ST459,SUP009,TEC-PH-10004908,5,55.05,2017-07-24,2017-07-29,Late,275.25
PUR006806,2017-07-20,ST255,SUP013,TEC-MA-10000904,11,230.83,2017-07-26,2017-07-29,Late,2539.13
PUR006807,2017-07-20,ST506,SUP001,OFF-FA-10003112,17,4.44,2017-07-23,2017-07-27,Late,75.48
PUR006808,2017-07-20,ST373,SUP015,FUR-FU-10001918,11,3.1,2017-07-27,2017-07-28,Late,34.1
PUR006809,2017-07-20,ST427,SUP010,OFF-SU-10002573,19,13.09,2017-07-26,2017-07-27,Late,248.71
PUR006810,2017-07-20,ST203,SUP003,OFF-BI-10000546,5,1.45,2017-07-27,2017-07-28,Late,7.25
PUR006811,2017-07-20,ST121,SUP008,OFF-PA-10002319,15,20.4,2017-07-24,2017-07-25,Late,306.0
PUR006812,2017-07-20,ST031,SUP006,TEC-PH-10003589,13,9.52,2017-07-24,2017-07-29,Late,123.75999999999999
PUR006813,2017-07-20,ST022,SUP005,OFF-BI-10000343,16,2.57,2017-07-26,2017-07-27,Late,41.12
PUR006814,2017-07-20,ST157,SUP015,OFF-ST-10002486,5,7.23,2017-07-26,2017-07-26,On Time,36.150000000000006
PUR006815,2017-07-20,ST065,SUP004,FUR-FU-10002396,17,7.15,2017-07-25,2017-07-30,Late,121.55000000000001
PUR006816,2017-07-20,ST207,SUP012,OFF-BI-10003274,13,2.3,2017-07-25,2017-07-24,Early,29.9
PUR006817,2017-07-20,ST051,SUP011,TEC-PH-10002114,17,456.08,2017-07-23,2017-07-24,Late,7753.36
PUR006818,2017-07-20,ST570,SUP006,TEC-AC-10001767,11,38.87,2017-07-24,2017-07-29,Late,427.57
PUR006819,2017-07-20,ST345,SUP010,OFF-LA-10002195,11,1.55,2017-07-25,2017-07-27,Late,17.05
PUR006820,2017-07-20,ST572,SUP007,OFF-LA-10004689,7,1.67,2017-07-24,2017-07-24,On Time,11.69
PUR006821,2017-07-20,ST496,SUP015,FUR-CH-10003981,13,193.2,2017-07-26,2017-07-28,Late,2511.6
PUR006822,2017-07-20,ST628,SUP014,OFF-BI-10000320,18,3.43,2017-07-25,2017-07-30,Late,61.74
PUR006823,2017-07-20,ST595,SUP013,OFF-PA-10003651,2,3.34,2017-07-23,2017-07-22,Early,6.68
PUR006824,2017-07-20,ST053,SUP012,OFF-ST-10002011,18,300.95,2017-07-25,2017-07-25,On Time,5417.099999999999
PUR006825,2017-07-20,ST338,SUP006,OFF-PA-10000100,4,20.79,2017-07-26,2017-07-29,Late,83.16
PUR006826,2017-07-20,ST593,SUP002,TEC-PH-10000376,12,7.79,2017-07-26,2017-07-29,Late,93.48
PUR006827,2017-07-20,ST393,SUP009,OFF-BI-10002026,9,25.37,2017-07-23,2017-07-28,Late,228.33
PUR006828,2017-07-20,ST431,SUP011,FUR-CH-10001146,9,48.96,2017-07-23,2017-07-26,Late,440.64
PUR006829,2017-07-20,ST531,SUP015,OFF-PA-10004082,20,4.35,2017-07-27,2017-07-30,Late,87.0
PUR006830,2017-07-20,ST091,SUP001,FUR-TA-10000198,13,487.7,2017-07-23,2017-07-24,Late,6340.099999999999
PUR006831,2017-07-20,ST202,SUP009,OFF-EN-10003001,13,47.09,2017-07-27,2017-07-26,Early,612.1700000000001
PUR006832,2017-07-20,ST210,SUP014,TEC-PH-10001760,4,97.2,2017-07-24,2017-07-23,Early,388.8
PUR006833,2017-07-20,ST034,SUP001,OFF-PA-10003893,7,2.31,2017-07-27,2017-07-31,Late,16.17
PUR006834,2017-07-20,ST244,SUP012,FUR-FU-10001706,8,1.66,2017-07-24,2017-07-27,Late,13.28
PUR006835,2017-07-20,ST044,SUP010,TEC-AC-10002345,15,10.32,2017-07-24,2017-07-23,Early,154.8
PUR006836,2017-07-20,ST459,SUP011,OFF-PA-10001970,9,16.73,2017-07-27,2017-07-27,On Time,150.57
PUR006837,2017-07-20,ST217,SUP010,OFF-ST-10000321,4,7.66,2017-07-27,2017-07-28,Late,30.64
PUR006838,2017-07-20,ST533,SUP008,FUR-CH-10000454,11,186.25,2017-07-23,2017-07-28,Late,2048.75
PUR006839,2017-07-20,ST414,SUP007,TEC-PH-10003072,15,80.67,2017-07-24,2017-07-28,Late,1210.05
PUR006840,2017-07-20,ST139,SUP013,OFF-ST-10003455,10,12.35,2017-07-23,2017-07-26,Late,123.5
PUR006841,2017-07-20,ST095,SUP012,OFF-ST-10000136,9,27.05,2017-07-24,2017-07-25,Late,243.45000000000002
PUR006842,2017-07-20,ST446,SUP007,FUR-CH-10004860,7,99.53,2017-07-25,2017-07-27,Late,696.71
PUR006843,2017-07-20,ST423,SUP014,OFF-ST-10001590,10,9.27,2017-07-25,2017-07-26,Late,92.69999999999999
PUR006844,2017-07-20,ST573,SUP011,FUR-CH-10004698,2,55.48,2017-07-24,2017-07-29,Late,110.96
PUR006845,2017-07-20,ST445,SUP010,FUR-FU-10000246,7,9.0,2017-07-26,2017-07-26,On Time,63.0
PUR006846,2017-07-20,ST336,SUP011,OFF-EN-10004955,16,2.81,2017-07-27,2017-07-26,Early,44.96
PUR006847,2017-07-20,ST310,SUP014,OFF-BI-10002813,19,1.08,2017-07-25,2017-07-28,Late,20.520000000000003
PUR006848,2017-07-20,ST540,SUP007,OFF-EN-10004483,20,7.75,2017-07-26,2017-07-30,Late,155.0
PUR006849,2017-07-20,ST394,SUP005,OFF-AP-10002906,4,1.49,2017-07-27,2017-07-27,On Time,5.96
PUR006850,2017-07-20,ST256,SUP006,FUR-TA-10003715,20,201.4,2017-07-23,2017-07-28,Late,4028.0
PUR006851,2017-07-20,ST414,SUP007,OFF-ST-10004963,12,14.04,2017-07-25,2017-07-29,Late,168.48
PUR006852,2017-07-20,ST011,SUP005,OFF-LA-10004425,6,1.44,2017-07-24,2017-07-28,Late,8.64
PUR006853,2017-07-20,ST012,SUP010,OFF-LA-10004544,14,7.83,2017-07-27,2017-07-30,Late,109.62
PUR006854,2017-07-20,ST398,SUP010,OFF-LA-10003223,14,2.39,2017-07-26,2017-07-28,Late,33.46
PUR006855,2017-07-20,ST125,SUP015,TEC-PH-10004924,18,4.92,2017-07-27,2017-07-27,On Time,88.56
PUR006856,2017-07-20,ST150,SUP013,TEC-MA-10003183,6,81.22,2017-07-24,2017-07-28,Late,487.32
PUR006857,2017-07-20,ST503,SUP009,OFF-ST-10002406,6,10.27,2017-07-24,2017-07-24,On Time,61.62
PUR006858,2017-07-20,ST236,SUP004,OFF-AP-10002945,3,190.42,2017-07-26,2017-07-30,Late,571.26
PUR006859,2017-07-20,ST397,SUP001,OFF-AR-10004078,19,4.31,2017-07-23,2017-07-23,On Time,81.88999999999999
PUR006860,2017-07-20,ST309,SUP015,TEC-PH-10004080,18,48.11,2017-07-27,2017-07-28,Late,865.98
PUR006861,2017-07-20,ST272,SUP001,FUR-CH-10000015,17,160.33,2017-07-25,2017-07-26,Late,2725.61
PUR006862,2017-07-20,ST334,SUP013,TEC-PH-10002817,20,93.64,2017-07-26,2017-07-30,Late,1872.8
PUR006863,2017-07-20,ST381,SUP011,FUR-TA-10001676,14,37.54,2017-07-26,2017-07-29,Late,525.56
PUR006864,2017-07-20,ST056,SUP001,OFF-PA-10004621,14,3.41,2017-07-25,2017-07-26,Late,47.74
PUR006865,2017-07-20,ST406,SUP003,OFF-BI-10003982,4,11.78,2017-07-26,2017-07-30,Late,47.12
PUR006866,2017-07-20,ST617,SUP005,OFF-ST-10000777,15,25.89,2017-07-25,2017-07-25,On Time,388.35
PUR006867,2017-07-20,ST479,SUP003,FUR-FU-10000010,15,3.71,2017-07-23,2017-07-24,Late,55.65
PUR006868,2017-07-20,ST364,SUP007,OFF-BI-10001989,15,10.05,2017-07-24,2017-07-25,Late,150.75
PUR006869,2017-07-20,ST299,SUP001,OFF-LA-10000248,10,1.83,2017-07-24,2017-07-23,Early,18.3
PUR006870,2017-07-20,ST467,SUP005,OFF-PA-10001526,18,2.5,2017-07-23,2017-07-28,Late,45.0
PUR006871,2017-07-20,ST334,SUP004,TEC-PH-10004094,13,108.51,2017-07-23,2017-07-27,Late,1410.63
PUR006872,2017-07-20,ST356,SUP009,OFF-PA-10004530,20,5.38,2017-07-23,2017-07-28,Late,107.6
PUR006873,2017-07-20,ST104,SUP011,FUR-FU-10000221,12,3.29,2017-07-24,2017-07-24,On Time,39.480000000000004
PUR006874,2017-07-20,ST328,SUP009,FUR-FU-10003919,12,31.67,2017-07-23,2017-07-26,Late,380.04
PUR006875,2017-07-20,ST191,SUP004,OFF-BI-10000829,4,2.49,2017-07-24,2017-07-28,Late,9.96
PUR006876,2017-07-20,ST488,SUP015,OFF-ST-10000419,20,13.45,2017-07-26,2017-07-28,Late,269.0
PUR006877,2017-07-20,ST606,SUP008,OFF-ST-10000344,8,9.31,2017-07-23,2017-07-28,Late,74.48
PUR006878,2017-07-20,ST562,SUP004,OFF-ST-10004337,10,56.69,2017-07-23,2017-07-22,Early,566.9
PUR006879,2017-07-20,ST518,SUP012,OFF-BI-10003638,14,9.49,2017-07-27,2017-07-26,Early,132.86
PUR006880,2017-07-20,ST155,SUP006,FUR-FU-10001475,17,13.18,2017-07-24,2017-07-27,Late,224.06
PUR006881,2017-08-05,ST471,SUP006,TEC-PH-10003811,4,86.89,2017-08-10,2017-08-13,Late,347.56
PUR006882,2017-08-05,ST022,SUP010,OFF-PA-10000312,15,11.99,2017-08-10,2017-08-15,Late,179.85
PUR006883,2017-08-05,ST185,SUP012,TEC-CO-10002095,6,273.51,2017-08-10,2017-08-13,Late,1641.06
PUR006884,2017-08-05,ST297,SUP002,FUR-FU-10000672,15,7.13,2017-08-09,2017-08-10,Late,106.95
PUR006885,2017-08-05,ST320,SUP001,OFF-AR-10000462,18,0.97,2017-08-08,2017-08-12,Late,17.46
PUR006886,2017-08-05,ST376,SUP015,OFF-BI-10001636,17,4.53,2017-08-08,2017-08-08,On Time,77.01
PUR006887,2017-08-05,ST610,SUP001,FUR-FU-10003096,3,4.26,2017-08-09,2017-08-09,On Time,12.78
PUR006888,2017-08-05,ST467,SUP010,OFF-PA-10003349,5,3.24,2017-08-10,2017-08-11,Late,16.200000000000003
PUR006889,2017-08-05,ST290,SUP002,TEC-AC-10004864,8,22.16,2017-08-11,2017-08-11,On Time,177.28
PUR006890,2017-08-05,ST085,SUP004,FUR-CH-10002647,6,48.38,2017-08-12,2017-08-12,On Time,290.28000000000003
PUR006891,2017-08-05,ST090,SUP013,OFF-PA-10000130,16,2.25,2017-08-09,2017-08-11,Late,36.0
PUR006892,2017-08-05,ST045,SUP007,FUR-FU-10003394,15,57.04,2017-08-09,2017-08-09,On Time,855.6
PUR006893,2017-08-05,ST424,SUP015,TEC-PH-10001299,8,105.87,2017-08-10,2017-08-11,Late,846.96
PUR006894,2017-08-05,ST150,SUP013,FUR-FU-10001706,18,1.45,2017-08-10,2017-08-12,Late,26.099999999999998
PUR006895,2017-08-05,ST432,SUP003,OFF-BI-10004224,12,35.76,2017-08-11,2017-08-11,On Time,429.12
PUR006896,2017-08-05,ST485,SUP007,OFF-EN-10002230,3,46.03,2017-08-08,2017-08-08,On Time,138.09
PUR006897,2017-08-05,ST008,SUP002,OFF-LA-10001613,16,1.53,2017-08-08,2017-08-09,Late,24.48
PUR006898,2017-08-05,ST437,SUP001,OFF-LA-10000634,15,1.42,2017-08-12,2017-08-11,Early,21.299999999999997
PUR006899,2017-08-05,ST073,SUP002,TEC-AC-10003657,12,26.31,2017-08-09,2017-08-08,Early,315.71999999999997
PUR006900,2017-08-05,ST465,SUP007,FUR-CH-10000225,18,70.64,2017-08-12,2017-08-12,On Time,1271.52
PUR006901,2017-08-05,ST193,SUP006,OFF-SU-10000432,7,3.61,2017-08-12,2017-08-17,Late,25.27
PUR006902,2017-08-05,ST237,SUP015,TEC-MA-10002859,9,50.18,2017-08-08,2017-08-12,Late,451.62
PUR006903,2017-08-05,ST597,SUP005,FUR-BO-10002613,13,187.74,2017-08-10,2017-08-09,Early,2440.62
PUR006904,2017-08-05,ST058,SUP014,TEC-AC-10001114,15,26.27,2017-08-11,2017-08-14,Late,394.05
PUR006905,2017-08-05,ST111,SUP014,OFF-AP-10002311,11,36.13,2017-08-12,2017-08-12,On Time,397.43
PUR006906,2017-08-05,ST406,SUP003,FUR-BO-10002202,3,159.05,2017-08-10,2017-08-12,Late,477.15000000000003
PUR006907,2017-08-05,ST339,SUP011,OFF-PA-10001593,18,3.48,2017-08-08,2017-08-11,Late,62.64
PUR006908,2017-08-05,ST312,SUP001,FUR-FU-10003374,2,32.99,2017-08-08,2017-08-13,Late,65.98
PUR006909,2017-08-05,ST558,SUP005,OFF-EN-10003001,4,42.93,2017-08-12,2017-08-11,Early,171.72
PUR006910,2017-08-05,ST227,SUP010,OFF-SU-10004661,12,5.78,2017-08-09,2017-08-10,Late,69.36
PUR006911,2017-08-05,ST254,SUP012,OFF-PA-10001870,14,3.55,2017-08-09,2017-08-11,Late,49.699999999999996
PUR006912,2017-08-05,ST324,SUP001,FUR-FU-10004864,8,32.0,2017-08-11,2017-08-15,Late,256.0
PUR006913,2017-08-05,ST477,SUP004,TEC-AC-10002006,13,11.47,2017-08-08,2017-08-07,Early,149.11
PUR006914,2017-08-05,ST289,SUP015,OFF-PA-10000380,20,4.44,2017-08-08,2017-08-10,Late,88.80000000000001
PUR006915,2017-08-05,ST460,SUP015,OFF-BI-10002852,10,7.96,2017-08-08,2017-08-12,Late,79.6
PUR006916,2017-08-05,ST011,SUP008,OFF-SU-10000157,6,107.47,2017-08-10,2017-08-12,Late,644.8199999999999
PUR006917,2017-08-05,ST350,SUP003,OFF-PA-10002036,3,3.05,2017-08-12,2017-08-12,On Time,9.149999999999999
PUR006918,2017-08-05,ST230,SUP014,OFF-ST-10002554,19,51.75,2017-08-09,2017-08-13,Late,983.25
PUR006919,2017-08-05,ST460,SUP002,OFF-PA-10002586,20,2.77,2017-08-12,2017-08-13,Late,55.4
PUR006920,2017-08-05,ST388,SUP008,TEC-CO-10001571,14,276.6,2017-08-12,2017-08-14,Late,3872.4000000000005
PUR006921,2017-08-05,ST097,SUP010,OFF-PA-10001609,13,1.61,2017-08-11,2017-08-15,Late,20.93
PUR006922,2017-08-05,ST577,SUP013,TEC-PH-10000213,9,24.42,2017-08-09,2017-08-08,Early,219.78000000000003
PUR006923,2017-08-05,ST356,SUP011,OFF-PA-10000806,4,31.3,2017-08-10,2017-08-15,Late,125.2
PUR006924,2017-08-05,ST622,SUP007,OFF-BI-10001597,20,19.54,2017-08-12,2017-08-12,On Time,390.79999999999995
PUR006925,2017-08-05,ST500,SUP002,TEC-PH-10001128,9,112.69,2017-08-12,2017-08-12,On Time,1014.21
PUR006926,2017-08-05,ST029,SUP008,FUR-TA-10001771,14,165.87,2017-08-12,2017-08-15,Late,2322.1800000000003
PUR006927,2017-08-05,ST395,SUP001,TEC-CO-10003763,10,387.52,2017-08-10,2017-08-14,Late,3875.2
PUR006928,2017-08-05,ST364,SUP014,FUR-FU-10000723,11,40.82,2017-08-09,2017-08-13,Late,449.02
PUR006929,2017-08-05,ST378,SUP015,OFF-ST-10004804,12,51.69,2017-08-11,2017-08-10,Early,620.28
PUR006930,2017-08-05,ST378,SUP007,FUR-FU-10002813,17,13.87,2017-08-08,2017-08-11,Late,235.79
PUR006931,2017-08-05,ST013,SUP014,FUR-BO-10004015,10,91.57,2017-08-11,2017-08-14,Late,915.6999999999999
PUR006932,2017-08-05,ST187,SUP011,OFF-BI-10003291,12,4.56,2017-08-11,2017-08-10,Early,54.72
PUR006933,2017-08-05,ST421,SUP003,OFF-AR-10004685,20,3.2,2017-08-08,2017-08-13,Late,64.0
PUR006934,2017-08-05,ST393,SUP014,FUR-FU-10000732,6,4.68,2017-08-08,2017-08-07,Early,28.08
PUR006935,2017-08-05,ST021,SUP014,OFF-AR-10003217,19,3.48,2017-08-08,2017-08-07,Early,66.12
PUR006936,2017-08-05,ST602,SUP001,TEC-MA-10001031,9,108.29,2017-08-08,2017-08-11,Late,974.61
PUR006937,2017-08-05,ST570,SUP001,OFF-BI-10000320,10,4.02,2017-08-08,2017-08-12,Late,40.199999999999996
PUR006938,2017-08-05,ST202,SUP014,OFF-ST-10002214,16,7.6,2017-08-09,2017-08-11,Late,121.6
PUR006939,2017-08-05,ST025,SUP009,FUR-FU-10004963,14,5.24,2017-08-10,2017-08-15,Late,73.36
PUR006940,2017-08-05,ST503,SUP014,FUR-TA-10001039,18,63.14,2017-08-11,2017-08-16,Late,1136.52
PUR006941,2017-08-05,ST603,SUP011,OFF-ST-10001469,3,46.53,2017-08-11,2017-08-11,On Time,139.59
PUR006942,2017-08-05,ST103,SUP015,OFF-BI-10000756,14,2.12,2017-08-08,2017-08-11,Late,29.68
PUR006943,2017-08-05,ST615,SUP011,FUR-FU-10000277,12,78.89,2017-08-11,2017-08-12,Late,946.6800000000001
PUR006944,2017-08-05,ST461,SUP008,OFF-ST-10001476,15,23.48,2017-08-09,2017-08-13,Late,352.2
PUR006945,2017-08-05,ST400,SUP006,TEC-PH-10004908,12,64.99,2017-08-12,2017-08-16,Late,779.8799999999999
PUR006946,2017-08-05,ST172,SUP014,FUR-FU-10001986,5,39.19,2017-08-09,2017-08-08,Early,195.95
PUR006947,2017-08-05,ST124,SUP015,OFF-BI-10002071,13,3.37,2017-08-09,2017-08-10,Late,43.81
PUR006948,2017-08-05,ST583,SUP015,OFF-BI-10004970,14,2.08,2017-08-11,2017-08-16,Late,29.12
PUR006949,2017-08-05,ST625,SUP013,FUR-TA-10003473,11,302.98,2017-08-09,2017-08-10,Late,3332.78
PUR006950,2017-08-05,ST109,SUP006,FUR-FU-10001940,3,4.06,2017-08-11,2017-08-13,Late,12.18
PUR006951,2017-08-05,ST538,SUP012,OFF-AR-10001026,10,1.33,2017-08-11,2017-08-15,Late,13.3
PUR006952,2017-08-05,ST124,SUP009,OFF-FA-10001561,17,1.37,2017-08-12,2017-08-12,On Time,23.290000000000003
PUR006953,2017-08-05,ST269,SUP008,OFF-SU-10000381,5,6.6,2017-08-12,2017-08-14,Late,33.0
PUR006954,2017-08-05,ST245,SUP010,OFF-FA-10000490,11,0.66,2017-08-10,2017-08-15,Late,7.260000000000001
PUR006955,2017-08-05,ST222,SUP005,OFF-EN-10002600,12,1.58,2017-08-12,2017-08-12,On Time,18.96
PUR006956,2017-08-05,ST605,SUP010,OFF-AR-10004582,13,0.88,2017-08-11,2017-08-16,Late,11.44
PUR006957,2017-08-05,ST037,SUP003,OFF-AP-10002350,5,12.69,2017-08-08,2017-08-11,Late,63.449999999999996
PUR006958,2017-08-05,ST261,SUP007,FUR-BO-10004695,8,127.14,2017-08-11,2017-08-15,Late,1017.12
PUR006959,2017-08-05,ST503,SUP007,FUR-FU-10000820,20,12.88,2017-08-08,2017-08-11,Late,257.6
PUR006960,2017-08-05,ST590,SUP010,OFF-BI-10003364,4,15.38,2017-08-09,2017-08-09,On Time,61.52
PUR006961,2017-08-20,ST218,SUP001,OFF-BI-10002071,13,2.97,2017-08-23,2017-08-23,On Time,38.61
PUR006962,2017-08-20,ST041,SUP004,TEC-PH-10004094,19,116.49,2017-08-25,2017-08-29,Late,2213.31
PUR006963,2017-08-20,ST489,SUP009,OFF-PA-10004100,14,3.39,2017-08-25,2017-08-25,On Time,47.46
PUR006964,2017-08-20,ST183,SUP006,OFF-AR-10000823,9,1.27,2017-08-26,2017-08-30,Late,11.43
PUR006965,2017-08-20,ST284,SUP010,TEC-AC-10004227,7,11.12,2017-08-27,2017-08-29,Late,77.83999999999999
PUR006966,2017-08-20,ST117,SUP002,TEC-AC-10001553,10,13.37,2017-08-24,2017-08-27,Late,133.7
PUR006967,2017-08-20,ST604,SUP014,TEC-AC-10003095,7,84.13,2017-08-24,2017-08-25,Late,588.91
PUR006968,2017-08-20,ST585,SUP004,FUR-CH-10000015,13,148.17,2017-08-24,2017-08-29,Late,1926.2099999999998
PUR006969,2017-08-20,ST085,SUP004,TEC-PH-10003963,6,141.38,2017-08-26,2017-08-30,Late,848.28
PUR006970,2017-08-20,ST009,SUP006,OFF-FA-10000585,16,1.89,2017-08-24,2017-08-27,Late,30.24
PUR006971,2017-08-20,ST450,SUP013,FUR-FU-10003577,10,9.52,2017-08-25,2017-08-30,Late,95.19999999999999
PUR006972,2017-08-20,ST507,SUP008,OFF-ST-10002574,3,133.06,2017-08-26,2017-08-31,Late,399.18
PUR006973,2017-08-20,ST209,SUP005,OFF-BI-10004001,20,8.43,2017-08-23,2017-08-23,On Time,168.6
PUR006974,2017-08-20,ST327,SUP011,OFF-AR-10004078,11,3.85,2017-08-24,2017-08-25,Late,42.35
PUR006975,2017-08-20,ST079,SUP012,OFF-PA-10004248,9,2.91,2017-08-23,2017-08-27,Late,26.19
PUR006976,2017-08-20,ST602,SUP001,OFF-AP-10001005,12,52.64,2017-08-24,2017-08-26,Late,631.6800000000001
PUR006977,2017-08-20,ST528,SUP005,OFF-FA-10004854,7,5.54,2017-08-23,2017-08-27,Late,38.78
PUR006978,2017-08-20,ST383,SUP012,OFF-BI-10004308,8,10.24,2017-08-26,2017-08-30,Late,81.92
PUR006979,2017-08-20,ST627,SUP003,OFF-LA-10001297,13,5.91,2017-08-25,2017-08-25,On Time,76.83
PUR006980,2017-08-20,ST549,SUP007,FUR-TA-10002228,8,280.93,2017-08-26,2017-08-31,Late,2247.44
PUR006981,2017-08-20,ST534,SUP013,OFF-BI-10002813,16,1.19,2017-08-27,2017-08-28,Late,19.04
PUR006982,2017-08-20,ST279,SUP010,TEC-PH-10000486,12,74.39,2017-08-24,2017-08-29,Late,892.6800000000001
PUR006983,2017-08-20,ST273,SUP005,OFF-PA-10004353,20,10.69,2017-08-23,2017-08-22,Early,213.79999999999998
PUR006984,2017-08-20,ST499,SUP003,TEC-PH-10002538,4,24.31,2017-08-27,2017-08-29,Late,97.24
PUR006985,2017-08-20,ST286,SUP006,TEC-AC-10004510,10,15.08,2017-08-27,2017-08-27,On Time,150.8
PUR006986,2017-08-20,ST110,SUP001,OFF-BI-10002412,5,3.46,2017-08-27,2017-09-01,Late,17.3
PUR006987,2017-08-20,ST630,SUP015,TEC-AC-10002647,4,58.58,2017-08-26,2017-08-29,Late,234.32
PUR006988,2017-08-20,ST601,SUP003,OFF-BI-10000088,5,5.28,2017-08-24,2017-08-25,Late,26.400000000000002
PUR006989,2017-08-20,ST216,SUP006,TEC-AC-10004568,16,24.81,2017-08-27,2017-08-28,Late,396.96
PUR006990,2017-08-20,ST104,SUP002,TEC-AC-10002049,18,167.58,2017-08-23,2017-08-24,Late,3016.44
PUR006991,2017-08-20,ST307,SUP004,FUR-CH-10002880,17,99.34,2017-08-26,2017-08-27,Late,1688.78
PUR006992,2017-08-20,ST422,SUP002,FUR-FU-10002396,14,6.64,2017-08-25,2017-08-30,Late,92.96
PUR006993,2017-08-20,ST343,SUP005,OFF-PA-10004041,7,3.98,2017-08-25,2017-08-26,Late,27.86
PUR006994,2017-08-20,ST183,SUP001,OFF-AP-10002651,15,225.68,2017-08-23,2017-08-28,Late,3385.2000000000003
PUR006995,2017-08-20,ST399,SUP005,OFF-PA-10002713,9,3.6,2017-08-27,2017-08-31,Late,32.4
PUR006996,2017-08-20,ST584,SUP004,TEC-PH-10004006,7,27.95,2017-08-25,2017-08-24,Early,195.65
PUR006997,2017-08-20,ST456,SUP002,TEC-AC-10003399,17,22.43,2017-08-24,2017-08-28,Late,381.31
PUR006998,2017-08-20,ST393,SUP007,FUR-CH-10004997,11,142.24,2017-08-23,2017-08-28,Late,1564.64
PUR006999,2017-08-20,ST484,SUP005,OFF-ST-10001128,12,114.82,2017-08-23,2017-08-27,Late,1377.84
PUR007000,2017-08-20,ST256,SUP013,TEC-AC-10004353,3,39.03,2017-08-27,2017-08-30,Late,117.09
PUR007001,2017-08-20,ST367,SUP010,OFF-BI-10003669,4,2.56,2017-08-23,2017-08-25,Late,10.24
PUR007002,2017-08-20,ST266,SUP002,OFF-ST-10002011,8,296.05,2017-08-23,2017-08-27,Late,2368.4
PUR007003,2017-08-20,ST170,SUP003,OFF-ST-10001490,7,112.45,2017-08-25,2017-08-29,Late,787.15
PUR007004,2017-08-20,ST069,SUP007,OFF-BI-10000050,5,3.86,2017-08-26,2017-08-29,Late,19.3
PUR007005,2017-08-20,ST447,SUP006,OFF-BI-10003684,3,11.89,2017-08-25,2017-08-29,Late,35.67
PUR007006,2017-08-20,ST344,SUP015,TEC-PH-10003931,4,45.25,2017-08-25,2017-08-24,Early,181.0
PUR007007,2017-08-20,ST446,SUP004,TEC-AC-10004571,8,54.73,2017-08-26,2017-08-27,Late,437.84
PUR007008,2017-08-20,ST612,SUP006,TEC-PH-10004071,2,6.77,2017-08-23,2017-08-24,Late,13.54
PUR007009,2017-08-20,ST328,SUP015,OFF-AR-10002833,15,1.38,2017-08-27,2017-08-26,Early,20.7
PUR007010,2017-08-20,ST383,SUP002,FUR-FU-10003724,16,6.38,2017-08-26,2017-08-29,Late,102.08
PUR007011,2017-08-20,ST338,SUP012,OFF-PA-10004359,7,55.24,2017-08-24,2017-08-28,Late,386.68
PUR007012,2017-08-20,ST088,SUP003,OFF-AR-10003251,11,1.7,2017-08-27,2017-09-01,Late,18.7
PUR007013,2017-08-20,ST290,SUP002,OFF-PA-10001712,5,5.65,2017-08-24,2017-08-27,Late,28.25
PUR007014,2017-08-20,ST516,SUP005,FUR-TA-10003008,20,171.86,2017-08-23,2017-08-24,Late,3437.2000000000003
PUR007015,2017-08-20,ST087,SUP013,OFF-PA-10003651,5,3.32,2017-08-24,2017-08-29,Late,16.599999999999998
PUR007016,2017-08-20,ST407,SUP012,OFF-ST-10001228,18,11.3,2017-08-27,2017-08-30,Late,203.4
PUR007017,2017-08-20,ST173,SUP005,OFF-PA-10003724,8,2.81,2017-08-26,2017-08-27,Late,22.48
PUR007018,2017-08-20,ST167,SUP002,OFF-BI-10001982,6,2.5,2017-08-23,2017-08-22,Early,15.0
PUR007019,2017-08-20,ST156,SUP001,FUR-FU-10003829,16,2.01,2017-08-23,2017-08-26,Late,32.16
PUR007020,2017-08-20,ST315,SUP012,FUR-TA-10002774,18,131.68,2017-08-26,2017-08-29,Late,2370.2400000000002
PUR007021,2017-08-20,ST401,SUP009,FUR-TA-10002607,18,59.71,2017-08-26,2017-08-27,Late,1074.78
PUR007022,2017-08-20,ST556,SUP012,FUR-TA-10003748,11,97.95,2017-08-24,2017-08-26,Late,1077.45
PUR007023,2017-08-20,ST128,SUP010,OFF-SU-10000646,7,253.65,2017-08-24,2017-08-28,Late,1775.55
PUR007024,2017-08-20,ST335,SUP011,FUR-TA-10003238,14,442.46,2017-08-27,2017-08-26,Early,6194.44
PUR007025,2017-08-20,ST591,SUP005,OFF-BI-10000301,15,3.11,2017-08-23,2017-08-24,Late,46.65
PUR007026,2017-08-20,ST117,SUP012,OFF-EN-10000927,8,20.91,2017-08-27,2017-08-31,Late,167.28
PUR007027,2017-08-20,ST196,SUP002,OFF-ST-10002583,2,33.63,2017-08-23,2017-08-26,Late,67.26
PUR007028,2017-08-20,ST105,SUP004,OFF-PA-10000143,12,2.96,2017-08-25,2017-08-27,Late,35.519999999999996
PUR007029,2017-08-20,ST242,SUP015,OFF-AR-10003394,19,2.26,2017-08-25,2017-08-25,On Time,42.94
PUR007030,2017-08-20,ST013,SUP012,OFF-BI-10001132,19,2.61,2017-08-24,2017-08-24,On Time,49.589999999999996
PUR007031,2017-08-20,ST489,SUP007,OFF-PA-10002552,10,3.3,2017-08-23,2017-08-27,Late,33.0
PUR007032,2017-08-20,ST011,SUP003,OFF-BI-10002012,9,1.03,2017-08-24,2017-08-25,Late,9.27
PUR007033,2017-08-20,ST260,SUP013,OFF-BI-10000343,9,2.83,2017-08-24,2017-08-24,On Time,25.47
PUR007034,2017-08-20,ST041,SUP013,OFF-BI-10000977,19,16.17,2017-08-26,2017-08-28,Late,307.23
PUR007035,2017-08-20,ST138,SUP013,OFF-PA-10003016,14,1.56,2017-08-27,2017-08-31,Late,21.84
PUR007036,2017-08-20,ST605,SUP011,OFF-BI-10003694,8,5.81,2017-08-27,2017-08-29,Late,46.48
PUR007037,2017-08-20,ST482,SUP015,OFF-AR-10003876,15,1.9,2017-08-25,2017-08-24,Early,28.5
PUR007038,2017-08-20,ST512,SUP015,OFF-PA-10001166,19,5.22,2017-08-26,2017-08-31,Late,99.17999999999999
PUR007039,2017-08-20,ST347,SUP008,FUR-TA-10001520,6,54.2,2017-08-24,2017-08-29,Late,325.20000000000005
PUR007040,2017-08-20,ST021,SUP001,OFF-BI-10001071,11,34.87,2017-08-24,2017-08-29,Late,383.57
PUR007041,2017-09-05,ST380,SUP015,OFF-BI-10004970,8,2.28,2017-09-08,2017-09-07,Early,18.24
PUR007042,2017-09-05,ST291,SUP003,TEC-AC-10004127,17,7.8,2017-09-11,2017-09-16,Late,132.6
PUR007043,2017-09-05,ST443,SUP003,FUR-FU-10000397,6,13.91,2017-09-10,2017-09-11,Late,83.46000000000001
PUR007044,2017-09-05,ST545,SUP013,OFF-ST-10001526,4,87.92,2017-09-12,2017-09-16,Late,351.68
PUR007045,2017-09-05,ST445,SUP008,FUR-CH-10002880,8,111.51,2017-09-09,2017-09-12,Late,892.08
PUR007046,2017-09-05,ST225,SUP003,OFF-ST-10001321,19,10.85,2017-09-12,2017-09-16,Late,206.15
PUR007047,2017-09-05,ST524,SUP003,FUR-FU-10001940,5,4.73,2017-09-12,2017-09-12,On Time,23.650000000000002
PUR007048,2017-09-05,ST171,SUP011,FUR-CH-10004997,14,154.84,2017-09-11,2017-09-14,Late,2167.76
PUR007049,2017-09-05,ST041,SUP008,OFF-AP-10004859,15,10.66,2017-09-10,2017-09-10,On Time,159.9
PUR007050,2017-09-05,ST468,SUP015,OFF-AP-10000828,9,126.46,2017-09-09,2017-09-08,Early,1138.1399999999999
PUR007051,2017-09-05,ST593,SUP006,TEC-AC-10003038,18,7.42,2017-09-09,2017-09-08,Early,133.56
PUR007052,2017-09-05,ST593,SUP011,FUR-CH-10000225,4,80.4,2017-09-12,2017-09-12,On Time,321.6
PUR007053,2017-09-05,ST256,SUP006,FUR-FU-10000222,4,22.42,2017-09-10,2017-09-14,Late,89.68
PUR007054,2017-09-05,ST008,SUP006,OFF-PA-10003441,16,3.52,2017-09-11,2017-09-16,Late,56.32
PUR007055,2017-09-05,ST007,SUP006,OFF-PA-10004101,2,3.37,2017-09-12,2017-09-15,Late,6.74
PUR007056,2017-09-05,ST592,SUP011,OFF-AP-10002082,11,14.34,2017-09-12,2017-09-15,Late,157.74
PUR007057,2017-09-05,ST468,SUP006,OFF-AR-10001988,14,4.0,2017-09-11,2017-09-14,Late,56.0
PUR007058,2017-09-05,ST129,SUP007,OFF-BI-10003712,15,2.61,2017-09-08,2017-09-08,On Time,39.15
PUR007059,2017-09-05,ST334,SUP013,OFF-FA-10002975,19,2.22,2017-09-12,2017-09-13,Late,42.18000000000001
PUR007060,2017-09-05,ST264,SUP014,OFF-PA-10000740,4,12.61,2017-09-12,2017-09-13,Late,50.44
PUR007061,2017-09-05,ST167,SUP003,OFF-FA-10003021,13,1.17,2017-09-10,2017-09-13,Late,15.209999999999999
PUR007062,2017-09-05,ST194,SUP004,OFF-BI-10003655,12,1.95,2017-09-08,2017-09-12,Late,23.4
PUR007063,2017-09-05,ST302,SUP006,OFF-LA-10002195,12,1.64,2017-09-08,2017-09-11,Late,19.68
PUR007064,2017-09-05,ST363,SUP012,OFF-LA-10000452,15,1.54,2017-09-08,2017-09-12,Late,23.1
PUR007065,2017-09-05,ST510,SUP007,OFF-BI-10001071,5,29.54,2017-09-10,2017-09-11,Late,147.7
PUR007066,2017-09-05,ST440,SUP014,OFF-BI-10002706,5,7.98,2017-09-09,2017-09-11,Late,39.900000000000006
PUR007067,2017-09-05,ST344,SUP001,OFF-BI-10002852,13,8.8,2017-09-08,2017-09-09,Late,114.4
PUR007068,2017-09-05,ST146,SUP008,OFF-AR-10004582,4,0.9,2017-09-09,2017-09-09,On Time,3.6
PUR007069,2017-09-05,ST499,SUP014,FUR-FU-10000076,10,10.56,2017-09-12,2017-09-17,Late,105.60000000000001
PUR007070,2017-09-05,ST204,SUP001,TEC-MA-10000488,16,609.84,2017-09-09,2017-09-09,On Time,9757.44
PUR007071,2017-09-05,ST083,SUP009,OFF-LA-10003766,19,1.51,2017-09-11,2017-09-10,Early,28.69
PUR007072,2017-09-05,ST584,SUP011,FUR-CH-10003817,18,48.43,2017-09-09,2017-09-10,Late,871.74
PUR007073,2017-09-05,ST328,SUP012,OFF-BI-10002764,11,1.7,2017-09-09,2017-09-14,Late,18.7
PUR007074,2017-09-05,ST452,SUP003,FUR-FU-10003724,5,5.66,2017-09-10,2017-09-13,Late,28.3
PUR007075,2017-09-05,ST510,SUP014,OFF-LA-10002762,15,6.3,2017-09-09,2017-09-08,Early,94.5
PUR007076,2017-09-05,ST211,SUP014,OFF-AP-10002684,4,81.8,2017-09-09,2017-09-08,Early,327.2
PUR007077,2017-09-05,ST413,SUP009,OFF-BI-10003707,2,8.39,2017-09-09,2017-09-09,On Time,16.78
PUR007078,2017-09-05,ST343,SUP012,OFF-BI-10001679,3,4.72,2017-09-12,2017-09-13,Late,14.16
PUR007079,2017-09-05,ST546,SUP014,OFF-PA-10001947,2,2.76,2017-09-08,2017-09-11,Late,5.52
PUR007080,2017-09-05,ST305,SUP007,OFF-PA-10004735,2,3.2,2017-09-12,2017-09-13,Late,6.4
PUR007081,2017-09-05,ST046,SUP015,OFF-BI-10002735,4,18.83,2017-09-09,2017-09-08,Early,75.32
PUR007082,2017-09-05,ST259,SUP002,OFF-AR-10003504,18,2.83,2017-09-08,2017-09-11,Late,50.94
PUR007083,2017-09-05,ST531,SUP003,OFF-AP-10002518,4,125.05,2017-09-10,2017-09-12,Late,500.2
PUR007084,2017-09-05,ST482,SUP009,FUR-FU-10001025,4,2.73,2017-09-12,2017-09-14,Late,10.92
PUR007085,2017-09-05,ST289,SUP002,OFF-LA-10003190,8,1.38,2017-09-12,2017-09-15,Late,11.04
PUR007086,2017-09-05,ST012,SUP015,FUR-CH-10002602,20,111.24,2017-09-09,2017-09-13,Late,2224.7999999999997
PUR007087,2017-09-05,ST193,SUP005,FUR-BO-10004218,6,123.22,2017-09-10,2017-09-14,Late,739.3199999999999
PUR007088,2017-09-05,ST210,SUP012,OFF-AP-10004052,17,2.78,2017-09-10,2017-09-11,Late,47.26
PUR007089,2017-09-05,ST370,SUP007,OFF-ST-10000060,6,52.66,2017-09-08,2017-09-13,Late,315.96
PUR007090,2017-09-05,ST405,SUP005,OFF-ST-10002370,3,16.11,2017-09-08,2017-09-07,Early,48.33
PUR007091,2017-09-05,ST205,SUP002,OFF-AP-10001492,2,6.54,2017-09-08,2017-09-08,On Time,13.08
PUR007092,2017-09-05,ST467,SUP012,OFF-PA-10000100,12,20.35,2017-09-12,2017-09-13,Late,244.20000000000002
PUR007093,2017-09-05,ST151,SUP008,FUR-FU-10001196,6,3.67,2017-09-09,2017-09-13,Late,22.02
PUR007094,2017-09-05,ST434,SUP006,FUR-CH-10000665,9,107.73,2017-09-11,2017-09-11,On Time,969.57
PUR007095,2017-09-05,ST079,SUP013,FUR-FU-10004973,4,10.9,2017-09-12,2017-09-17,Late,43.6
PUR007096,2017-09-05,ST509,SUP009,TEC-PH-10001299,19,117.52,2017-09-12,2017-09-17,Late,2232.88
PUR007097,2017-09-05,ST449,SUP008,FUR-BO-10003546,16,75.6,2017-09-10,2017-09-15,Late,1209.6
PUR007098,2017-09-05,ST476,SUP008,TEC-AC-10001838,4,107.56,2017-09-08,2017-09-08,On Time,430.24
PUR007099,2017-09-05,ST546,SUP002,OFF-LA-10000443,8,2.0,2017-09-12,2017-09-12,On Time,16.0
PUR007100,2017-09-05,ST165,SUP013,TEC-PH-10002310,16,120.96,2017-09-08,2017-09-09,Late,1935.36
PUR007101,2017-09-05,ST282,SUP001,TEC-AC-10001465,18,25.3,2017-09-10,2017-09-09,Early,455.40000000000003
PUR007102,2017-09-05,ST514,SUP006,OFF-AR-10000658,20,7.91,2017-09-11,2017-09-14,Late,158.2
PUR007103,2017-09-05,ST468,SUP013,OFF-PA-10000788,4,3.47,2017-09-09,2017-09-10,Late,13.88
PUR007104,2017-09-05,ST032,SUP015,TEC-PH-10003171,5,32.61,2017-09-11,2017-09-14,Late,163.05
PUR007105,2017-09-05,ST042,SUP012,OFF-ST-10001558,14,14.57,2017-09-09,2017-09-13,Late,203.98000000000002
PUR007106,2017-09-05,ST327,SUP008,OFF-LA-10003223,5,2.43,2017-09-12,2017-09-13,Late,12.15
PUR007107,2017-09-05,ST553,SUP002,FUR-TA-10002958,8,234.25,2017-09-10,2017-09-10,On Time,1874.0
PUR007108,2017-09-05,ST371,SUP001,OFF-PA-10000130,14,2.46,2017-09-10,2017-09-15,Late,34.44
PUR007109,2017-09-05,ST242,SUP013,OFF-BI-10001718,11,34.59,2017-09-12,2017-09-12,On Time,380.49
PUR007110,2017-09-05,ST324,SUP010,OFF-AR-10003856,16,1.88,2017-09-10,2017-09-09,Early,30.08
PUR007111,2017-09-05,ST431,SUP006,FUR-FU-10002253,15,24.77,2017-09-11,2017-09-10,Early,371.55
PUR007112,2017-09-05,ST480,SUP012,TEC-PH-10002262,6,46.94,2017-09-08,2017-09-13,Late,281.64
PUR007113,2017-09-05,ST286,SUP009,OFF-FA-10002280,13,2.44,2017-09-09,2017-09-08,Early,31.72
PUR007114,2017-09-05,ST357,SUP011,TEC-AC-10003614,13,7.55,2017-09-10,2017-09-15,Late,98.14999999999999
PUR007115,2017-09-05,ST290,SUP005,OFF-ST-10000563,9,29.78,2017-09-08,2017-09-10,Late,268.02
PUR007116,2017-09-05,ST424,SUP011,OFF-EN-10001099,18,5.5,2017-09-11,2017-09-13,Late,99.0
PUR007117,2017-09-05,ST602,SUP009,OFF-ST-10000419,18,14.45,2017-09-09,2017-09-13,Late,260.09999999999997
PUR007118,2017-09-05,ST109,SUP013,OFF-BI-10000088,6,6.13,2017-09-08,2017-09-12,Late,36.78
PUR007119,2017-09-05,ST010,SUP003,OFF-ST-10002344,3,78.65,2017-09-10,2017-09-09,Early,235.95000000000002
PUR007120,2017-09-05,ST128,SUP002,OFF-ST-10003208,11,128.69,2017-09-09,2017-09-10,Late,1415.59
PUR007121,2017-09-20,ST376,SUP008,TEC-PH-10003505,14,60.69,2017-09-26,2017-09-29,Late,849.66
PUR007122,2017-09-20,ST098,SUP005,OFF-BI-10000069,2,8.74,2017-09-23,2017-09-27,Late,17.48
PUR007123,2017-09-20,ST496,SUP007,FUR-FU-10001979,11,29.8,2017-09-23,2017-09-26,Late,327.8
PUR007124,2017-09-20,ST153,SUP005,OFF-BI-10001120,15,917.07,2017-09-26,2017-09-26,On Time,13756.050000000001
PUR007125,2017-09-20,ST061,SUP008,OFF-LA-10002762,11,6.38,2017-09-25,2017-09-28,Late,70.17999999999999
PUR007126,2017-09-20,ST118,SUP002,FUR-CH-10001215,19,369.3,2017-09-23,2017-09-22,Early,7016.7
PUR007127,2017-09-20,ST015,SUP013,FUR-CH-10000229,18,247.47,2017-09-24,2017-09-24,On Time,4454.46
PUR007128,2017-09-20,ST049,SUP013,FUR-FU-10004018,7,10.49,2017-09-25,2017-09-29,Late,73.43
PUR007129,2017-09-20,ST030,SUP013,OFF-BI-10002194,11,4.0,2017-09-26,2017-09-26,On Time,44.0
PUR007130,2017-09-20,ST434,SUP007,TEC-AC-10004877,6,6.1,2017-09-27,2017-09-30,Late,36.599999999999994
PUR007131,2017-09-20,ST616,SUP005,OFF-PA-10003441,17,3.48,2017-09-23,2017-09-28,Late,59.16
PUR007132,2017-09-20,ST268,SUP001,OFF-PA-10003063,8,2.14,2017-09-24,2017-09-27,Late,17.12
PUR007133,2017-09-20,ST610,SUP008,FUR-FU-10001852,5,1.25,2017-09-27,2017-09-30,Late,6.25
PUR007134,2017-09-20,ST588,SUP007,TEC-PH-10004165,20,188.95,2017-09-24,2017-09-25,Late,3779.0
PUR007135,2017-09-20,ST541,SUP014,OFF-AP-10003971,16,7.29,2017-09-23,2017-09-22,Early,116.64
PUR007136,2017-09-20,ST437,SUP009,OFF-PA-10003039,8,15.54,2017-09-25,2017-09-25,On Time,124.32
PUR007137,2017-09-20,ST271,SUP014,OFF-ST-10001837,6,30.04,2017-09-25,2017-09-29,Late,180.24
PUR007138,2017-09-20,ST523,SUP002,OFF-FA-10000735,14,1.71,2017-09-23,2017-09-23,On Time,23.939999999999998
PUR007139,2017-09-20,ST487,SUP002,OFF-AR-10003056,16,2.96,2017-09-23,2017-09-22,Early,47.36
PUR007140,2017-09-20,ST472,SUP015,TEC-AC-10003033,9,210.95,2017-09-25,2017-09-25,On Time,1898.55
PUR007141,2017-09-20,ST481,SUP007,OFF-AP-10003040,6,24.15,2017-09-25,2017-09-24,Early,144.89999999999998
PUR007142,2017-09-20,ST323,SUP003,OFF-PA-10001970,12,15.62,2017-09-23,2017-09-27,Late,187.44
PUR007143,2017-09-20,ST345,SUP002,TEC-PH-10004188,6,23.05,2017-09-25,2017-09-24,Early,138.3
PUR007144,2017-09-20,ST028,SUP014,OFF-AR-10003478,4,4.51,2017-09-24,2017-09-23,Early,18.04
PUR007145,2017-09-20,ST254,SUP002,OFF-BI-10004465,14,3.57,2017-09-26,2017-09-30,Late,49.98
PUR007146,2017-09-20,ST034,SUP013,FUR-FU-10000010,20,3.23,2017-09-25,2017-09-30,Late,64.6
PUR007147,2017-09-20,ST317,SUP011,OFF-AR-10000658,6,7.78,2017-09-25,2017-09-25,On Time,46.68
PUR007148,2017-09-20,ST251,SUP008,OFF-AR-10002240,15,29.51,2017-09-25,2017-09-30,Late,442.65000000000003
PUR007149,2017-09-20,ST140,SUP011,OFF-BI-10004519,8,92.39,2017-09-25,2017-09-30,Late,739.12
PUR007150,2017-09-20,ST420,SUP014,TEC-PH-10004977,15,128.58,2017-09-23,2017-09-27,Late,1928.7000000000003
PUR007151,2017-09-20,ST585,SUP010,OFF-AR-10000380,12,27.48,2017-09-27,2017-09-28,Late,329.76
PUR007152,2017-09-20,ST088,SUP007,TEC-MA-10001695,10,286.5,2017-09-27,2017-09-28,Late,2865.0
PUR007153,2017-09-20,ST325,SUP008,FUR-FU-10000221,12,3.23,2017-09-27,2017-09-27,On Time,38.76
PUR007154,2017-09-20,ST378,SUP012,OFF-PA-10001509,14,4.86,2017-09-23,2017-09-26,Late,68.04
PUR007155,2017-09-20,ST595,SUP010,TEC-AC-10004859,5,10.0,2017-09-25,2017-09-24,Early,50.0
PUR007156,2017-09-20,ST200,SUP003,OFF-AP-10004532,7,15.84,2017-09-25,2017-09-28,Late,110.88
PUR007157,2017-09-20,ST357,SUP014,FUR-CH-10002965,13,149.45,2017-09-27,2017-09-26,Early,1942.85
PUR007158,2017-09-20,ST342,SUP012,OFF-BI-10001757,8,2.79,2017-09-24,2017-09-27,Late,22.32
PUR007159,2017-09-20,ST508,SUP001,TEC-AC-10001432,18,39.65,2017-09-25,2017-09-24,Early,713.6999999999999
PUR007160,2017-09-20,ST091,SUP009,OFF-PA-10004470,17,3.2,2017-09-27,2017-10-01,Late,54.400000000000006
PUR007161,2017-09-20,ST266,SUP006,OFF-AR-10000937,16,21.73,2017-09-25,2017-09-25,On Time,347.68
PUR007162,2017-09-20,ST485,SUP012,FUR-FU-10000023,13,3.09,2017-09-26,2017-09-28,Late,40.17
PUR007163,2017-09-20,ST281,SUP013,FUR-TA-10002855,17,109.9,2017-09-27,2017-09-29,Late,1868.3000000000002
PUR007164,2017-09-20,ST035,SUP004,TEC-MA-10002859,10,50.5,2017-09-25,2017-09-27,Late,505.0
PUR007165,2017-09-20,ST446,SUP001,OFF-PA-10002709,11,3.24,2017-09-23,2017-09-25,Late,35.64
PUR007166,2017-09-20,ST139,SUP009,TEC-PH-10001644,20,21.73,2017-09-26,2017-09-27,Late,434.6
PUR007167,2017-09-20,ST469,SUP012,OFF-PA-10004569,19,3.98,2017-09-25,2017-09-30,Late,75.62
PUR007168,2017-09-20,ST474,SUP008,OFF-AR-10001955,13,14.73,2017-09-27,2017-09-27,On Time,191.49
PUR007169,2017-09-20,ST298,SUP011,FUR-CH-10000513,19,114.78,2017-09-26,2017-09-25,Early,2180.82
PUR007170,2017-09-20,ST023,SUP002,TEC-PH-10001336,20,84.27,2017-09-25,2017-09-24,Early,1685.3999999999999
PUR007171,2017-09-20,ST260,SUP006,OFF-ST-10001932,16,154.74,2017-09-25,2017-09-29,Late,2475.84
PUR007172,2017-09-20,ST095,SUP001,OFF-PA-10002968,8,12.59,2017-09-26,2017-09-25,Early,100.72
PUR007173,2017-09-20,ST228,SUP010,OFF-PA-10003395,20,58.16,2017-09-24,2017-09-29,Late,1163.1999999999998
PUR007174,2017-09-20,ST578,SUP008,TEC-AC-10002006,10,10.96,2017-09-24,2017-09-26,Late,109.60000000000001
PUR007175,2017-09-20,ST107,SUP015,TEC-MA-10004241,6,225.17,2017-09-26,2017-09-27,Late,1351.02
PUR007176,2017-09-20,ST059,SUP007,OFF-AR-10003759,8,0.93,2017-09-24,2017-09-24,On Time,7.44
PUR007177,2017-09-20,ST237,SUP014,TEC-PH-10001557,13,63.89,2017-09-27,2017-09-28,Late,830.57
PUR007178,2017-09-20,ST521,SUP010,OFF-ST-10001580,9,11.16,2017-09-27,2017-09-28,Late,100.44
PUR007179,2017-09-20,ST571,SUP008,FUR-FU-10004712,10,11.38,2017-09-27,2017-09-28,Late,113.80000000000001
PUR007180,2017-09-20,ST438,SUP004,OFF-PA-10002005,6,3.49,2017-09-23,2017-09-28,Late,20.94
PUR007181,2017-09-20,ST584,SUP005,OFF-AR-10004022,17,27.48,2017-09-26,2017-09-30,Late,467.16
PUR007182,2017-09-20,ST314,SUP013,OFF-AR-10001868,10,0.81,2017-09-27,2017-10-01,Late,8.100000000000001
PUR007183,2017-09-20,ST468,SUP006,OFF-PA-10001526,13,2.65,2017-09-27,2017-09-26,Early,34.449999999999996
PUR007184,2017-09-20,ST112,SUP004,FUR-TA-10003473,7,286.64,2017-09-26,2017-09-30,Late,2006.48
PUR007185,2017-09-20,ST148,SUP014,OFF-ST-10004950,11,14.77,2017-09-26,2017-09-30,Late,162.47
PUR007186,2017-09-20,ST149,SUP003,TEC-AC-10003038,5,7.29,2017-09-25,2017-09-24,Early,36.45
PUR007187,2017-09-20,ST404,SUP004,OFF-EN-10002621,7,4.61,2017-09-24,2017-09-26,Late,32.27
PUR007188,2017-09-20,ST278,SUP007,FUR-FU-10002379,14,33.59,2017-09-23,2017-09-28,Late,470.26000000000005
PUR007189,2017-09-20,ST399,SUP005,OFF-ST-10001809,10,96.46,2017-09-25,2017-09-29,Late,964.5999999999999
PUR007190,2017-09-20,ST566,SUP003,FUR-CH-10004540,13,23.02,2017-09-26,2017-09-26,On Time,299.26
PUR007191,2017-09-20,ST017,SUP002,OFF-BI-10003655,18,1.84,2017-09-25,2017-09-24,Early,33.120000000000005
PUR007192,2017-09-20,ST135,SUP013,OFF-ST-10000777,6,28.31,2017-09-27,2017-10-01,Late,169.85999999999999
PUR007193,2017-09-20,ST299,SUP013,OFF-PA-10000349,7,2.4,2017-09-25,2017-09-28,Late,16.8
PUR007194,2017-09-20,ST539,SUP015,TEC-AC-10003709,13,0.52,2017-09-24,2017-09-26,Late,6.76
PUR007195,2017-09-20,ST280,SUP013,OFF-FA-10002280,15,2.59,2017-09-24,2017-09-24,On Time,38.849999999999994
PUR007196,2017-09-20,ST223,SUP005,OFF-LA-10001613,8,1.42,2017-09-24,2017-09-29,Late,11.36
PUR007197,2017-09-20,ST137,SUP013,FUR-FU-10000758,16,15.91,2017-09-26,2017-09-29,Late,254.56
PUR007198,2017-09-20,ST593,SUP013,OFF-AR-10002766,8,2.07,2017-09-24,2017-09-23,Early,16.56
PUR007199,2017-09-20,ST142,SUP001,OFF-BI-10004876,13,1.31,2017-09-26,2017-09-25,Early,17.03
PUR007200,2017-09-20,ST070,SUP003,OFF-BI-10004187,17,0.97,2017-09-25,2017-09-25,On Time,16.49
PUR007201,2017-10-05,ST535,SUP012,FUR-FU-10004622,10,46.7,2017-10-11,2017-10-14,Late,467.0
PUR007202,2017-10-05,ST352,SUP015,OFF-PA-10004040,14,3.34,2017-10-09,2017-10-14,Late,46.76
PUR007203,2017-10-05,ST366,SUP015,OFF-BI-10004099,17,3.51,2017-10-11,2017-10-11,On Time,59.669999999999995
PUR007204,2017-10-05,ST186,SUP006,TEC-PH-10001552,5,9.42,2017-10-08,2017-10-11,Late,47.1
PUR007205,2017-10-05,ST570,SUP002,FUR-TA-10001095,20,139.33,2017-10-11,2017-10-11,On Time,2786.6000000000004
PUR007206,2017-10-05,ST371,SUP010,OFF-PA-10001184,2,3.15,2017-10-08,2017-10-10,Late,6.3
PUR007207,2017-10-05,ST461,SUP008,OFF-EN-10000056,8,35.23,2017-10-09,2017-10-08,Early,281.84
PUR007208,2017-10-05,ST282,SUP004,OFF-ST-10001172,6,16.3,2017-10-08,2017-10-12,Late,97.80000000000001
PUR007209,2017-10-05,ST164,SUP001,FUR-FU-10002878,11,18.0,2017-10-11,2017-10-15,Late,198.0
PUR007210,2017-10-05,ST028,SUP014,OFF-PA-10004353,13,10.61,2017-10-12,2017-10-12,On Time,137.93
PUR007211,2017-10-05,ST001,SUP001,FUR-BO-10002545,15,194.83,2017-10-12,2017-10-11,Early,2922.4500000000003
PUR007212,2017-10-05,ST575,SUP001,OFF-BI-10001071,17,30.35,2017-10-11,2017-10-10,Early,515.95
PUR007213,2017-10-05,ST535,SUP002,FUR-FU-10003731,7,7.82,2017-10-12,2017-10-17,Late,54.74
PUR007214,2017-10-05,ST611,SUP004,OFF-AR-10003481,10,2.26,2017-10-10,2017-10-13,Late,22.599999999999998
PUR007215,2017-10-05,ST241,SUP003,OFF-PA-10000659,15,7.56,2017-10-09,2017-10-08,Early,113.39999999999999
PUR007216,2017-10-05,ST529,SUP015,OFF-BI-10002954,12,2.52,2017-10-11,2017-10-12,Late,30.240000000000002
PUR007217,2017-10-05,ST031,SUP008,OFF-AR-10001954,5,3.54,2017-10-09,2017-10-09,On Time,17.7
PUR007218,2017-10-05,ST565,SUP015,FUR-CH-10002965,8,132.45,2017-10-12,2017-10-15,Late,1059.6
PUR007219,2017-10-05,ST004,SUP014,OFF-AR-10003903,3,32.1,2017-10-12,2017-10-13,Late,96.30000000000001
PUR007220,2017-10-05,ST174,SUP001,FUR-TA-10002533,4,116.02,2017-10-10,2017-10-09,Early,464.08
PUR007221,2017-10-05,ST455,SUP001,OFF-BI-10004236,9,8.61,2017-10-12,2017-10-16,Late,77.49
PUR007222,2017-10-05,ST358,SUP011,OFF-AR-10004930,19,4.42,2017-10-12,2017-10-16,Late,83.98
PUR007223,2017-10-05,ST555,SUP011,OFF-ST-10002406,17,10.4,2017-10-10,2017-10-09,Early,176.8
PUR007224,2017-10-05,ST100,SUP013,OFF-BI-10002854,20,13.56,2017-10-10,2017-10-11,Late,271.2
PUR007225,2017-10-05,ST449,SUP014,FUR-FU-10003192,3,63.07,2017-10-09,2017-10-09,On Time,189.21
PUR007226,2017-10-05,ST403,SUP005,OFF-SU-10000157,14,114.87,2017-10-09,2017-10-11,Late,1608.18
PUR007227,2017-10-05,ST107,SUP006,TEC-PH-10001305,7,35.28,2017-10-12,2017-10-11,Early,246.96
PUR007228,2017-10-05,ST041,SUP003,OFF-PA-10003845,11,3.11,2017-10-10,2017-10-15,Late,34.21
PUR007229,2017-10-05,ST332,SUP005,FUR-CH-10000665,9,108.88,2017-10-08,2017-10-12,Late,979.92
PUR007230,2017-10-05,ST109,SUP003,OFF-BI-10004600,10,218.86,2017-10-11,2017-10-13,Late,2188.6000000000004
PUR007231,2017-10-05,ST303,SUP015,OFF-AP-10002578,10,37.38,2017-10-12,2017-10-17,Late,373.8
PUR007232,2017-10-05,ST294,SUP015,OFF-ST-10000736,8,83.31,2017-10-08,2017-10-10,Late,666.48
PUR007233,2017-10-05,ST453,SUP001,TEC-PH-10001870,14,45.46,2017-10-12,2017-10-16,Late,636.44
PUR007234,2017-10-05,ST430,SUP012,OFF-BI-10003727,19,2.25,2017-10-12,2017-10-15,Late,42.75
PUR007235,2017-10-05,ST278,SUP008,FUR-CH-10002880,13,110.18,2017-10-12,2017-10-11,Early,1432.3400000000001
PUR007236,2017-10-05,ST448,SUP011,FUR-CH-10001146,4,41.52,2017-10-11,2017-10-15,Late,166.08
PUR007237,2017-10-05,ST094,SUP005,OFF-ST-10001476,6,28.4,2017-10-12,2017-10-14,Late,170.39999999999998
PUR007238,2017-10-05,ST551,SUP008,OFF-BI-10001153,9,17.8,2017-10-12,2017-10-13,Late,160.20000000000002
PUR007239,2017-10-05,ST075,SUP001,OFF-SU-10004261,8,12.13,2017-10-09,2017-10-10,Late,97.04
PUR007240,2017-10-05,ST113,SUP014,OFF-FA-10004968,20,3.45,2017-10-11,2017-10-15,Late,69.0
PUR007241,2017-10-05,ST612,SUP011,OFF-ST-10000060,10,55.54,2017-10-12,2017-10-12,On Time,555.4
PUR007242,2017-10-05,ST450,SUP015,OFF-AR-10003477,10,0.97,2017-10-12,2017-10-11,Early,9.7
PUR007243,2017-10-05,ST041,SUP005,OFF-LA-10002762,10,6.56,2017-10-11,2017-10-15,Late,65.6
PUR007244,2017-10-05,ST070,SUP006,OFF-PA-10003022,20,6.38,2017-10-12,2017-10-17,Late,127.6
PUR007245,2017-10-05,ST594,SUP013,TEC-AC-10003237,16,5.89,2017-10-09,2017-10-11,Late,94.24
PUR007246,2017-10-05,ST226,SUP001,OFF-PA-10000809,20,3.13,2017-10-09,2017-10-11,Late,62.599999999999994
PUR007247,2017-10-05,ST509,SUP013,FUR-FU-10001602,8,33.99,2017-10-08,2017-10-08,On Time,271.92
PUR007248,2017-10-05,ST190,SUP008,TEC-AC-10002217,13,17.28,2017-10-08,2017-10-08,On Time,224.64000000000001
PUR007249,2017-10-05,ST350,SUP009,OFF-BI-10000773,9,3.83,2017-10-11,2017-10-15,Late,34.47
PUR007250,2017-10-05,ST602,SUP006,FUR-TA-10001705,18,180.13,2017-10-08,2017-10-09,Late,3242.34
PUR007251,2017-10-05,ST186,SUP005,OFF-PA-10001144,9,26.78,2017-10-10,2017-10-15,Late,241.02
PUR007252,2017-10-05,ST595,SUP001,OFF-LA-10003720,14,1.91,2017-10-12,2017-10-17,Late,26.74
PUR007253,2017-10-05,ST503,SUP006,OFF-PA-10001509,2,5.2,2017-10-12,2017-10-12,On Time,10.4
PUR007254,2017-10-05,ST211,SUP001,OFF-BI-10004001,15,9.48,2017-10-08,2017-10-08,On Time,142.20000000000002
PUR007255,2017-10-05,ST252,SUP015,FUR-TA-10004619,10,102.0,2017-10-11,2017-10-12,Late,1020.0
PUR007256,2017-10-05,ST331,SUP009,TEC-PH-10004977,8,128.72,2017-10-11,2017-10-15,Late,1029.76
PUR007257,2017-10-05,ST617,SUP015,OFF-BI-10000343,19,2.48,2017-10-11,2017-10-16,Late,47.12
PUR007258,2017-10-05,ST511,SUP001,TEC-PH-10002200,16,251.08,2017-10-08,2017-10-10,Late,4017.28
PUR007259,2017-10-05,ST387,SUP005,OFF-ST-10001505,3,4.49,2017-10-08,2017-10-13,Late,13.47
PUR007260,2017-10-05,ST456,SUP004,OFF-LA-10001771,10,2.84,2017-10-08,2017-10-07,Early,28.4
PUR007261,2017-10-05,ST500,SUP002,FUR-CH-10004289,10,83.38,2017-10-10,2017-10-11,Late,833.8
PUR007262,2017-10-05,ST085,SUP008,OFF-ST-10001522,8,86.32,2017-10-11,2017-10-11,On Time,690.56
PUR007263,2017-10-05,ST448,SUP008,OFF-ST-10000136,18,30.5,2017-10-09,2017-10-14,Late,549.0
PUR007264,2017-10-05,ST490,SUP015,OFF-ST-10000636,4,17.38,2017-10-11,2017-10-16,Late,69.52
PUR007265,2017-10-05,ST333,SUP012,OFF-PA-10001289,11,21.08,2017-10-10,2017-10-11,Late,231.88
PUR007266,2017-10-05,ST537,SUP002,OFF-AP-10000692,18,14.41,2017-10-09,2017-10-10,Late,259.38
PUR007267,2017-10-05,ST069,SUP005,OFF-BI-10001670,19,19.7,2017-10-10,2017-10-10,On Time,374.3
PUR007268,2017-10-05,ST240,SUP015,OFF-AR-10001216,17,2.06,2017-10-08,2017-10-09,Late,35.02
PUR007269,2017-10-05,ST516,SUP010,OFF-BI-10001628,5,6.0,2017-10-12,2017-10-14,Late,30.0
PUR007270,2017-10-05,ST265,SUP012,OFF-BI-10002827,7,2.94,2017-10-12,2017-10-12,On Time,20.58
PUR007271,2017-10-05,ST210,SUP003,OFF-ST-10000419,4,13.8,2017-10-09,2017-10-12,Late,55.2
PUR007272,2017-10-05,ST164,SUP009,OFF-ST-10003208,20,137.46,2017-10-08,2017-10-09,Late,2749.2000000000003
PUR007273,2017-10-05,ST473,SUP001,OFF-AR-10002671,20,132.36,2017-10-08,2017-10-08,On Time,2647.2000000000003
PUR007274,2017-10-05,ST297,SUP001,OFF-BI-10001759,6,2.01,2017-10-10,2017-10-13,Late,12.059999999999999
PUR007275,2017-10-05,ST430,SUP006,OFF-FA-10000134,10,4.35,2017-10-11,2017-10-16,Late,43.5
PUR007276,2017-10-05,ST273,SUP014,FUR-TA-10000688,17,165.3,2017-10-08,2017-10-12,Late,2810.1000000000004
PUR007277,2017-10-05,ST400,SUP007,FUR-TA-10002855,16,119.07,2017-10-08,2017-10-09,Late,1905.12
PUR007278,2017-10-05,ST237,SUP010,FUR-CH-10000422,12,75.17,2017-10-12,2017-10-11,Early,902.04
PUR007279,2017-10-05,ST318,SUP014,OFF-AR-10001953,5,31.48,2017-10-10,2017-10-12,Late,157.4
PUR007280,2017-10-05,ST461,SUP013,TEC-AC-10000927,14,26.95,2017-10-11,2017-10-12,Late,377.3
PUR007281,2017-10-20,ST411,SUP007,OFF-ST-10003479,17,38.62,2017-10-25,2017-10-27,Late,656.54
PUR007282,2017-10-20,ST129,SUP006,FUR-BO-10004015,14,85.11,2017-10-23,2017-10-26,Late,1191.54
PUR007283,2017-10-20,ST601,SUP003,FUR-CH-10001545,12,102.44,2017-10-26,2017-10-27,Late,1229.28
PUR007284,2017-10-20,ST190,SUP015,OFF-ST-10004835,12,4.44,2017-10-23,2017-10-25,Late,53.28
PUR007285,2017-10-20,ST551,SUP010,OFF-ST-10000615,13,7.46,2017-10-27,2017-10-29,Late,96.98
PUR007286,2017-10-20,ST514,SUP009,OFF-PA-10000994,18,50.53,2017-10-26,2017-10-26,On Time,909.54
PUR007287,2017-10-20,ST283,SUP012,OFF-PA-10000418,16,53.0,2017-10-24,2017-10-24,On Time,848.0
PUR007288,2017-10-20,ST568,SUP011,TEC-AC-10003280,2,23.37,2017-10-25,2017-10-29,Late,46.74
PUR007289,2017-10-20,ST175,SUP010,OFF-BI-10003727,3,2.14,2017-10-27,2017-11-01,Late,6.42
PUR007290,2017-10-20,ST238,SUP011,FUR-CH-10003298,19,118.41,2017-10-27,2017-10-29,Late,2249.79
PUR007291,2017-10-20,ST491,SUP007,OFF-AR-10004344,10,7.94,2017-10-24,2017-10-25,Late,79.4
PUR007292,2017-10-20,ST208,SUP007,TEC-PH-10001760,15,113.08,2017-10-27,2017-10-26,Early,1696.2
PUR007293,2017-10-20,ST090,SUP014,OFF-EN-10001141,9,5.22,2017-10-25,2017-10-25,On Time,46.98
PUR007294,2017-10-20,ST195,SUP009,OFF-AR-10000658,3,7.81,2017-10-27,2017-11-01,Late,23.43
PUR007295,2017-10-20,ST081,SUP001,OFF-AR-10001953,9,30.45,2017-10-23,2017-10-22,Early,274.05
PUR007296,2017-10-20,ST411,SUP001,TEC-AC-10000109,18,40.53,2017-10-25,2017-10-26,Late,729.54
PUR007297,2017-10-20,ST536,SUP006,OFF-SU-10003505,18,110.77,2017-10-26,2017-10-27,Late,1993.86
PUR007298,2017-10-20,ST365,SUP005,OFF-AR-10003759,13,0.93,2017-10-24,2017-10-27,Late,12.09
PUR007299,2017-10-20,ST284,SUP002,FUR-FU-10002088,14,4.8,2017-10-24,2017-10-26,Late,67.2
PUR007300,2017-10-20,ST466,SUP006,TEC-AC-10002370,16,1.46,2017-10-27,2017-10-27,On Time,23.36
PUR007301,2017-10-20,ST586,SUP008,OFF-PA-10000295,12,3.08,2017-10-27,2017-10-27,On Time,36.96
PUR007302,2017-10-20,ST092,SUP015,FUR-CH-10000863,18,133.2,2017-10-24,2017-10-25,Late,2397.6
PUR007303,2017-10-20,ST443,SUP007,FUR-FU-10001940,13,4.88,2017-10-24,2017-10-28,Late,63.44
PUR007304,2017-10-20,ST589,SUP009,FUR-FU-10004587,8,11.34,2017-10-25,2017-10-29,Late,90.72
PUR007305,2017-10-20,ST070,SUP005,FUR-FU-10002456,19,4.1,2017-10-26,2017-10-30,Late,77.89999999999999
PUR007306,2017-10-20,ST397,SUP006,FUR-FU-10000023,19,3.58,2017-10-23,2017-10-27,Late,68.02
PUR007307,2017-10-20,ST598,SUP012,OFF-PA-10001019,5,10.8,2017-10-23,2017-10-28,Late,54.0
PUR007308,2017-10-20,ST435,SUP014,OFF-AP-10002765,15,17.66,2017-10-27,2017-10-28,Late,264.9
PUR007309,2017-10-20,ST607,SUP003,TEC-AC-10004877,17,6.25,2017-10-24,2017-10-26,Late,106.25
PUR007310,2017-10-20,ST538,SUP007,TEC-AC-10003590,19,15.85,2017-10-25,2017-10-30,Late,301.15
PUR007311,2017-10-20,ST469,SUP010,FUR-BO-10002824,5,120.43,2017-10-24,2017-10-26,Late,602.1500000000001
PUR007312,2017-10-20,ST621,SUP014,OFF-ST-10003327,17,7.14,2017-10-23,2017-10-22,Early,121.38
PUR007313,2017-10-20,ST507,SUP015,OFF-AR-10002135,2,31.7,2017-10-23,2017-10-26,Late,63.4
PUR007314,2017-10-20,ST321,SUP010,FUR-FU-10001756,3,14.0,2017-10-24,2017-10-29,Late,42.0
PUR007315,2017-10-20,ST466,SUP011,OFF-BI-10004826,2,8.05,2017-10-24,2017-10-23,Early,16.1
PUR007316,2017-10-20,ST375,SUP014,OFF-ST-10004340,6,41.98,2017-10-23,2017-10-26,Late,251.88
PUR007317,2017-10-20,ST361,SUP015,OFF-BI-10002609,3,1.65,2017-10-26,2017-10-26,On Time,4.949999999999999
PUR007318,2017-10-20,ST278,SUP012,TEC-AC-10003027,11,27.92,2017-10-26,2017-10-30,Late,307.12
PUR007319,2017-10-20,ST401,SUP002,TEC-PH-10003875,7,6.42,2017-10-25,2017-10-27,Late,44.94
PUR007320,2017-10-20,ST242,SUP013,OFF-ST-10001580,15,10.18,2017-10-27,2017-10-27,On Time,152.7
PUR007321,2017-10-20,ST295,SUP003,FUR-CH-10002335,13,152.19,2017-10-24,2017-10-28,Late,1978.47
PUR007322,2017-10-20,ST247,SUP006,OFF-PA-10002036,6,3.23,2017-10-27,2017-10-26,Early,19.38
PUR007323,2017-10-20,ST507,SUP001,FUR-CH-10002647,10,48.07,2017-10-25,2017-10-26,Late,480.7
PUR007324,2017-10-20,ST281,SUP002,OFF-ST-10003994,18,59.82,2017-10-24,2017-10-23,Early,1076.76
PUR007325,2017-10-20,ST305,SUP009,OFF-ST-10000736,6,83.71,2017-10-24,2017-10-29,Late,502.26
PUR007326,2017-10-20,ST378,SUP005,OFF-AR-10002053,13,1.95,2017-10-23,2017-10-28,Late,25.349999999999998
PUR007327,2017-10-20,ST189,SUP004,FUR-FU-10001095,8,17.2,2017-10-27,2017-10-26,Early,137.6
PUR007328,2017-10-20,ST579,SUP015,OFF-ST-10001490,20,128.42,2017-10-27,2017-11-01,Late,2568.3999999999996
PUR007329,2017-10-20,ST277,SUP005,TEC-PH-10004774,16,11.4,2017-10-23,2017-10-24,Late,182.4
PUR007330,2017-10-20,ST013,SUP015,TEC-AC-10000682,8,9.89,2017-10-26,2017-10-28,Late,79.12
PUR007331,2017-10-20,ST242,SUP003,OFF-PA-10001846,5,3.05,2017-10-25,2017-10-29,Late,15.25
PUR007332,2017-10-20,ST501,SUP003,OFF-SU-10000381,9,7.19,2017-10-26,2017-10-30,Late,64.71000000000001
PUR007333,2017-10-20,ST352,SUP006,FUR-FU-10003394,9,57.95,2017-10-25,2017-10-27,Late,521.5500000000001
PUR007334,2017-10-20,ST455,SUP003,OFF-SU-10004261,14,11.18,2017-10-25,2017-10-27,Late,156.51999999999998
PUR007335,2017-10-20,ST571,SUP005,TEC-AC-10004814,9,32.53,2017-10-23,2017-10-24,Late,292.77
PUR007336,2017-10-20,ST399,SUP003,FUR-CH-10004886,16,75.13,2017-10-26,2017-10-28,Late,1202.08
PUR007337,2017-10-20,ST253,SUP011,TEC-AC-10002399,5,12.52,2017-10-27,2017-10-27,On Time,62.599999999999994
PUR007338,2017-10-20,ST622,SUP003,FUR-FU-10000246,20,8.97,2017-10-25,2017-10-25,On Time,179.4
PUR007339,2017-10-20,ST143,SUP014,OFF-BI-10003981,16,2.41,2017-10-23,2017-10-24,Late,38.56
PUR007340,2017-10-20,ST213,SUP002,OFF-PA-10001274,3,2.1,2017-10-25,2017-10-30,Late,6.300000000000001
PUR007341,2017-10-20,ST052,SUP010,OFF-BI-10004967,9,1.13,2017-10-26,2017-10-26,On Time,10.169999999999998
PUR007342,2017-10-20,ST553,SUP012,OFF-BI-10003274,17,2.16,2017-10-27,2017-10-31,Late,36.72
PUR007343,2017-10-20,ST295,SUP015,OFF-BI-10003460,12,2.28,2017-10-26,2017-10-28,Late,27.36
PUR007344,2017-10-20,ST579,SUP015,FUR-CH-10004287,8,184.93,2017-10-23,2017-10-28,Late,1479.44
PUR007345,2017-10-20,ST045,SUP010,FUR-CH-10004626,6,78.26,2017-10-24,2017-10-26,Late,469.56000000000006
PUR007346,2017-10-20,ST152,SUP002,OFF-BI-10002827,5,3.1,2017-10-26,2017-10-27,Late,15.5
PUR007347,2017-10-20,ST372,SUP013,OFF-AP-10003849,9,271.98,2017-10-25,2017-10-27,Late,2447.82
PUR007348,2017-10-20,ST186,SUP013,TEC-PH-10001336,4,99.81,2017-10-23,2017-10-28,Late,399.24
PUR007349,2017-10-20,ST192,SUP011,OFF-PA-10003797,4,3.32,2017-10-24,2017-10-23,Early,13.28
PUR007350,2017-10-20,ST334,SUP012,OFF-ST-10001963,14,105.38,2017-10-27,2017-10-26,Early,1475.32
PUR007351,2017-10-20,ST258,SUP005,OFF-BI-10004002,3,8.1,2017-10-24,2017-10-26,Late,24.299999999999997
PUR007352,2017-10-20,ST274,SUP007,TEC-PH-10004389,10,100.25,2017-10-25,2017-10-26,Late,1002.5
PUR007353,2017-10-20,ST577,SUP012,OFF-ST-10003442,8,21.98,2017-10-26,2017-10-29,Late,175.84
PUR007354,2017-10-20,ST008,SUP003,TEC-AC-10001432,4,41.6,2017-10-23,2017-10-25,Late,166.4
PUR007355,2017-10-20,ST453,SUP015,TEC-AC-10003038,6,6.76,2017-10-26,2017-10-30,Late,40.56
PUR007356,2017-10-20,ST473,SUP003,TEC-AC-10001314,18,43.59,2017-10-27,2017-10-26,Early,784.6200000000001
PUR007357,2017-10-20,ST457,SUP015,OFF-EN-10003040,18,14.99,2017-10-27,2017-10-28,Late,269.82
PUR007358,2017-10-20,ST224,SUP010,OFF-AR-10001573,17,1.52,2017-10-24,2017-10-27,Late,25.84
PUR007359,2017-10-20,ST045,SUP001,OFF-PA-10000349,13,2.49,2017-10-27,2017-10-26,Early,32.370000000000005
PUR007360,2017-10-20,ST144,SUP004,FUR-TA-10004575,3,246.51,2017-10-25,2017-10-28,Late,739.53
PUR007361,2017-11-05,ST457,SUP008,OFF-PA-10003302,15,19.33,2017-11-10,2017-11-11,Late,289.95
PUR007362,2017-11-05,ST124,SUP007,FUR-TA-10001307,14,217.82,2017-11-11,2017-11-11,On Time,3049.48
PUR007363,2017-11-05,ST029,SUP008,TEC-PH-10002624,19,344.24,2017-11-09,2017-11-10,Late,6540.56
PUR007364,2017-11-05,ST222,SUP011,OFF-PA-10004610,10,2.5,2017-11-09,2017-11-09,On Time,25.0
PUR007365,2017-11-05,ST424,SUP006,OFF-AP-10004655,11,7.95,2017-11-12,2017-11-13,Late,87.45
PUR007366,2017-11-05,ST421,SUP012,OFF-BI-10001525,4,2.03,2017-11-09,2017-11-10,Late,8.12
PUR007367,2017-11-05,ST209,SUP008,FUR-FU-10000221,5,3.33,2017-11-10,2017-11-15,Late,16.65
PUR007368,2017-11-05,ST376,SUP009,OFF-EN-10001539,4,4.39,2017-11-08,2017-11-13,Late,17.56
PUR007369,2017-11-05,ST396,SUP011,OFF-PA-10000100,17,20.47,2017-11-10,2017-11-14,Late,347.99
PUR007370,2017-11-05,ST419,SUP010,OFF-PA-10001125,20,16.57,2017-11-10,2017-11-15,Late,331.4
PUR007371,2017-11-05,ST235,SUP013,OFF-PA-10004355,15,3.04,2017-11-09,2017-11-11,Late,45.6
PUR007372,2017-11-05,ST405,SUP010,TEC-AC-10000927,12,25.12,2017-11-10,2017-11-13,Late,301.44
PUR007373,2017-11-05,ST009,SUP002,TEC-PH-10000169,10,17.07,2017-11-12,2017-11-12,On Time,170.7
PUR007374,2017-11-05,ST334,SUP003,OFF-BI-10002557,7,2.49,2017-11-08,2017-11-12,Late,17.43
PUR007375,2017-11-05,ST602,SUP008,OFF-ST-10001580,10,10.44,2017-11-10,2017-11-15,Late,104.39999999999999
PUR007376,2017-11-05,ST236,SUP003,TEC-AC-10000420,8,45.76,2017-11-11,2017-11-13,Late,366.08
PUR007377,2017-11-05,ST292,SUP002,OFF-BI-10000605,15,1.84,2017-11-09,2017-11-11,Late,27.6
PUR007378,2017-11-05,ST484,SUP003,OFF-AR-10003602,11,2.92,2017-11-08,2017-11-11,Late,32.12
PUR007379,2017-11-05,ST159,SUP008,OFF-AR-10000034,4,2.44,2017-11-09,2017-11-12,Late,9.76
PUR007380,2017-11-05,ST206,SUP001,FUR-CH-10002965,19,136.23,2017-11-10,2017-11-14,Late,2588.37
PUR007381,2017-11-05,ST195,SUP011,FUR-TA-10001889,6,334.73,2017-11-12,2017-11-12,On Time,2008.38
PUR007382,2017-11-05,ST034,SUP006,FUR-CH-10004086,7,211.58,2017-11-08,2017-11-12,Late,1481.0600000000002
PUR007383,2017-11-05,ST137,SUP015,OFF-ST-10000675,11,25.76,2017-11-12,2017-11-13,Late,283.36
PUR007384,2017-11-05,ST606,SUP007,OFF-BI-10000174,2,2.99,2017-11-10,2017-11-10,On Time,5.98
PUR007385,2017-11-05,ST552,SUP008,OFF-AR-10004260,3,20.28,2017-11-09,2017-11-13,Late,60.84
PUR007386,2017-11-05,ST469,SUP007,TEC-CO-10001449,11,327.69,2017-11-12,2017-11-11,Early,3604.59
PUR007387,2017-11-05,ST518,SUP008,TEC-PH-10003589,3,10.2,2017-11-09,2017-11-10,Late,30.599999999999998
PUR007388,2017-11-05,ST387,SUP007,TEC-MA-10001148,11,271.08,2017-11-12,2017-11-13,Late,2981.8799999999997
PUR007389,2017-11-05,ST005,SUP015,OFF-ST-10003470,19,250.74,2017-11-12,2017-11-16,Late,4764.06
PUR007390,2017-11-05,ST518,SUP007,FUR-CH-10003846,11,79.91,2017-11-09,2017-11-13,Late,879.01
PUR007391,2017-11-05,ST543,SUP001,OFF-AP-10004859,13,11.49,2017-11-10,2017-11-11,Late,149.37
PUR007392,2017-11-05,ST438,SUP013,OFF-BI-10004656,20,1.05,2017-11-09,2017-11-12,Late,21.0
PUR007393,2017-11-05,ST390,SUP007,OFF-LA-10001613,17,1.55,2017-11-12,2017-11-17,Late,26.35
PUR007394,2017-11-05,ST147,SUP015,OFF-PA-10003129,6,24.42,2017-11-10,2017-11-12,Late,146.52
PUR007395,2017-11-05,ST312,SUP011,TEC-PH-10002890,7,33.4,2017-11-11,2017-11-14,Late,233.79999999999998
PUR007396,2017-11-05,ST277,SUP001,FUR-FU-10004090,7,14.82,2017-11-11,2017-11-11,On Time,103.74000000000001
PUR007397,2017-11-05,ST247,SUP011,OFF-BI-10000320,8,3.98,2017-11-10,2017-11-14,Late,31.84
PUR007398,2017-11-05,ST427,SUP007,OFF-BI-10001658,10,14.47,2017-11-11,2017-11-10,Early,144.70000000000002
PUR007399,2017-11-05,ST306,SUP015,OFF-ST-10003208,3,125.06,2017-11-12,2017-11-16,Late,375.18
PUR007400,2017-11-05,ST388,SUP001,FUR-CH-10001146,14,41.81,2017-11-12,2017-11-14,Late,585.34
PUR007401,2017-11-05,ST396,SUP009,OFF-EN-10003286,7,4.39,2017-11-12,2017-11-16,Late,30.729999999999997
PUR007402,2017-11-05,ST174,SUP010,OFF-BI-10001757,18,2.79,2017-11-10,2017-11-11,Late,50.22
PUR007403,2017-11-05,ST252,SUP013,TEC-AC-10004814,10,36.24,2017-11-12,2017-11-13,Late,362.40000000000003
PUR007404,2017-11-05,ST332,SUP007,FUR-FU-10004963,4,5.1,2017-11-11,2017-11-16,Late,20.4
PUR007405,2017-11-05,ST280,SUP005,FUR-CH-10000847,4,203.68,2017-11-08,2017-11-13,Late,814.72
PUR007406,2017-11-05,ST241,SUP004,OFF-EN-10002973,19,2.55,2017-11-08,2017-11-11,Late,48.449999999999996
PUR007407,2017-11-05,ST405,SUP002,OFF-BI-10004817,9,6.28,2017-11-12,2017-11-16,Late,56.52
PUR007408,2017-11-05,ST600,SUP007,TEC-PH-10002817,8,91.39,2017-11-08,2017-11-13,Late,731.12
PUR007409,2017-11-05,ST209,SUP013,OFF-LA-10004544,6,7.62,2017-11-11,2017-11-13,Late,45.72
PUR007410,2017-11-05,ST565,SUP010,OFF-BI-10001308,9,3.54,2017-11-08,2017-11-07,Early,31.86
PUR007411,2017-11-05,ST029,SUP013,OFF-PA-10001033,7,19.48,2017-11-08,2017-11-10,Late,136.36
PUR007412,2017-11-05,ST376,SUP013,FUR-FU-10000206,8,1.42,2017-11-09,2017-11-08,Early,11.36
PUR007413,2017-11-05,ST594,SUP004,OFF-BI-10002735,2,18.65,2017-11-08,2017-11-09,Late,37.3
PUR007414,2017-11-05,ST200,SUP015,OFF-ST-10001526,6,83.99,2017-11-09,2017-11-14,Late,503.93999999999994
PUR007415,2017-11-05,ST223,SUP011,OFF-AP-10003849,14,275.73,2017-11-08,2017-11-09,Late,3860.2200000000003
PUR007416,2017-11-05,ST082,SUP003,OFF-PA-10003848,2,3.43,2017-11-09,2017-11-11,Late,6.86
PUR007417,2017-11-05,ST563,SUP002,TEC-CO-10001943,3,99.29,2017-11-12,2017-11-14,Late,297.87
PUR007418,2017-11-05,ST116,SUP014,FUR-CH-10003379,17,200.37,2017-11-09,2017-11-12,Late,3406.29
PUR007419,2017-11-05,ST251,SUP015,OFF-LA-10003923,13,7.55,2017-11-08,2017-11-12,Late,98.14999999999999
PUR007420,2017-11-05,ST409,SUP006,FUR-TA-10004086,16,66.88,2017-11-12,2017-11-16,Late,1070.08
PUR007421,2017-11-05,ST108,SUP001,OFF-AR-10004648,2,13.26,2017-11-12,2017-11-16,Late,26.52
PUR007422,2017-11-05,ST351,SUP007,FUR-FU-10001706,4,1.75,2017-11-09,2017-11-14,Late,7.0
PUR007423,2017-11-05,ST317,SUP014,OFF-ST-10001291,7,13.43,2017-11-12,2017-11-12,On Time,94.00999999999999
PUR007424,2017-11-05,ST523,SUP013,OFF-BI-10004236,10,8.71,2017-11-11,2017-11-10,Early,87.10000000000001
PUR007425,2017-11-05,ST292,SUP006,OFF-PA-10003724,13,3.0,2017-11-11,2017-11-12,Late,39.0
PUR007426,2017-11-05,ST477,SUP002,OFF-BI-10002813,15,1.11,2017-11-08,2017-11-12,Late,16.650000000000002
PUR007427,2017-11-05,ST495,SUP003,OFF-BI-10004140,19,2.45,2017-11-09,2017-11-12,Late,46.550000000000004
PUR007428,2017-11-05,ST261,SUP014,OFF-ST-10000604,7,28.19,2017-11-08,2017-11-07,Early,197.33
PUR007429,2017-11-05,ST533,SUP012,OFF-AR-10002467,9,2.24,2017-11-08,2017-11-13,Late,20.160000000000004
PUR007430,2017-11-05,ST290,SUP004,OFF-ST-10001837,19,34.38,2017-11-12,2017-11-16,Late,653.22
PUR007431,2017-11-05,ST172,SUP004,FUR-FU-10000175,5,8.86,2017-11-08,2017-11-10,Late,44.3
PUR007432,2017-11-05,ST615,SUP014,OFF-PA-10003039,2,15.42,2017-11-09,2017-11-09,On Time,30.84
PUR007433,2017-11-05,ST240,SUP009,FUR-CH-10001270,10,62.76,2017-11-09,2017-11-13,Late,627.6
PUR007434,2017-11-05,ST394,SUP008,OFF-ST-10004804,13,47.77,2017-11-09,2017-11-10,Late,621.01
PUR007435,2017-11-05,ST168,SUP001,OFF-EN-10001335,6,5.64,2017-11-08,2017-11-08,On Time,33.839999999999996
PUR007436,2017-11-05,ST578,SUP008,OFF-BI-10003527,5,584.49,2017-11-10,2017-11-14,Late,2922.45
PUR007437,2017-11-05,ST221,SUP015,OFF-PA-10001526,11,2.37,2017-11-09,2017-11-11,Late,26.07
PUR007438,2017-11-05,ST086,SUP002,OFF-AR-10004441,17,2.49,2017-11-11,2017-11-13,Late,42.330000000000005
PUR007439,2017-11-05,ST444,SUP013,OFF-AR-10004042,18,11.77,2017-11-11,2017-11-16,Late,211.85999999999999
PUR007440,2017-11-05,ST613,SUP003,OFF-PA-10000466,19,3.31,2017-11-08,2017-11-08,On Time,62.89
PUR007441,2017-11-20,ST520,SUP004,TEC-AC-10003027,12,24.14,2017-11-26,2017-12-01,Late,289.68
PUR007442,2017-11-20,ST454,SUP007,TEC-PH-10002103,10,71.11,2017-11-24,2017-11-29,Late,711.1
PUR007443,2017-11-20,ST630,SUP001,OFF-ST-10001370,2,62.99,2017-11-27,2017-11-28,Late,125.98
PUR007444,2017-11-20,ST347,SUP013,OFF-AR-10002445,4,4.37,2017-11-24,2017-11-28,Late,17.48
PUR007445,2017-11-20,ST013,SUP011,FUR-TA-10001086,2,107.59,2017-11-25,2017-11-30,Late,215.18
PUR007446,2017-11-20,ST288,SUP009,TEC-AC-10004171,8,51.26,2017-11-23,2017-11-22,Early,410.08
PUR007447,2017-11-20,ST328,SUP006,OFF-ST-10000689,12,112.23,2017-11-23,2017-11-26,Late,1346.76
PUR007448,2017-11-20,ST561,SUP003,OFF-AP-10002867,10,49.54,2017-11-25,2017-11-27,Late,495.4
PUR007449,2017-11-20,ST509,SUP004,FUR-FU-10001934,17,15.36,2017-11-27,2017-11-28,Late,261.12
PUR007450,2017-11-20,ST051,SUP008,FUR-BO-10001811,15,208.67,2017-11-23,2017-11-26,Late,3130.0499999999997
PUR007451,2017-11-20,ST461,SUP011,TEC-MA-10003173,9,7.78,2017-11-26,2017-11-27,Late,70.02
PUR007452,2017-11-20,ST523,SUP006,TEC-AC-10001101,11,12.37,2017-11-24,2017-11-25,Late,136.07
PUR007453,2017-11-20,ST087,SUP001,TEC-AC-10000580,12,74.29,2017-11-26,2017-11-26,On Time,891.48
PUR007454,2017-11-20,ST610,SUP011,OFF-PA-10001509,16,4.51,2017-11-26,2017-11-26,On Time,72.16
PUR007455,2017-11-20,ST027,SUP010,OFF-ST-10000649,6,11.89,2017-11-23,2017-11-28,Late,71.34
PUR007456,2017-11-20,ST012,SUP003,OFF-AR-10003251,19,1.8,2017-11-25,2017-11-24,Early,34.2
PUR007457,2017-11-20,ST198,SUP002,FUR-CH-10004540,4,26.28,2017-11-25,2017-11-24,Early,105.12
PUR007458,2017-11-20,ST393,SUP014,OFF-BI-10000546,15,1.58,2017-11-27,2017-11-26,Early,23.700000000000003
PUR007459,2017-11-20,ST041,SUP010,OFF-PA-10001972,4,3.63,2017-11-25,2017-11-24,Early,14.52
PUR007460,2017-11-20,ST323,SUP007,OFF-BI-10000301,7,3.11,2017-11-23,2017-11-22,Early,21.77
PUR007461,2017-11-20,ST280,SUP014,FUR-CH-10004495,17,219.6,2017-11-26,2017-12-01,Late,3733.2
PUR007462,2017-11-20,ST051,SUP008,TEC-PH-10004093,4,34.08,2017-11-26,2017-11-27,Late,136.32
PUR007463,2017-11-20,ST451,SUP013,OFF-ST-10000025,19,87.04,2017-11-27,2017-11-29,Late,1653.7600000000002
PUR007464,2017-11-20,ST092,SUP004,OFF-ST-10004337,18,61.93,2017-11-24,2017-11-29,Late,1114.74
PUR007465,2017-11-20,ST619,SUP008,OFF-PA-10000130,10,2.51,2017-11-23,2017-11-24,Late,25.099999999999998
PUR007466,2017-11-20,ST253,SUP002,OFF-FA-10001332,11,1.54,2017-11-27,2017-12-01,Late,16.94
PUR007467,2017-11-20,ST128,SUP001,OFF-ST-10003123,18,23.38,2017-11-23,2017-11-28,Late,420.84
PUR007468,2017-11-20,ST417,SUP006,OFF-BI-10001267,10,3.41,2017-11-26,2017-12-01,Late,34.1
PUR007469,2017-11-20,ST073,SUP007,FUR-FU-10004712,14,10.39,2017-11-27,2017-12-02,Late,145.46
PUR007470,2017-11-20,ST409,SUP010,TEC-AC-10001990,12,37.77,2017-11-23,2017-11-22,Early,453.24
PUR007471,2017-11-20,ST097,SUP003,OFF-FA-10004395,17,4.06,2017-11-26,2017-11-28,Late,69.02
PUR007472,2017-11-20,ST495,SUP015,FUR-TA-10004915,11,246.54,2017-11-26,2017-12-01,Late,2711.94
PUR007473,2017-11-20,ST211,SUP003,TEC-AC-10000682,3,9.98,2017-11-27,2017-11-26,Early,29.94
PUR007474,2017-11-20,ST236,SUP006,OFF-BI-10004040,10,2.75,2017-11-25,2017-11-27,Late,27.5
PUR007475,2017-11-20,ST472,SUP008,OFF-LA-10002195,18,1.72,2017-11-24,2017-11-25,Late,30.96
PUR007476,2017-11-20,ST362,SUP001,OFF-PA-10002713,8,3.89,2017-11-27,2017-12-01,Late,31.12
PUR007477,2017-11-20,ST578,SUP009,FUR-TA-10001889,7,350.09,2017-11-27,2017-11-29,Late,2450.6299999999997
PUR007478,2017-11-20,ST511,SUP009,TEC-AC-10002842,9,97.18,2017-11-24,2017-11-26,Late,874.6200000000001
PUR007479,2017-11-20,ST195,SUP015,FUR-FU-10004460,7,25.75,2017-11-24,2017-11-28,Late,180.25
PUR007480,2017-11-20,ST017,SUP015,FUR-BO-10000780,12,175.6,2017-11-24,2017-11-28,Late,2107.2
PUR007481,2017-11-20,ST628,SUP014,TEC-AC-10003441,10,14.44,2017-11-24,2017-11-27,Late,144.4
PUR007482,2017-11-20,ST201,SUP007,OFF-ST-10003996,18,11.65,2017-11-27,2017-12-02,Late,209.70000000000002
PUR007483,2017-11-20,ST294,SUP007,OFF-BI-10004654,18,4.45,2017-11-27,2017-11-28,Late,80.10000000000001
PUR007484,2017-11-20,ST255,SUP008,OFF-SU-10001218,10,7.33,2017-11-27,2017-11-30,Late,73.3
PUR007485,2017-11-20,ST403,SUP013,FUR-FU-10004586,9,3.33,2017-11-25,2017-11-25,On Time,29.97
PUR007486,2017-11-20,ST567,SUP009,OFF-ST-10001837,9,32.29,2017-11-26,2017-11-30,Late,290.61
PUR007487,2017-11-20,ST160,SUP013,TEC-PH-10003811,16,84.76,2017-11-26,2017-11-26,On Time,1356.16
PUR007488,2017-11-20,ST232,SUP014,FUR-FU-10003268,12,35.01,2017-11-24,2017-11-29,Late,420.12
PUR007489,2017-11-20,ST162,SUP007,OFF-LA-10003190,11,1.58,2017-11-23,2017-11-28,Late,17.380000000000003
PUR007490,2017-11-20,ST252,SUP004,FUR-CH-10000665,5,103.81,2017-11-25,2017-11-30,Late,519.05
PUR007491,2017-11-20,ST137,SUP012,FUR-FU-10000771,3,3.36,2017-11-23,2017-11-24,Late,10.08
PUR007492,2017-11-20,ST352,SUP005,OFF-EN-10001990,14,3.12,2017-11-24,2017-11-29,Late,43.68
PUR007493,2017-11-20,ST541,SUP003,OFF-EN-10003001,15,41.94,2017-11-27,2017-11-29,Late,629.0999999999999
PUR007494,2017-11-20,ST374,SUP004,OFF-PA-10002036,7,3.56,2017-11-26,2017-11-25,Early,24.92
PUR007495,2017-11-20,ST372,SUP006,OFF-BI-10004140,11,2.36,2017-11-23,2017-11-27,Late,25.959999999999997
PUR007496,2017-11-20,ST298,SUP014,OFF-BI-10004728,11,2.45,2017-11-24,2017-11-23,Early,26.950000000000003
PUR007497,2017-11-20,ST272,SUP006,OFF-BI-10000014,4,5.33,2017-11-27,2017-11-28,Late,21.32
PUR007498,2017-11-20,ST490,SUP006,OFF-LA-10000121,11,3.74,2017-11-25,2017-11-25,On Time,41.14
PUR007499,2017-11-20,ST307,SUP009,FUR-FU-10001546,4,8.22,2017-11-24,2017-11-29,Late,32.88
PUR007500,2017-11-20,ST113,SUP009,OFF-BI-10002854,11,13.67,2017-11-25,2017-11-24,Early,150.37
PUR007501,2017-11-20,ST418,SUP002,OFF-PA-10000167,7,17.46,2017-11-25,2017-11-30,Late,122.22
PUR007502,2017-11-20,ST258,SUP003,OFF-BI-10000666,17,15.71,2017-11-26,2017-11-27,Late,267.07
PUR007503,2017-11-20,ST514,SUP015,FUR-FU-10004904,7,68.02,2017-11-26,2017-11-26,On Time,476.14
PUR007504,2017-11-20,ST331,SUP004,OFF-BI-10001721,10,10.99,2017-11-24,2017-11-28,Late,109.9
PUR007505,2017-11-20,ST584,SUP006,OFF-PA-10000682,18,3.17,2017-11-23,2017-11-24,Late,57.06
PUR007506,2017-11-20,ST476,SUP001,OFF-ST-10003716,9,209.63,2017-11-25,2017-11-30,Late,1886.67
PUR007507,2017-11-20,ST078,SUP011,OFF-PA-10000595,5,11.74,2017-11-27,2017-11-27,On Time,58.7
PUR007508,2017-11-20,ST182,SUP010,OFF-BI-10004632,10,127.97,2017-11-24,2017-11-23,Early,1279.7
PUR007509,2017-11-20,ST572,SUP014,OFF-PA-10003395,12,59.51,2017-11-24,2017-11-25,Late,714.12
PUR007510,2017-11-20,ST027,SUP002,FUR-TA-10000617,12,186.01,2017-11-27,2017-11-26,Early,2232.12
PUR007511,2017-11-20,ST245,SUP005,TEC-PH-10004100,6,12.31,2017-11-26,2017-11-29,Late,73.86
PUR007512,2017-11-20,ST211,SUP005,OFF-BI-10001191,14,14.13,2017-11-23,2017-11-28,Late,197.82000000000002
PUR007513,2017-11-20,ST426,SUP011,TEC-PH-10004531,4,40.14,2017-11-23,2017-11-25,Late,160.56
PUR007514,2017-11-20,ST399,SUP010,FUR-FU-10001935,15,2.29,2017-11-23,2017-11-27,Late,34.35
PUR007515,2017-11-20,ST610,SUP014,OFF-LA-10001158,2,5.25,2017-11-26,2017-11-26,On Time,10.5
PUR007516,2017-11-20,ST105,SUP010,TEC-AC-10003911,16,114.32,2017-11-24,2017-11-29,Late,1829.12
PUR007517,2017-11-20,ST613,SUP008,FUR-CH-10002647,4,53.44,2017-11-23,2017-11-25,Late,213.76
PUR007518,2017-11-20,ST273,SUP002,OFF-AP-10001391,12,57.78,2017-11-26,2017-11-25,Early,693.36
PUR007519,2017-11-20,ST111,SUP002,OFF-AR-10003156,13,7.64,2017-11-24,2017-11-25,Late,99.32
PUR007520,2017-11-20,ST084,SUP004,OFF-BI-10000977,2,15.23,2017-11-26,2017-11-25,Early,30.46
PUR007521,2017-12-05,ST054,SUP013,OFF-PA-10002195,2,3.19,2017-12-09,2017-12-11,Late,6.38
PUR007522,2017-12-05,ST555,SUP013,OFF-FA-10003112,7,4.39,2017-12-11,2017-12-16,Late,30.729999999999997
PUR007523,2017-12-05,ST137,SUP011,TEC-PH-10004165,18,222.29,2017-12-08,2017-12-08,On Time,4001.22
PUR007524,2017-12-05,ST082,SUP015,OFF-BI-10001120,3,974.34,2017-12-10,2017-12-14,Late,2923.02
PUR007525,2017-12-05,ST038,SUP006,FUR-CH-10000513,19,113.45,2017-12-11,2017-12-14,Late,2155.55
PUR007526,2017-12-05,ST620,SUP010,OFF-BI-10003364,14,15.97,2017-12-11,2017-12-14,Late,223.58
PUR007527,2017-12-05,ST064,SUP015,OFF-PA-10001534,10,3.14,2017-12-08,2017-12-09,Late,31.400000000000002
PUR007528,2017-12-05,ST140,SUP005,OFF-AP-10003287,4,35.07,2017-12-10,2017-12-12,Late,140.28
PUR007529,2017-12-05,ST501,SUP004,OFF-ST-10003638,2,17.58,2017-12-09,2017-12-09,On Time,35.16
PUR007530,2017-12-05,ST363,SUP002,OFF-AP-10000027,19,10.3,2017-12-12,2017-12-13,Late,195.70000000000002
PUR007531,2017-12-05,ST330,SUP015,OFF-BI-10001359,7,477.19,2017-12-12,2017-12-16,Late,3340.33
PUR007532,2017-12-05,ST482,SUP006,FUR-FU-10000521,10,20.07,2017-12-11,2017-12-11,On Time,200.7
PUR007533,2017-12-05,ST516,SUP010,OFF-AP-10002534,17,220.71,2017-12-09,2017-12-12,Late,3752.07
PUR007534,2017-12-05,ST511,SUP006,OFF-PA-10003673,9,3.32,2017-12-11,2017-12-14,Late,29.88
PUR007535,2017-12-05,ST548,SUP010,OFF-BI-10002003,17,2.18,2017-12-09,2017-12-11,Late,37.06
PUR007536,2017-12-05,ST320,SUP008,OFF-ST-10004507,16,12.36,2017-12-08,2017-12-07,Early,197.76
PUR007537,2017-12-05,ST280,SUP010,OFF-PA-10004156,13,5.88,2017-12-12,2017-12-11,Early,76.44
PUR007538,2017-12-05,ST236,SUP005,TEC-AC-10003590,12,14.93,2017-12-12,2017-12-11,Early,179.16
PUR007539,2017-12-05,ST445,SUP013,TEC-AC-10001767,9,34.46,2017-12-08,2017-12-13,Late,310.14
PUR007540,2017-12-05,ST565,SUP013,OFF-BI-10000546,6,1.48,2017-12-11,2017-12-14,Late,8.879999999999999
PUR007541,2017-12-05,ST430,SUP001,FUR-CH-10003061,14,71.81,2017-12-09,2017-12-10,Late,1005.34
PUR007542,2017-12-05,ST403,SUP015,FUR-CH-10003817,11,47.16,2017-12-08,2017-12-10,Late,518.76
PUR007543,2017-12-05,ST176,SUP013,OFF-BI-10000756,12,2.27,2017-12-08,2017-12-07,Early,27.240000000000002
PUR007544,2017-12-05,ST399,SUP003,TEC-AC-10002345,4,10.88,2017-12-09,2017-12-13,Late,43.52
PUR007545,2017-12-05,ST293,SUP014,FUR-FU-10001731,6,1.62,2017-12-08,2017-12-11,Late,9.72
PUR007546,2017-12-05,ST285,SUP003,OFF-BI-10001758,2,3.04,2017-12-10,2017-12-13,Late,6.08
PUR007547,2017-12-05,ST622,SUP006,OFF-AR-10003770,11,1.87,2017-12-09,2017-12-10,Late,20.57
PUR007548,2017-12-05,ST162,SUP006,OFF-LA-10004853,14,2.62,2017-12-10,2017-12-14,Late,36.68
PUR007549,2017-12-05,ST605,SUP008,TEC-AC-10002323,9,19.11,2017-12-10,2017-12-09,Early,171.99
PUR007550,2017-12-05,ST372,SUP007,OFF-BI-10001097,16,3.32,2017-12-10,2017-12-12,Late,53.12
PUR007551,2017-12-05,ST259,SUP014,OFF-PA-10002749,9,3.4,2017-12-12,2017-12-17,Late,30.599999999999998
PUR007552,2017-12-05,ST159,SUP012,OFF-ST-10000129,13,107.95,2017-12-10,2017-12-09,Early,1403.3500000000001
PUR007553,2017-12-05,ST565,SUP006,OFF-EN-10004483,7,7.76,2017-12-10,2017-12-12,Late,54.32
PUR007554,2017-12-05,ST053,SUP014,TEC-AC-10001908,16,68.8,2017-12-08,2017-12-12,Late,1100.8
PUR007555,2017-12-05,ST174,SUP013,OFF-PA-10001685,17,5.49,2017-12-09,2017-12-14,Late,93.33
PUR007556,2017-12-05,ST180,SUP011,FUR-FU-10002045,17,12.67,2017-12-12,2017-12-13,Late,215.39
PUR007557,2017-12-05,ST439,SUP014,TEC-PH-10002468,20,102.96,2017-12-10,2017-12-10,On Time,2059.2
PUR007558,2017-12-05,ST509,SUP007,FUR-BO-10000711,8,54.78,2017-12-10,2017-12-14,Late,438.24
PUR007559,2017-12-05,ST632,SUP010,OFF-PA-10001526,20,2.77,2017-12-08,2017-12-08,On Time,55.4
PUR007560,2017-12-05,ST530,SUP011,OFF-BI-10003727,3,2.31,2017-12-10,2017-12-11,Late,6.93
PUR007561,2017-12-05,ST574,SUP001,OFF-BI-10001116,3,2.71,2017-12-10,2017-12-15,Late,8.129999999999999
PUR007562,2017-12-05,ST085,SUP012,TEC-PH-10003885,4,45.38,2017-12-09,2017-12-10,Late,181.52
PUR007563,2017-12-05,ST328,SUP012,FUR-FU-10001889,6,6.93,2017-12-11,2017-12-12,Late,41.58
PUR007564,2017-12-05,ST349,SUP009,OFF-AR-10004010,9,27.64,2017-12-08,2017-12-12,Late,248.76
PUR007565,2017-12-05,ST494,SUP010,FUR-CH-10002880,8,113.31,2017-12-11,2017-12-15,Late,906.48
PUR007566,2017-12-05,ST292,SUP010,FUR-FU-10003975,9,37.68,2017-12-11,2017-12-10,Early,339.12
PUR007567,2017-12-05,ST172,SUP007,FUR-FU-10003374,11,32.9,2017-12-08,2017-12-09,Late,361.9
PUR007568,2017-12-05,ST023,SUP003,OFF-ST-10002352,3,5.92,2017-12-11,2017-12-16,Late,17.759999999999998
PUR007569,2017-12-05,ST418,SUP015,OFF-PA-10001497,9,26.37,2017-12-08,2017-12-07,Early,237.33
PUR007570,2017-12-05,ST508,SUP009,OFF-ST-10002574,18,140.87,2017-12-09,2017-12-11,Late,2535.66
PUR007571,2017-12-05,ST392,SUP011,OFF-ST-10002444,6,8.88,2017-12-10,2017-12-13,Late,53.28
PUR007572,2017-12-05,ST520,SUP012,OFF-BI-10003910,8,4.38,2017-12-08,2017-12-09,Late,35.04
PUR007573,2017-12-05,ST068,SUP010,TEC-AC-10000736,5,53.36,2017-12-11,2017-12-10,Early,266.8
PUR007574,2017-12-05,ST208,SUP004,OFF-BI-10003291,14,4.21,2017-12-09,2017-12-08,Early,58.94
PUR007575,2017-12-05,ST289,SUP005,FUR-CH-10001190,18,131.55,2017-12-08,2017-12-11,Late,2367.9
PUR007576,2017-12-05,ST441,SUP011,OFF-FA-10001135,11,1.84,2017-12-08,2017-12-12,Late,20.240000000000002
PUR007577,2017-12-05,ST620,SUP011,OFF-AR-10003582,7,20.99,2017-12-09,2017-12-08,Early,146.92999999999998
PUR007578,2017-12-05,ST554,SUP009,OFF-AP-10003622,9,2.29,2017-12-08,2017-12-12,Late,20.61
PUR007579,2017-12-05,ST033,SUP002,OFF-AR-10000122,7,4.34,2017-12-12,2017-12-12,On Time,30.38
PUR007580,2017-12-05,ST424,SUP012,FUR-CH-10002647,15,53.08,2017-12-11,2017-12-13,Late,796.1999999999999
PUR007581,2017-12-05,ST427,SUP014,FUR-TA-10000198,16,469.57,2017-12-10,2017-12-15,Late,7513.12
PUR007582,2017-12-05,ST357,SUP006,TEC-AC-10003038,16,7.07,2017-12-10,2017-12-11,Late,113.12
PUR007583,2017-12-05,ST517,SUP015,OFF-ST-10002743,3,105.93,2017-12-08,2017-12-11,Late,317.79
PUR007584,2017-12-05,ST257,SUP012,FUR-CH-10001797,12,28.99,2017-12-09,2017-12-10,Late,347.88
PUR007585,2017-12-05,ST144,SUP001,FUR-FU-10004665,5,93.42,2017-12-11,2017-12-14,Late,467.1
PUR007586,2017-12-05,ST211,SUP006,TEC-AC-10004859,8,10.64,2017-12-09,2017-12-14,Late,85.12
PUR007587,2017-12-05,ST139,SUP012,OFF-BI-10002026,3,27.06,2017-12-09,2017-12-13,Late,81.17999999999999
PUR007588,2017-12-05,ST085,SUP015,OFF-BI-10003196,9,1.75,2017-12-09,2017-12-10,Late,15.75
PUR007589,2017-12-05,ST533,SUP011,FUR-FU-10003623,4,18.75,2017-12-10,2017-12-11,Late,75.0
PUR007590,2017-12-05,ST386,SUP003,OFF-AR-10001545,2,1.24,2017-12-10,2017-12-09,Early,2.48
PUR007591,2017-12-05,ST433,SUP013,OFF-PA-10003363,15,3.13,2017-12-08,2017-12-10,Late,46.949999999999996
PUR007592,2017-12-05,ST328,SUP002,OFF-PA-10004285,16,3.32,2017-12-08,2017-12-12,Late,53.12
PUR007593,2017-12-05,ST489,SUP009,FUR-FU-10001602,11,29.89,2017-12-11,2017-12-11,On Time,328.79
PUR007594,2017-12-05,ST431,SUP015,OFF-PA-10000675,5,22.71,2017-12-10,2017-12-13,Late,113.55000000000001
PUR007595,2017-12-05,ST140,SUP005,OFF-PA-10002581,9,17.84,2017-12-11,2017-12-15,Late,160.56
PUR007596,2017-12-05,ST179,SUP001,TEC-AC-10002550,20,22.39,2017-12-12,2017-12-13,Late,447.8
PUR007597,2017-12-05,ST490,SUP006,OFF-LA-10001074,3,6.56,2017-12-09,2017-12-10,Late,19.68
PUR007598,2017-12-05,ST235,SUP003,FUR-FU-10002597,7,2.96,2017-12-10,2017-12-13,Late,20.72
PUR007599,2017-12-05,ST115,SUP013,OFF-LA-10002312,8,7.33,2017-12-09,2017-12-10,Late,58.64
PUR007600,2017-12-05,ST544,SUP005,OFF-AR-10003394,19,2.01,2017-12-12,2017-12-15,Late,38.19
PUR007601,2017-12-20,ST604,SUP015,FUR-FU-10003394,4,59.13,2017-12-25,2017-12-30,Late,236.52
PUR007602,2017-12-20,ST342,SUP007,OFF-AR-10000390,13,2.43,2017-12-27,2017-12-30,Late,31.590000000000003
PUR007603,2017-12-20,ST598,SUP012,OFF-AR-10000657,4,1.51,2017-12-25,2017-12-26,Late,6.04
PUR007604,2017-12-20,ST306,SUP005,OFF-BI-10000343,14,2.68,2017-12-26,2017-12-27,Late,37.52
PUR007605,2017-12-20,ST599,SUP014,TEC-PH-10001817,12,242.75,2017-12-23,2017-12-22,Early,2913.0
PUR007606,2017-12-20,ST174,SUP006,OFF-AR-10001662,10,1.83,2017-12-25,2017-12-30,Late,18.3
PUR007607,2017-12-20,ST539,SUP015,OFF-AP-10002651,6,225.23,2017-12-26,2017-12-28,Late,1351.3799999999999
PUR007608,2017-12-20,ST506,SUP005,OFF-PA-10000807,19,2.21,2017-12-23,2017-12-28,Late,41.99
PUR007609,2017-12-20,ST500,SUP008,FUR-CH-10002331,4,281.34,2017-12-27,2017-12-31,Late,1125.36
PUR007610,2017-12-20,ST309,SUP002,OFF-EN-10001335,13,5.76,2017-12-26,2017-12-28,Late,74.88
PUR007611,2017-12-20,ST234,SUP010,OFF-FA-10003059,3,1.27,2017-12-26,2017-12-28,Late,3.81
PUR007612,2017-12-20,ST046,SUP006,OFF-ST-10002615,6,120.68,2017-12-24,2017-12-27,Late,724.08
PUR007613,2017-12-20,ST318,SUP012,OFF-EN-10002500,2,6.41,2017-12-23,2017-12-25,Late,12.82
PUR007614,2017-12-20,ST508,SUP001,OFF-ST-10002205,17,17.55,2017-12-24,2017-12-25,Late,298.35
PUR007615,2017-12-20,ST109,SUP004,FUR-FU-10001979,15,26.8,2017-12-26,2017-12-25,Early,402.0
PUR007616,2017-12-20,ST500,SUP001,TEC-AC-10000844,9,56.17,2017-12-27,2017-12-30,Late,505.53000000000003
PUR007617,2017-12-20,ST090,SUP012,OFF-PA-10002160,6,3.13,2017-12-26,2017-12-27,Late,18.78
PUR007618,2017-12-20,ST182,SUP014,OFF-PA-10000740,13,12.29,2017-12-26,2017-12-27,Late,159.76999999999998
PUR007619,2017-12-20,ST515,SUP012,TEC-AC-10002217,11,18.19,2017-12-24,2017-12-29,Late,200.09
PUR007620,2017-12-20,ST410,SUP013,OFF-BI-10001031,6,2.98,2017-12-26,2017-12-30,Late,17.88
PUR007621,2017-12-20,ST364,SUP002,OFF-AP-10001366,18,7.76,2017-12-23,2017-12-25,Late,139.68
PUR007622,2017-12-20,ST072,SUP009,OFF-LA-10003720,14,1.96,2017-12-25,2017-12-26,Late,27.439999999999998
PUR007623,2017-12-20,ST374,SUP006,TEC-CO-10001943,16,97.72,2017-12-26,2017-12-30,Late,1563.52
PUR007624,2017-12-20,ST425,SUP007,TEC-AC-10003116,15,9.92,2017-12-27,2017-12-30,Late,148.8
PUR007625,2017-12-20,ST246,SUP010,OFF-ST-10003656,11,102.06,2017-12-26,2017-12-30,Late,1122.66
PUR007626,2017-12-20,ST015,SUP007,OFF-AR-10003732,9,2.01,2017-12-25,2017-12-28,Late,18.089999999999996
PUR007627,2017-12-20,ST424,SUP012,OFF-AR-10002467,13,2.09,2017-12-23,2017-12-28,Late,27.169999999999998
PUR007628,2017-12-20,ST343,SUP010,OFF-AR-10003651,4,2.2,2017-12-26,2017-12-26,On Time,8.8
PUR007629,2017-12-20,ST381,SUP015,FUR-CH-10004698,7,54.01,2017-12-23,2017-12-26,Late,378.07
PUR007630,2017-12-20,ST414,SUP010,OFF-SU-10000898,6,9.62,2017-12-23,2017-12-26,Late,57.72
PUR007631,2017-12-20,ST440,SUP003,FUR-TA-10000849,6,112.36,2017-12-27,2017-12-29,Late,674.16
PUR007632,2017-12-20,ST398,SUP013,OFF-ST-10003479,11,37.42,2017-12-27,2017-12-29,Late,411.62
PUR007633,2017-12-20,ST585,SUP008,FUR-CH-10004540,19,24.04,2017-12-27,2017-12-31,Late,456.76
PUR007634,2017-12-20,ST586,SUP002,OFF-BI-10003981,15,2.43,2017-12-26,2017-12-26,On Time,36.45
PUR007635,2017-12-20,ST053,SUP008,OFF-PA-10001639,3,3.27,2017-12-25,2017-12-29,Late,9.81
PUR007636,2017-12-20,ST188,SUP015,OFF-PA-10003134,8,24.42,2017-12-24,2017-12-29,Late,195.36
PUR007637,2017-12-20,ST081,SUP012,OFF-AR-10002399,13,2.67,2017-12-26,2017-12-27,Late,34.71
PUR007638,2017-12-20,ST138,SUP002,OFF-AP-10004052,6,2.77,2017-12-26,2017-12-27,Late,16.62
PUR007639,2017-12-20,ST011,SUP012,OFF-PA-10000357,14,25.31,2017-12-23,2017-12-25,Late,354.34
PUR007640,2017-12-20,ST621,SUP002,OFF-BI-10003707,14,7.18,2017-12-23,2017-12-26,Late,100.52
PUR007641,2017-12-20,ST478,SUP004,FUR-FU-10000087,18,14.38,2017-12-23,2017-12-28,Late,258.84000000000003
PUR007642,2017-12-20,ST232,SUP006,OFF-PA-10001166,18,4.88,2017-12-26,2017-12-25,Early,87.84
PUR007643,2017-12-20,ST198,SUP003,TEC-MA-10002930,15,32.39,2017-12-23,2017-12-25,Late,485.85
PUR007644,2017-12-20,ST212,SUP008,TEC-AC-10003095,8,83.19,2017-12-25,2017-12-27,Late,665.52
PUR007645,2017-12-20,ST297,SUP010,TEC-PH-10001819,16,22.8,2017-12-24,2017-12-29,Late,364.8
PUR007646,2017-12-20,ST002,SUP002,FUR-TA-10001095,18,132.44,2017-12-25,2017-12-24,Early,2383.92
PUR007647,2017-12-20,ST164,SUP012,OFF-ST-10001580,3,10.18,2017-12-26,2017-12-26,On Time,30.54
PUR007648,2017-12-20,ST316,SUP003,OFF-BI-10003364,2,14.31,2017-12-27,2017-12-27,On Time,28.62
PUR007649,2017-12-20,ST391,SUP012,OFF-SU-10002881,16,784.26,2017-12-24,2017-12-28,Late,12548.16
PUR007650,2017-12-20,ST235,SUP012,OFF-BI-10002557,12,2.11,2017-12-25,2017-12-30,Late,25.32
PUR007651,2017-12-20,ST528,SUP009,FUR-FU-10002759,15,11.72,2017-12-24,2017-12-23,Early,175.8
PUR007652,2017-12-20,ST004,SUP009,TEC-PH-10001835,9,87.66,2017-12-26,2017-12-31,Late,788.9399999999999
PUR007653,2017-12-20,ST423,SUP011,OFF-PA-10000176,20,9.53,2017-12-24,2017-12-28,Late,190.6
PUR007654,2017-12-20,ST066,SUP004,TEC-AC-10002253,4,143.06,2017-12-23,2017-12-22,Early,572.24
PUR007655,2017-12-20,ST478,SUP002,OFF-LA-10004689,7,1.53,2017-12-26,2017-12-31,Late,10.71
PUR007656,2017-12-20,ST401,SUP004,OFF-BI-10000666,2,16.23,2017-12-26,2017-12-28,Late,32.46
PUR007657,2017-12-20,ST632,SUP011,FUR-FU-10002045,14,11.77,2017-12-25,2017-12-27,Late,164.78
PUR007658,2017-12-20,ST253,SUP011,FUR-CH-10002320,7,225.01,2017-12-24,2017-12-26,Late,1575.07
PUR007659,2017-12-20,ST345,SUP005,FUR-FU-10003691,12,7.03,2017-12-23,2017-12-23,On Time,84.36
PUR007660,2017-12-20,ST626,SUP008,OFF-ST-10001932,8,181.98,2017-12-23,2017-12-27,Late,1455.84
PUR007661,2017-12-20,ST285,SUP010,OFF-ST-10000885,7,10.41,2017-12-23,2017-12-28,Late,72.87
PUR007662,2017-12-20,ST354,SUP004,OFF-PA-10001509,9,4.82,2017-12-24,2017-12-28,Late,43.38
PUR007663,2017-12-20,ST257,SUP003,OFF-EN-10003001,5,45.94,2017-12-25,2017-12-25,On Time,229.7
PUR007664,2017-12-20,ST425,SUP006,TEC-AC-10001552,16,48.31,2017-12-26,2017-12-31,Late,772.96
PUR007665,2017-12-20,ST049,SUP006,OFF-AR-10001149,5,1.94,2017-12-24,2017-12-23,Early,9.7
PUR007666,2017-12-20,ST569,SUP008,FUR-BO-10001798,13,107.88,2017-12-23,2017-12-25,Late,1402.44
PUR007667,2017-12-20,ST408,SUP014,OFF-PA-10003673,4,3.39,2017-12-25,2017-12-25,On Time,13.56
PUR007668,2017-12-20,ST300,SUP010,FUR-FU-10000521,11,21.66,2017-12-27,2017-12-30,Late,238.26
PUR007669,2017-12-20,ST614,SUP003,TEC-PH-10003356,4,5.03,2017-12-27,2017-12-27,On Time,20.12
PUR007670,2017-12-20,ST005,SUP003,OFF-BI-10000546,18,1.47,2017-12-23,2017-12-24,Late,26.46
PUR007671,2017-12-20,ST453,SUP008,OFF-AP-10002457,5,72.98,2017-12-26,2017-12-28,Late,364.90000000000003
PUR007672,2017-12-20,ST410,SUP004,OFF-ST-10001321,10,11.42,2017-12-23,2017-12-25,Late,114.2
PUR007673,2017-12-20,ST355,SUP014,OFF-SU-10000381,13,6.53,2017-12-24,2017-12-27,Late,84.89
PUR007674,2017-12-20,ST397,SUP012,TEC-AC-10001109,7,18.99,2017-12-23,2017-12-28,Late,132.92999999999998
PUR007675,2017-12-20,ST276,SUP011,OFF-AR-10004456,20,10.72,2017-12-27,2017-12-31,Late,214.4
PUR007676,2017-12-20,ST577,SUP003,FUR-FU-10002268,2,3.55,2017-12-25,2017-12-28,Late,7.1
PUR007677,2017-12-20,ST195,SUP005,OFF-BI-10000756,10,2.15,2017-12-25,2017-12-29,Late,21.5
PUR007678,2017-12-20,ST420,SUP014,TEC-AC-10003063,12,19.58,2017-12-26,2017-12-25,Early,234.95999999999998
PUR007679,2017-12-20,ST448,SUP009,FUR-FU-10001215,9,27.11,2017-12-25,2017-12-29,Late,243.99
PUR007680,2017-12-20,ST035,SUP012,OFF-PA-10004353,12,9.38,2017-12-27,2018-01-01,Late,112.56
